UF;COD_UF;COD_MUNIC;MUNICIPIO;POPULACAO_ESTIMADA
RO;11;00015;Alta Floresta D'Oeste;22787
RO;11;00023;Ariquemes;109170
RO;11;00031;Cabixi;5664
RO;11;00049;Cacoal;98280
RO;11;00056;Cerejeiras;16966
RO;11;00064;Colorado do Oeste;16508
RO;11;00072;Corumbiara;7968
RO;11;00080;Costa Marques;13510
RO;11;00098;Espigão D'Oeste;32842
RO;11;00106;Guajará-Mirim;43594
RO;11;00114;Jaru;55682
RO;11;00122;Ji-Paraná;140101
RO;11;00130;Machadinho D'Oeste;34149
RO;11;00148;Nova Brasilândia D'Oeste;16374
RO;11;00155;Ouro Preto do Oeste;38684
RO;11;00189;Pimenta Bueno;39220
RO;11;00205;Porto Velho;517709
RO;11;00254;Presidente Médici;20443
RO;11;00262;Rio Crespo;3767
RO;11;00288;Rolim de Moura;62959
RO;11;00296;Santa Luzia D'Oeste;7837
RO;11;00304;Vilhena;109651
RO;11;00320;São Miguel do Guaporé;22305
RO;11;00338;Nova Mamoré;28701
RO;11;00346;Alvorada D'Oeste;13720
RO;11;00379;Alto Alegre dos Parecis;12237
RO;11;00403;Alto Paraíso;17467
RO;11;00452;Buritis;30649
RO;11;00502;Novo Horizonte do Oeste;7972
RO;11;00601;Cacaulândia;4292
RO;11;00700;Campo Novo de Rondônia;9095
RO;11;00809;Candeias do Jamari;24313
RO;11;00908;Castanheiras;3450
RO;11;00924;Chupinguaia;10191
RO;11;00940;Cujubim;15877
RO;11;01005;Governador Jorge Teixeira;8340
RO;11;01104;Itapuã do Oeste;9228
RO;11;01203;Ministro Andreazza;6519
RO;11;01302;Mirante da Serra;9657
RO;11;01401;Monte Negro;12168
RO;11;01435;Nova União;6541
RO;11;01450;Parecis;4372
RO;11;01468;Pimenteiras do Oeste;2309
RO;11;01476;Primavera de Rondônia;3268
RO;11;01484;São Felipe D'Oeste;5588
RO;11;01492;São Francisco do Guaporé;17557
RO;11;01500;Seringueiras;12965
RO;11;01559;Teixeirópolis;4521
RO;11;01609;Theobroma;8459
RO;11;01708;Urupá;11314
RO;11;01757;Vale do Anari;8220
RO;11;01807;Vale do Paraíso;6790
AC;12;00013;Acrelândia;14712
AC;12;00054;Assis Brasil;8648
AC;12;00104;Brasiléia;28028
AC;12;00138;Bujari;13928
AC;12;00179;Capixaba;10981
AC;12;00203;Cruzeiro do Sul;98916
AC;12;00252;Epitaciolândia;19874
AC;12;00302;Feijó;37764
AC;12;00328;Jordão;9884
AC;12;00336;Mâncio Lima;20479
AC;12;00344;Manoel Urbano;12923
AC;12;00351;Marechal Thaumaturgo;18057
AC;12;00385;Plácido de Castro;17107
AC;12;00393;Porto Walter;11333
AC;12;00401;Rio Branco;389001
AC;12;00427;Rodrigues Alves;15560
AC;12;00435;Santa Rosa do Purus;7217
AC;12;00450;Senador Guiomard;22402
AC;12;00500;Sena Madureira;44049
AC;12;00609;Tarauacá;46816
AC;12;00708;Xapuri;19170
AC;12;00807;Porto Acre;17523
AM;13;00029;Alvarães;16806
AM;13;00060;Amaturá;11533
AM;13;00086;Anamã;9981
AM;13;00102;Anori;18056
AM;13;00144;Apuí;21781
AM;13;00201;Atalaia do Norte;15889
AM;13;00300;Autazes;45960
AM;13;00409;Barcelos;18210
AM;13;00508;Barreirinha;33722
AM;13;00607;Benjamin Constant;40908
AM;13;00631;Beruri;22495
AM;13;00680;Boa Vista do Ramos;26479
AM;13;00706;Boca do Acre;38792
AM;13;00805;Borba;34869
AM;13;00839;Caapiranga;14806
AM;13;00904;Canutama;18109
AM;13;01001;Carauari;31130
AM;13;01100;Careiro;32336
AM;13;01159;Careiro da Várzea;20324
AM;13;01209;Coari;73576
AM;13;01308;Codajás;24572
AM;13;01407;Eirunepé;35793
AM;13;01506;Envira;17985
AM;13;01605;Fonte Boa;28227
AM;13;01654;Guajará;14344
AM;13;01704;Humaitá;63454
AM;13;01803;Ipixuna;25629
AM;13;01852;Iranduba;68862
AM;13;01902;Itacoatiara;113917
AM;13;01951;Itamarati;11956
AM;13;02009;Itapiranga;10955
AM;13;02108;Japurá;9420
AM;13;02207;Juruá;11093
AM;13;02306;Jutaí;28202
AM;13;02405;Lábrea;49469
AM;13;02504;Manacapuru;111751
AM;13;02553;Manaquiri;16211
AM;13;02603;Manaus;2303732
AM;13;02702;Manicoré;58018
AM;13;02801;Maraã;15815
AM;13;02900;Maués;66336
AM;13;03007;Nhamundá;21251
AM;13;03106;Nova Olinda do Norte;28123
AM;13;03205;Novo Airão;16562
AM;13;03304;Novo Aripuanã;25325
AM;13;03403;Parintins;101855
AM;13;03502;Pauini;20229
AM;13;03536;Presidente Figueiredo;33291
AM;13;03569;Rio Preto da Eva;25364
AM;13;03601;Santa Isabel do Rio Negro;13947
AM;13;03700;Santo Antônio do Içá;30679
AM;13;03809;São Gabriel da Cachoeira;57396
AM;13;03908;São Paulo de Olivença;35442
AM;13;03957;São Sebastião do Uatumã;12338
AM;13;04005;Silves;12619
AM;13;04062;Tabatinga;73348
AM;13;04104;Tapauá;20728
AM;13;04203;Tefé;80137
AM;13;04237;Tonantins;20257
AM;13;04260;Uarini;15640
AM;13;04302;Urucará;19617
AM;13;04401;Urucurituba;25965
RR;14;00027;Amajari;16112
RR;14;00050;Alto Alegre;23589
RR;14;00100;Boa Vista;485477
RR;14;00159;Bonfim;15570
RR;14;00175;Cantá;21102
RR;14;00209;Caracaraí;22750
RR;14;00233;Caroebe;12004
RR;14;00282;Iracema;10937
RR;14;00308;Mucajaí;20006
RR;14;00407;Normandia;16323
RR;14;00456;Pacaraima;23112
RR;14;00472;Rorainópolis;37787
RR;14;00506;São João da Baliza;9969
RR;14;00605;São Luiz;7848
RR;14;00704;Uiramutã;16186
PA;15;00107;Abaetetuba;172344
PA;15;00131;Abel Figueiredo;6275
PA;15;00206;Acará;63110
PA;15;00305;Afuá;40473
PA;15;00347;Água Azul do Norte;17596
PA;15;00404;Alenquer;75882
PA;15;00503;Almeirim;36442
PA;15;00602;Altamira;138749
PA;15;00701;Anajás;30247
PA;15;00800;Ananindeua;509227
PA;15;00859;Anapu;35638
PA;15;00909;Augusto Corrêa;47912
PA;15;00958;Aurora do Pará;24193
PA;15;01006;Aveiro;19380
PA;15;01105;Bagre;35147
PA;15;01204;Baião;56850
PA;15;01253;Bannach;4290
PA;15;01303;Barcarena;139076
PA;15;01402;Belém;1397315
PA;15;01451;Belterra;19075
PA;15;01501;Benevides;68962
PA;15;01576;Bom Jesus do Tocantins;19129
PA;15;01600;Bonito;12961
PA;15;01709;Bragança;132489
PA;15;01725;Brasil Novo;27130
PA;15;01758;Brejo Grande do Araguaia;6966
PA;15;01782;Breu Branco;47066
PA;15;01808;Breves;116058
PA;15;01907;Bujaru;25065
PA;15;01956;Cachoeira do Piriá;19223
PA;15;02004;Cachoeira do Arari;25467
PA;15;02103;Cametá;144859
PA;15;02152;Canaã dos Carajás;89524
PA;15;02202;Capanema;75309
PA;15;02301;Capitão Poço;60318
PA;15;02400;Castanhal;209126
PA;15;02509;Chaves;21501
PA;15;02608;Colares;13625
PA;15;02707;Conceição do Araguaia;47144
PA;15;02756;Concórdia do Pará;28270
PA;15;02764;Cumaru do Norte;15150
PA;15;02772;Curionópolis;20975
PA;15;02806;Curralinho;36814
PA;15;02855;Curuá;14954
PA;15;02905;Curuçá;44880
PA;15;02939;Dom Eliseu;62823
PA;15;02954;Eldorado do Carajás;29287
PA;15;03002;Faro;9167
PA;15;03044;Floresta do Araguaia;18595
PA;15;03077;Garrafão do Norte;25558
PA;15;03093;Goianésia do Pará;26703
PA;15;03101;Gurupá;34137
PA;15;03200;Igarapé-Açu;37925
PA;15;03309;Igarapé-Miri;69446
PA;15;03408;Inhangapi;10784
PA;15;03457;Ipixuna do Pará;29264
PA;15;03507;Irituia;32740
PA;15;03606;Itaituba;135369
PA;15;03705;Itupiranga;52201
PA;15;03754;Jacareacanga;26579
PA;15;03804;Jacundá;37726
PA;15;03903;Juruti;54255
PA;15;04000;Limoeiro do Ajuru;32088
PA;15;04059;Mãe do Rio;37473
PA;15;04109;Magalhães Barata;8439
PA;15;04208;Marabá;290975
PA;15;04307;Maracanã;27129
PA;15;04406;Marapanim;28159
PA;15;04422;Marituba;119437
PA;15;04455;Medicilândia;28677
PA;15;04505;Melgaço;30080
PA;15;04604;Mocajuba;28903
PA;15;04703;Moju;91760
PA;15;04752;Mojuí dos Campos;25818
PA;15;04802;Monte Alegre;64002
PA;15;04901;Muaná;49648
PA;15;04950;Nova Esperança do Piriá;21304
PA;15;04976;Nova Ipixuna;14400
PA;15;05007;Nova Timboteua;13175
PA;15;05031;Novo Progresso;37054
PA;15;05064;Novo Repartimento;63796
PA;15;05106;Óbidos;55527
PA;15;05205;Oeiras do Pará;36734
PA;15;05304;Oriximiná;72889
PA;15;05403;Ourém;18783
PA;15;05437;Ourilândia do Norte;35252
PA;15;05486;Pacajá;43741
PA;15;05494;Palestina do Pará;7063
PA;15;05502;Paragominas;113498
PA;15;05536;Parauapebas;305771
PA;15;05551;Pau D'Arco;7354
PA;15;05601;Peixe-Boi;8686
PA;15;05635;Piçarra;13366
PA;15;05650;Placas;18510
PA;15;05700;Ponta de Pedras;25736
PA;15;05809;Portel;67580
PA;15;05908;Porto de Moz;44121
PA;15;06005;Prainha;38733
PA;15;06104;Primavera;11379
PA;15;06112;Quatipuru;11838
PA;15;06138;Redenção;92694
PA;15;06161;Rio Maria;19190
PA;15;06187;Rondon do Pará;57031
PA;15;06195;Rurópolis;37198
PA;15;06203;Salinópolis;48663
PA;15;06302;Salvaterra;25687
PA;15;06351;Santa Bárbara do Pará;22530
PA;15;06401;Santa Cruz do Arari;7626
PA;15;06500;Santa Izabel do Pará;79195
PA;15;06559;Santa Luzia do Pará;21295
PA;15;06583;Santa Maria das Barreiras;17065
PA;15;06609;Santa Maria do Pará;25815
PA;15;06708;Santana do Araguaia;30455
PA;15;06807;Santarém;360871
PA;15;06906;Santarém Novo;6355
PA;15;07003;Santo Antônio do Tauá;29234
PA;15;07102;São Caetano de Odivelas;17258
PA;15;07151;São Domingos do Araguaia;21555
PA;15;07201;São Domingos do Capim;32554
PA;15;07300;São Félix do Xingu;64651
PA;15;07409;São Francisco do Pará;15429
PA;15;07458;São Geraldo do Araguaia;24929
PA;15;07466;São João da Ponta;4470
PA;15;07474;São João de Pirabas;21477
PA;15;07508;São João do Araguaia;14293
PA;15;07607;São Miguel do Guamá;55970
PA;15;07706;São Sebastião da Boa Vista;27651
PA;15;07755;Sapucaia;6212
PA;15;07805;Senador José Porfírio;24989
PA;15;07904;Soure;25315
PA;15;07953;Tailândia;75290
PA;15;07961;Terra Alta;10837
PA;15;07979;Terra Santa;19792
PA;15;08001;Tomé-Açu;73058
PA;15;08035;Tracuateua;30494
PA;15;08050;Trairão;15550
PA;15;08084;Tucumã;42883
PA;15;08100;Tucuruí;96119
PA;15;08126;Ulianópolis;39360
PA;15;08159;Uruará;45962
PA;15;08209;Vigia;54062
PA;15;08308;Viseu;62189
PA;15;08357;Vitória do Xingu;16552
PA;15;08407;Xinguara;57768
AP;16;00055;Serra do Navio;5003
AP;16;00105;Amapá;8440
AP;16;00154;Pedra Branca do Amapari;13888
AP;16;00204;Calçoene;11461
AP;16;00212;Cutias;4723
AP;16;00238;Ferreira Gomes;7184
AP;16;00253;Itaubal;6097
AP;16;00279;Laranjal do Jari;37872
AP;16;00303;Macapá;489676
AP;16;00402;Mazagão;23773
AP;16;00501;Oiapoque;30786
AP;16;00535;Porto Grande;19048
AP;16;00550;Pracuúba;4048
AP;16;00600;Santana;118803
AP;16;00709;Tartarugalzinho;13816
AP;16;00808;Vitória do Jari;11899
TO;17;00251;Abreulândia;2682
TO;17;00301;Aguiarnópolis;4502
TO;17;00350;Aliança do Tocantins;5196
TO;17;00400;Almas;6483
TO;17;00707;Alvorada;9128
TO;17;01002;Ananás;10700
TO;17;01051;Angico;2903
TO;17;01101;Aparecida do Rio Negro;5110
TO;17;01309;Aragominas;5330
TO;17;01903;Araguacema;6022
TO;17;02000;Araguaçu;8242
TO;17;02109;Araguaína;183024
TO;17;02158;Araguanã;4300
TO;17;02208;Araguatins;33286
TO;17;02307;Arapoema;5488
TO;17;02406;Arraias;10511
TO;17;02554;Augustinópolis;18237
TO;17;02703;Aurora do Tocantins;3418
TO;17;02901;Axixá do Tocantins;10732
TO;17;03008;Babaçulândia;7636
TO;17;03057;Bandeirantes do Tocantins;3555
TO;17;03073;Barra do Ouro;4667
TO;17;03107;Barrolândia;4890
TO;17;03206;Bernardo Sayão;4307
TO;17;03305;Bom Jesus do Tocantins;4201
TO;17;03602;Brasilândia do Tocantins;2013
TO;17;03701;Brejinho de Nazaré;4774
TO;17;03800;Buriti do Tocantins;10696
TO;17;03826;Cachoeirinha;1982
TO;17;03842;Campos Lindos;8990
TO;17;03867;Cariri do Tocantins;4166
TO;17;03883;Carmolândia;2242
TO;17;03891;Carrasco Bonito;3344
TO;17;03909;Caseara;5028
TO;17;04105;Centenário;2111
TO;17;04600;Chapada de Areia;1574
TO;17;05102;Chapada da Natividade;3176
TO;17;05508;Colinas do Tocantins;36209
TO;17;05557;Combinado;4906
TO;17;05607;Conceição do Tocantins;3942
TO;17;06001;Couto Magalhães;5540
TO;17;06100;Cristalândia;6392
TO;17;06258;Crixás do Tocantins;1494
TO;17;06506;Darcinópolis;6093
TO;17;07009;Dianópolis;17966
TO;17;07108;Divinópolis do Tocantins;7343
TO;17;07207;Dois Irmãos do Tocantins;6352
TO;17;07306;Dueré;4304
TO;17;07405;Esperantina;7385
TO;17;07553;Fátima;3503
TO;17;07652;Figueirópolis;5334
TO;17;07702;Filadélfia;7784
TO;17;08205;Formoso do Araguaia;19473
TO;17;08254;Tabocão;3741
TO;17;08304;Goianorte;4832
TO;17;09005;Goiatins;12851
TO;17;09302;Guaraí;25831
TO;17;09500;Gurupi;90209
TO;17;09807;Ipueiras;1626
TO;17;10508;Itacajá;6959
TO;17;10706;Itaguatins;5160
TO;17;10904;Itapiratins;3685
TO;17;11100;Itaporã do Tocantins;2464
TO;17;11506;Jaú do Tocantins;3396
TO;17;11803;Juarina;2308
TO;17;11902;Lagoa da Confusão;16629
TO;17;11951;Lagoa do Tocantins;3613
TO;17;12009;Lajeado;3559
TO;17;12157;Lavandeira;1676
TO;17;12405;Lizarda;2950
TO;17;12454;Luzinópolis;2811
TO;17;12504;Marianópolis do Tocantins;4793
TO;17;12702;Mateiros;2922
TO;17;12801;Maurilândia do Tocantins;3171
TO;17;13205;Miracema do Tocantins;18679
TO;17;13304;Miranorte;13073
TO;17;13601;Monte do Carmo;5667
TO;17;13700;Monte Santo do Tocantins;2521
TO;17;13809;Palmeiras do Tocantins;4850
TO;17;13957;Muricilândia;3501
TO;17;14203;Natividade;8956
TO;17;14302;Nazaré;4672
TO;17;14880;Nova Olinda;10600
TO;17;15002;Nova Rosalândia;3382
TO;17;15101;Novo Acordo;4118
TO;17;15150;Novo Alegre;1817
TO;17;15259;Novo Jardim;2251
TO;17;15507;Oliveira de Fátima;1220
TO;17;15705;Palmeirante;4905
TO;17;15754;Palmeirópolis;7104
TO;17;16109;Paraíso do Tocantins;55704
TO;17;16208;Paranã;10877
TO;17;16307;Pau D'Arco;4057
TO;17;16505;Pedro Afonso;14895
TO;17;16604;Peixe;9384
TO;17;16653;Pequizeiro;5035
TO;17;16703;Colméia;9155
TO;17;17008;Pindorama do Tocantins;4599
TO;17;17206;Piraquê;2229
TO;17;17503;Pium;7408
TO;17;17800;Ponte Alta do Bom Jesus;4280
TO;17;17909;Ponte Alta do Tocantins;7874
TO;17;18006;Porto Alegre do Tocantins;2960
TO;17;18204;Porto Nacional;69551
TO;17;18303;Praia Norte;9552
TO;17;18402;Presidente Kennedy;3016
TO;17;18451;Pugmil;2223
TO;17;18501;Recursolândia;3454
TO;17;18550;Riachinho;4029
TO;17;18659;Rio da Conceição;1827
TO;17;18709;Rio dos Bois;2845
TO;17;18758;Rio Sono;4718
TO;17;18808;Sampaio;4397
TO;17;18840;Sandolândia;3900
TO;17;18865;Santa Fé do Araguaia;7533
TO;17;18881;Santa Maria do Tocantins;2716
TO;17;18899;Santa Rita do Tocantins;2299
TO;17;18907;Santa Rosa do Tocantins;4799
TO;17;19004;Santa Tereza do Tocantins;2907
TO;17;20002;Santa Terezinha do Tocantins;2461
TO;17;20101;São Bento do Tocantins;6004
TO;17;20150;São Félix do Tocantins;1897
TO;17;20200;São Miguel do Tocantins;14116
TO;17;20259;São Salvador do Tocantins;2356
TO;17;20309;São Sebastião do Tocantins;4182
TO;17;20499;São Valério;4554
TO;17;20655;Silvanópolis;5259
TO;17;20804;Sítio Novo do Tocantins;11446
TO;17;20853;Sucupira;1591
TO;17;20903;Taguatinga;14199
TO;17;20937;Taipas do Tocantins;2092
TO;17;20978;Talismã;2505
TO;17;21000;Palmas;328499
TO;17;21109;Tocantínia;7802
TO;17;21208;Tocantinópolis;23225
TO;17;21257;Tupirama;2024
TO;17;21307;Tupiratins;1886
TO;17;22081;Wanderlândia;10734
TO;17;22107;Xambioá;10636
MA;21;00055;Açailândia;110611
MA;21;00105;Afonso Cunha;6303
MA;21;00154;Água Doce do Maranhão;12461
MA;21;00204;Alcântara;18721
MA;21;00303;Aldeias Altas;23776
MA;21;00402;Altamira do Maranhão;6549
MA;21;00436;Alto Alegre do Maranhão;24528
MA;21;00477;Alto Alegre do Pindaré;26321
MA;21;00501;Alto Parnaíba;11392
MA;21;00550;Amapá do Maranhão;7380
MA;21;00600;Amarante do Maranhão;38335
MA;21;00709;Anajatuba;26250
MA;21;00808;Anapurus;14113
MA;21;00832;Apicum-Açu;18033
MA;21;00873;Araguanã;11297
MA;21;00907;Araioses;40231
MA;21;00956;Arame;26089
MA;21;01004;Arari;30555
MA;21;01103;Axixá;12091
MA;21;01202;Bacabal;107755
MA;21;01251;Bacabeira;17459
MA;21;01301;Bacuri;16591
MA;21;01350;Bacurituba;5375
MA;21;01400;Balsas;105974
MA;21;01509;Barão de Grajaú;19493
MA;21;01608;Barra do Corda;87757
MA;21;01707;Barreirinhas;68234
MA;21;01731;Belágua;8751
MA;21;01772;Bela Vista do Maranhão;12104
MA;21;01806;Benedito Leite;5599
MA;21;01905;Bequimão;19968
MA;21;01939;Bernardo do Mearim;5989
MA;21;01970;Boa Vista do Gurupi;7781
MA;21;02002;Bom Jardim;33936
MA;21;02036;Bom Jesus das Selvas;29606
MA;21;02077;Bom Lugar;12371
MA;21;02101;Brejo;35354
MA;21;02150;Brejo de Areia;9363
MA;21;02200;Buriti;30866
MA;21;02309;Buriti Bravo;22938
MA;21;02325;Buriticupu;56733
MA;21;02358;Buritirana;13125
MA;21;02374;Cachoeira Grande;10032
MA;21;02408;Cajapió;10336
MA;21;02507;Cajari;16680
MA;21;02556;Campestre do Maranhão;12536
MA;21;02606;Cândido Mendes;20440
MA;21;02705;Cantanhede;25059
MA;21;02754;Capinzal do Norte;11681
MA;21;02804;Carolina;24619
MA;21;02903;Carutapera;24906
MA;21;03000;Caxias;163546
MA;21;03109;Cedral;10446
MA;21;03125;Central do Maranhão;7220
MA;21;03158;Centro do Guilherme;12693
MA;21;03174;Centro Novo do Maranhão;16477
MA;21;03208;Chapadinha;84395
MA;21;03257;Cidelândia;13141
MA;21;03307;Codó;118283
MA;21;03406;Coelho Neto;42841
MA;21;03505;Colinas;41788
MA;21;03554;Conceição do Lago-Açu;15278
MA;21;03604;Coroatá;61337
MA;21;03703;Cururupu;32602
MA;21;03752;Davinópolis;14828
MA;21;03802;Dom Pedro;23594
MA;21;03901;Duque Bacelar;10443
MA;21;04008;Esperantinópolis;18734
MA;21;04057;Estreito;34321
MA;21;04073;Feira Nova do Maranhão;8237
MA;21;04081;Fernando Falcão;11219
MA;21;04099;Formosa da Serra Negra;18150
MA;21;04107;Fortaleza dos Nogueiras;12963
MA;21;04206;Fortuna;17347
MA;21;04305;Godofredo Viana;10424
MA;21;04404;Gonçalves Dias;17580
MA;21;04503;Governador Archer;10476
MA;21;04552;Governador Edison Lobão;18963
MA;21;04602;Governador Eugênio Barros;14264
MA;21;04628;Governador Luiz Rocha;7216
MA;21;04651;Governador Newton Bello;10993
MA;21;04677;Governador Nunes Freire;23526
MA;21;04701;Graça Aranha;6160
MA;21;04800;Grajaú;76837
MA;21;04909;Guimarães;10439
MA;21;05005;Humberto de Campos;26550
MA;21;05104;Icatu;25332
MA;21;05153;Igarapé do Meio;14383
MA;21;05203;Igarapé Grande;10461
MA;21;05302;Imperatriz;285806
MA;21;05351;Itaipava do Grajaú;14142
MA;21;05401;Itapecuru Mirim;62264
MA;21;05427;Itinga do Maranhão;22896
MA;21;05450;Jatobá;7593
MA;21;05476;Jenipapo dos Vieiras;17529
MA;21;05500;João Lisboa;25311
MA;21;05609;Joselândia;15227
MA;21;05658;Junco do Maranhão;5282
MA;21;05708;Lago da Pedra;45865
MA;21;05807;Lago do Junco;9687
MA;21;05906;Lago Verde;15069
MA;21;05922;Lagoa do Mato;10806
MA;21;05948;Lago dos Rodrigues;8962
MA;21;05963;Lagoa Grande do Maranhão;11731
MA;21;05989;Lajeado Novo;7232
MA;21;06003;Lima Campos;11559
MA;21;06102;Loreto;11884
MA;21;06201;Luís Domingues;7366
MA;21;06300;Magalhães de Almeida;13933
MA;21;06326;Maracaçumé;21730
MA;21;06359;Marajá do Sena;7153
MA;21;06375;Maranhãozinho;14092
MA;21;06409;Mata Roma;17581
MA;21;06508;Matinha;22540
MA;21;06607;Matões;33327
MA;21;06631;Matões do Norte;18021
MA;21;06672;Milagres do Maranhão;9065
MA;21;06706;Mirador;21536
MA;21;06755;Miranda do Norte;24373
MA;21;06805;Mirinzal;14298
MA;21;06904;Monção;28563
MA;21;07001;Montes Altos;9306
MA;21;07100;Morros;19015
MA;21;07209;Nina Rodrigues;14589
MA;21;07258;Nova Colinas;5148
MA;21;07308;Nova Iorque;4409
MA;21;07357;Nova Olinda do Maranhão;14379
MA;21;07407;Olho d'Água das Cunhãs;18288
MA;21;07456;Olinda Nova do Maranhão;13921
MA;21;07506;Paço do Lumiar;153158
MA;21;07605;Palmeirândia;21657
MA;21;07704;Paraibano;18589
MA;21;07803;Parnarama;32232
MA;21;07902;Passagem Franca;17591
MA;21;08009;Pastos Bons;19266
MA;21;08058;Paulino Neves;17578
MA;21;08108;Paulo Ramos;20798
MA;21;08207;Pedreiras;38252
MA;21;08256;Pedro do Rosário;24955
MA;21;08306;Penalva;33496
MA;21;08405;Peri Mirim;11229
MA;21;08454;Peritoró;20903
MA;21;08504;Pindaré-Mirim;32542
MA;21;08603;Pinheiro;88091
MA;21;08702;Pio XII;22374
MA;21;08801;Pirapemas;18132
MA;21;08900;Poção de Pedras;17394
MA;21;09007;Porto Franco;24571
MA;21;09056;Porto Rico do Maranhão;6092
MA;21;09106;Presidente Dutra;46606
MA;21;09205;Presidente Juscelino;11616
MA;21;09239;Presidente Médici;4717
MA;21;09270;Presidente Sarney;17925
MA;21;09304;Presidente Vargas;10791
MA;21;09403;Primeira Cruz;13920
MA;21;09452;Raposa;32156
MA;21;09502;Riachão;22740
MA;21;09551;Ribamar Fiquene;7601
MA;21;09601;Rosário;39761
MA;21;09700;Sambaíba;6234
MA;21;09759;Santa Filomena do Maranhão;6833
MA;21;09809;Santa Helena;43200
MA;21;09908;Santa Inês;88249
MA;21;10005;Santa Luzia;58839
MA;21;10039;Santa Luzia do Paruá;24890
MA;21;10104;Santa Quitéria do Maranhão;24495
MA;21;10203;Santa Rita;38542
MA;21;10237;Santana do Maranhão;10759
MA;21;10278;Santo Amaro do Maranhão;14287
MA;21;10302;Santo Antônio dos Lopes;14628
MA;21;10401;São Benedito do Rio Preto;18810
MA;21;10500;São Bento;48166
MA;21;10609;São Bernardo;27910
MA;21;10658;São Domingos do Azeitão;8236
MA;21;10708;São Domingos do Maranhão;35247
MA;21;10807;São Félix de Balsas;4491
MA;21;10856;São Francisco do Brejão;9202
MA;21;10906;São Francisco do Maranhão;12360
MA;21;11003;São João Batista;18889
MA;21;11029;São João do Carú;12360
MA;21;11052;São João do Paraíso;10091
MA;21;11078;São João do Soter;17253
MA;21;11102;São João dos Patos;25910
MA;21;11201;São José de Ribamar;259164
MA;21;11250;São José dos Basílios;7094
MA;21;11300;São Luís;1089215
MA;21;11409;São Luís Gonzaga do Maranhão;18123
MA;21;11508;São Mateus do Maranhão;40177
MA;21;11532;São Pedro da Água Branca;14786
MA;21;11573;São Pedro dos Crentes;5993
MA;21;11607;São Raimundo das Mangabeiras;19158
MA;21;11631;São Raimundo do Doca Bezerra;5761
MA;21;11672;São Roberto;4577
MA;21;11706;São Vicente Ferrer;19865
MA;21;11722;Satubinha;8821
MA;21;11748;Senador Alexandre Costa;10447
MA;21;11763;Senador La Rocque;15044
MA;21;11789;Serrano do Maranhão;10475
MA;21;11805;Sítio Novo;17464
MA;21;11904;Sucupira do Norte;10471
MA;21;11953;Sucupira do Riachão;5081
MA;21;12001;Tasso Fragoso;9130
MA;21;12100;Timbiras;27328
MA;21;12209;Timon;182711
MA;21;12233;Trizidela do Vale;23097
MA;21;12274;Tufilândia;5633
MA;21;12308;Tuntum;37364
MA;21;12407;Turiaçu;38993
MA;21;12456;Turilândia;33219
MA;21;12506;Tutóia;55076
MA;21;12605;Urbano Santos;34143
MA;21;12704;Vargem Grande;44444
MA;21;12803;Viana;53176
MA;21;12852;Vila Nova dos Martírios;10561
MA;21;12902;Vitória do Mearim;31859
MA;21;13009;Vitorino Freire;31920
MA;21;14007;Zé Doca;41815
PI;22;00053;Acauã;6323
PI;22;00103;Agricolândia;5016
PI;22;00202;Água Branca;18095
PI;22;00251;Alagoinha do Piauí;6876
PI;22;00277;Alegrete do Piauí;4707
PI;22;00301;Alto Longá;13729
PI;22;00400;Altos;50094
PI;22;00459;Alvorada do Gurguéia;5474
PI;22;00509;Amarante;17594
PI;22;00608;Angical do Piauí;6991
PI;22;00707;Anísio de Abreu;9649
PI;22;00806;Antônio Almeida;3234
PI;22;00905;Aroazes;5413
PI;22;00954;Aroeiras do Itaim;2777
PI;22;01002;Arraial;4517
PI;22;01051;Assunção do Piauí;7596
PI;22;01101;Avelino Lopes;11118
PI;22;01150;Baixa Grande do Ribeiro;13983
PI;22;01176;Barra D'Alcântara;4099
PI;22;01200;Barras;49703
PI;22;01309;Barreiras do Piauí;3336
PI;22;01408;Barro Duro;6731
PI;22;01507;Batalha;27129
PI;22;01556;Bela Vista do Piauí;4225
PI;22;01572;Belém do Piauí;3515
PI;22;01606;Beneditinos;10093
PI;22;01705;Bertolínia;5715
PI;22;01739;Betânia do Piauí;6596
PI;22;01770;Boa Hora;7140
PI;22;01804;Bocaina;4118
PI;22;01903;Bom Jesus;30658
PI;22;01919;Bom Princípio do Piauí;5805
PI;22;01929;Bonfim do Piauí;6117
PI;22;01945;Boqueirão do Piauí;6751
PI;22;01960;Brasileira;8684
PI;22;01988;Brejo do Piauí;3964
PI;22;02000;Buriti dos Lopes;20130
PI;22;02026;Buriti dos Montes;7517
PI;22;02059;Cabeceiras do Piauí;10466
PI;22;02075;Cajazeiras do Piauí;3135
PI;22;02083;Cajueiro da Praia;8246
PI;22;02091;Caldeirão Grande do Piauí;5602
PI;22;02109;Campinas do Piauí;4964
PI;22;02117;Campo Alegre do Fidalgo;4698
PI;22;02133;Campo Grande do Piauí;6211
PI;22;02174;Campo Largo do Piauí;7669
PI;22;02208;Campo Maior;47119
PI;22;02251;Canavieira;3404
PI;22;02307;Canto do Buriti;19639
PI;22;02406;Capitão de Campos;11362
PI;22;02455;Capitão Gervásio Oliveira;4071
PI;22;02505;Caracol;10546
PI;22;02539;Caraúbas do Piauí;5581
PI;22;02554;Caridade do Piauí;5176
PI;22;02604;Castelo do Piauí;19669
PI;22;02653;Caxingó;5682
PI;22;02703;Cocal;29302
PI;22;02711;Cocal de Telha;5046
PI;22;02729;Cocal dos Alves;6596
PI;22;02737;Coivaras;4249
PI;22;02752;Colônia do Gurguéia;6294
PI;22;02778;Colônia do Piauí;7067
PI;22;02802;Conceição do Canindé;5078
PI;22;02851;Coronel José Dias;4291
PI;22;02901;Corrente;28381
PI;22;03008;Cristalândia do Piauí;7431
PI;22;03107;Cristino Castro;10801
PI;22;03206;Curimatá;11581
PI;22;03230;Currais;4977
PI;22;03255;Curralinhos;4555
PI;22;03271;Curral Novo do Piauí;5191
PI;22;03305;Demerval Lobão;17139
PI;22;03354;Dirceu Arcoverde;7259
PI;22;03404;Dom Expedito Lopes;6410
PI;22;03420;Domingos Mourão;4129
PI;22;03453;Dom Inocêncio;9332
PI;22;03503;Elesbão Veloso;13743
PI;22;03602;Eliseu Martins;4421
PI;22;03701;Esperantina;42710
PI;22;03750;Fartura do Piauí;5426
PI;22;03800;Flores do Piauí;4512
PI;22;03859;Floresta do Piauí;2354
PI;22;03909;Floriano;64393
PI;22;04006;Francinópolis;4481
PI;22;04105;Francisco Ayres;4548
PI;22;04154;Francisco Macedo;2985
PI;22;04204;Francisco Santos;8349
PI;22;04303;Fronteiras;10344
PI;22;04352;Geminiano;5604
PI;22;04402;Gilbués;11193
PI;22;04501;Guadalupe;10480
PI;22;04550;Guaribas;4344
PI;22;04600;Hugo Napoleão;3550
PI;22;04659;Ilha Grande;9522
PI;22;04709;Inhuma;15268
PI;22;04808;Ipiranga do Piauí;9627
PI;22;04907;Isaías Coelho;7867
PI;22;05003;Itainópolis;10969
PI;22;05102;Itaueira;10477
PI;22;05151;Jacobina do Piauí;5711
PI;22;05201;Jaicós;17789
PI;22;05250;Jardim do Mulato;4235
PI;22;05276;Jatobá do Piauí;4560
PI;22;05300;Jerumenha;4606
PI;22;05359;João Costa;3033
PI;22;05409;Joaquim Pires;14265
PI;22;05458;Joca Marques;5552
PI;22;05508;José de Freitas;44689
PI;22;05516;Juazeiro do Piauí;5308
PI;22;05524;Júlio Borges;5501
PI;22;05532;Jurema;4501
PI;22;05540;Lagoinha do Piauí;3044
PI;22;05557;Lagoa Alegre;8464
PI;22;05565;Lagoa do Barro do Piauí;5171
PI;22;05573;Lagoa de São Francisco;6446
PI;22;05581;Lagoa do Piauí;5017
PI;22;05599;Lagoa do Sítio;4559
PI;22;05607;Landri Sales;5309
PI;22;05706;Luís Correia;31901
PI;22;05805;Luzilândia;26143
PI;22;05854;Madeiro;8231
PI;22;05904;Manoel Emídio;5315
PI;22;05953;Marcolândia;8822
PI;22;06001;Marcos Parente;4863
PI;22;06050;Massapê do Piauí;5165
PI;22;06100;Matias Olímpio;10886
PI;22;06209;Miguel Alves;33074
PI;22;06308;Miguel Leão;1355
PI;22;06357;Milton Brandão;6681
PI;22;06407;Monsenhor Gil;10513
PI;22;06506;Monsenhor Hipólito;7762
PI;22;06605;Monte Alegre do Piauí;10928
PI;22;06654;Morro Cabeça no Tempo;4456
PI;22;06670;Morro do Chapéu do Piauí;6548
PI;22;06696;Murici dos Portelas;10210
PI;22;06704;Nazaré do Piauí;6697
PI;22;06720;Nazária;10821
PI;22;06753;Nossa Senhora de Nazaré;5442
PI;22;06803;Nossa Senhora dos Remédios;8751
PI;22;06902;Novo Oriente do Piauí;6158
PI;22;06951;Novo Santo Antônio;2888
PI;22;07009;Oeiras;39687
PI;22;07108;Olho D'Água do Piauí;2730
PI;22;07207;Padre Marcos;6468
PI;22;07306;Paes Landim;4176
PI;22;07355;Pajeú do Piauí;3032
PI;22;07405;Palmeira do Piauí;5047
PI;22;07504;Palmeirais;13458
PI;22;07553;Paquetá;3873
PI;22;07603;Parnaguá;10282
PI;22;07702;Parnaíba;170491
PI;22;07751;Passagem Franca do Piauí;4222
PI;22;07777;Patos do Piauí;5427
PI;22;07793;Pau D'Arco do Piauí;3979
PI;22;07801;Paulistana;21633
PI;22;07850;Pavussu;3697
PI;22;07900;Pedro II;39072
PI;22;07934;Pedro Laurentino;2517
PI;22;07959;Nova Santa Rita;4142
PI;22;08007;Picos;86701
PI;22;08106;Pimenteiras;11487
PI;22;08205;Pio IX;17948
PI;22;08304;Piracuruca;29721
PI;22;08403;Piripiri;67887
PI;22;08502;Porto;12323
PI;22;08551;Porto Alegre do Piauí;2382
PI;22;08601;Prata do Piauí;3096
PI;22;08650;Queimada Nova;8948
PI;22;08700;Redenção do Gurguéia;8565
PI;22;08809;Regeneração;17400
PI;22;08858;Riacho Frio;4238
PI;22;08874;Ribeira do Piauí;4105
PI;22;08908;Ribeiro Gonçalves;6182
PI;22;09005;Rio Grande do Piauí;5845
PI;22;09104;Santa Cruz do Piauí;5872
PI;22;09153;Santa Cruz dos Milagres;3448
PI;22;09203;Santa Filomena;6210
PI;22;09302;Santa Luz;5418
PI;22;09351;Santana do Piauí;4159
PI;22;09377;Santa Rosa do Piauí;4666
PI;22;09401;Santo Antônio de Lisboa;5930
PI;22;09450;Santo Antônio dos Milagres;2169
PI;22;09500;Santo Inácio do Piauí;3682
PI;22;09559;São Braz do Piauí;4454
PI;22;09609;São Félix do Piauí;2879
PI;22;09658;São Francisco de Assis do Piauí;5713
PI;22;09708;São Francisco do Piauí;5358
PI;22;09757;São Gonçalo do Gurguéia;3026
PI;22;09807;São Gonçalo do Piauí;4985
PI;22;09856;São João da Canabrava;4359
PI;22;09872;São João da Fronteira;5608
PI;22;09906;São João da Serra;6232
PI;22;09955;São João da Varjota;4430
PI;22;09971;São João do Arraial;8494
PI;22;10003;São João do Piauí;22137
PI;22;10052;São José do Divino;5317
PI;22;10102;São José do Peixe;3300
PI;22;10201;São José do Piauí;6733
PI;22;10300;São Julião;6131
PI;22;10359;São Lourenço do Piauí;4497
PI;22;10375;São Luis do Piauí;2277
PI;22;10383;São Miguel da Baixa Grande;2299
PI;22;10391;São Miguel do Fidalgo;2864
PI;22;10409;São Miguel do Tapuio;17911
PI;22;10508;São Pedro do Piauí;14055
PI;22;10607;São Raimundo Nonato;41139
PI;22;10623;Sebastião Barros;3210
PI;22;10631;Sebastião Leal;4590
PI;22;10656;Sigefredo Pacheco;9623
PI;22;10706;Simões;14664
PI;22;10805;Simplício Mendes;14437
PI;22;10904;Socorro do Piauí;4165
PI;22;10938;Sussuapara;6346
PI;22;10953;Tamboril do Piauí;3040
PI;22;10979;Tanque do Piauí;2319
PI;22;11001;Teresina;905692
PI;22;11100;União;47896
PI;22;11209;Uruçuí;26779
PI;22;11308;Valença do Piauí;23025
PI;22;11357;Várzea Branca;5181
PI;22;11407;Várzea Grande;4520
PI;22;11506;Vera Mendes;3282
PI;22;11605;Vila Nova do Piauí;2972
PI;22;11704;Wall Ferraz;4195
CE;23;00101;Abaiara;10269
CE;23;00150;Acarape;14340
CE;23;00200;Acaraú;69317
CE;23;00309;Acopiara;45937
CE;23;00408;Aiuaba;14115
CE;23;00507;Alcântaras;11795
CE;23;00606;Altaneira;6974
CE;23;00705;Alto Santo;14372
CE;23;00754;Amontada;44584
CE;23;00804;Antonina do Norte;7507
CE;23;00903;Apuiarés;13193
CE;23;01000;Aquiraz;85316
CE;23;01109;Aracati;79205
CE;23;01208;Aracoiaba;26752
CE;23;01257;Ararendá;11532
CE;23;01307;Araripe;20194
CE;23;01406;Aratuba;11427
CE;23;01505;Arneiroz;7615
CE;23;01604;Assaré;22195
CE;23;01703;Aurora;24244
CE;23;01802;Baixio;5821
CE;23;01851;Banabuiú;17667
CE;23;01901;Barbalha;81441
CE;23;01950;Barreira;23474
CE;23;02008;Barro;19569
CE;23;02057;Barroquinha;14998
CE;23;02107;Baturité;37147
CE;23;02206;Beberibe;55977
CE;23;02305;Bela Cruz;34613
CE;23;02404;Boa Viagem;52133
CE;23;02503;Brejo Santo;54192
CE;23;02602;Camocim;65251
CE;23;02701;Campos Sales;26049
CE;23;02800;Canindé;77376
CE;23;02909;Capistrano;17795
CE;23;03006;Caridade;16234
CE;23;03105;Cariré;18074
CE;23;03204;Caririaçu;27532
CE;23;03303;Cariús;17277
CE;23;03402;Carnaubal;17815
CE;23;03501;Cascavel;76866
CE;23;03600;Catarina;9110
CE;23;03659;Catunda;10864
CE;23;03709;Caucaia;378406
CE;23;03808;Cedro;22564
CE;23;03907;Chaval;12811
CE;23;03931;Choró;12352
CE;23;03956;Chorozinho;20808
CE;23;04004;Coreaú;21417
CE;23;04103;Crateús;80130
CE;23;04202;Crato;139027
CE;23;04236;Croatá;18050
CE;23;04251;Cruz;32288
CE;23;04269;Deputado Irapuan Pinheiro;9173
CE;23;04277;Ereré;6381
CE;23;04285;Eusébio;82016
CE;23;04301;Farias Brito;18498
CE;23;04350;Forquilha;25298
CE;23;04400;Fortaleza;2578483
CE;23;04459;Fortim;18213
CE;23;04509;Frecheirinha;16516
CE;23;04608;General Sampaio;6929
CE;23;04657;Graça;14176
CE;23;04707;Granja;55809
CE;23;04806;Granjeiro;4955
CE;23;04905;Groaíras;11369
CE;23;04954;Guaiúba;25158
CE;23;05001;Guaraciaba do Norte;44565
CE;23;05100;Guaramiranga;5826
CE;23;05209;Hidrolândia;18186
CE;23;05233;Horizonte;81161
CE;23;05266;Ibaretama;12149
CE;23;05308;Ibiapina;24689
CE;23;05332;Ibicuitinga;12008
CE;23;05357;Icapuí;22562
CE;23;05407;Icó;64745
CE;23;05506;Iguatu;102588
CE;23;05605;Independência;24463
CE;23;05654;Ipaporanga;11963
CE;23;05704;Ipaumirim;12459
CE;23;05803;Ipu;43084
CE;23;05902;Ipueiras;38287
CE;23;06009;Iracema;14440
CE;23;06108;Irauçuba;24867
CE;23;06207;Itaiçaba;7801
CE;23;06256;Itaitinga;72512
CE;23;06306;Itapajé;49073
CE;23;06405;Itapipoca;138978
CE;23;06504;Itapiúna;18197
CE;23;06553;Itarema;45852
CE;23;06603;Itatira;21160
CE;23;06702;Jaguaretama;17604
CE;23;06801;Jaguaribara;10668
CE;23;06900;Jaguaribe;35143
CE;23;07007;Jaguaruana;33115
CE;23;07106;Jardim;28801
CE;23;07205;Jati;8114
CE;23;07254;Jijoca de Jericoacoara;28198
CE;23;07304;Juazeiro do Norte;305531
CE;23;07403;Jucás;24624
CE;23;07502;Lavras da Mangabeira;32163
CE;23;07601;Limoeiro do Norte;62623
CE;23;07635;Madalena;17235
CE;23;07650;Maracanaú;251613
CE;23;07700;Maranguape;108622
CE;23;07809;Marco;27177
CE;23;07908;Martinópole;11280
CE;23;08005;Massapê;39840
CE;23;08104;Mauriti;47501
CE;23;08203;Meruoca;15853
CE;23;08302;Milagres;26819
CE;23;08351;Milhã;14713
CE;23;08377;Miraíma;14826
CE;23;08401;Missão Velha;38997
CE;23;08500;Mombaça;38451
CE;23;08609;Monsenhor Tabosa;17705
CE;23;08708;Morada Nova;65390
CE;23;08807;Moraújo;8537
CE;23;08906;Morrinhos;23747
CE;23;09003;Mucambo;13999
CE;23;09102;Mulungu;11064
CE;23;09201;Nova Olinda;16045
CE;23;09300;Nova Russas;32053
CE;23;09409;Novo Oriente;29097
CE;23;09458;Ocara;25272
CE;23;09508;Orós;19943
CE;23;09607;Pacajus;75454
CE;23;09706;Pacatuba;86564
CE;23;09805;Pacoti;11421
CE;23;09904;Pacujá;6348
CE;23;10001;Palhano;9709
CE;23;10100;Palmácia;10252
CE;23;10209;Paracuru;41894
CE;23;10258;Paraipaba;34086
CE;23;10308;Parambu;32867
CE;23;10407;Paramoti;10462
CE;23;10506;Pedra Branca;42227
CE;23;10605;Penaforte;9357
CE;23;10704;Pentecoste;39903
CE;23;10803;Pereiro;15858
CE;23;10852;Pindoretama;24919
CE;23;10902;Piquet Carneiro;17285
CE;23;10951;Pires Ferreira;10984
CE;23;11009;Poranga;12441
CE;23;11108;Porteiras;17877
CE;23;11207;Potengi;8854
CE;23;11231;Potiretama;6128
CE;23;11264;Quiterianópolis;20545
CE;23;11306;Quixadá;88846
CE;23;11355;Quixelô;16998
CE;23;11405;Quixeramobim;86431
CE;23;11504;Quixeré;21659
CE;23;11603;Redenção;28382
CE;23;11702;Reriutaba;19051
CE;23;11801;Russas;74834
CE;23;11900;Saboeiro;13943
CE;23;11959;Salitre;17303
CE;23;12007;Santana do Acaraú;32133
CE;23;12106;Santana do Cariri;17391
CE;23;12205;Santa Quitéria;41569
CE;23;12304;São Benedito;50058
CE;23;12403;São Gonçalo do Amarante;58191
CE;23;12502;São João do Jaguaribe;5683
CE;23;12601;São Luís do Curu;10888
CE;23;12700;Senador Pompeu;25108
CE;23;12809;Senador Sá;7551
CE;23;12908;Sobral;216519
CE;23;13005;Solonópole;18785
CE;23;13104;Tabuleiro do Norte;32122
CE;23;13203;Tamboril;25287
CE;23;13252;Tarrafas;7574
CE;23;13302;Tauá;64655
CE;23;13351;Tejuçuoca;17646
CE;23;13401;Tianguá;86968
CE;23;13500;Trairi;62004
CE;23;13559;Tururu;15524
CE;23;13609;Ubajara;34424
CE;23;13708;Umari;6963
CE;23;13757;Umirim;17751
CE;23;13807;Uruburetama;21331
CE;23;13906;Uruoca;14308
CE;23;13955;Varjota;18708
CE;23;14003;Várzea Alegre;40878
CE;23;14102;Viçosa do Ceará;62972
RN;24;00109;Acari;10855
RN;24;00208;Açu;59099
RN;24;00307;Afonso Bezerra;11158
RN;24;00406;Água Nova;3029
RN;24;00505;Alexandria;14058
RN;24;00604;Almino Afonso;4802
RN;24;00703;Alto do Rodrigues;12874
RN;24;00802;Angicos;11985
RN;24;00901;Antônio Martins;6730
RN;24;01008;Apodi;37486
RN;24;01107;Areia Branca;24607
RN;24;01206;Arês;13681
RN;24;01305;Campo Grande;10071
RN;24;01404;Baía Formosa;9115
RN;24;01453;Baraúna;28415
RN;24;01503;Barcelona;4108
RN;24;01602;Bento Fernandes;4911
RN;24;01651;Bodó;2360
RN;24;01701;Bom Jesus;10308
RN;24;01800;Brejinho;12638
RN;24;01859;Caiçara do Norte;6479
RN;24;01909;Caiçara do Rio do Vento;3360
RN;24;02006;Caicó;63338
RN;24;02105;Campo Redondo;10510
RN;24;02204;Canguaretama;30789
RN;24;02303;Caraúbas;20182
RN;24;02402;Carnaúba dos Dantas;8296
RN;24;02501;Carnaubais;10026
RN;24;02600;Ceará-Mirim;83543
RN;24;02709;Cerro Corá;11334
RN;24;02808;Coronel Ezequiel;5233
RN;24;02907;Coronel João Pessoa;4297
RN;24;03004;Cruzeta;8245
RN;24;03103;Currais Novos;42922
RN;24;03202;Doutor Severiano;7262
RN;24;03251;Parnamirim;271713
RN;24;03301;Encanto;6289
RN;24;03400;Equador;5461
RN;24;03509;Espírito Santo;10951
RN;24;03608;Extremoz;68584
RN;24;03707;Felipe Guerra;6472
RN;24;03756;Fernando Pedroza;3035
RN;24;03806;Florânia;10556
RN;24;03905;Francisco Dantas;2758
RN;24;04002;Frutuoso Gomes;4230
RN;24;04101;Galinhos;2159
RN;24;04200;Goianinha;28422
RN;24;04309;Governador Dix-Sept Rosado;12231
RN;24;04408;Grossos;10281
RN;24;04507;Guamaré;16076
RN;24;04606;Ielmo Marinho;11889
RN;24;04705;Ipanguaçu;14560
RN;24;04804;Ipueira;2090
RN;24;04853;Itajá;7551
RN;24;04903;Itaú;5447
RN;24;05009;Jaçanã;8053
RN;24;05108;Jandaíra;6752
RN;24;05207;Janduís;4813
RN;24;05306;Januário Cicco;8843
RN;24;05405;Japi;5219
RN;24;05504;Jardim de Angicos;2488
RN;24;05603;Jardim de Piranhas;14446
RN;24;05702;Jardim do Seridó;11942
RN;24;05801;João Câmara;34849
RN;24;05900;João Dias;2073
RN;24;06007;José da Penha;5966
RN;24;06106;Jucurutu;18304
RN;24;06155;Jundiá;3868
RN;24;06205;Lagoa d'Anta;6756
RN;24;06304;Lagoa de Pedras;7597
RN;24;06403;Lagoa de Velhos;2631
RN;24;06502;Lagoa Nova;16203
RN;24;06601;Lagoa Salgada;8657
RN;24;06700;Lajes;10094
RN;24;06809;Lajes Pintadas;4950
RN;24;06908;Lucrécia;3576
RN;24;07005;Luís Gomes;9271
RN;24;07104;Macaíba;87056
RN;24;07203;Macau;28350
RN;24;07252;Major Sales;4086
RN;24;07302;Marcelino Vieira;8083
RN;24;07401;Martins;8415
RN;24;07500;Maxaranguape;10534
RN;24;07609;Messias Targino;4410
RN;24;07708;Montanhas;11785
RN;24;07807;Monte Alegre;23953
RN;24;07906;Monte das Gameleiras;2345
RN;24;08003;Mossoró;278587
RN;24;08102;Natal;784249
RN;24;08201;Nísia Floresta;34325
RN;24;08300;Nova Cruz;35523
RN;24;08409;Olho d'Água do Borges;3736
RN;24;08508;Ouro Branco;5084
RN;24;08607;Paraná;4048
RN;24;08706;Paraú;3650
RN;24;08805;Parazinho;4945
RN;24;08904;Parelhas;22242
RN;24;08953;Rio do Fogo;10692
RN;24;09100;Passa e Fica;11407
RN;24;09209;Passagem;3233
RN;24;09308;Patu;11215
RN;24;09332;Santa Maria;5000
RN;24;09407;Pau dos Ferros;32123
RN;24;09506;Pedra Grande;3736
RN;24;09605;Pedra Preta;2495
RN;24;09704;Pedro Avelino;6312
RN;24;09803;Pedro Velho;14197
RN;24;09902;Pendências;12499
RN;24;10009;Pilões;2992
RN;24;10108;Poço Branco;12565
RN;24;10207;Portalegre;7859
RN;24;10256;Porto do Mangue;5351
RN;24;10306;Serra Caiada;11203
RN;24;10405;Pureza;9752
RN;24;10504;Rafael Fernandes;5682
RN;24;10603;Rafael Godeiro;3005
RN;24;10702;Riacho da Cruz;2724
RN;24;10801;Riacho de Santana;4245
RN;24;10900;Riachuelo;7646
RN;24;11007;Rodolfo Fernandes;4345
RN;24;11056;Tibau;5748
RN;24;11106;Ruy Barbosa;3253
RN;24;11205;Santa Cruz;39101
RN;24;11403;Santana do Matos;12722
RN;24;11429;Santana do Seridó;2796
RN;24;11502;Santo Antônio;22793
RN;24;11601;São Bento do Norte;3442
RN;24;11700;São Bento do Trairí;3890
RN;24;11809;São Fernando;3606
RN;24;11908;São Francisco do Oeste;4319
RN;24;12005;São Gonçalo do Amarante;124495
RN;24;12104;São João do Sabugi;6136
RN;24;12203;São José de Mipibu;50053
RN;24;12302;São José do Campestre;11298
RN;24;12401;São José do Seridó;4733
RN;24;12500;São Miguel;24422
RN;24;12559;São Miguel do Gostoso;10636
RN;24;12609;São Paulo do Potengi;17371
RN;24;12708;São Pedro;5890
RN;24;12807;São Rafael;7889
RN;24;12906;São Tomé;10161
RN;24;13003;São Vicente;6530
RN;24;13102;Senador Elói de Souza;6027
RN;24;13201;Senador Georgino Avelino;4202
RN;24;13300;Serra de São Bento;5866
RN;24;13359;Serra do Mel;13819
RN;24;13409;Serra Negra do Norte;7800
RN;24;13508;Serrinha;6608
RN;24;13557;Serrinha dos Pintos;4810
RN;24;13607;Severiano Melo;5616
RN;24;13706;Sítio Novo;4746
RN;24;13805;Taboleiro Grande;2409
RN;24;13904;Taipu;11708
RN;24;14001;Tangará;13583
RN;24;14100;Tenente Ananias;10610
RN;24;14159;Tenente Laurentino Cruz;6152
RN;24;14209;Tibau do Sul;18080
RN;24;14308;Timbaúba dos Batistas;2424
RN;24;14407;Touros;34767
RN;24;14456;Triunfo Potiguar;3477
RN;24;14506;Umarizal;10655
RN;24;14605;Upanema;14048
RN;24;14704;Várzea;5387
RN;24;14753;Venha-Ver;3005
RN;24;14803;Vera Cruz;11053
RN;24;14902;Viçosa;1900
RN;24;15008;Vila Flor;3304
PB;25;00106;Água Branca;9580
PB;25;00205;Aguiar;5026
PB;25;00304;Alagoa Grande;26655
PB;25;00403;Alagoa Nova;21823
PB;25;00502;Alagoinha;14140
PB;25;00536;Alcantil;5806
PB;25;00577;Algodão de Jandaíra;3143
PB;25;00601;Alhandra;23065
PB;25;00700;São João do Rio do Peixe;18500
PB;25;00734;Amparo;2328
PB;25;00775;Aparecida;8257
PB;25;00809;Araçagi;16991
PB;25;00908;Arara;12482
PB;25;01005;Araruna;17360
PB;25;01104;Areia;23031
PB;25;01153;Areia de Baraúnas;2027
PB;25;01203;Areial;7434
PB;25;01302;Aroeiras;19142
PB;25;01351;Assunção;4383
PB;25;01401;Baía da Traição;9741
PB;25;01500;Bananeiras;24134
PB;25;01534;Baraúna;5010
PB;25;01575;Barra de Santana;8247
PB;25;01609;Barra de Santa Rosa;13024
PB;25;01708;Barra de São Miguel;6123
PB;25;01807;Bayeux;83862
PB;25;01906;Belém;16710
PB;25;02003;Belém do Brejo do Cruz;6272
PB;25;02052;Bernardino Batista;3677
PB;25;02102;Boa Ventura;5246
PB;25;02151;Boa Vista;6592
PB;25;02201;Bom Jesus;2328
PB;25;02300;Bom Sucesso;4720
PB;25;02409;Bonito de Santa Fé;10433
PB;25;02508;Boqueirão;18216
PB;25;02607;Igaracy;5719
PB;25;02706;Borborema;4185
PB;25;02805;Brejo do Cruz;14095
PB;25;02904;Brejo dos Santos;5816
PB;25;03001;Caaporã;21942
PB;25;03100;Cabaceiras;5537
PB;25;03209;Cabedelo;70734
PB;25;03308;Cachoeira dos Índios;9335
PB;25;03407;Cacimba de Areia;3344
PB;25;03506;Cacimba de Dentro;16332
PB;25;03555;Cacimbas;7513
PB;25;03605;Caiçara;6684
PB;25;03704;Cajazeiras;66585
PB;25;03753;Cajazeirinhas;2760
PB;25;03803;Caldas Brandão;5942
PB;25;03902;Camalaú;6327
PB;25;04009;Campina Grande;443911
PB;25;04033;Capim;7446
PB;25;04074;Caraúbas;4067
PB;25;04108;Carrapateira;2365
PB;25;04157;Casserengue;7052
PB;25;04207;Catingueira;4556
PB;25;04306;Catolé do Rocha;32288
PB;25;04355;Caturité;5544
PB;25;04405;Conceição;18731
PB;25;04504;Condado;6629
PB;25;04603;Conde;30007
PB;25;04702;Congo;5124
PB;25;04801;Coremas;14987
PB;25;04850;Coxixola;1888
PB;25;04900;Cruz do Espírito Santo;17821
PB;25;05006;Cubati;7842
PB;25;05105;Cuité;20208
PB;25;05204;Cuitegi;6890
PB;25;05238;Cuité de Mamanguape;6441
PB;25;05279;Curral de Cima;5415
PB;25;05303;Curral Velho;2316
PB;25;05352;Damião;5141
PB;25;05402;Desterro;8314
PB;25;05501;Vista Serrana;3772
PB;25;05600;Diamante;6416
PB;25;05709;Dona Inês;10638
PB;25;05808;Duas Estradas;3360
PB;25;05907;Emas;3036
PB;25;06004;Esperança;32599
PB;25;06103;Fagundes;11307
PB;25;06202;Frei Martinho;2911
PB;25;06251;Gado Bravo;8398
PB;25;06301;Guarabira;60057
PB;25;06400;Gurinhém;14141
PB;25;06509;Gurjão;3352
PB;25;06608;Ibiara;5713
PB;25;06707;Imaculada;10497
PB;25;06806;Ingá;18234
PB;25;06905;Itabaiana;23558
PB;25;07002;Itaporanga;24766
PB;25;07101;Itapororoca;19165
PB;25;07200;Itatuba;10840
PB;25;07309;Jacaraú;14969
PB;25;07408;Jericó;7728
PB;25;07507;João Pessoa;897633
PB;25;07606;Juarez Távora;8088
PB;25;07705;Juazeirinho;17520
PB;25;07804;Junco do Seridó;7019
PB;25;07903;Juripiranga;10255
PB;25;08000;Juru;9380
PB;25;08109;Lagoa;4489
PB;25;08208;Lagoa de Dentro;8123
PB;25;08307;Lagoa Seca;29209
PB;25;08406;Lastro;3316
PB;25;08505;Livramento;7041
PB;25;08554;Logradouro;5107
PB;25;08604;Lucena;13088
PB;25;08703;Mãe d'Água;3599
PB;25;08802;Malta;6288
PB;25;08901;Mamanguape;46966
PB;25;09008;Manaíra;10699
PB;25;09057;Marcação;9537
PB;25;09107;Mari;22170
PB;25;09156;Marizópolis;7001
PB;25;09206;Massaranduba;14756
PB;25;09305;Mataraca;8650
PB;25;09339;Matinhas;4759
PB;25;09370;Mato Grosso;2584
PB;25;09396;Maturéia;6717
PB;25;09404;Mogeiro;14435
PB;25;09503;Montadas;6144
PB;25;09602;Monte Horebe;4429
PB;25;09701;Monteiro;33886
PB;25;09800;Mulungu;8909
PB;25;09909;Natuba;8935
PB;25;10006;Nazarezinho;7394
PB;25;10105;Nova Floresta;9840
PB;25;10204;Nova Olinda;5897
PB;25;10303;Nova Palmeira;4359
PB;25;10402;Olho d'Água;6059
PB;25;10501;Olivedos;3675
PB;25;10600;Ouro Velho;3000
PB;25;10659;Parari;1745
PB;25;10709;Passagem;2580
PB;25;10808;Patos;108104
PB;25;10907;Paulista;12172
PB;25;11004;Pedra Branca;3851
PB;25;11103;Pedra Lavrada;6980
PB;25;11202;Pedras de Fogo;31356
PB;25;11301;Piancó;17088
PB;25;11400;Picuí;18862
PB;25;11509;Pilar;12889
PB;25;11608;Pilões;6974
PB;25;11707;Pilõezinhos;5539
PB;25;11806;Pirpirituba;9411
PB;25;11905;Pitimbu;17166
PB;25;12002;Pocinhos;18038
PB;25;12036;Poço Dantas;3934
PB;25;12077;Poço de José de Moura;4126
PB;25;12101;Pombal;33866
PB;25;12200;Prata;4032
PB;25;12309;Princesa Isabel;21674
PB;25;12408;Puxinanã;14942
PB;25;12507;Queimadas;50698
PB;25;12606;Quixaba;1803
PB;25;12705;Remígio;18399
PB;25;12721;Pedro Régis;5932
PB;25;12747;Riachão;2945
PB;25;12754;Riachão do Bacamarte;4911
PB;25;12762;Riachão do Poço;4989
PB;25;12788;Riacho de Santo Antônio;2063
PB;25;12804;Riacho dos Cavalos;8788
PB;25;12903;Rio Tinto;25500
PB;25;13000;Salgadinho;3435
PB;25;13109;Salgado de São Félix;11741
PB;25;13158;Santa Cecília;8113
PB;25;13208;Santa Cruz;6013
PB;25;13307;Santa Helena;6023
PB;25;13356;Santa Inês;3256
PB;25;13406;Santa Luzia;15418
PB;25;13505;Santana de Mangueira;5090
PB;25;13604;Santana dos Garrotes;6618
PB;25;13653;Joca Claudino;2607
PB;25;13703;Santa Rita;160852
PB;25;13802;Santa Teresinha;4492
PB;25;13851;Santo André;2708
PB;25;13901;São Bento;33845
PB;25;13927;São Bentinho;4490
PB;25;13943;São Domingos do Cariri;2688
PB;25;13968;São Domingos;2624
PB;25;13984;São Francisco;3176
PB;25;14008;São João do Cariri;4345
PB;25;14107;São João do Tigre;4359
PB;25;14206;São José da Lagoa Tapada;7251
PB;25;14305;São José de Caiana;4966
PB;25;14404;São José de Espinharas;4056
PB;25;14453;São José dos Ramos;6137
PB;25;14503;São José de Piranhas;19561
PB;25;14552;São José de Princesa;3323
PB;25;14602;São José do Bonfim;3337
PB;25;14651;São José do Brejo do Cruz;1750
PB;25;14701;São José do Sabugi;4283
PB;25;14800;São José dos Cordeiros;3462
PB;25;14909;São Mamede;7629
PB;25;15005;São Miguel de Taipu;7307
PB;25;15104;São Sebastião de Lagoa de Roça;11387
PB;25;15203;São Sebastião do Umbuzeiro;3382
PB;25;15302;Sapé;53457
PB;25;15401;São Vicente do Seridó;10652
PB;25;15500;Serra Branca;14131
PB;25;15609;Serra da Raiz;3156
PB;25;15708;Serra Grande;3056
PB;25;15807;Serra Redonda;6975
PB;25;15906;Serraria;4754
PB;25;15930;Sertãozinho;5332
PB;25;15971;Sobrado;8646
PB;25;16003;Solânea;27748
PB;25;16102;Soledade;14409
PB;25;16151;Sossêgo;3476
PB;25;16201;Sousa;70066
PB;25;16300;Sumé;17852
PB;25;16409;Tacima;7794
PB;25;16508;Taperoá;14358
PB;25;16607;Tavares;14473
PB;25;16706;Teixeira;15129
PB;25;16755;Tenório;3082
PB;25;16805;Triunfo;10315
PB;25;16904;Uiraúna;15431
PB;25;17001;Umbuzeiro;9274
PB;25;17100;Várzea;2777
PB;25;17209;Vieirópolis;4967
PB;25;17407;Zabelê;2323
PE;26;00054;Abreu e Lima;104248
PE;26;00104;Afogados da Ingazeira;42672
PE;26;00203;Afrânio;19409
PE;26;00302;Agrestina;24680
PE;26;00401;Água Preta;26981
PE;26;00500;Águas Belas;43822
PE;26;00609;Alagoinha;14460
PE;26;00708;Aliança;37349
PE;26;00807;Altinho;21134
PE;26;00906;Amaraji;18335
PE;26;01003;Angelim;10591
PE;26;01052;Araçoiaba;19996
PE;26;01102;Araripina;90504
PE;26;01201;Arcoverde;82487
PE;26;01300;Barra de Guabiraba;12601
PE;26;01409;Barreiros;42083
PE;26;01508;Belém de Maria;10798
PE;26;01607;Belém do São Francisco;18648
PE;26;01706;Belo Jardim;84033
PE;26;01805;Betânia;11961
PE;26;01904;Bezerros;65007
PE;26;02001;Bodocó;36145
PE;26;02100;Bom Conselho;46202
PE;26;02209;Bom Jardim;39289
PE;26;02308;Bonito;39212
PE;26;02407;Brejão;9417
PE;26;02506;Brejinho;8033
PE;26;02605;Brejo da Madre de Deus;51308
PE;26;02704;Buenos Aires;13276
PE;26;02803;Buíque;53489
PE;26;02902;Cabo de Santo Agostinho;218049
PE;26;03009;Cabrobó;31762
PE;26;03108;Cachoeirinha;20673
PE;26;03207;Caetés;30571
PE;26;03306;Calçado;11453
PE;26;03405;Calumbi;5354
PE;26;03454;Camaragibe;156112
PE;26;03504;Camocim de São Félix;18018
PE;26;03603;Camutanga;7962
PE;26;03702;Canhotinho;25103
PE;26;03801;Capoeiras;18854
PE;26;03900;Carnaíba;19533
PE;26;03926;Carnaubeira da Penha;12712
PE;26;04007;Carpina;83482
PE;26;04106;Caruaru;405408
PE;26;04155;Casinhas;13468
PE;26;04205;Catende;33086
PE;26;04304;Cedro;10843
PE;26;04403;Chã de Alegria;13496
PE;26;04502;Chã Grande;21258
PE;26;04601;Condado;25416
PE;26;04700;Correntes;17670
PE;26;04809;Cortês;10426
PE;26;04908;Cumaru;16215
PE;26;05004;Cupira;24343
PE;26;05103;Custódia;39609
PE;26;05152;Dormentes;17850
PE;26;05202;Escada;62174
PE;26;05301;Exu;33486
PE;26;05400;Feira Nova;22222
PE;26;05459;Fernando de Noronha;3341
PE;26;05509;Ferreiros;15955
PE;26;05608;Flores;20776
PE;26;05707;Floresta;31702
PE;26;05806;Frei Miguelinho;14055
PE;26;05905;Gameleira;17583
PE;26;06002;Garanhuns;151803
PE;26;06101;Glória do Goitá;30420
PE;26;06200;Goiana;85497
PE;26;06309;Granito;7217
PE;26;06408;Gravatá;92429
PE;26;06507;Iati;17570
PE;26;06606;Ibimirim;28825
PE;26;06705;Ibirajuba;7334
PE;26;06804;Igarassu;123017
PE;26;06903;Iguaracy;11347
PE;26;07000;Inajá;27758
PE;26;07109;Ingazeira;4975
PE;26;07208;Ipojuca;106539
PE;26;07307;Ipubi;30720
PE;26;07406;Itacuruba;4491
PE;26;07505;Itaíba;33995
PE;26;07604;Ilha de Itamaracá;25658
PE;26;07653;Itambé;36652
PE;26;07703;Itapetim;14236
PE;26;07752;Itapissuma;29669
PE;26;07802;Itaquitinga;17142
PE;26;07901;Jaboatão dos Guararapes;684293
PE;26;07950;Jaqueira;10440
PE;26;08008;Jataúba;16328
PE;26;08057;Jatobá;14477
PE;26;08107;João Alfredo;28842
PE;26;08206;Joaquim Nabuco;13416
PE;26;08255;Jucati;12023
PE;26;08305;Jupi;16022
PE;26;08404;Jurema;14002
PE;26;08453;Lagoa do Carro;18804
PE;26;08503;Lagoa de Itaenga;19863
PE;26;08602;Lagoa do Ouro;12367
PE;26;08701;Lagoa dos Gatos;14333
PE;26;08750;Lagoa Grande;24951
PE;26;08800;Lajedo;41960
PE;26;08909;Limoeiro;59236
PE;26;09006;Macaparana;24642
PE;26;09105;Machados;11387
PE;26;09154;Manari;27046
PE;26;09204;Maraial;9322
PE;26;09303;Mirandiba;14605
PE;26;09402;Moreno;57654
PE;26;09501;Nazaré da Mata;32187
PE;26;09600;Olinda;364717
PE;26;09709;Orobó;22412
PE;26;09808;Orocó;14129
PE;26;09907;Ouricuri;68489
PE;26;10004;Palmares;56475
PE;26;10103;Palmeirina;7104
PE;26;10202;Panelas;23337
PE;26;10301;Paranatama;12778
PE;26;10400;Parnamirim;18960
PE;26;10509;Passira;29744
PE;26;10608;Paudalho;59924
PE;26;10707;Paulista;365144
PE;26;10806;Pedra;23671
PE;26;10905;Pesqueira;65481
PE;26;11002;Petrolândia;36104
PE;26;11101;Petrolina;418444
PE;26;11200;Poção;10792
PE;26;11309;Pombos;26942
PE;26;11408;Primavera;14380
PE;26;11507;Quipapá;17731
PE;26;11533;Quixaba;6753
PE;26;11606;Recife;1588376
PE;26;11705;Riacho das Almas;21490
PE;26;11804;Ribeirão;33843
PE;26;11903;Rio Formoso;20388
PE;26;12000;Sairé;11213
PE;26;12109;Salgadinho;5478
PE;26;12208;Salgueiro;65946
PE;26;12307;Saloá;14125
PE;26;12406;Sanharó;18812
PE;26;12455;Santa Cruz;14342
PE;26;12471;Santa Cruz da Baixa Verde;11934
PE;26;12505;Santa Cruz do Capibaribe;104854
PE;26;12554;Santa Filomena;12360
PE;26;12604;Santa Maria da Boa Vista;42782
PE;26;12703;Santa Maria do Cambucá;14586
PE;26;12802;Santa Terezinha;10487
PE;26;12901;São Benedito do Sul;13456
PE;26;13008;São Bento do Una;51165
PE;26;13107;São Caitano;39243
PE;26;13206;São João;24895
PE;26;13305;São Joaquim do Monte;20438
PE;26;13404;São José da Coroa Grande;19511
PE;26;13503;São José do Belmonte;36890
PE;26;13602;São José do Egito;32508
PE;26;13701;São Lourenço da Mata;118258
PE;26;13800;São Vicente Férrer;17177
PE;26;13909;Serra Talhada;98816
PE;26;14006;Serrita;18764
PE;26;14105;Sertânia;34271
PE;26;14204;Sirinhaém;39171
PE;26;14303;Moreilândia;10839
PE;26;14402;Solidão;5386
PE;26;14501;Surubim;67821
PE;26;14600;Tabira;29180
PE;26;14709;Tacaimbó;14330
PE;26;14808;Tacaratu;24898
PE;26;14857;Tamandaré;24670
PE;26;15003;Taquaritinga do Norte;25511
PE;26;15102;Terezinha;6853
PE;26;15201;Terra Nova;9231
PE;26;15300;Timbaúba;47312
PE;26;15409;Toritama;43921
PE;26;15508;Tracunhaém;14439
PE;26;15607;Trindade;32257
PE;26;15706;Triunfo;15141
PE;26;15805;Tupanatinga;28141
PE;26;15904;Tuparetama;8261
PE;26;16001;Venturosa;17563
PE;26;16100;Verdejante;9483
PE;26;16183;Vertente do Lério;7776
PE;26;16209;Vertentes;23127
PE;26;16308;Vicência;27151
PE;26;16407;Vitória de Santo Antão;144243
PE;26;16506;Xexéu;11699
AL;27;00102;Água Branca;19550
AL;27;00201;Anadia;14167
AL;27;00300;Arapiraca;243906
AL;27;00409;Atalaia;38480
AL;27;00508;Barra de Santo Antônio;16756
AL;27;00607;Barra de São Miguel;8123
AL;27;00706;Batalha;17103
AL;27;00805;Belém;4819
AL;27;00904;Belo Monte;5895
AL;27;01001;Boca da Mata;21479
AL;27;01100;Branquinha;9779
AL;27;01209;Cacimbinhas;10705
AL;27;01308;Cajueiro;16572
AL;27;01357;Campestre;6808
AL;27;01407;Campo Alegre;32558
AL;27;01506;Campo Grande;8285
AL;27;01605;Canapi;15730
AL;27;01704;Capela;15051
AL;27;01803;Carneiros;9206
AL;27;01902;Chã Preta;6000
AL;27;02009;Coité do Nóia;11036
AL;27;02108;Colônia Leopoldina;15915
AL;27;02207;Coqueiro Seco;5701
AL;27;02306;Coruripe;51784
AL;27;02355;Craíbas;26144
AL;27;02405;Delmiro Gouveia;52845
AL;27;02504;Dois Riachos;9898
AL;27;02553;Estrela de Alagoas;15688
AL;27;02603;Feira Grande;23204
AL;27;02702;Feliz Deserto;4035
AL;27;02801;Flexeiras;9745
AL;27;02900;Girau do Ponciano;37337
AL;27;03007;Ibateguara;13982
AL;27;03106;Igaci;24445
AL;27;03205;Igreja Nova;22113
AL;27;03304;Inhapi;15396
AL;27;03403;Jacaré dos Homens;5180
AL;27;03502;Jacuípe;5419
AL;27;03601;Japaratinga;9457
AL;27;03700;Jaramataia;5069
AL;27;03759;Jequiá da Praia;9607
AL;27;03809;Joaquim Gomes;17342
AL;27;03908;Jundiá;4175
AL;27;04005;Junqueiro;24382
AL;27;04104;Lagoa da Canoa;18836
AL;27;04203;Limoeiro de Anadia;25184
AL;27;04302;Maceió;994952
AL;27;04401;Major Isidoro;17828
AL;27;04500;Maragogi;33269
AL;27;04609;Maravilha;9709
AL;27;04708;Marechal Deodoro;62477
AL;27;04807;Maribondo;13970
AL;27;04906;Mar Vermelho;3208
AL;27;05002;Mata Grande;22126
AL;27;05101;Matriz de Camaragibe;24331
AL;27;05200;Messias;15706
AL;27;05309;Minador do Negrão;4935
AL;27;05408;Monteirópolis;7344
AL;27;05507;Murici;25926
AL;27;05606;Novo Lino;10285
AL;27;05705;Olho d'Água das Flores;21135
AL;27;05804;Olho d'Água do Casado;8522
AL;27;05903;Olho d'Água Grande;4381
AL;27;06000;Olivença;11047
AL;27;06109;Ouro Branco;11706
AL;27;06208;Palestina;4408
AL;27;06307;Palmeira dos Índios;73621
AL;27;06406;Pão de Açúcar;24291
AL;27;06422;Pariconha;10807
AL;27;06448;Paripueira;14199
AL;27;06505;Passo de Camaragibe;14070
AL;27;06604;Paulo Jacinto;6691
AL;27;06703;Penedo;60185
AL;27;06802;Piaçabuçu;16192
AL;27;06901;Pilar;36525
AL;27;07008;Pindoba;2786
AL;27;07107;Piranhas;23053
AL;27;07206;Poço das Trincheiras;12965
AL;27;07305;Porto Calvo;24509
AL;27;07404;Porto de Pedras;9517
AL;27;07503;Porto Real do Colégio;20273
AL;27;07602;Quebrangulo;11303
AL;27;07701;Rio Largo;97658
AL;27;07800;Roteiro;6606
AL;27;07909;Santa Luzia do Norte;7066
AL;27;08006;Santana do Ipanema;47418
AL;27;08105;Santana do Mundaú;11572
AL;27;08204;São Brás;6557
AL;27;08303;São José da Laje;21180
AL;27;08402;São José da Tapera;31569
AL;27;08501;São Luís do Quitunde;31785
AL;27;08600;São Miguel dos Campos;53380
AL;27;08709;São Miguel dos Milagres;8700
AL;27;08808;São Sebastião;32707
AL;27;08907;Satuba;25105
AL;27;08956;Senador Rui Palmeira;12545
AL;27;09004;Tanque d'Arca;5906
AL;27;09103;Taquarana;19428
AL;27;09152;Teotônio Vilela;39143
AL;27;09202;Traipu;24106
AL;27;09301;União dos Palmares;60860
AL;27;09400;Viçosa;24414
SE;28;00100;Amparo do São Francisco;2202
SE;28;00209;Aquidabã;20556
SE;28;00308;Aracaju;630932
SE;28;00407;Arauá;10464
SE;28;00506;Areia Branca;18626
SE;28;00605;Barra dos Coqueiros;45175
SE;28;00670;Boquim;25007
SE;28;00704;Brejo Grande;8025
SE;28;01009;Campo do Brito;18719
SE;28;01108;Canhoba;3850
SE;28;01207;Canindé de São Francisco;33641
SE;28;01306;Capela;32783
SE;28;01405;Carira;20314
SE;28;01504;Carmópolis;14203
SE;28;01603;Cedro de São João;5474
SE;28;01702;Cristinápolis;17594
SE;28;01900;Cumbe;3872
SE;28;02007;Divina Pastora;4436
SE;28;02106;Estância;67060
SE;28;02205;Feira Nova;6358
SE;28;02304;Frei Paulo;14921
SE;28;02403;Gararu;11294
SE;28;02502;General Maynard;3118
SE;28;02601;Gracho Cardoso;5910
SE;28;02700;Ilha das Flores;8499
SE;28;02809;Indiaroba;16991
SE;28;02908;Itabaiana;109250
SE;28;03005;Itabaianinha;42230
SE;28;03104;Itabi;4816
SE;28;03203;Itaporanga d'Ajuda;36074
SE;28;03302;Japaratuba;16451
SE;28;03401;Japoatã;13723
SE;28;03500;Lagarto;105957
SE;28;03609;Laranjeiras;24047
SE;28;03708;Macambira;7048
SE;28;03807;Malhada dos Bois;3674
SE;28;03906;Malhador;11712
SE;28;04003;Maruim;15956
SE;28;04102;Moita Bonita;11297
SE;28;04201;Monte Alegre de Sergipe;14781
SE;28;04300;Muribeca;8059
SE;28;04409;Neópolis;16473
SE;28;04458;Nossa Senhora Aparecida;9534
SE;28;04508;Nossa Senhora da Glória;43686
SE;28;04607;Nossa Senhora das Dores;25569
SE;28;04706;Nossa Senhora de Lourdes;6409
SE;28;04805;Nossa Senhora do Socorro;204081
SE;28;04904;Pacatuba;12690
SE;28;05000;Pedra Mole;2811
SE;28;05109;Pedrinhas;7355
SE;28;05208;Pinhão;5759
SE;28;05307;Pirambu;8021
SE;28;05406;Poço Redondo;29238
SE;28;05505;Poço Verde;22217
SE;28;05604;Porto da Folha;27348
SE;28;05703;Propriá;27213
SE;28;05802;Riachão do Dantas;18541
SE;28;05901;Riachuelo;8853
SE;28;06008;Ribeirópolis;17365
SE;28;06107;Rosário do Catete;9507
SE;28;06206;Salgado;20825
SE;28;06305;Santa Luzia do Itanhy;14003
SE;28;06404;Santana do São Francisco;7549
SE;28;06503;Santa Rosa de Lima;4049
SE;28;06602;Santo Amaro das Brotas;11289
SE;28;06701;São Cristóvão;101213
SE;28;06800;São Domingos;10559
SE;28;06909;São Francisco;3330
SE;28;07006;São Miguel do Aleixo;3471
SE;28;07105;Simão Dias;44503
SE;28;07204;Siriri;7981
SE;28;07303;Telha;3389
SE;28;07402;Tobias Barreto;52783
SE;28;07501;Tomar do Geru;12094
SE;28;07600;Umbaúba;24618
BA;29;00108;Abaíra;7407
BA;29;00207;Abaré;18269
BA;29;00306;Acajutiba;14200
BA;29;00355;Adustina;14510
BA;29;00405;Água Fria;14833
BA;29;00504;Érico Cardoso;10947
BA;29;00603;Aiquara;4583
BA;29;00702;Alagoinhas;161196
BA;29;00801;Alcobaça;25601
BA;29;00900;Almadina;5296
BA;29;01007;Amargosa;38585
BA;29;01106;Amélia Rodrigues;24830
BA;29;01155;América Dourada;15572
BA;29;01205;Anagé;26745
BA;29;01304;Andaraí;13545
BA;29;01353;Andorinha;15491
BA;29;01403;Angical;14178
BA;29;01502;Anguera;11490
BA;29;01601;Antas;14984
BA;29;01700;Antônio Cardoso;11498
BA;29;01809;Antônio Gonçalves;11248
BA;29;01908;Aporá;16361
BA;29;01957;Apuarema;7101
BA;29;02005;Aracatu;14440
BA;29;02054;Araçás;11953
BA;29;02104;Araci;50308
BA;29;02203;Aramari;10106
BA;29;02252;Arataca;10433
BA;29;02302;Aratuípe;8993
BA;29;02401;Aurelino Leal;11339
BA;29;02500;Baianópolis;14138
BA;29;02609;Baixa Grande;18628
BA;29;02658;Banzaê;12288
BA;29;02708;Barra;53642
BA;29;02807;Barra da Estiva;27743
BA;29;02906;Barra do Choça;38581
BA;29;03003;Barra do Mendes;14376
BA;29;03102;Barra do Rocha;5898
BA;29;03201;Barreiras;171634
BA;29;03235;Barro Alto;13922
BA;29;03276;Barrocas;15780
BA;29;03300;Barro Preto;5936
BA;29;03409;Belmonte;20527
BA;29;03508;Belo Campo;19074
BA;29;03607;Biritinga;15603
BA;29;03706;Boa Nova;14008
BA;29;03805;Boa Vista do Tupim;17262
BA;29;03904;Bom Jesus da Lapa;68866
BA;29;03953;Bom Jesus da Serra;10018
BA;29;04001;Boninal;14125
BA;29;04050;Bonito;16425
BA;29;04100;Boquira;19782
BA;29;04209;Botuporã;11427
BA;29;04308;Brejões;13224
BA;29;04407;Brejolândia;9363
BA;29;04506;Brotas de Macaúbas;12180
BA;29;04605;Brumado;74368
BA;29;04704;Buerarema;14950
BA;29;04753;Buritirama;20221
BA;29;04803;Caatiba;6128
BA;29;04852;Cabaceiras do Paraguaçu;17024
BA;29;04902;Cachoeira;30498
BA;29;05008;Caculé;23293
BA;29;05107;Caém;10733
BA;29;05156;Caetanos;11432
BA;29;05206;Caetité;54730
BA;29;05305;Cafarnaum;18057
BA;29;05404;Cairu;18578
BA;29;05503;Caldeirão Grande;13597
BA;29;05602;Camacan;22485
BA;29;05701;Camaçari;321636
BA;29;05800;Camamu;31694
BA;29;05909;Campo Alegre de Lourdes;32500
BA;29;06006;Campo Formoso;75112
BA;29;06105;Canápolis;10641
BA;29;06204;Canarana;25007
BA;29;06303;Canavieiras;34392
BA;29;06402;Candeal;7940
BA;29;06501;Candeias;74854
BA;29;06600;Candiba;13417
BA;29;06709;Cândido Sales;26469
BA;29;06808;Cansanção;39725
BA;29;06824;Canudos;16693
BA;29;06857;Capela do Alto Alegre;11035
BA;29;06873;Capim Grosso;35437
BA;29;06899;Caraíbas;10259
BA;29;06907;Caravelas;21384
BA;29;07004;Cardeal da Silva;8633
BA;29;07103;Carinhanha;30439
BA;29;07202;Casa Nova;76131
BA;29;07301;Castro Alves;25470
BA;29;07400;Catolândia;3567
BA;29;07509;Catu;50109
BA;29;07558;Caturama;9108
BA;29;07608;Central;16847
BA;29;07707;Chorrochó;10933
BA;29;07806;Cícero Dantas;32292
BA;29;07905;Cipó;17875
BA;29;08002;Coaraci;17557
BA;29;08101;Cocos;19865
BA;29;08200;Conceição da Feira;21529
BA;29;08309;Conceição do Almeida;16134
BA;29;08408;Conceição do Coité;71601
BA;29;08507;Conceição do Jacuípe;37622
BA;29;08606;Conde;24460
BA;29;08705;Condeúba;17567
BA;29;08804;Contendas do Sincorá;4499
BA;29;08903;Coração de Maria;28408
BA;29;09000;Cordeiros;7748
BA;29;09109;Coribe;14463
BA;29;09208;Coronel João Sá;17598
BA;29;09307;Correntina;34266
BA;29;09406;Cotegipe;13463
BA;29;09505;Cravolândia;4491
BA;29;09604;Crisópolis;20346
BA;29;09703;Cristópolis;14549
BA;29;09802;Cruz das Almas;63326
BA;29;09901;Curaçá;36127
BA;29;10008;Dário Meira;11054
BA;29;10057;Dias d'Ávila;75296
BA;29;10107;Dom Basílio;12329
BA;29;10206;Dom Macedo Costa;4608
BA;29;10305;Elísio Medrado;8069
BA;29;10404;Encruzilhada;19450
BA;29;10503;Entre Rios;39890
BA;29;10602;Esplanada;34163
BA;29;10701;Euclides da Cunha;64768
BA;29;10727;Eunápolis;121067
BA;29;10750;Fátima;18480
BA;29;10776;Feira da Mata;5831
BA;29;10800;Feira de Santana;660806
BA;29;10859;Filadélfia;18637
BA;29;10909;Firmino Alves;4993
BA;29;11006;Floresta Azul;11455
BA;29;11105;Formosa do Rio Preto;27567
BA;29;11204;Gandu;34051
BA;29;11253;Gavião;4489
BA;29;11303;Gentio do Ouro;11276
BA;29;11402;Glória;16107
BA;29;11501;Gongogi;5479
BA;29;11600;Governador Mangabeira;21353
BA;29;11659;Guajeru;8177
BA;29;11709;Guanambi;93488
BA;29;11808;Guaratinga;19413
BA;29;11857;Heliópolis;13055
BA;29;11907;Iaçu;25315
BA;29;12004;Ibiassucê;10746
BA;29;12103;Ibicaraí;22131
BA;29;12202;Ibicoara;21827
BA;29;12301;Ibicuí;14264
BA;29;12400;Ibipeba;17134
BA;29;12509;Ibipitanga;14317
BA;29;12608;Ibiquera;3833
BA;29;12707;Ibirapitanga;26917
BA;29;12806;Ibirapuã;9297
BA;29;12905;Ibirataia;19377
BA;29;13002;Ibitiara;15049
BA;29;13101;Ibititá;17517
BA;29;13200;Ibotirama;27723
BA;29;13309;Ichu;6428
BA;29;13408;Igaporã;16069
BA;29;13457;Igrapiúna;13501
BA;29;13507;Iguaí;21763
BA;29;13606;Ilhéus;189149
BA;29;13705;Inhambupe;35390
BA;29;13804;Ipecaetá;14016
BA;29;13903;Ipiaú;42429
BA;29;14000;Ipirá;59222
BA;29;14109;Ipupiara;10349
BA;29;14208;Irajuba;6232
BA;29;14307;Iramaia;11038
BA;29;14406;Iraquara;24833
BA;29;14505;Irará;29572
BA;29;14604;Irecê;78781
BA;29;14653;Itabela;29588
BA;29;14703;Itaberaba;68425
BA;29;14802;Itabuna;196344
BA;29;14901;Itacaré;29496
BA;29;15007;Itaeté;13775
BA;29;15106;Itagi;14347
BA;29;15205;Itagibá;15796
BA;29;15304;Itagimirim;6490
BA;29;15353;Itaguaçu da Bahia;12669
BA;29;15403;Itaju do Colônia;6118
BA;29;15502;Itajuípe;19191
BA;29;15601;Itamaraju;61999
BA;29;15700;Itamari;7187
BA;29;15809;Itambé;25088
BA;29;15908;Itanagra;6078
BA;29;16005;Itanhém;18203
BA;29;16104;Itaparica;20353
BA;29;16203;Itapé;10649
BA;29;16302;Itapebi;9464
BA;29;16401;Itapetinga;68724
BA;29;16500;Itapicuru;33284
BA;29;16609;Itapitanga;10640
BA;29;16708;Itaquara;8464
BA;29;16807;Itarantim;17485
BA;29;16856;Itatim;16454
BA;29;16906;Itiruçu;11211
BA;29;17003;Itiúba;35490
BA;29;17102;Itororó;16849
BA;29;17201;Ituaçu;18506
BA;29;17300;Ituberá;22154
BA;29;17334;Iuiu;11559
BA;29;17359;Jaborandi;9600
BA;29;17409;Jacaraci;14910
BA;29;17508;Jacobina;86896
BA;29;17607;Jaguaquara;47624
BA;29;17706;Jaguarari;34528
BA;29;17805;Jaguaripe;18349
BA;29;17904;Jandaíra;9508
BA;29;18001;Jequié;169201
BA;29;18100;Jeremoabo;39539
BA;29;18209;Jiquiriçá;14063
BA;29;18308;Jitaúna;14824
BA;29;18357;João Dourado;25892
BA;29;18407;Juazeiro;256122
BA;29;18456;Jucuruçu;9930
BA;29;18506;Jussara;17007
BA;29;18555;Jussari;6048
BA;29;18605;Jussiape;7567
BA;29;18704;Lafaiete Coutinho;4228
BA;29;18753;Lagoa Real;14550
BA;29;18803;Laje;21705
BA;29;18902;Lajedão;3994
BA;29;19009;Lajedinho;3610
BA;29;19058;Lajedo do Tabocal;7683
BA;29;19108;Lamarão;9303
BA;29;19157;Lapão;27014
BA;29;19207;Lauro de Freitas;219564
BA;29;19306;Lençóis;11194
BA;29;19405;Licínio de Almeida;12202
BA;29;19504;Livramento de Nossa Senhora;46376
BA;29;19553;Luís Eduardo Magalhães;118382
BA;29;19603;Macajuba;10740
BA;29;19702;Macarani;22768
BA;29;19801;Macaúbas;43653
BA;29;19900;Macururé;7435
BA;29;19926;Madre de Deus;19224
BA;29;19959;Maetinga;7218
BA;29;20007;Maiquinique;9009
BA;29;20106;Mairi;18130
BA;29;20205;Malhada;15814
BA;29;20304;Malhada de Pedras;8982
BA;29;20403;Manoel Vitorino;14287
BA;29;20452;Mansidão;14542
BA;29;20502;Maracás;29330
BA;29;20601;Maragogipe;37041
BA;29;20700;Maraú;25804
BA;29;20809;Marcionílio Souza;9475
BA;29;20908;Mascote;13918
BA;29;21005;Mata de São João;44962
BA;29;21054;Matina;10611
BA;29;21104;Medeiros Neto;22801
BA;29;21203;Miguel Calmon;25263
BA;29;21302;Milagres;11436
BA;29;21401;Mirangaba;16167
BA;29;21450;Mirante;10526
BA;29;21500;Monte Santo;49807
BA;29;21609;Morpará;8220
BA;29;21708;Morro do Chapéu;35235
BA;29;21807;Mortugaba;11477
BA;29;21906;Mucugê;12712
BA;29;22003;Mucuri;40114
BA;29;22052;Mulungu do Morro;13648
BA;29;22102;Mundo Novo;17197
BA;29;22201;Muniz Ferreira;7453
BA;29;22250;Muquém do São Francisco;10803
BA;29;22300;Muritiba;30180
BA;29;22409;Mutuípe;20590
BA;29;22508;Nazaré;28427
BA;29;22607;Nilo Peçanha;12399
BA;29;22656;Nordestina;19711
BA;29;22706;Nova Canaã;13970
BA;29;22730;Nova Fátima;8283
BA;29;22755;Nova Ibiá;6696
BA;29;22805;Nova Itarana;8073
BA;29;22854;Nova Redenção;7670
BA;29;22904;Nova Soure;24865
BA;29;23001;Nova Viçosa;41629
BA;29;23035;Novo Horizonte;11586
BA;29;23050;Novo Triunfo;11060
BA;29;23100;Olindina;22956
BA;29;23209;Oliveira dos Brejinhos;21323
BA;29;23308;Ouriçangas;7925
BA;29;23357;Ourolândia;20141
BA;29;23407;Palmas de Monte Alto;20666
BA;29;23506;Palmeiras;10894
BA;29;23605;Paramirim;21025
BA;29;23704;Paratinga;30680
BA;29;23803;Paripiranga;27860
BA;29;23902;Pau Brasil;9537
BA;29;24009;Paulo Afonso;119418
BA;29;24058;Pé de Serra;13677
BA;29;24108;Pedrão;6403
BA;29;24207;Pedro Alexandre;14226
BA;29;24306;Piatã;20938
BA;29;24405;Pilão Arcado;37388
BA;29;24504;Pindaí;15125
BA;29;24603;Pindobaçu;19601
BA;29;24652;Pintadas;10654
BA;29;24678;Piraí do Norte;11481
BA;29;24702;Piripá;9143
BA;29;24801;Piritiba;17697
BA;29;24900;Planaltino;8239
BA;29;25006;Planalto;24026
BA;29;25105;Poções;50773
BA;29;25204;Pojuca;33573
BA;29;25253;Ponto Novo;18763
BA;29;25303;Porto Seguro;182630
BA;29;25402;Potiraguá;10651
BA;29;25501;Prado;37533
BA;29;25600;Presidente Dutra;15677
BA;29;25709;Presidente Jânio Quadros;12963
BA;29;25758;Presidente Tancredo Neves;29489
BA;29;25808;Queimadas;27429
BA;29;25907;Quijingue;26443
BA;29;25931;Quixabeira;9839
BA;29;25956;Rafael Jambeiro;20081
BA;29;26004;Remanso;42855
BA;29;26103;Retirolândia;14174
BA;29;26202;Riachão das Neves;22329
BA;29;26301;Riachão do Jacuípe;35188
BA;29;26400;Riacho de Santana;32060
BA;29;26509;Ribeira do Amparo;14528
BA;29;26608;Ribeira do Pombal;56316
BA;29;26657;Ribeirão do Largo;10029
BA;29;26707;Rio de Contas;13634
BA;29;26806;Rio do Antônio;13495
BA;29;26905;Rio do Pires;10781
BA;29;27002;Rio Real;36966
BA;29;27101;Rodelas;10884
BA;29;27200;Ruy Barbosa;29590
BA;29;27309;Salinas da Margarida;15629
BA;29;27408;Salvador;2564204
BA;29;27507;Santa Bárbara;21787
BA;29;27606;Santa Brígida;15417
BA;29;27705;Santa Cruz Cabrália;31007
BA;29;27804;Santa Cruz da Vitória;4663
BA;29;27903;Santa Inês;10625
BA;29;28000;Santaluz;40066
BA;29;28059;Santa Luzia;14392
BA;29;28109;Santa Maria da Vitória;40474
BA;29;28208;Santana;25521
BA;29;28307;Santanópolis;9035
BA;29;28406;Santa Rita de Cássia;28890
BA;29;28505;Santa Terezinha;10882
BA;29;28604;Santo Amaro;58398
BA;29;28703;Santo Antônio de Jesus;109791
BA;29;28802;Santo Estêvão;55146
BA;29;28901;São Desidério;34982
BA;29;28950;São Domingos;8690
BA;29;29008;São Félix;11102
BA;29;29057;São Félix do Coribe;15780
BA;29;29107;São Felipe;20923
BA;29;29206;São Francisco do Conde;41110
BA;29;29255;São Gabriel;19229
BA;29;29305;São Gonçalo dos Campos;42171
BA;29;29354;São José da Vitória;5432
BA;29;29370;São José do Jacuípe;10576
BA;29;29404;São Miguel das Matas;10615
BA;29;29503;São Sebastião do Passé;42944
BA;29;29602;Sapeaçu;18656
BA;29;29701;Sátiro Dias;16476
BA;29;29750;Saubara;11859
BA;29;29800;Saúde;10661
BA;29;29909;Seabra;48721
BA;29;30006;Sebastião Laranjeiras;9581
BA;29;30105;Senhor do Bonfim;78090
BA;29;30154;Serra do Ramalho;36252
BA;29;30204;Sento Sé;40232
BA;29;30303;Serra Dourada;17574
BA;29;30402;Serra Preta;18754
BA;29;30501;Serrinha;84690
BA;29;30600;Serrolândia;13863
BA;29;30709;Simões Filho;120419
BA;29;30758;Sítio do Mato;13982
BA;29;30766;Sítio do Quinto;14435
BA;29;30774;Sobradinho;27097
BA;29;30808;Souto Soares;17724
BA;29;30907;Tabocas do Brejo Velho;12368
BA;29;31004;Tanhaçu;21787
BA;29;31053;Tanque Novo;17812
BA;29;31103;Tanquinho;7991
BA;29;31202;Taperoá;18556
BA;29;31301;Tapiramutá;16226
BA;29;31350;Teixeira de Freitas;153738
BA;29;31400;Teodoro Sampaio;7280
BA;29;31509;Teofilândia;21825
BA;29;31608;Teolândia;15978
BA;29;31707;Terra Nova;10976
BA;29;31806;Tremedal;16646
BA;29;31905;Tucano;51016
BA;29;32002;Uauá;25449
BA;29;32101;Ubaíra;19142
BA;29;32200;Ubaitaba;17878
BA;29;32309;Ubatã;15839
BA;29;32408;Uibaí;13886
BA;29;32457;Umburanas;13785
BA;29;32507;Una;18254
BA;29;32606;Urandi;15776
BA;29;32705;Uruçuca;22155
BA;29;32804;Utinga;16645
BA;29;32903;Valença;90053
BA;29;33000;Valente;25132
BA;29;33059;Várzea da Roça;14294
BA;29;33109;Várzea do Poço;8334
BA;29;33158;Várzea Nova;13866
BA;29;33174;Varzedo;10328
BA;29;33208;Vera Cruz;45191
BA;29;33257;Vereda;6157
BA;29;33307;Vitória da Conquista;396613
BA;29;33406;Wagner;9866
BA;29;33455;Wanderley;13460
BA;29;33505;Wenceslau Guimarães;25535
BA;29;33604;Xique-Xique;47019
MG;31;00104;Abadia dos Dourados;6345
MG;31;00203;Abaeté;23173
MG;31;00302;Abre Campo;14354
MG;31;00401;Acaiaca;3998
MG;31;00500;Açucena;8926
MG;31;00609;Água Boa;12391
MG;31;00708;Água Comprida;2171
MG;31;00807;Aguanil;4509
MG;31;00906;Águas Formosas;18850
MG;31;01003;Águas Vermelhas;14567
MG;31;01102;Aimorés;26212
MG;31;01201;Aiuruoca;6389
MG;31;01300;Alagoa;2820
MG;31;01409;Albertina;3027
MG;31;01508;Além Paraíba;31159
MG;31;01607;Alfenas;82303
MG;31;01631;Alfredo Vasconcelos;7236
MG;31;01706;Almenara;42019
MG;31;01805;Alpercata;7019
MG;31;01904;Alpinópolis;18673
MG;31;02001;Alterosa;14272
MG;31;02050;Alto Caparaó;6014
MG;31;02100;Alto Rio Doce;10931
MG;31;02209;Alvarenga;3983
MG;31;02308;Alvinópolis;15358
MG;31;02407;Alvorada de Minas;4359
MG;31;02506;Amparo do Serra;4574
MG;31;02605;Andradas;42501
MG;31;02704;Cachoeira de Pajeú;9347
MG;31;02803;Andrelândia;12163
MG;31;02852;Angelândia;7849
MG;31;02902;Antônio Carlos;11350
MG;31;03009;Antônio Dias;9375
MG;31;03108;Antônio Prado de Minas;1552
MG;31;03207;Araçaí;2222
MG;31;03306;Aracitaba;2095
MG;31;03405;Araçuaí;35185
MG;31;03504;Araguari;123432
MG;31;03603;Arantina;2998
MG;31;03702;Araponga;8218
MG;31;03751;Araporã;9069
MG;31;03801;Arapuá;2668
MG;31;03900;Araújos;9634
MG;31;04007;Araxá;118786
MG;31;04106;Arceburgo;9335
MG;31;04205;Arcos;43653
MG;31;04304;Areado;14229
MG;31;04403;Argirita;2715
MG;31;04452;Aricanduva;4820
MG;31;04502;Arinos;17586
MG;31;04601;Astolfo Dutra;14633
MG;31;04700;Ataléia;13936
MG;31;04809;Augusto de Lima;4572
MG;31;04908;Baependi;18782
MG;31;05004;Baldim;7595
MG;31;05103;Bambuí;24203
MG;31;05202;Bandeira;4811
MG;31;05301;Bandeira do Sul;6183
MG;31;05400;Barão de Cocais;32264
MG;31;05509;Barão do Monte Alto;4952
MG;31;05608;Barbacena;129695
MG;31;05707;Barra Longa;5717
MG;31;05905;Barroso;20604
MG;31;06002;Bela Vista de Minas;10427
MG;31;06101;Belmiro Braga;3292
MG;31;06200;Belo Horizonte;2415872
MG;31;06309;Belo Oriente;24546
MG;31;06408;Belo Vale;9012
MG;31;06507;Berilo;9638
MG;31;06606;Bertópolis;4546
MG;31;06655;Berizal;4270
MG;31;06705;Betim;431433
MG;31;06804;Bias Fortes;3367
MG;31;06903;Bicas;14358
MG;31;07000;Biquinhas;2397
MG;31;07109;Boa Esperança;41443
MG;31;07208;Bocaina de Minas;5530
MG;31;07307;Bocaiúva;49797
MG;31;07406;Bom Despacho;54377
MG;31;07505;Bom Jardim de Minas;6988
MG;31;07604;Bom Jesus da Penha;4677
MG;31;07703;Bom Jesus do Amparo;5786
MG;31;07802;Bom Jesus do Galho;14719
MG;31;07901;Bom Repouso;13312
MG;31;08008;Bom Sucesso;17515
MG;31;08107;Bonfim;7710
MG;31;08206;Bonfinópolis de Minas;5600
MG;31;08255;Bonito de Minas;10525
MG;31;08305;Borda da Mata;17837
MG;31;08404;Botelhos;15141
MG;31;08503;Botumirim;5806
MG;31;08552;Brasilândia de Minas;15485
MG;31;08602;Brasília de Minas;33262
MG;31;08701;Brás Pires;4296
MG;31;08800;Braúnas;4445
MG;31;08909;Brazópolis;14491
MG;31;09006;Brumadinho;41090
MG;31;09105;Bueno Brandão;11168
MG;31;09204;Buenópolis;9171
MG;31;09253;Bugre;4159
MG;31;09303;Buritis;24779
MG;31;09402;Buritizeiro;23908
MG;31;09451;Cabeceira Grande;6811
MG;31;09501;Cabo Verde;11269
MG;31;09600;Cachoeira da Prata;3785
MG;31;09709;Cachoeira de Minas;12302
MG;31;09808;Cachoeira Dourada;2337
MG;31;09907;Caetanópolis;11906
MG;31;10004;Caeté;39775
MG;31;10103;Caiana;5484
MG;31;10202;Cajuri;4191
MG;31;10301;Caldas;14628
MG;31;10400;Camacho;2851
MG;31;10509;Camanducaia;27860
MG;31;10608;Cambuí;31066
MG;31;10707;Cambuquira;12551
MG;31;10806;Campanário;2884
MG;31;10905;Campanha;16372
MG;31;11002;Campestre;21155
MG;31;11101;Campina Verde;18188
MG;31;11150;Campo Azul;3806
MG;31;11200;Campo Belo;54027
MG;31;11309;Campo do Meio;11625
MG;31;11408;Campo Florido;8931
MG;31;11507;Campos Altos;13076
MG;31;11606;Campos Gerais;26749
MG;31;11705;Canaã;4839
MG;31;11804;Canápolis;10716
MG;31;11903;Cana Verde;5342
MG;31;12000;Candeias;14211
MG;31;12059;Cantagalo;4029
MG;31;12109;Caparaó;5138
MG;31;12208;Capela Nova;4397
MG;31;12307;Capelinha;41858
MG;31;12406;Capetinga;6627
MG;31;12505;Capim Branco;11210
MG;31;12604;Capinópolis;14872
MG;31;12653;Capitão Andrade;4634
MG;31;12703;Capitão Enéas;14403
MG;31;12802;Capitólio;10991
MG;31;12901;Caputira;9128
MG;31;13008;Caraí;19511
MG;31;13107;Caranaíba;2942
MG;31;13206;Carandaí;24403
MG;31;13305;Carangola;32134
MG;31;13404;Caratinga;90890
MG;31;13503;Carbonita;8603
MG;31;13602;Careaçu;7062
MG;31;13701;Carlos Chagas;18783
MG;31;13800;Carmésia;2693
MG;31;13909;Carmo da Cachoeira;11767
MG;31;14006;Carmo da Mata;11291
MG;31;14105;Carmo de Minas;14125
MG;31;14204;Carmo do Cajuru;24581
MG;31;14303;Carmo do Paranaíba;29885
MG;31;14402;Carmo do Rio Claro;21506
MG;31;14501;Carmópolis de Minas;18561
MG;31;14550;Carneirinho;9633
MG;31;14600;Carrancas;4161
MG;31;14709;Carvalhópolis;3419
MG;31;14808;Carvalhos;4503
MG;31;14907;Casa Grande;2260
MG;31;15003;Cascalho Rico;2751
MG;31;15102;Cássia;17491
MG;31;15201;Conceição da Barra de Minas;3576
MG;31;15300;Cataguases;67732
MG;31;15359;Catas Altas;5706
MG;31;15409;Catas Altas da Noruega;3124
MG;31;15458;Catuji;7248
MG;31;15474;Catuti;4788
MG;31;15508;Caxambu;21412
MG;31;15607;Cedro do Abaeté;1084
MG;31;15706;Central de Minas;6213
MG;31;15805;Centralina;10447
MG;31;15904;Chácara;3194
MG;31;16001;Chalé;6289
MG;31;16100;Chapada do Norte;9763
MG;31;16159;Chapada Gaúcha;12904
MG;31;16209;Chiador;2868
MG;31;16308;Cipotânea;5549
MG;31;16407;Claraval;4786
MG;31;16506;Claro dos Poções;7230
MG;31;16605;Cláudio;31936
MG;31;16704;Coimbra;7293
MG;31;16803;Coluna;8206
MG;31;16902;Comendador Gomes;2804
MG;31;17009;Comercinho;6540
MG;31;17108;Conceição da Aparecida;10705
MG;31;17207;Conceição das Pedras;2840
MG;31;17306;Conceição das Alagoas;30278
MG;31;17405;Conceição de Ipanema;4503
MG;31;17504;Conceição do Mato Dentro;24559
MG;31;17603;Conceição do Pará;5584
MG;31;17702;Conceição do Rio Verde;12765
MG;31;17801;Conceição dos Ouros;11218
MG;31;17836;Cônego Marinho;7433
MG;31;17876;Confins;7758
MG;31;17900;Congonhal;11444
MG;31;18007;Congonhas;55272
MG;31;18106;Congonhas do Norte;4924
MG;31;18205;Conquista;6878
MG;31;18304;Conselheiro Lafaiete;138946
MG;31;18403;Conselheiro Pena;21052
MG;31;18502;Consolação;1569
MG;31;18601;Contagem;651718
MG;31;18700;Coqueiral;9188
MG;31;18809;Coração de Jesus;26138
MG;31;18908;Cordisburgo;7535
MG;31;19005;Cordislândia;3236
MG;31;19104;Corinto;23988
MG;31;19203;Coroaci;11240
MG;31;19302;Coromandel;30114
MG;31;19401;Coronel Fabriciano;108708
MG;31;19500;Coronel Murta;8237
MG;31;19609;Coronel Pacheco;2789
MG;31;19708;Coronel Xavier Chaves;3599
MG;31;19807;Córrego Danta;2956
MG;31;19906;Córrego do Bom Jesus;4462
MG;31;19955;Córrego Fundo;6333
MG;31;20003;Córrego Novo;2900
MG;31;20102;Couto de Magalhães de Minas;4351
MG;31;20151;Crisólita;5256
MG;31;20201;Cristais;12634
MG;31;20300;Cristália;5133
MG;31;20409;Cristiano Otoni;4719
MG;31;20508;Cristina;10643
MG;31;20607;Crucilândia;5674
MG;31;20706;Cruzeiro da Fortaleza;3616
MG;31;20805;Cruzília;15831
MG;31;20839;Cuparaque;3958
MG;31;20870;Curral de Dentro;7662
MG;31;20904;Curvelo;84297
MG;31;21001;Datas;5635
MG;31;21100;Delfim Moreira;8133
MG;31;21209;Delfinópolis;8851
MG;31;21258;Delta;11143
MG;31;21308;Descoberto;5070
MG;31;21407;Desterro de Entre Rios;7941
MG;31;21506;Desterro do Melo;3060
MG;31;21605;Diamantina;49493
MG;31;21704;Diogo de Vasconcelos;3581
MG;31;21803;Dionísio;6689
MG;31;21902;Divinésia;4481
MG;31;22009;Divino;21428
MG;31;22108;Divino das Laranjeiras;4147
MG;31;22207;Divinolândia de Minas;6583
MG;31;22306;Divinópolis;243583
MG;31;22355;Divisa Alegre;6541
MG;31;22405;Divisa Nova;6002
MG;31;22454;Divisópolis;10659
MG;31;22470;Dom Bosco;3763
MG;31;22504;Dom Cavati;4967
MG;31;22603;Dom Joaquim;5074
MG;31;22702;Dom Silvério;5355
MG;31;22801;Dom Viçoso;3184
MG;31;22900;Dona Euzébia;6250
MG;31;23007;Dores de Campos;10359
MG;31;23106;Dores de Guanhães;5114
MG;31;23205;Dores do Indaiá;12730
MG;31;23304;Dores do Turvo;5192
MG;31;23403;Doresópolis;1498
MG;31;23502;Douradoquara;1869
MG;31;23528;Durandé;8065
MG;31;23601;Elói Mendes;27429
MG;31;23700;Engenheiro Caldas;14501
MG;31;23809;Engenheiro Navarro;6373
MG;31;23858;Entre Folhas;5295
MG;31;23908;Entre Rios de Minas;15157
MG;31;24005;Ervália;21091
MG;31;24104;Esmeraldas;93103
MG;31;24203;Espera Feliz;24844
MG;31;24302;Espinosa;31375
MG;31;24401;Espírito Santo do Dourado;7132
MG;31;24500;Estiva;11880
MG;31;24609;Estrela Dalva;2189
MG;31;24708;Estrela do Indaiá;2711
MG;31;24807;Estrela do Sul;6897
MG;31;24906;Eugenópolis;11096
MG;31;25002;Ewbank da Câmara;3986
MG;31;25101;Extrema;59336
MG;31;25200;Fama;2676
MG;31;25309;Faria Lemos;3230
MG;31;25408;Felício dos Santos;5251
MG;31;25507;São Gonçalo do Rio Preto;3099
MG;31;25606;Felisburgo;6575
MG;31;25705;Felixlândia;14280
MG;31;25804;Fernandes Tourinho;2814
MG;31;25903;Ferros;9603
MG;31;25952;Fervedouro;10705
MG;31;26000;Florestal;8469
MG;31;26109;Formiga;70897
MG;31;26208;Formoso;8095
MG;31;26307;Fortaleza de Minas;3453
MG;31;26406;Fortuna de Minas;3230
MG;31;26505;Francisco Badaró;7053
MG;31;26604;Francisco Dumont;4547
MG;31;26703;Francisco Sá;23753
MG;31;26752;Franciscópolis;5023
MG;31;26802;Frei Gaspar;5731
MG;31;26901;Frei Inocêncio;8301
MG;31;26950;Frei Lagonegro;3481
MG;31;27008;Fronteira;14946
MG;31;27057;Fronteira dos Vales;4389
MG;31;27073;Fruta de Leite;4538
MG;31;27107;Frutal;61275
MG;31;27206;Funilândia;4934
MG;31;27305;Galiléia;6244
MG;31;27339;Gameleiras;4847
MG;31;27354;Glaucilândia;2991
MG;31;27370;Goiabeira;2859
MG;31;27388;Goianá;4214
MG;31;27404;Gonçalves;4922
MG;31;27503;Gonzaga;5235
MG;31;27602;Gouveia;11536
MG;31;27701;Governador Valadares;266561
MG;31;27800;Grão Mogol;14037
MG;31;27909;Grupiara;1428
MG;31;28006;Guanhães;33517
MG;31;28105;Guapé;14076
MG;31;28204;Guaraciaba;9901
MG;31;28253;Guaraciama;5224
MG;31;28303;Guaranésia;19646
MG;31;28402;Guarani;7731
MG;31;28501;Guarará;3091
MG;31;28600;Guarda-Mor;6687
MG;31;28709;Guaxupé;52744
MG;31;28808;Guidoval;7285
MG;31;28907;Guimarânia;8880
MG;31;29004;Guiricema;7803
MG;31;29103;Gurinhatã;5154
MG;31;29202;Heliodora;6278
MG;31;29301;Iapu;12583
MG;31;29400;Ibertioga;5346
MG;31;29509;Ibiá;22554
MG;31;29608;Ibiaí;6172
MG;31;29657;Ibiracatu;5113
MG;31;29707;Ibiraci;10996
MG;31;29806;Ibirité;179582
MG;31;29905;Ibitiúra de Minas;3440
MG;31;30002;Ibituruna;2733
MG;31;30051;Icaraí de Minas;10914
MG;31;30101;Igarapé;49120
MG;31;30200;Igaratinga;11345
MG;31;30309;Iguatama;6782
MG;31;30408;Ijaci;7358
MG;31;30507;Ilicínea;13248
MG;31;30556;Imbé de Minas;7244
MG;31;30606;Inconfidentes;7537
MG;31;30655;Indaiabira;6328
MG;31;30705;Indianópolis;6311
MG;31;30804;Ingaí;2632
MG;31;30903;Inhapim;22925
MG;31;31000;Inhaúma;6465
MG;31;31109;Inimutaba;7615
MG;31;31158;Ipaba;17587
MG;31;31208;Ipanema;20181
MG;31;31307;Ipatinga;235311
MG;31;31406;Ipiaçu;3807
MG;31;31505;Ipuiúna;9283
MG;31;31604;Iraí de Minas;7467
MG;31;31703;Itabira;118053
MG;31;31802;Itabirinha;10548
MG;31;31901;Itabirito;56369
MG;31;32008;Itacambira;4227
MG;31;32107;Itacarambi;17502
MG;31;32206;Itaguara;14415
MG;31;32305;Itaipé;10482
MG;31;32404;Itajubá;96855
MG;31;32503;Itamarandiba;34210
MG;31;32602;Itamarati de Minas;3710
MG;31;32701;Itambacuri;21210
MG;31;32800;Itambé do Mato Dentro;2168
MG;31;32909;Itamogi;11092
MG;31;33006;Itamonte;15245
MG;31;33105;Itanhandu;15751
MG;31;33204;Itanhomi;11264
MG;31;33303;Itaobim;19263
MG;31;33402;Itapagipe;14014
MG;31;33501;Itapecerica;21456
MG;31;33600;Itapeva;13561
MG;31;33709;Itatiaiuçu;13779
MG;31;33758;Itaú de Minas;14634
MG;31;33808;Itaúna;103272
MG;31;33907;Itaverava;5747
MG;31;34004;Itinga;13954
MG;31;34103;Itueta;6234
MG;31;34202;Ituiutaba;106775
MG;31;34301;Itumirim;6876
MG;31;34400;Iturama;40259
MG;31;34509;Itutinga;4366
MG;31;34608;Jaboticatubas;21407
MG;31;34707;Jacinto;11115
MG;31;34806;Jacuí;7668
MG;31;34905;Jacutinga;26888
MG;31;35001;Jaguaraçu;3181
MG;31;35050;Jaíba;39639
MG;31;35076;Jampruca;4266
MG;31;35100;Janaúba;73555
MG;31;35209;Januária;67123
MG;31;35308;Japaraíba;4706
MG;31;35357;Japonvar;8385
MG;31;35407;Jeceaba;6476
MG;31;35456;Jenipapo de Minas;6072
MG;31;35506;Jequeri;12636
MG;31;35605;Jequitaí;6379
MG;31;35704;Jequitibá;6142
MG;31;35803;Jequitinhonha;24516
MG;31;35902;Jesuânia;5320
MG;31;36009;Joaíma;14035
MG;31;36108;Joanésia;4246
MG;31;36207;João Monlevade;83791
MG;31;36306;João Pinheiro;48725
MG;31;36405;Joaquim Felício;3868
MG;31;36504;Jordânia;10541
MG;31;36520;José Gonçalves de Minas;3963
MG;31;36553;José Raydan;4349
MG;31;36579;Josenópolis;3557
MG;31;36603;Nova União;6107
MG;31;36652;Juatuba;33249
MG;31;36702;Juiz de Fora;567730
MG;31;36801;Juramento;3798
MG;31;36900;Juruaia;11652
MG;31;36959;Juvenília;5937
MG;31;37007;Ladainha;14263
MG;31;37106;Lagamar;6622
MG;31;37205;Lagoa da Prata;53927
MG;31;37304;Lagoa dos Patos;3237
MG;31;37403;Lagoa Dourada;13152
MG;31;37502;Lagoa Formosa;19614
MG;31;37536;Lagoa Grande;9235
MG;31;37601;Lagoa Santa;81299
MG;31;37700;Lajinha;21502
MG;31;37809;Lambari;21010
MG;31;37908;Lamim;3213
MG;31;38005;Laranjal;6018
MG;31;38104;Lassance;7398
MG;31;38203;Lavras;110682
MG;31;38302;Leandro Ferreira;3272
MG;31;38351;Leme do Prado;4364
MG;31;38401;Leopoldina;52739
MG;31;38500;Liberdade;4744
MG;31;38609;Lima Duarte;17782
MG;31;38625;Limeira do Oeste;9191
MG;31;38658;Lontra;8963
MG;31;38674;Luisburgo;7239
MG;31;38682;Luislândia;6323
MG;31;38708;Luminárias;5744
MG;31;38807;Luz;18336
MG;31;38906;Machacalis;6556
MG;31;39003;Machado;38809
MG;31;39102;Madre de Deus de Minas;5360
MG;31;39201;Malacacheta;17691
MG;31;39250;Mamonas;6082
MG;31;39300;Manga;19148
MG;31;39409;Manhuaçu;97328
MG;31;39508;Manhumirim;20939
MG;31;39607;Mantena;27350
MG;31;39706;Maravilhas;7532
MG;31;39805;Mar de Espanha;13180
MG;31;39904;Maria da Fé;14567
MG;31;40001;Mariana;64506
MG;31;40100;Marilac;4323
MG;31;40159;Mário Campos;16705
MG;31;40209;Maripá de Minas;3567
MG;31;40308;Marliéria;4796
MG;31;40407;Marmelópolis;3314
MG;31;40506;Martinho Campos;14546
MG;31;40530;Martins Soares;8797
MG;31;40555;Mata Verde;9532
MG;31;40605;Materlândia;3949
MG;31;40704;Mateus Leme;40814
MG;31;40803;Matias Barbosa;14547
MG;31;40852;Matias Cardoso;8922
MG;31;40902;Matipó;19115
MG;31;41009;Mato Verde;12210
MG;31;41108;Matozinhos;39529
MG;31;41207;Matutina;3912
MG;31;41306;Medeiros;4068
MG;31;41405;Medina;20455
MG;31;41504;Mendes Pimentel;5614
MG;31;41603;Mercês;10615
MG;31;41702;Mesquita;4984
MG;31;41801;Minas Novas;23843
MG;31;41900;Minduri;3811
MG;31;42007;Mirabela;14071
MG;31;42106;Miradouro;8961
MG;31;42205;Miraí;13921
MG;31;42254;Miravânia;3982
MG;31;42304;Moeda;5314
MG;31;42403;Moema;7812
MG;31;42502;Monjolos;2187
MG;31;42601;Monsenhor Paulo;8565
MG;31;42700;Montalvânia;14068
MG;31;42809;Monte Alegre de Minas;20708
MG;31;42908;Monte Azul;20497
MG;31;43005;Monte Belo;13347
MG;31;43104;Monte Carmelo;49500
MG;31;43153;Monte Formoso;4437
MG;31;43203;Monte Santo de Minas;21294
MG;31;43302;Montes Claros;437601
MG;31;43401;Monte Sião;25107
MG;31;43450;Montezuma;6951
MG;31;43500;Morada Nova de Minas;9414
MG;31;43609;Morro da Garça;2426
MG;31;43708;Morro do Pilar;3161
MG;31;43807;Munhoz;7930
MG;31;43906;Muriaé;108447
MG;31;44003;Mutum;28749
MG;31;44102;Muzambinho;22620
MG;31;44201;Nacip Raydan;2400
MG;31;44300;Nanuque;35263
MG;31;44359;Naque;6443
MG;31;44375;Natalândia;3642
MG;31;44409;Natércia;4805
MG;31;44508;Nazareno;8407
MG;31;44607;Nepomuceno;25757
MG;31;44656;Ninheira;10965
MG;31;44672;Nova Belém;3126
MG;31;44706;Nova Era;17813
MG;31;44805;Nova Lima;120959
MG;31;44904;Nova Módica;3726
MG;31;45000;Nova Ponte;15220
MG;31;45059;Nova Porteirinha;6746
MG;31;45109;Nova Resende;16919
MG;31;45208;Nova Serrana;114791
MG;31;45307;Novo Cruzeiro;27268
MG;31;45356;Novo Oriente de Minas;10503
MG;31;45372;Novorizonte;4612
MG;31;45406;Olaria;1986
MG;31;45455;Olhos-d'Água;5530
MG;31;45505;Olímpio Noronha;2618
MG;31;45604;Oliveira;40576
MG;31;45703;Oliveira Fortes;2058
MG;31;45802;Onça de Pitangui;3024
MG;31;45851;Oratórios;5102
MG;31;45877;Orizânia;8828
MG;31;45901;Ouro Branco;40638
MG;31;46008;Ouro Fino;33285
MG;31;46107;Ouro Preto;77914
MG;31;46206;Ouro Verde de Minas;5847
MG;31;46255;Padre Carvalho;5045
MG;31;46305;Padre Paraíso;17463
MG;31;46404;Paineiras;4253
MG;31;46503;Pains;8353
MG;31;46552;Pai Pedro;5616
MG;31;46602;Paiva;1495
MG;31;46701;Palma;5699
MG;31;46750;Palmópolis;6342
MG;31;46909;Papagaios;14202
MG;31;47006;Paracatu;99005
MG;31;47105;Pará de Minas;102844
MG;31;47204;Paraguaçu;22452
MG;31;47303;Paraisópolis;21076
MG;31;47402;Paraopeba;24899
MG;31;47501;Passabém;1609
MG;31;47600;Passa Quatro;15847
MG;31;47709;Passa Tempo;8716
MG;31;47808;Passa Vinte;2311
MG;31;47907;Passos;116951
MG;31;47956;Patis;4825
MG;31;48004;Patos de Minas;169173
MG;31;48103;Patrocínio;94357
MG;31;48202;Patrocínio do Muriaé;5754
MG;31;48301;Paula Cândido;8757
MG;31;48400;Paulistas;4402
MG;31;48509;Pavão;8143
MG;31;48608;Peçanha;17863
MG;31;48707;Pedra Azul;25045
MG;31;48756;Pedra Bonita;7599
MG;31;48806;Pedra do Anta;3366
MG;31;48905;Pedra do Indaiá;4247
MG;31;49002;Pedra Dourada;2916
MG;31;49101;Pedralva;10891
MG;31;49150;Pedras de Maria da Cruz;10601
MG;31;49200;Pedrinópolis;3398
MG;31;49309;Pedro Leopoldo;65174
MG;31;49408;Pedro Teixeira;1857
MG;31;49507;Pequeri;3461
MG;31;49606;Pequi;4265
MG;31;49705;Perdigão;13118
MG;31;49804;Perdizes;17992
MG;31;49903;Perdões;22075
MG;31;49952;Periquito;6624
MG;31;50000;Pescador;3559
MG;31;50109;Piau;2854
MG;31;50158;Piedade de Caratinga;8966
MG;31;50208;Piedade de Ponte Nova;4054
MG;31;50307;Piedade do Rio Grande;4694
MG;31;50406;Piedade dos Gerais;5199
MG;31;50505;Pimenta;8817
MG;31;50539;Pingo-d'Água;4864
MG;31;50570;Pintópolis;7228
MG;31;50604;Piracema;6905
MG;31;50703;Pirajuba;5814
MG;31;50802;Piranga;17358
MG;31;50901;Piranguçu;6320
MG;31;51008;Piranguinho;9518
MG;31;51107;Pirapetinga;11454
MG;31;51206;Pirapora;57713
MG;31;51305;Piraúba;12006
MG;31;51404;Pitangui;27834
MG;31;51503;Piumhi;38007
MG;31;51602;Planura;11533
MG;31;51701;Poço Fundo;16824
MG;31;51800;Poços de Caldas;172339
MG;31;51909;Pocrane;8438
MG;31;52006;Pompéu;32441
MG;31;52105;Ponte Nova;59638
MG;31;52131;Ponto Chique;3797
MG;31;52170;Ponto dos Volantes;11059
MG;31;52204;Porteirinha;38692
MG;31;52303;Porto Firme;10840
MG;31;52402;Poté;13649
MG;31;52501;Pouso Alegre;162133
MG;31;52600;Pouso Alto;6779
MG;31;52709;Prados;9369
MG;31;52808;Prata;29745
MG;31;52907;Pratápolis;8534
MG;31;53004;Pratinha;3691
MG;31;53103;Presidente Bernardes;4847
MG;31;53202;Presidente Juscelino;3471
MG;31;53301;Presidente Kubitschek;3162
MG;31;53400;Presidente Olegário;19192
MG;31;53509;Alto Jequitibá;8606
MG;31;53608;Prudente de Morais;12052
MG;31;53707;Quartel Geral;3232
MG;31;53806;Queluzito;1796
MG;31;53905;Raposos;16796
MG;31;54002;Raul Soares;23874
MG;31;54101;Recreio;11383
MG;31;54150;Reduto;8246
MG;31;54200;Resende Costa;11544
MG;31;54309;Resplendor;17629
MG;31;54408;Ressaquinha;4640
MG;31;54457;Riachinho;6830
MG;31;54507;Riacho dos Machados;8858
MG;31;54606;Ribeirão das Neves;346971
MG;31;54705;Ribeirão Vermelho;4217
MG;31;54804;Rio Acima;10698
MG;31;54903;Rio Casca;12851
MG;31;55009;Rio Doce;2545
MG;31;55108;Rio do Prado;4649
MG;31;55207;Rio Espera;5447
MG;31;55306;Rio Manso;5746
MG;31;55405;Rio Novo;8683
MG;31;55504;Rio Paranaíba;15297
MG;31;55603;Rio Pardo de Minas;29103
MG;31;55702;Rio Piracicaba;15036
MG;31;55801;Rio Pomba;17885
MG;31;55900;Rio Preto;5235
MG;31;56007;Rio Vermelho;12770
MG;31;56106;Ritápolis;5122
MG;31;56205;Rochedo de Minas;2374
MG;31;56304;Rodeiro;9168
MG;31;56403;Romaria;3430
MG;31;56452;Rosário da Limeira;4926
MG;31;56502;Rubelita;5460
MG;31;56601;Rubim;10602
MG;31;56700;Sabará;134576
MG;31;56809;Sabinópolis;14309
MG;31;56908;Sacramento;28076
MG;31;57005;Salinas;41736
MG;31;57104;Salto da Divisa;6126
MG;31;57203;Santa Bárbara;31916
MG;31;57252;Santa Bárbara do Leste;8785
MG;31;57278;Santa Bárbara do Monte Verde;3218
MG;31;57302;Santa Bárbara do Tugúrio;4245
MG;31;57336;Santa Cruz de Minas;8339
MG;31;57377;Santa Cruz de Salinas;3919
MG;31;57401;Santa Cruz do Escalvado;4728
MG;31;57500;Santa Efigênia de Minas;4038
MG;31;57609;Santa Fé de Minas;3528
MG;31;57658;Santa Helena de Minas;6056
MG;31;57708;Santa Juliana;16820
MG;31;57807;Santa Luzia;230382
MG;31;57906;Santa Margarida;16989
MG;31;58003;Santa Maria de Itabira;10718
MG;31;58102;Santa Maria do Salto;4777
MG;31;58201;Santa Maria do Suaçuí;12817
MG;31;58300;Santana da Vargem;6756
MG;31;58409;Santana de Cataguases;3548
MG;31;58508;Santana de Pirapama;7030
MG;31;58607;Santana do Deserto;3815
MG;31;58706;Santana do Garambéu;2171
MG;31;58805;Santana do Jacaré;4246
MG;31;58904;Santana do Manhuaçu;9264
MG;31;58953;Santana do Paraíso;49025
MG;31;59001;Santana do Riacho;5654
MG;31;59100;Santana dos Montes;3490
MG;31;59209;Santa Rita de Caldas;8561
MG;31;59308;Santa Rita de Jacutinga;4826
MG;31;59357;Santa Rita de Minas;6969
MG;31;59407;Santa Rita de Ibitipoca;3331
MG;31;59506;Santa Rita do Itueto;5984
MG;31;59605;Santa Rita do Sapucaí;42517
MG;31;59704;Santa Rosa da Serra;3487
MG;31;59803;Santa Vitória;21914
MG;31;59902;Santo Antônio do Amparo;17657
MG;31;60009;Santo Antônio do Aventureiro;3896
MG;31;60108;Santo Antônio do Grama;4352
MG;31;60207;Santo Antônio do Itambé;3969
MG;31;60306;Santo Antônio do Jacinto;10324
MG;31;60405;Santo Antônio do Monte;28456
MG;31;60454;Santo Antônio do Retiro;6729
MG;31;60504;Santo Antônio do Rio Abaixo;1856
MG;31;60603;Santo Hipólito;2692
MG;31;60702;Santos Dumont;43218
MG;31;60801;São Bento Abade;4846
MG;31;60900;São Brás do Suaçuí;4161
MG;31;60959;São Domingos das Dores;5793
MG;31;61007;São Domingos do Prata;17783
MG;31;61056;São Félix de Minas;3244
MG;31;61106;São Francisco;54223
MG;31;61205;São Francisco de Paula;6281
MG;31;61304;São Francisco de Sales;5858
MG;31;61403;São Francisco do Glória;4848
MG;31;61502;São Geraldo;10524
MG;31;61601;São Geraldo da Piedade;3200
MG;31;61650;São Geraldo do Baixio;3158
MG;31;61700;São Gonçalo do Abaeté;7515
MG;31;61809;São Gonçalo do Pará;12275
MG;31;61908;São Gonçalo do Rio Abaixo;12475
MG;31;62005;São Gonçalo do Sapucaí;24497
MG;31;62104;São Gotardo;43851
MG;31;62203;São João Batista do Glória;7959
MG;31;62252;São João da Lagoa;4962
MG;31;62302;São João da Mata;3012
MG;31;62401;São João da Ponte;24197
MG;31;62450;São João das Missões;13547
MG;31;62500;São João del Rei;94468
MG;31;62559;São João do Manhuaçu;11676
MG;31;62575;São João do Manteninha;5479
MG;31;62609;São João do Oriente;7099
MG;31;62658;São João do Pacuí;4050
MG;31;62708;São João do Paraíso;24706
MG;31;62807;São João Evangelista;15613
MG;31;62906;São João Nepomuceno;26529
MG;31;62922;São Joaquim de Bicas;37017
MG;31;62948;São José da Barra;8145
MG;31;62955;São José da Lapa;28087
MG;31;63003;São José da Safira;3849
MG;31;63102;São José da Varginha;4698
MG;31;63201;São José do Alegre;4252
MG;31;63300;São José do Divino;3482
MG;31;63409;São José do Goiabal;5482
MG;31;63508;São José do Jacuri;6282
MG;31;63607;São José do Mantimento;2844
MG;31;63706;São Lourenço;46868
MG;31;63805;São Miguel do Anta;6410
MG;31;63904;São Pedro da União;4973
MG;31;64001;São Pedro dos Ferros;7132
MG;31;64100;São Pedro do Suaçuí;5143
MG;31;64209;São Romão;10562
MG;31;64308;São Roque de Minas;7370
MG;31;64407;São Sebastião da Bela Vista;6778
MG;31;64431;São Sebastião da Vargem Alegre;3239
MG;31;64472;São Sebastião do Anta;6415
MG;31;64506;São Sebastião do Maranhão;10218
MG;31;64605;São Sebastião do Oeste;9527
MG;31;64704;São Sebastião do Paraíso;75179
MG;31;64803;São Sebastião do Rio Preto;1229
MG;31;64902;São Sebastião do Rio Verde;2385
MG;31;65008;São Tiago;11559
MG;31;65107;São Tomás de Aquino;6837
MG;31;65206;São Tomé das Letras;7107
MG;31;65305;São Vicente de Minas;6928
MG;31;65404;Sapucaí-Mirim;6469
MG;31;65503;Sardoá;5140
MG;31;65537;Sarzedo;39974
MG;31;65552;Setubinha;9985
MG;31;65560;Sem-Peixe;2420
MG;31;65578;Senador Amaral;6517
MG;31;65602;Senador Cortes;2335
MG;31;65701;Senador Firmino;7977
MG;31;65800;Senador José Bento;2149
MG;31;65909;Senador Modestino Gonçalves;4006
MG;31;66006;Senhora de Oliveira;5577
MG;31;66105;Senhora do Porto;3066
MG;31;66204;Senhora dos Remédios;10657
MG;31;66303;Sericita;7552
MG;31;66402;Seritinga;1866
MG;31;66501;Serra Azul de Minas;3808
MG;31;66600;Serra da Saudade;856
MG;31;66709;Serra dos Aimorés;6859
MG;31;66808;Serra do Salitre;12286
MG;31;66907;Serrania;7811
MG;31;66956;Serranópolis de Minas;4497
MG;31;67004;Serranos;2036
MG;31;67103;Serro;22624
MG;31;67202;Sete Lagoas;238909
MG;31;67301;Silveirânia;2399
MG;31;67400;Silvianópolis;6348
MG;31;67509;Simão Pereira;3084
MG;31;67608;Simonésia;20431
MG;31;67707;Sobrália;5140
MG;31;67806;Soledade de Minas;5733
MG;31;67905;Tabuleiro;4097
MG;31;68002;Taiobeiras;34537
MG;31;68051;Taparuba;3508
MG;31;68101;Tapira;4215
MG;31;68200;Tapiraí;1698
MG;31;68309;Taquaraçu de Minas;4394
MG;31;68408;Tarumirim;15104
MG;31;68507;Teixeiras;12691
MG;31;68606;Teófilo Otoni;142851
MG;31;68705;Timóteo;84172
MG;31;68804;Tiradentes;8056
MG;31;68903;Tiros;8231
MG;31;69000;Tocantins;16603
MG;31;69059;Tocos do Moji;3894
MG;31;69109;Toledo;7625
MG;31;69208;Tombos;8653
MG;31;69307;Três Corações;78291
MG;31;69356;Três Marias;29985
MG;31;69406;Três Pontas;57209
MG;31;69505;Tumiritinga;5955
MG;31;69604;Tupaciguara;26583
MG;31;69703;Turmalina;20769
MG;31;69802;Turvolândia;5097
MG;31;69901;Ubá;107423
MG;31;70008;Ubaí;11985
MG;31;70057;Ubaporanga;13485
MG;31;70107;Uberaba;356781
MG;31;70206;Uberlândia;761835
MG;31;70305;Umburatiba;2742
MG;31;70404;Unaí;91320
MG;31;70438;União de Minas;3818
MG;31;70479;Uruana de Minas;3365
MG;31;70503;Urucânia;10899
MG;31;70529;Urucuia;18515
MG;31;70578;Vargem Alegre;5800
MG;31;70602;Vargem Bonita;2207
MG;31;70651;Vargem Grande do Rio Pardo;4724
MG;31;70701;Varginha;143676
MG;31;70750;Varjão de Minas;7305
MG;31;70800;Várzea da Palma;34555
MG;31;70909;Varzelândia;19210
MG;31;71006;Vazante;20459
MG;31;71030;Verdelândia;7737
MG;31;71071;Veredinha;5240
MG;31;71105;Veríssimo;3478
MG;31;71154;Vermelho Novo;5048
MG;31;71204;Vespasiano;138583
MG;31;71303;Viçosa;79517
MG;31;71402;Vieiras;3781
MG;31;71501;Mathias Lobato;3053
MG;31;71600;Virgem da Lapa;11774
MG;31;71709;Virgínia;9164
MG;31;71808;Virginópolis;10511
MG;31;71907;Virgolândia;4471
MG;31;72004;Visconde do Rio Branco;40711
MG;31;72103;Volta Grande;4441
MG;31;72202;Wenceslau Braz;2377
ES;32;00102;Afonso Cláudio;32456
ES;32;00136;Águia Branca;10143
ES;32;00169;Água Doce do Norte;12585
ES;32;00201;Alegre;30702
ES;32;00300;Alfredo Chaves;14376
ES;32;00359;Alto Rio Novo;7760
ES;32;00409;Anchieta;33017
ES;32;00508;Apiacá;7462
ES;32;00607;Aracruz;103363
ES;32;00706;Atílio Vivácqua;11046
ES;32;00805;Baixo Guandu;32829
ES;32;00904;Barra de São Francisco;45415
ES;32;01001;Boa Esperança;14054
ES;32;01100;Bom Jesus do Norte;10820
ES;32;01159;Brejetuba;13718
ES;32;01209;Cachoeiro de Itapemirim;198342
ES;32;01308;Cariacica;376200
ES;32;01407;Castelo;39575
ES;32;01506;Colatina;129301
ES;32;01605;Conceição da Barra;28923
ES;32;01704;Conceição do Castelo;12472
ES;32;01803;Divino de São Lourenço;5397
ES;32;01902;Domingos Martins;38236
ES;32;02009;Dores do Rio Preto;6902
ES;32;02108;Ecoporanga;22611
ES;32;02207;Fundão;18898
ES;32;02256;Governador Lindenberg;11484
ES;32;02306;Guaçuí;31418
ES;32;02405;Guarapari;136311
ES;32;02454;Ibatiba;27543
ES;32;02504;Ibiraçu;12304
ES;32;02553;Ibitirama;10015
ES;32;02603;Iconha;12790
ES;32;02652;Irupi;14647
ES;32;02702;Itaguaçu;14042
ES;32;02801;Itapemirim;44020
ES;32;02900;Itarana;10975
ES;32;03007;Iúna;30556
ES;32;03056;Jaguaré;31551
ES;32;03106;Jerônimo Monteiro;12108
ES;32;03130;João Neiva;14295
ES;32;03163;Laranja da Terra;11597
ES;32;03205;Linhares;183797
ES;32;03304;Mantenópolis;13131
ES;32;03320;Marataízes;45953
ES;32;03346;Marechal Floriano;18964
ES;32;03353;Marilândia;13087
ES;32;03403;Mimoso do Sul;25088
ES;32;03502;Montanha;19830
ES;32;03601;Mucurici;5653
ES;32;03700;Muniz Freire;18809
ES;32;03809;Muqui;14185
ES;32;03908;Nova Venécia;52324
ES;32;04005;Pancas;19120
ES;32;04054;Pedro Canário;21923
ES;32;04104;Pinheiros;24843
ES;32;04203;Piúma;23912
ES;32;04252;Ponto Belo;6671
ES;32;04302;Presidente Kennedy;14852
ES;32;04351;Rio Bananal;20350
ES;32;04401;Rio Novo do Sul;11471
ES;32;04500;Santa Leopoldina;13813
ES;32;04559;Santa Maria de Jetibá;45575
ES;32;04609;Santa Teresa;23872
ES;32;04658;São Domingos do Norte;9051
ES;32;04708;São Gabriel da Palha;34272
ES;32;04807;São José do Calçado;11411
ES;32;04906;São Mateus;134423
ES;32;04955;São Roque do Canaã;11256
ES;32;05002;Serra;579720
ES;32;05010;Sooretama;28668
ES;32;05036;Vargem Alta;20390
ES;32;05069;Venda Nova do Imigrante;25395
ES;32;05101;Viana;79043
ES;32;05150;Vila Pavão;9319
ES;32;05176;Vila Valério;14267
ES;32;05200;Vila Velha;506779
ES;32;05309;Vitória;343378
RJ;33;00100;Angra dos Reis;179142
RJ;33;00159;Aperibé;11426
RJ;33;00209;Araruama;137906
RJ;33;00225;Areal;12239
RJ;33;00233;Armação dos Búzios;42527
RJ;33;00258;Arraial do Cabo;32822
RJ;33;00308;Barra do Piraí;98506
RJ;33;00407;Barra Mansa;181679
RJ;33;00456;Belford Roxo;518384
RJ;33;00506;Bom Jardim;29758
RJ;33;00605;Bom Jesus do Itabapoana;37176
RJ;33;00704;Cabo Frio;238438
RJ;33;00803;Cachoeiras de Macacu;59861
RJ;33;00902;Cambuci;15069
RJ;33;00936;Carapebus;14329
RJ;33;00951;Comendador Levy Gasparian;9048
RJ;33;01009;Campos dos Goytacazes;519259
RJ;33;01108;Cantagalo;19995
RJ;33;01157;Cardoso Moreira;13407
RJ;33;01207;Carmo;17741
RJ;33;01306;Casimiro de Abreu;48636
RJ;33;01405;Conceição de Macabu;21770
RJ;33;01504;Cordeiro;21448
RJ;33;01603;Duas Barras;11355
RJ;33;01702;Duque de Caxias;866225
RJ;33;01801;Engenheiro Paulo de Frontin;12644
RJ;33;01850;Guapimirim;54311
RJ;33;01876;Iguaba Grande;29616
RJ;33;01900;Itaboraí;240127
RJ;33;02007;Itaguaí;124021
RJ;33;02056;Italva;14518
RJ;33;02106;Itaocara;23645
RJ;33;02205;Itaperuna;107297
RJ;33;02254;Itatiaia;32713
RJ;33;02270;Japeri;102171
RJ;33;02304;Laje do Muriaé;7584
RJ;33;02403;Macaé;264439
RJ;33;02452;Macuco;5602
RJ;33;02502;Magé;244142
RJ;33;02601;Mangaratiba;43660
RJ;33;02700;Maricá;212470
RJ;33;02809;Mendes;18048
RJ;33;02858;Mesquita;178830
RJ;33;02908;Miguel Pereira;28142
RJ;33;03005;Miracema;28416
RJ;33;03104;Natividade;15551
RJ;33;03203;Nilópolis;155500
RJ;33;03302;Niterói;516787
RJ;33;03401;Nova Friburgo;203417
RJ;33;03500;Nova Iguaçu;843220
RJ;33;03609;Paracambi;43627
RJ;33;03708;Paraíba do Sul;44479
RJ;33;03807;Paraty;47668
RJ;33;03856;Paty do Alferes;31370
RJ;33;03906;Petrópolis;294926
RJ;33;03955;Pinheiral;25096
RJ;33;04003;Piraí;29066
RJ;33;04102;Porciúncula;17832
RJ;33;04110;Porto Real;21089
RJ;33;04128;Quatis;14165
RJ;33;04144;Queimados;149135
RJ;33;04151;Quissamã;23142
RJ;33;04201;Resende;137697
RJ;33;04300;Rio Bonito;59126
RJ;33;04409;Rio Claro;17951
RJ;33;04508;Rio das Flores;9267
RJ;33;04524;Rio das Ostras;168455
RJ;33;04557;Rio de Janeiro;6730729
RJ;33;04607;Santa Maria Madalena;10580
RJ;33;04706;Santo Antônio de Pádua;43697
RJ;33;04755;São Francisco de Itabapoana;47397
RJ;33;04805;São Fidélis;41212
RJ;33;04904;São Gonçalo;960196
RJ;33;05000;São João da Barra;38740
RJ;33;05109;São João de Meriti;466503
RJ;33;05133;São José de Ubá;7318
RJ;33;05158;São José do Vale do Rio Preto;22813
RJ;33;05208;São Pedro da Aldeia;110677
RJ;33;05307;São Sebastião do Alto;7993
RJ;33;05406;Sapucaia;18291
RJ;33;05505;Saquarema;95315
RJ;33;05554;Seropédica;84794
RJ;33;05604;Silva Jardim;22028
RJ;33;05703;Sumidouro;15693
RJ;33;05752;Tanguá;32865
RJ;33;05802;Teresópolis;176735
RJ;33;05901;Trajano de Moraes;10654
RJ;33;06008;Três Rios;82319
RJ;33;06107;Valença;71449
RJ;33;06156;Varre-Sai;10563
RJ;33;06206;Vassouras;35907
RJ;33;06305;Volta Redonda;279971
SP;35;00105;Adamantina;35673
SP;35;00204;Adolfo;4505
SP;35;00303;Aguaí;32886
SP;35;00402;Águas da Prata;7463
SP;35;00501;Águas de Lindóia;18257
SP;35;00550;Águas de Santa Bárbara;7460
SP;35;00600;Águas de São Pedro;2928
SP;35;00709;Agudos;38988
SP;35;00758;Alambari;6373
SP;35;00808;Alfredo Marcondes;4574
SP;35;00907;Altair;3467
SP;35;01004;Altinópolis;17197
SP;35;01103;Alto Alegre;3874
SP;35;01152;Alumínio;17607
SP;35;01202;Álvares Florence;3979
SP;35;01301;Álvares Machado;28386
SP;35;01400;Álvaro de Carvalho;4901
SP;35;01509;Alvinlândia;2919
SP;35;01608;Americana;247571
SP;35;01707;Américo Brasiliense;33708
SP;35;01806;Américo de Campos;5981
SP;35;01905;Amparo;69792
SP;35;02002;Analândia;4694
SP;35;02101;Andradina;61625
SP;35;02200;Angatuba;24573
SP;35;02309;Anhembi;5766
SP;35;02408;Anhumas;4118
SP;35;02507;Aparecida;33141
SP;35;02606;Aparecida d'Oeste;4112
SP;35;02705;Apiaí;24857
SP;35;02754;Araçariguama;22314
SP;35;02804;Araçatuba;208415
SP;35;02903;Araçoiaba da Serra;33832
SP;35;03000;Aramina;5535
SP;35;03109;Arandu;7076
SP;35;03158;Arapeí;2355
SP;35;03208;Araraquara;253474
SP;35;03307;Araras;135744
SP;35;03356;Arco-Íris;2089
SP;35;03406;Arealva;8290
SP;35;03505;Areias;3617
SP;35;03604;Areiópolis;10242
SP;35;03703;Ariranha;7621
SP;35;03802;Artur Nogueira;53467
SP;35;03901;Arujá;90273
SP;35;03950;Aspásia;1875
SP;35;04008;Assis;104858
SP;35;04107;Atibaia;167161
SP;35;04206;Auriflama;13856
SP;35;04305;Avaí;4503
SP;35;04404;Avanhandava;11436
SP;35;04503;Avaré;96450
SP;35;04602;Bady Bassitt;29346
SP;35;04701;Balbinos;3969
SP;35;04800;Bálsamo;9902
SP;35;04909;Bananal;10097
SP;35;05005;Barão de Antonina;3632
SP;35;05104;Barbosa;5627
SP;35;05203;Bariri;32406
SP;35;05302;Barra Bonita;35129
SP;35;05351;Barra do Chapéu;5254
SP;35;05401;Barra do Turvo;6894
SP;35;05500;Barretos;126957
SP;35;05609;Barrinha;33304
SP;35;05708;Barueri;333737
SP;35;05807;Bastos;21936
SP;35;05906;Batatais;59939
SP;35;06003;Bauru;392947
SP;35;06102;Bebedouro;78257
SP;35;06201;Bento de Abreu;2640
SP;35;06300;Bernardino de Campos;11881
SP;35;06359;Bertioga;67436
SP;35;06409;Bilac;7464
SP;35;06508;Birigui;123340
SP;35;06607;Biritiba Mirim;30564
SP;35;06706;Boa Esperança do Sul;13113
SP;35;06805;Bocaina;11480
SP;35;06904;Bofete;10710
SP;35;07001;Boituva;63850
SP;35;07100;Bom Jesus dos Perdões;22579
SP;35;07159;Bom Sucesso de Itararé;3609
SP;35;07209;Borá;932
SP;35;07308;Boracéia;4838
SP;35;07407;Borborema;14405
SP;35;07456;Borebi;2801
SP;35;07506;Botucatu;151053
SP;35;07605;Bragança Paulista;185688
SP;35;07704;Braúna;5477
SP;35;07753;Brejo Alegre;2605
SP;35;07803;Brodowski;26314
SP;35;07902;Brotas;24501
SP;35;08009;Buri;20731
SP;35;08108;Buritama;17658
SP;35;08207;Buritizal;4458
SP;35;08306;Cabrália Paulista;4360
SP;35;08405;Cabreúva;48654
SP;35;08504;Caçapava;100071
SP;35;08603;Cachoeira Paulista;32534
SP;35;08702;Caconde;17228
SP;35;08801;Cafelândia;16907
SP;35;08900;Caiabu;3726
SP;35;09007;Caieiras;98549
SP;35;09106;Caiuá;5599
SP;35;09205;Cajamar;98365
SP;35;09254;Cajati;29262
SP;35;09304;Cajobi;9210
SP;35;09403;Cajuru;24233
SP;35;09452;Campina do Monte Alegre;6090
SP;35;09502;Campinas;1187974
SP;35;09601;Campo Limpo Paulista;79781
SP;35;09700;Campos do Jordão;47956
SP;35;09809;Campos Novos Paulista;5003
SP;35;09908;Cananéia;12491
SP;35;09957;Canas;5068
SP;35;10005;Cândido Mota;30157
SP;35;10104;Cândido Rodrigues;2959
SP;35;10153;Canitar;6589
SP;35;10203;Capão Bonito;47409
SP;35;10302;Capela do Alto;23777
SP;35;10401;Capivari;51369
SP;35;10500;Caraguatatuba;142248
SP;35;10609;Carapicuíba;398236
SP;35;10708;Cardoso;11476
SP;35;10807;Casa Branca;28779
SP;35;10906;Cássia dos Coqueiros;2861
SP;35;11003;Castilho;20485
SP;35;11102;Catanduva;119275
SP;35;11201;Catiguá;7101
SP;35;11300;Cedral;13314
SP;35;11409;Cerqueira César;22210
SP;35;11508;Cerquilho;46391
SP;35;11607;Cesário Lange;19707
SP;35;11706;Charqueada;15814
SP;35;11904;Clementina;7084
SP;35;12001;Colina;18880
SP;35;12100;Colômbia;6802
SP;35;12209;Conchal;29132
SP;35;12308;Conchas;15345
SP;35;12407;Cordeirópolis;25286
SP;35;12506;Coroados;5504
SP;35;12605;Coronel Macedo;4271
SP;35;12704;Corumbataí;4296
SP;35;12803;Cosmópolis;61167
SP;35;12902;Cosmorama;9019
SP;35;13009;Cotia;289493
SP;35;13108;Cravinhos;34307
SP;35;13207;Cristais Paulista;9600
SP;35;13306;Cruzália;2123
SP;35;13405;Cruzeiro;76444
SP;35;13504;Cubatão;114870
SP;35;13603;Cunha;22460
SP;35;13702;Descalvado;32663
SP;35;13801;Diadema;403579
SP;35;13850;Dirce Reis;1639
SP;35;13900;Divinolândia;11305
SP;35;14007;Dobrada;8986
SP;35;14106;Dois Córregos;24847
SP;35;14205;Dolcinópolis;2254
SP;35;14304;Dourado;8169
SP;35;14403;Dracena;46735
SP;35;14502;Duartina;12532
SP;35;14601;Dumont;9764
SP;35;14700;Echaporã;6291
SP;35;14809;Eldorado;13109
SP;35;14908;Elias Fausto;18168
SP;35;14924;Elisiário;3190
SP;35;14957;Embaúba;2349
SP;35;15004;Embu das Artes;259788
SP;35;15103;Embu-Guaçu;68913
SP;35;15129;Emilianópolis;3061
SP;35;15152;Engenheiro Coelho;20261
SP;35;15186;Espírito Santo do Pinhal;40610
SP;35;15194;Espírito Santo do Turvo;4214
SP;35;15202;Estrela d'Oeste;9696
SP;35;15301;Estrela do Norte;2751
SP;35;15350;Euclides da Cunha Paulista;7883
SP;35;15400;Fartura;17029
SP;35;15509;Fernandópolis;73508
SP;35;15608;Fernando Prestes;6080
SP;35;15657;Fernão;1692
SP;35;15707;Ferraz de Vasconcelos;186479
SP;35;15806;Flora Rica;1483
SP;35;15905;Floreal;2747
SP;35;16002;Flórida Paulista;13175
SP;35;16101;Florínea;4022
SP;35;16200;Franca;365494
SP;35;16309;Francisco Morato;171476
SP;35;16408;Franco da Rocha;150241
SP;35;16507;Gabriel Monteiro;2813
SP;35;16606;Gália;6413
SP;35;16705;Garça;43081
SP;35;16804;Gastão Vidigal;3203
SP;35;16853;Gavião Peixoto;4806
SP;35;16903;General Salgado;10437
SP;35;17000;Getulina;10337
SP;35;17109;Glicério;4158
SP;35;17208;Guaiçara;11478
SP;35;17307;Guaimbê;5609
SP;35;17406;Guaíra;40489
SP;35;17505;Guapiaçu;22445
SP;35;17604;Guapiara;17225
SP;35;17703;Guará;18748
SP;35;17802;Guaraçaí;7453
SP;35;17901;Guaraci;10554
SP;35;18008;Guarani d'Oeste;1999
SP;35;18107;Guarantã;6532
SP;35;18206;Guararapes;31888
SP;35;18305;Guararema;32620
SP;35;18404;Guaratinguetá;121916
SP;35;18503;Guareí;15285
SP;35;18602;Guariba;38678
SP;35;18701;Guarujá;294871
SP;35;18800;Guarulhos;1349100
SP;35;18859;Guatapará;7474
SP;35;18909;Guzolândia;4259
SP;35;19006;Herculândia;9316
SP;35;19055;Holambra;15718
SP;35;19071;Hortolândia;248842
SP;35;19105;Iacanga;10648
SP;35;19204;Iacri;6197
SP;35;19253;Iaras;8313
SP;35;19303;Ibaté;33160
SP;35;19402;Ibirá;11952
SP;35;19501;Ibirarema;6450
SP;35;19600;Ibitinga;62143
SP;35;19709;Ibiúna;77801
SP;35;19808;Icém;7982
SP;35;19907;Iepê;7739
SP;35;20004;Igaraçu do Tietê;23421
SP;35;20103;Igarapava;26696
SP;35;20202;Igaratá;10984
SP;35;20301;Iguape;29891
SP;35;20400;Ilhabela;36559
SP;35;20426;Ilha Comprida;14104
SP;35;20442;Ilha Solteira;26257
SP;35;20509;Indaiatuba;269657
SP;35;20608;Indiana;5200
SP;35;20707;Indiaporã;4113
SP;35;20806;Inúbia Paulista;3671
SP;35;20905;Ipaussu;13935
SP;35;21002;Iperó;38277
SP;35;21101;Ipeúna;7027
SP;35;21150;Ipiguá;7115
SP;35;21200;Iporanga;4083
SP;35;21309;Ipuã;14701
SP;35;21408;Iracemápolis;22500
SP;35;21507;Irapuã;6932
SP;35;21606;Irapuru;7120
SP;35;21705;Itaberá;18263
SP;35;21804;Itaí;25979
SP;35;21903;Itajobi;17502
SP;35;22000;Itaju;3715
SP;35;22109;Itanhaém;118495
SP;35;22158;Itaoca;3497
SP;35;22208;Itapecerica da Serra;163003
SP;35;22307;Itapetininga;164256
SP;35;22406;Itapeva;92393
SP;35;22505;Itapevi;242995
SP;35;22604;Itapira;74038
SP;35;22653;Itapirapuã Paulista;4420
SP;35;22703;Itápolis;40445
SP;35;22802;Itaporanga;14245
SP;35;22901;Itapuí;14035
SP;35;23008;Itapura;4002
SP;35;23107;Itaquaquecetuba;382983
SP;35;23206;Itararé;45213
SP;35;23305;Itariri;15916
SP;35;23404;Itatiba;127112
SP;35;23503;Itatinga;19462
SP;35;23602;Itirapina;16454
SP;35;23701;Itirapuã;5857
SP;35;23800;Itobi;8227
SP;35;23909;Itu;175047
SP;35;24006;Itupeva;74994
SP;35;24105;Ituverava;38413
SP;35;24204;Jaborandi;6280
SP;35;24303;Jaboticabal;73473
SP;35;24402;Jacareí;250952
SP;35;24501;Jaci;7944
SP;35;24600;Jacupiranga;16216
SP;35;24709;Jaguariúna;62309
SP;35;24808;Jales;50078
SP;35;24907;Jambeiro;6611
SP;35;25003;Jandira;121550
SP;35;25102;Jardinópolis;47125
SP;35;25201;Jarinu;40007
SP;35;25300;Jaú;137409
SP;35;25409;Jeriquara;4000
SP;35;25508;Joanópolis;13131
SP;35;25607;João Ramalho;4464
SP;35;25706;José Bonifácio;37992
SP;35;25805;Júlio Mesquita;4302
SP;35;25854;Jumirim;3132
SP;35;25904;Jundiaí;463039
SP;35;26001;Junqueirópolis;20939
SP;35;26100;Juquiá;17184
SP;35;26209;Juquitiba;27969
SP;35;26308;Lagoinha;5183
SP;35;26407;Laranjal Paulista;27044
SP;35;26506;Lavínia;9940
SP;35;26605;Lavrinhas;7348
SP;35;26704;Leme;101537
SP;35;26803;Lençóis Paulista;68568
SP;35;26902;Limeira;301292
SP;35;27009;Lindóia;7158
SP;35;27108;Lins;76844
SP;35;27207;Lorena;87468
SP;35;27256;Lourdes;1962
SP;35;27306;Louveira;54865
SP;35;27405;Lucélia;20378
SP;35;27504;Lucianópolis;2423
SP;35;27603;Luís Antônio;12564
SP;35;27702;Luiziânia;4740
SP;35;27801;Lupércio;4004
SP;35;27900;Lutécia;2697
SP;35;28007;Macatuba;17140
SP;35;28106;Macaubal;7581
SP;35;28205;Macedônia;4058
SP;35;28304;Magda;3211
SP;35;28403;Mairinque;51888
SP;35;28502;Mairiporã;97835
SP;35;28601;Manduri;10122
SP;35;28700;Marabá Paulista;4619
SP;35;28809;Maracaí;12804
SP;35;28858;Marapoama;3415
SP;35;28908;Mariápolis;3526
SP;35;29005;Marília;247348
SP;35;29104;Marinópolis;1862
SP;35;29203;Martinópolis;25240
SP;35;29302;Matão;81075
SP;35;29401;Mauá;429014
SP;35;29500;Mendonça;6420
SP;35;29609;Meridiano;4721
SP;35;29658;Mesópolis;1990
SP;35;29708;Miguelópolis;19621
SP;35;29807;Mineiros do Tietê;11322
SP;35;29906;Miracatu;18610
SP;35;30003;Mira Estrela;3209
SP;35;30102;Mirandópolis;28754
SP;35;30201;Mirante do Paranapanema;16031
SP;35;30300;Mirassol;65811
SP;35;30409;Mirassolândia;4783
SP;35;30508;Mococa;69372
SP;35;30607;Mogi das Cruzes;470302
SP;35;30706;Mogi Guaçu;160318
SP;35;30805;Mogi Mirim;95742
SP;35;30904;Mombuca;3830
SP;35;31001;Monções;1947
SP;35;31100;Mongaguá;64845
SP;35;31209;Monte Alegre do Sul;8923
SP;35;31308;Monte Alto;48758
SP;35;31407;Monte Aprazível;22668
SP;35;31506;Monte Azul Paulista;18337
SP;35;31605;Monte Castelo;4306
SP;35;31704;Monteiro Lobato;4205
SP;35;31803;Monte Mor;67832
SP;35;31902;Morro Agudo;28521
SP;35;32009;Morungaba;14147
SP;35;32058;Motuca;4071
SP;35;32108;Murutinga do Sul;3748
SP;35;32157;Nantes;2697
SP;35;32207;Narandiba;5956
SP;35;32306;Natividade da Serra;7155
SP;35;32405;Nazaré Paulista;18675
SP;35;32504;Neves Paulista;9953
SP;35;32603;Nhandeara;9915
SP;35;32702;Nipoã;4876
SP;35;32801;Nova Aliança;6885
SP;35;32827;Nova Campina;8630
SP;35;32843;Nova Canaã Paulista;2055
SP;35;32868;Nova Castilho;1072
SP;35;32900;Nova Europa;9459
SP;35;33007;Nova Granada;19733
SP;35;33106;Nova Guataporanga;2188
SP;35;33205;Nova Independência;4847
SP;35;33254;Novais;4463
SP;35;33304;Nova Luzitânia;2817
SP;35;33403;Nova Odessa;64596
SP;35;33502;Novo Horizonte;39494
SP;35;33601;Nuporanga;7570
SP;35;33700;Ocauçu;4418
SP;35;33809;Óleo;2535
SP;35;33908;Olímpia;56874
SP;35;34005;Onda Verde;4942
SP;35;34104;Oriente;6180
SP;35;34203;Orindiúva;6157
SP;35;34302;Orlândia;39144
SP;35;34401;Osasco;759524
SP;35;34500;Oscar Bressane;2502
SP;35;34609;Osvaldo Cruz;32112
SP;35;34708;Ourinhos;106911
SP;35;34757;Ouroeste;10660
SP;35;34807;Ouro Verde;7900
SP;35;34906;Pacaembu;15273
SP;35;35002;Palestina;11704
SP;35;35101;Palmares Paulista;9666
SP;35;35200;Palmeira d'Oeste;8971
SP;35;35309;Palmital;19714
SP;35;35408;Panorama;15227
SP;35;35507;Paraguaçu Paulista;42049
SP;35;35606;Paraibuna;17959
SP;35;35705;Paraíso;6218
SP;35;35804;Paranapanema;19853
SP;35;35903;Paranapuã;4118
SP;35;36000;Parapuã;10720
SP;35;36109;Pardinho;7435
SP;35;36208;Pariquera-Açu;19603
SP;35;36257;Parisi;3030
SP;35;36307;Patrocínio Paulista;14888
SP;35;36406;Paulicéia;8255
SP;35;36505;Paulínia;116674
SP;35;36570;Paulistânia;2156
SP;35;36604;Paulo de Faria;7390
SP;35;36703;Pederneiras;46337
SP;35;36802;Pedra Bela;6745
SP;35;36901;Pedranópolis;2856
SP;35;37008;Pedregulho;15737
SP;35;37107;Pedreira;44385
SP;35;37156;Pedrinhas Paulista;2833
SP;35;37206;Pedro de Toledo;11617
SP;35;37305;Penápolis;63426
SP;35;37404;Pereira Barreto;24360
SP;35;37503;Pereiras;9013
SP;35;37602;Peruíbe;70629
SP;35;37701;Piacatu;5631
SP;35;37800;Piedade;54266
SP;35;37909;Pilar do Sul;28459
SP;35;38006;Pindamonhangaba;172681
SP;35;38105;Pindorama;14704
SP;35;38204;Pinhalzinho;15676
SP;35;38303;Piquerobi;3287
SP;35;38501;Piquete;12516
SP;35;38600;Piracaia;26795
SP;35;38709;Piracicaba;440835
SP;35;38808;Piraju;30294
SP;35;38907;Pirajuí;22734
SP;35;39004;Pirangi;11085
SP;35;39103;Pirapora do Bom Jesus;18925
SP;35;39202;Pirapozinho;26097
SP;35;39301;Pirassununga;75594
SP;35;39400;Piratininga;15657
SP;35;39509;Pitangueiras;34361
SP;35;39608;Planalto;4451
SP;35;39707;Platina;3055
SP;35;39806;Poá;106355
SP;35;39905;Poloni;5702
SP;35;40002;Pompéia;20520
SP;35;40101;Pongaí;3440
SP;35;40200;Pontal;38286
SP;35;40259;Pontalinda;4198
SP;35;40309;Pontes Gestal;2411
SP;35;40408;Populina;4182
SP;35;40507;Porangaba;10850
SP;35;40606;Porto Feliz;58605
SP;35;40705;Porto Ferreira;53966
SP;35;40754;Potim;20801
SP;35;40804;Potirendaba;19097
SP;35;40853;Pracinha;2589
SP;35;40903;Pradópolis;17299
SP;35;41000;Praia Grande;368539
SP;35;41059;Pratânia;5264
SP;35;41109;Presidente Alves;3830
SP;35;41208;Presidente Bernardes;14803
SP;35;41307;Presidente Epitácio;40322
SP;35;41406;Presidente Prudente;234706
SP;35;41505;Presidente Venceslau;35810
SP;35;41604;Promissão;35973
SP;35;41653;Quadra;3477
SP;35;41703;Quatá;13412
SP;35;41802;Queiroz;3366
SP;35;41901;Queluz;9074
SP;35;42008;Quintana;7260
SP;35;42107;Rafard;9145
SP;35;42206;Rancharia;29387
SP;35;42305;Redenção da Serra;4637
SP;35;42404;Regente Feijó;20620
SP;35;42503;Reginópolis;7820
SP;35;42602;Registro;61927
SP;35;42701;Restinga;6486
SP;35;42800;Ribeira;3158
SP;35;42909;Ribeirão Bonito;11040
SP;35;43006;Ribeirão Branco;18942
SP;35;43105;Ribeirão Corrente;4717
SP;35;43204;Ribeirão do Sul;4776
SP;35;43238;Ribeirão dos Índios;2040
SP;35;43253;Ribeirão Grande;7571
SP;35;43303;Ribeirão Pires;118954
SP;35;43402;Ribeirão Preto;731639
SP;35;43501;Riversul;5628
SP;35;43600;Rifaina;4179
SP;35;43709;Rincão;9101
SP;35;43808;Rinópolis;9334
SP;35;43907;Rio Claro;210323
SP;35;44004;Rio das Pedras;32329
SP;35;44103;Rio Grande da Serra;45324
SP;35;44202;Riolândia;10444
SP;35;44251;Rosana;17434
SP;35;44301;Roseira;11137
SP;35;44400;Rubiácea;2740
SP;35;44509;Rubinéia;3998
SP;35;44608;Sabino;5182
SP;35;44707;Sagres;2522
SP;35;44806;Sales;6645
SP;35;44905;Sales Oliveira;11683
SP;35;45001;Salesópolis;15381
SP;35;45100;Salmourão;4883
SP;35;45159;Saltinho;8407
SP;35;45209;Salto;141111
SP;35;45308;Salto de Pirapora;45262
SP;35;45407;Salto Grande;9221
SP;35;45506;Sandovalina;3697
SP;35;45605;Santa Adélia;14193
SP;35;45704;Santa Albertina;6566
SP;35;45803;Santa Bárbara d'Oeste;189456
SP;35;46009;Santa Branca;14219
SP;35;46108;Santa Clara d'Oeste;2694
SP;35;46207;Santa Cruz da Conceição;4375
SP;35;46256;Santa Cruz da Esperança;2168
SP;35;46306;Santa Cruz das Palmeiras;29489
SP;35;46405;Santa Cruz do Rio Pardo;47759
SP;35;46504;Santa Ernestina;6274
SP;35;46603;Santa Fé do Sul;36288
SP;35;46702;Santa Gertrudes;23192
SP;35;46801;Santa Isabel;54691
SP;35;46900;Santa Lúcia;7144
SP;35;47007;Santa Maria da Serra;5308
SP;35;47106;Santa Mercedes;3017
SP;35;47205;Santana da Ponte Pensa;1699
SP;35;47304;Santana de Parnaíba;163787
SP;35;47403;Santa Rita d'Oeste;2796
SP;35;47502;Santa Rita do Passa Quatro;24996
SP;35;47601;Santa Rosa de Viterbo;23710
SP;35;47650;Santa Salete;1692
SP;35;47700;Santo Anastácio;17960
SP;35;47809;Santo André;782048
SP;35;47908;Santo Antônio da Alegria;6933
SP;35;48005;Santo Antônio de Posse;23867
SP;35;48054;Santo Antônio do Aracanguá;8593
SP;35;48104;Santo Antônio do Jardim;6243
SP;35;48203;Santo Antônio do Pinhal;7314
SP;35;48302;Santo Expedito;3069
SP;35;48401;Santópolis do Aguapeí;3921
SP;35;48500;Santos;429547
SP;35;48609;São Bento do Sapucaí;11989
SP;35;48708;São Bernardo do Campo;841154
SP;35;48807;São Caetano do Sul;172693
SP;35;48906;São Carlos;266427
SP;35;49003;São Francisco;2623
SP;35;49102;São João da Boa Vista;96080
SP;35;49201;São João das Duas Pontes;2623
SP;35;49250;São João de Iracema;1882
SP;35;49300;São João do Pau d'Alho;2293
SP;35;49409;São Joaquim da Barra;49885
SP;35;49508;São José da Bela Vista;7664
SP;35;49607;São José do Barreiro;3888
SP;35;49706;São José do Rio Pardo;53427
SP;35;49805;São José do Rio Preto;504166
SP;35;49904;São José dos Campos;727078
SP;35;49953;São Lourenço da Serra;16479
SP;35;50001;São Luiz do Paraitinga;10487
SP;35;50100;São Manuel;38131
SP;35;50209;São Miguel Arcanjo;32924
SP;35;50308;São Paulo;11904961
SP;35;50407;São Pedro;39855
SP;35;50506;São Pedro do Turvo;7333
SP;35;50605;São Roque;81366
SP;35;50704;São Sebastião;84280
SP;35;50803;São Sebastião da Grama;10428
SP;35;50902;São Simão;13560
SP;35;51009;São Vicente;338326
SP;35;51108;Sarapuí;10677
SP;35;51207;Sarutaiá;3772
SP;35;51306;Sebastianópolis do Sul;3191
SP;35;51405;Serra Azul;13108
SP;35;51504;Serrana;45580
SP;35;51603;Serra Negra;31047
SP;35;51702;Sertãozinho;132176
SP;35;51801;Sete Barras;12903
SP;35;51900;Severínia;14693
SP;35;52007;Silveiras;6329
SP;35;52106;Socorro;41527
SP;35;52205;Sorocaba;762172
SP;35;52304;Sud Mennucci;7464
SP;35;52403;Sumaré;291116
SP;35;52502;Suzano;320261
SP;35;52551;Suzanápolis;3465
SP;35;52601;Tabapuã;11498
SP;35;52700;Tabatinga;14997
SP;35;52809;Taboão da Serra;285307
SP;35;52908;Taciba;6418
SP;35;53005;Taguaí;13068
SP;35;53104;Taiaçu;5744
SP;35;53203;Taiúva;6770
SP;35;53302;Tambaú;21650
SP;35;53401;Tanabi;26071
SP;35;53500;Tapiraí;8122
SP;35;53609;Tapiratiba;11903
SP;35;53658;Taquaral;2649
SP;35;53708;Taquaritinga;53264
SP;35;53807;Taquarituba;24932
SP;35;53856;Taquarivaí;7170
SP;35;53906;Tarabai;6633
SP;35;53955;Tarumã;15315
SP;35;54003;Tatuí;129130
SP;35;54102;Taubaté;322397
SP;35;54201;Tejupá;4119
SP;35;54300;Teodoro Sampaio;22598
SP;35;54409;Terra Roxa;7965
SP;35;54508;Tietê;38723
SP;35;54607;Timburi;2484
SP;35;54656;Torre de Pedra;2056
SP;35;54706;Torrinha;9484
SP;35;54755;Trabiju;1724
SP;35;54805;Tremembé;53426
SP;35;54904;Três Fronteiras;7060
SP;35;54953;Tuiuti;6976
SP;35;55000;Tupã;65433
SP;35;55109;Tupi Paulista;16259
SP;35;55208;Turiúba;1835
SP;35;55307;Turmalina;1662
SP;35;55356;Ubarana;5458
SP;35;55406;Ubatuba;97096
SP;35;55505;Ubirajara;5289
SP;35;55604;Uchoa;10670
SP;35;55703;União Paulista;1628
SP;35;55802;Urânia;8973
SP;35;55901;Uru;1424
SP;35;56008;Urupês;14073
SP;35;56107;Valentim Gentil;14634
SP;35;56206;Valinhos;132258
SP;35;56305;Valparaíso;24779
SP;35;56354;Vargem;10863
SP;35;56404;Vargem Grande do Sul;41256
SP;35;56453;Vargem Grande Paulista;52352
SP;35;56503;Várzea Paulista;119655
SP;35;56602;Vera Cruz;10274
SP;35;56701;Vinhedo;79089
SP;35;56800;Viradouro;17685
SP;35;56909;Vista Alegre do Alto;8368
SP;35;56958;Vitória Brasil;1828
SP;35;57006;Votorantim;133510
SP;35;57105;Votuporanga;100568
SP;35;57154;Zacarias;2773
SP;35;57204;Chavantes;12415
SP;35;57303;Estiva Gerbi;11609
PR;41;00103;Abatiá;7233
PR;41;00202;Adrianópolis;6319
PR;41;00301;Agudos do Sul;10770
PR;41;00400;Almirante Tamandaré;125861
PR;41;00459;Altamira do Paraná;3496
PR;41;00509;Altônia;18634
PR;41;00608;Alto Paraná;14183
PR;41;00707;Alto Piquiri;9771
PR;41;00806;Alvorada do Sul;10481
PR;41;00905;Amaporã;4688
PR;41;01002;Ampére;20337
PR;41;01051;Anahy;2971
PR;41;01101;Andirá;19989
PR;41;01150;Ângulo;3357
PR;41;01200;Antonina;18140
PR;41;01309;Antônio Olinto;7048
PR;41;01408;Apucarana;134910
PR;41;01507;Arapongas;124838
PR;41;01606;Arapoti;26325
PR;41;01655;Arapuã;3573
PR;41;01705;Araruna;14894
PR;41;01804;Araucária;162247
PR;41;01853;Ariranha do Ivaí;2351
PR;41;01903;Assaí;13477
PR;41;02000;Assis Chateaubriand;38357
PR;41;02109;Astorga;26203
PR;41;02208;Atalaia;4046
PR;41;02307;Balsa Nova;13867
PR;41;02406;Bandeirantes;31747
PR;41;02505;Barbosa Ferraz;10580
PR;41;02604;Barracão;9903
PR;41;02703;Barra do Jacaré;2872
PR;41;02752;Bela Vista da Caroba;4122
PR;41;02802;Bela Vista do Paraíso;14982
PR;41;02901;Bituruna;15650
PR;41;03008;Boa Esperança;4595
PR;41;03024;Boa Esperança do Iguaçu;2421
PR;41;03040;Boa Ventura de São Roque;6241
PR;41;03057;Boa Vista da Aparecida;8023
PR;41;03107;Bocaiúva do Sul;13405
PR;41;03156;Bom Jesus do Sul;4072
PR;41;03206;Bom Sucesso;6674
PR;41;03222;Bom Sucesso do Sul;3244
PR;41;03305;Borrazópolis;7818
PR;41;03354;Braganey;4745
PR;41;03370;Brasilândia do Sul;3861
PR;41;03404;Cafeara;2648
PR;41;03453;Cafelândia;20145
PR;41;03479;Cafezal do Sul;4580
PR;41;03503;Califórnia;8963
PR;41;03602;Cambará;23393
PR;41;03701;Cambé;110923
PR;41;03800;Cambira;10045
PR;41;03909;Campina da Lagoa;16014
PR;41;03958;Campina do Simão;3954
PR;41;04006;Campina Grande do Sul;50600
PR;41;04055;Campo Bonito;3997
PR;41;04105;Campo do Tenente;7693
PR;41;04204;Campo Largo;144504
PR;41;04253;Campo Magro;31888
PR;41;04303;Campo Mourão;104122
PR;41;04402;Cândido de Abreu;15081
PR;41;04428;Candói;15174
PR;41;04451;Cantagalo;10672
PR;41;04501;Capanema;21088
PR;41;04600;Capitão Leônidas Marques;14776
PR;41;04659;Carambeí;24469
PR;41;04709;Carlópolis;17788
PR;41;04808;Cascavel;368195
PR;41;04907;Castro;75644
PR;41;05003;Catanduvas;10621
PR;41;05102;Centenário do Sul;10903
PR;41;05201;Cerro Azul;16287
PR;41;05300;Céu Azul;11255
PR;41;05409;Chopinzinho;21604
PR;41;05508;Cianorte;82988
PR;41;05607;Cidade Gaúcha;11705
PR;41;05706;Clevelândia;14833
PR;41;05805;Colombo;241672
PR;41;05904;Colorado;23313
PR;41;06001;Congonhinhas;8445
PR;41;06100;Conselheiro Mairinck;3474
PR;41;06209;Contenda;20006
PR;41;06308;Corbélia;17933
PR;41;06407;Cornélio Procópio;45720
PR;41;06456;Coronel Domingos Soares;5427
PR;41;06506;Coronel Vivida;24010
PR;41;06555;Corumbataí do Sul;3770
PR;41;06571;Cruzeiro do Iguaçu;4129
PR;41;06605;Cruzeiro do Oeste;24859
PR;41;06704;Cruzeiro do Sul;4543
PR;41;06803;Cruz Machado;15759
PR;41;06852;Cruzmaltina;2870
PR;41;06902;Curitiba;1830795
PR;41;07009;Curiúva;13784
PR;41;07108;Diamante do Norte;5139
PR;41;07124;Diamante do Sul;3147
PR;41;07157;Diamante D'Oeste;4513
PR;41;07207;Dois Vizinhos;47589
PR;41;07256;Douradina;9631
PR;41;07306;Doutor Camargo;6517
PR;41;07405;Enéas Marques;6146
PR;41;07504;Engenheiro Beltrão;12347
PR;41;07520;Esperança Nova;1852
PR;41;07538;Entre Rios do Oeste;4770
PR;41;07546;Espigão Alto do Iguaçu;4880
PR;41;07553;Farol;2994
PR;41;07603;Faxinal;16596
PR;41;07652;Fazenda Rio Grande;165943
PR;41;07702;Fênix;4488
PR;41;07736;Fernandes Pinheiro;6400
PR;41;07751;Figueira;8129
PR;41;07801;Floraí;4805
PR;41;07850;Flor da Serra do Sul;4342
PR;41;07900;Floresta;11522
PR;41;08007;Florestópolis;11653
PR;41;08106;Flórida;2711
PR;41;08205;Formosa do Oeste;7763
PR;41;08304;Foz do Iguaçu;297352
PR;41;08320;Francisco Alves;8573
PR;41;08403;Francisco Beltrão;102312
PR;41;08452;Foz do Jordão;4893
PR;41;08502;General Carneiro;10691
PR;41;08551;Godoy Moreira;2911
PR;41;08601;Goioerê;28931
PR;41;08650;Goioxim;6469
PR;41;08700;Grandes Rios;5527
PR;41;08809;Guaíra;33058
PR;41;08908;Guairaçá;6762
PR;41;08957;Guamiranga;7916
PR;41;09005;Guapirama;4857
PR;41;09104;Guaporema;2210
PR;41;09203;Guaraci;4743
PR;41;09302;Guaraniaçu;13770
PR;41;09401;Guarapuava;189630
PR;41;09500;Guaraqueçaba;7446
PR;41;09609;Guaratuba;44913
PR;41;09658;Honório Serpa;4803
PR;41;09708;Ibaiti;29464
PR;41;09757;Ibema;6343
PR;41;09807;Ibiporã;53276
PR;41;09906;Icaraíma;9149
PR;41;10003;Iguaraçu;5693
PR;41;10052;Iguatu;2156
PR;41;10078;Imbaú;15068
PR;41;10102;Imbituva;30849
PR;41;10201;Inácio Martins;9555
PR;41;10300;Inajá;2481
PR;41;10409;Indianópolis;4544
PR;41;10508;Ipiranga;14317
PR;41;10607;Iporã;16102
PR;41;10656;Iracema do Oeste;2328
PR;41;10706;Irati;61004
PR;41;10805;Iretama;10832
PR;41;10904;Itaguajé;4530
PR;41;10953;Itaipulândia;12116
PR;41;11001;Itambaracá;5819
PR;41;11100;Itambé;6228
PR;41;11209;Itapejara d'Oeste;12869
PR;41;11258;Itaperuçu;33310
PR;41;11308;Itaúna do Sul;3607
PR;41;11407;Ivaí;13476
PR;41;11506;Ivaiporã;33566
PR;41;11555;Ivaté;6788
PR;41;11605;Ivatuba;2685
PR;41;11704;Jaboti;5655
PR;41;11803;Jacarezinho;41493
PR;41;11902;Jaguapitã;15908
PR;41;12009;Jaguariaíva;36384
PR;41;12108;Jandaia do Sul;21930
PR;41;12207;Janiópolis;5807
PR;41;12306;Japira;5054
PR;41;12405;Japurá;9393
PR;41;12504;Jardim Alegre;12138
PR;41;12603;Jardim Olinda;1349
PR;41;12702;Jataizinho;11996
PR;41;12751;Jesuítas;10954
PR;41;12801;Joaquim Távora;12341
PR;41;12900;Jundiaí do Sul;3372
PR;41;12959;Juranda;7899
PR;41;13007;Jussara;6786
PR;41;13106;Kaloré;4666
PR;41;13205;Lapa;45878
PR;41;13254;Laranjal;5525
PR;41;13304;Laranjeiras do Sul;33179
PR;41;13403;Leópolis;3725
PR;41;13429;Lidianópolis;3987
PR;41;13452;Lindoeste;5217
PR;41;13502;Loanda;23966
PR;41;13601;Lobato;4707
PR;41;13700;Londrina;581382
PR;41;13734;Luiziana;6659
PR;41;13759;Lunardelli;4864
PR;41;13809;Lupionópolis;4929
PR;41;13908;Mallet;13681
PR;41;14005;Mamborê;13551
PR;41;14104;Mandaguaçu;34521
PR;41;14203;Mandaguari;38313
PR;41;14302;Mandirituba;29104
PR;41;14351;Manfrinópolis;2790
PR;41;14401;Mangueirinha;16737
PR;41;14500;Manoel Ribas;14675
PR;41;14609;Marechal Cândido Rondon;58734
PR;41;14708;Maria Helena;5926
PR;41;14807;Marialva;44749
PR;41;14906;Marilândia do Sul;8761
PR;41;15002;Marilena;7450
PR;41;15101;Mariluz;9910
PR;41;15200;Maringá;429660
PR;41;15309;Mariópolis;6506
PR;41;15358;Maripá;6824
PR;41;15408;Marmeleiro;16605
PR;41;15457;Marquinho;4491
PR;41;15507;Marumbi;4780
PR;41;15606;Matelândia;19223
PR;41;15705;Matinhos;42063
PR;41;15739;Mato Rico;3249
PR;41;15754;Mauá da Serra;9689
PR;41;15804;Medianeira;57910
PR;41;15853;Mercedes;6194
PR;41;15903;Mirador;2248
PR;41;16000;Miraselva;2017
PR;41;16059;Missal;11423
PR;41;16109;Moreira Sales;11043
PR;41;16208;Morretes;19089
PR;41;16307;Munhoz de Melo;4057
PR;41;16406;Nossa Senhora das Graças;3669
PR;41;16505;Nova Aliança do Ivaí;1322
PR;41;16604;Nova América da Colina;3286
PR;41;16703;Nova Aurora;14331
PR;41;16802;Nova Cantu;6739
PR;41;16901;Nova Esperança;27142
PR;41;16950;Nova Esperança do Sudoeste;5783
PR;41;17008;Nova Fátima;7140
PR;41;17057;Nova Laranjeiras;12298
PR;41;17107;Nova Londrina;13074
PR;41;17206;Nova Olímpia;5982
PR;41;17214;Nova Santa Bárbara;4308
PR;41;17222;Nova Santa Rosa;8581
PR;41;17255;Nova Prata do Iguaçu;13340
PR;41;17271;Nova Tebas;6852
PR;41;17297;Novo Itacolomi;3227
PR;41;17305;Ortigueira;24706
PR;41;17404;Ourizona;3193
PR;41;17453;Ouro Verde do Oeste;7102
PR;41;17503;Paiçandu;48695
PR;41;17602;Palmas;50238
PR;41;17701;Palmeira;34948
PR;41;17800;Palmital;12879
PR;41;17909;Palotina;37039
PR;41;18006;Paraíso do Norte;13728
PR;41;18105;Paranacity;9549
PR;41;18204;Paranaguá;150104
PR;41;18303;Paranapoema;2352
PR;41;18402;Paranavaí;96209
PR;41;18451;Pato Bragado;6004
PR;41;18501;Pato Branco;97821
PR;41;18600;Paula Freitas;5706
PR;41;18709;Paulo Frontin;6414
PR;41;18808;Peabiru;13494
PR;41;18857;Perobal;7599
PR;41;18907;Pérola;12389
PR;41;19004;Pérola d'Oeste;6218
PR;41;19103;Piên;14409
PR;41;19152;Pinhais;131255
PR;41;19202;Pinhalão;6676
PR;41;19251;Pinhal de São Bento;2805
PR;41;19301;Pinhão;30451
PR;41;19400;Piraí do Sul;23977
PR;41;19509;Piraquara;127433
PR;41;19608;Pitanga;34527
PR;41;19657;Pitangueiras;3141
PR;41;19707;Planaltina do Paraná;4125
PR;41;19806;Planalto;14722
PR;41;19905;Ponta Grossa;375632
PR;41;19954;Pontal do Paraná;33131
PR;41;20002;Porecatu;11271
PR;41;20101;Porto Amazonas;4072
PR;41;20150;Porto Barreiro;3057
PR;41;20200;Porto Rico;3370
PR;41;20309;Porto Vitória;3515
PR;41;20333;Prado Ferreira;3816
PR;41;20358;Pranchita;5831
PR;41;20408;Presidente Castelo Branco;4304
PR;41;20507;Primeiro de Maio;10064
PR;41;20606;Prudentópolis;50946
PR;41;20655;Quarto Centenário;4127
PR;41;20705;Quatiguá;8426
PR;41;20804;Quatro Barras;25397
PR;41;20853;Quatro Pontes;4672
PR;41;20903;Quedas do Iguaçu;31423
PR;41;21000;Querência do Norte;10625
PR;41;21109;Quinta do Sol;5052
PR;41;21208;Quitandinha;18882
PR;41;21257;Ramilândia;4279
PR;41;21307;Rancho Alegre;3472
PR;41;21356;Rancho Alegre D'Oeste;2623
PR;41;21406;Realeza;20097
PR;41;21505;Rebouças;14825
PR;41;21604;Renascença;6945
PR;41;21703;Reserva;24878
PR;41;21752;Reserva do Iguaçu;6493
PR;41;21802;Ribeirão Claro;12856
PR;41;21901;Ribeirão do Pinhal;13158
PR;41;22008;Rio Azul;14174
PR;41;22107;Rio Bom;3214
PR;41;22156;Rio Bonito do Iguaçu;14297
PR;41;22172;Rio Branco do Ivaí;3841
PR;41;22206;Rio Branco do Sul;40308
PR;41;22305;Rio Negro;31951
PR;41;22404;Rolândia;75818
PR;41;22503;Roncador;11339
PR;41;22602;Rondon;9255
PR;41;22651;Rosário do Ivaí;5484
PR;41;22701;Sabáudia;9511
PR;41;22800;Salgado Filho;4090
PR;41;22909;Salto do Itararé;5214
PR;41;23006;Salto do Lontra;15706
PR;41;23105;Santa Amélia;3358
PR;41;23204;Santa Cecília do Pavão;3357
PR;41;23303;Santa Cruz de Monte Castelo;8840
PR;41;23402;Santa Fé;11730
PR;41;23501;Santa Helena;26461
PR;41;23600;Santa Inês;1745
PR;41;23709;Santa Isabel do Ivaí;9043
PR;41;23808;Santa Izabel do Oeste;14462
PR;41;23824;Santa Lúcia;3638
PR;41;23857;Santa Maria do Oeste;9869
PR;41;23907;Santa Mariana;10941
PR;41;23956;Santa Mônica;3361
PR;41;24004;Santana do Itararé;5646
PR;41;24020;Santa Tereza do Oeste;13938
PR;41;24053;Santa Terezinha de Itaipu;25300
PR;41;24103;Santo Antônio da Platina;45628
PR;41;24202;Santo Antônio do Caiuá;2474
PR;41;24301;Santo Antônio do Paraíso;2088
PR;41;24400;Santo Antônio do Sudoeste;24980
PR;41;24509;Santo Inácio;6463
PR;41;24608;São Carlos do Ivaí;6727
PR;41;24707;São Jerônimo da Serra;10884
PR;41;24806;São João;12297
PR;41;24905;São João do Caiuá;5607
PR;41;25001;São João do Ivaí;10639
PR;41;25100;São João do Triunfo;13899
PR;41;25209;São Jorge d'Oeste;9587
PR;41;25308;São Jorge do Ivaí;5170
PR;41;25357;São Jorge do Patrocínio;6690
PR;41;25407;São José da Boa Vista;6023
PR;41;25456;São José das Palmeiras;4031
PR;41;25506;São José dos Pinhais;349880
PR;41;25555;São Manoel do Paraná;2176
PR;41;25605;São Mateus do Sul;43490
PR;41;25704;São Miguel do Iguaçu;30416
PR;41;25753;São Pedro do Iguaçu;5730
PR;41;25803;São Pedro do Ivaí;8514
PR;41;25902;São Pedro do Paraná;2726
PR;41;26009;São Sebastião da Amoreira;8063
PR;41;26108;São Tomé;5282
PR;41;26207;Sapopema;6778
PR;41;26256;Sarandi;128106
PR;41;26272;Saudade do Iguaçu;6413
PR;41;26306;Sengés;17256
PR;41;26355;Serranópolis do Iguaçu;5161
PR;41;26405;Sertaneja;5654
PR;41;26504;Sertanópolis;16210
PR;41;26603;Siqueira Campos;24031
PR;41;26652;Sulina;3498
PR;41;26678;Tamarana;10540
PR;41;26702;Tamboara;4986
PR;41;26801;Tapejara;16326
PR;41;26900;Tapira;5807
PR;41;27007;Teixeira Soares;9540
PR;41;27106;Telêmaco Borba;77479
PR;41;27205;Terra Boa;18168
PR;41;27304;Terra Rica;14961
PR;41;27403;Terra Roxa;18636
PR;41;27502;Tibagi;20374
PR;41;27601;Tijucas do Sul;18458
PR;41;27700;Toledo;160701
PR;41;27809;Tomazina;8523
PR;41;27858;Três Barras do Paraná;11157
PR;41;27882;Tunas do Paraná;6304
PR;41;27908;Tuneiras do Oeste;8067
PR;41;27957;Tupãssi;8208
PR;41;27965;Turvo;14101
PR;41;28005;Ubiratã;25732
PR;41;28104;Umuarama;123059
PR;41;28203;União da Vitória;56560
PR;41;28302;Uniflor;2106
PR;41;28401;Uraí;10308
PR;41;28500;Wenceslau Braz;19398
PR;41;28534;Ventania;9760
PR;41;28559;Vera Cruz do Oeste;8178
PR;41;28609;Verê;8077
PR;41;28625;Alto Paraíso;3067
PR;41;28633;Doutor Ulysses;5744
PR;41;28658;Virmond;3828
PR;41;28708;Vitorino;10549
PR;41;28807;Xambrê;5835
SC;42;00051;Abdon Batista;2629
SC;42;00101;Abelardo Luz;17767
SC;42;00200;Agrolândia;11646
SC;42;00309;Agronômica;6511
SC;42;00408;Água Doce;6587
SC;42;00507;Águas de Chapecó;6123
SC;42;00556;Águas Frias;3000
SC;42;00606;Águas Mornas;7193
SC;42;00705;Alfredo Wagner;10963
SC;42;00754;Alto Bela Vista;1847
SC;42;00804;Anchieta;5955
SC;42;00903;Angelina;5484
SC;42;01000;Anita Garibaldi;8339
SC;42;01109;Anitápolis;3761
SC;42;01208;Antônio Carlos;12464
SC;42;01257;Apiúna;10041
SC;42;01273;Arabutã;4505
SC;42;01307;Araquari;52079
SC;42;01406;Araranguá;76611
SC;42;01505;Armazém;9289
SC;42;01604;Arroio Trinta;3634
SC;42;01653;Arvoredo;2623
SC;42;01703;Ascurra;8720
SC;42;01802;Atalanta;3265
SC;42;01901;Aurora;7241
SC;42;01950;Balneário Arroio do Silva;17786
SC;42;02008;Balneário Camboriú;151674
SC;42;02057;Balneário Barra do Sul;16953
SC;42;02073;Balneário Gaivota;17986
SC;42;02081;Bandeirante;3265
SC;42;02099;Barra Bonita;1642
SC;42;02107;Barra Velha;52860
SC;42;02131;Bela Vista do Toldo;5939
SC;42;02156;Belmonte;2712
SC;42;02206;Benedito Novo;10757
SC;42;02305;Biguaçu;83756
SC;42;02404;Blumenau;385558
SC;42;02438;Bocaina do Sul;3639
SC;42;02453;Bombinhas;28738
SC;42;02503;Bom Jardim da Serra;3995
SC;42;02537;Bom Jesus;2896
SC;42;02578;Bom Jesus do Oeste;2240
SC;42;02602;Bom Retiro;8422
SC;42;02701;Botuverá;5705
SC;42;02800;Braço do Norte;35985
SC;42;02859;Braço do Trombudo;4256
SC;42;02875;Brunópolis;2433
SC;42;02909;Brusque;155307
SC;42;03006;Caçador;76298
SC;42;03105;Caibi;6441
SC;42;03154;Calmon;3519
SC;42;03204;Camboriú;117324
SC;42;03253;Capão Alto;2636
SC;42;03303;Campo Alegre;12886
SC;42;03402;Campo Belo do Sul;7324
SC;42;03501;Campo Erê;9864
SC;42;03600;Campos Novos;39049
SC;42;03709;Canelinha;13618
SC;42;03808;Canoinhas;56948
SC;42;03907;Capinzal;24414
SC;42;03956;Capivari de Baixo;25015
SC;42;04004;Catanduvas;11033
SC;42;04103;Caxambu do Sul;4752
SC;42;04152;Celso Ramos;2864
SC;42;04178;Cerro Negro;3303
SC;42;04194;Chapadão do Lageado;3053
SC;42;04202;Chapecó;282648
SC;42;04251;Cocal do Sul;18106
SC;42;04301;Concórdia;87206
SC;42;04350;Cordilheira Alta;5192
SC;42;04400;Coronel Freitas;10604
SC;42;04459;Coronel Martins;1993
SC;42;04509;Corupá;15912
SC;42;04558;Correia Pinto;16253
SC;42;04608;Criciúma;227438
SC;42;04707;Cunha Porã;11242
SC;42;04756;Cunhataí;2026
SC;42;04806;Curitibanos;41741
SC;42;04905;Descanso;8652
SC;42;05001;Dionísio Cerqueira;15316
SC;42;05100;Dona Emma;4435
SC;42;05159;Doutor Pedrinho;3729
SC;42;05175;Entre Rios;3561
SC;42;05191;Ermo;2354
SC;42;05209;Erval Velho;5137
SC;42;05308;Faxinal dos Guedes;11537
SC;42;05357;Flor do Sertão;1868
SC;42;05407;Florianópolis;587486
SC;42;05431;Formosa do Sul;2752
SC;42;05456;Forquilhinha;34771
SC;42;05506;Fraiburgo;34065
SC;42;05555;Frei Rogério;2437
SC;42;05605;Galvão;3168
SC;42;05704;Garopaba;34070
SC;42;05803;Garuva;19970
SC;42;05902;Gaspar;78344
SC;42;06009;Governador Celso Ramos;18280
SC;42;06108;Grão-Pará;6403
SC;42;06207;Gravatal;13158
SC;42;06306;Guabiruba;26645
SC;42;06405;Guaraciaba;11071
SC;42;06504;Guaramirim;51009
SC;42;06603;Guarujá do Sul;4893
SC;42;06652;Guatambú;9611
SC;42;06702;Herval d'Oeste;22222
SC;42;06751;Ibiam;2061
SC;42;06801;Ibicaré;3295
SC;42;06900;Ibirama;20900
SC;42;07007;Içara;63489
SC;42;07106;Ilhota;18627
SC;42;07205;Imaruí;12150
SC;42;07304;Imbituba;57256
SC;42;07403;Imbuia;6166
SC;42;07502;Indaial;77888
SC;42;07577;Iomerê;2967
SC;42;07601;Ipira;4622
SC;42;07650;Iporã do Oeste;9759
SC;42;07684;Ipuaçu;8133
SC;42;07700;Ipumirim;8121
SC;42;07759;Iraceminha;3981
SC;42;07809;Irani;10560
SC;42;07858;Irati;2098
SC;42;07908;Irineópolis;10427
SC;42;08005;Itá;7370
SC;42;08104;Itaiópolis;22906
SC;42;08203;Itajaí;294850
SC;42;08302;Itapema;86116
SC;42;08401;Itapiranga;17268
SC;42;08450;Itapoá;36033
SC;42;08500;Ituporanga;28461
SC;42;08609;Jaborá;4461
SC;42;08708;Jacinto Machado;10818
SC;42;08807;Jaguaruna;21570
SC;42;08906;Jaraguá do Sul;199519
SC;42;08955;Jardinópolis;1810
SC;42;09003;Joaçaba;31809
SC;42;09102;Joinville;664541
SC;42;09151;José Boiteux;6415
SC;42;09177;Jupiá;2713
SC;42;09201;Lacerdópolis;2302
SC;42;09300;Lages;172458
SC;42;09409;Laguna;44060
SC;42;09458;Lajeado Grande;1791
SC;42;09508;Laurentino;8605
SC;42;09607;Lauro Müller;14628
SC;42;09706;Lebon Régis;11575
SC;42;09805;Leoberto Leal;3379
SC;42;09854;Lindóia do Sul;4604
SC;42;09904;Lontras;13829
SC;42;10001;Luiz Alves;12246
SC;42;10035;Luzerna;5951
SC;42;10050;Macieira;1796
SC;42;10100;Mafra;57262
SC;42;10209;Major Gercino;3253
SC;42;10308;Major Vieira;7543
SC;42;10407;Maracajá;8344
SC;42;10506;Maravilha;30743
SC;42;10555;Marema;2218
SC;42;10605;Massaranduba;18122
SC;42;10704;Matos Costa;2789
SC;42;10803;Meleiro;7128
SC;42;10852;Mirim Doce;2554
SC;42;10902;Modelo;4159
SC;42;11009;Mondaí;10206
SC;42;11058;Monte Carlo;9218
SC;42;11108;Monte Castelo;7747
SC;42;11207;Morro da Fumaça;19490
SC;42;11256;Morro Grande;3097
SC;42;11306;Navegantes;96046
SC;42;11405;Nova Erechim;5490
SC;42;11454;Nova Itaberaba;4672
SC;42;11504;Nova Trento;14395
SC;42;11603;Nova Veneza;14004
SC;42;11652;Novo Horizonte;2661
SC;42;11702;Orleans;24686
SC;42;11751;Otacílio Costa;17873
SC;42;11801;Ouro;7062
SC;42;11850;Ouro Verde;2195
SC;42;11876;Paial;2007
SC;42;11892;Painel;2216
SC;42;11900;Palhoça;253469
SC;42;12007;Palma Sola;7696
SC;42;12056;Palmeira;2658
SC;42;12106;Palmitos;15781
SC;42;12205;Papanduva;19769
SC;42;12239;Paraíso;4394
SC;42;12254;Passo de Torres;14859
SC;42;12270;Passos Maia;3997
SC;42;12304;Paulo Lopes;9879
SC;42;12403;Pedras Grandes;4355
SC;42;12502;Penha;36995
SC;42;12601;Peritiba;3040
SC;42;12650;Pescaria Brava;10615
SC;42;12700;Petrolândia;6996
SC;42;12809;Balneário Piçarras;30593
SC;42;12908;Pinhalzinho;23897
SC;42;13005;Pinheiro Preto;3631
SC;42;13104;Piratuba;6144
SC;42;13153;Planalto Alegre;3081
SC;42;13203;Pomerode;37003
SC;42;13302;Ponte Alta;4390
SC;42;13351;Ponte Alta do Norte;3241
SC;42;13401;Ponte Serrada;10732
SC;42;13500;Porto Belo;31557
SC;42;13609;Porto União;33694
SC;42;13708;Pouso Redondo;18051
SC;42;13807;Praia Grande;8696
SC;42;13906;Presidente Castello Branco;1707
SC;42;14003;Presidente Getúlio;21764
SC;42;14102;Presidente Nereu;2347
SC;42;14151;Princesa;3073
SC;42;14201;Quilombo;11433
SC;42;14300;Rancho Queimado;3484
SC;42;14409;Rio das Antas;6399
SC;42;14508;Rio do Campo;6638
SC;42;14607;Rio do Oeste;8071
SC;42;14706;Rio dos Cedros;11218
SC;42;14805;Rio do Sul;77451
SC;42;14904;Rio Fortuna;5044
SC;42;15000;Rio Negrinho;40132
SC;42;15059;Rio Rufino;2429
SC;42;15075;Riqueza;4828
SC;42;15109;Rodeio;13491
SC;42;15208;Romelândia;4684
SC;42;15307;Salete;7656
SC;42;15356;Saltinho;3604
SC;42;15406;Salto Veloso;4495
SC;42;15455;Sangão;13797
SC;42;15505;Santa Cecília;15749
SC;42;15554;Santa Helena;2476
SC;42;15604;Santa Rosa de Lima;2131
SC;42;15653;Santa Rosa do Sul;10450
SC;42;15679;Santa Terezinha;8015
SC;42;15687;Santa Terezinha do Progresso;2534
SC;42;15695;Santiago do Sul;1732
SC;42;15703;Santo Amaro da Imperatriz;30099
SC;42;15752;São Bernardino;2715
SC;42;15802;São Bento do Sul;87661
SC;42;15901;São Bonifácio;2982
SC;42;16008;São Carlos;10462
SC;42;16057;São Cristóvão do Sul;6489
SC;42;16107;São Domingos;9343
SC;42;16206;São Francisco do Sul;56726
SC;42;16255;São João do Oeste;6467
SC;42;16305;São João Batista;35336
SC;42;16354;São João do Itaperiú;4827
SC;42;16404;São João do Sul;9278
SC;42;16503;São Joaquim;26982
SC;42;16602;São José;295658
SC;42;16701;São José do Cedro;14538
SC;42;16800;São José do Cerrito;8706
SC;42;16909;São Lourenço do Oeste;26056
SC;42;17006;São Ludgero;14444
SC;42;17105;São Martinho;3520
SC;42;17154;São Miguel da Boa Vista;1777
SC;42;17204;São Miguel do Oeste;47724
SC;42;17253;São Pedro de Alcântara;6175
SC;42;17303;Saudades;10799
SC;42;17402;Schroeder;21710
SC;42;17501;Seara;19399
SC;42;17550;Serra Alta;3370
SC;42;17600;Siderópolis;14156
SC;42;17709;Sombrio;31722
SC;42;17758;Sul Brasil;2900
SC;42;17808;Taió;18909
SC;42;17907;Tangará;8144
SC;42;17956;Tigrinhos;2535
SC;42;18004;Tijucas;58695
SC;42;18103;Timbé do Sul;5503
SC;42;18202;Timbó;49768
SC;42;18251;Timbó Grande;7521
SC;42;18301;Três Barras;20525
SC;42;18350;Treviso;3920
SC;42;18400;Treze de Maio;7633
SC;42;18509;Treze Tílias;9531
SC;42;18608;Trombudo Central;7599
SC;42;18707;Tubarão;116725
SC;42;18756;Tunápolis;5081
SC;42;18806;Turvo;13604
SC;42;18855;União do Oeste;2791
SC;42;18905;Urubici;11064
SC;42;18954;Urupema;2751
SC;42;19002;Urussanga;21464
SC;42;19101;Vargeão;3726
SC;42;19150;Vargem;2613
SC;42;19176;Vargem Bonita;4597
SC;42;19200;Vidal Ramos;6266
SC;42;19309;Videira;59074
SC;42;19358;Vitor Meireles;5507
SC;42;19408;Witmarsum;4513
SC;42;19507;Xanxerê;54891
SC;42;19606;Xavantina;3583
SC;42;19705;Xaxim;34485
SC;42;19853;Zortéa;4257
SC;42;20000;Balneário Rincão;17697
RS;43;00034;Aceguá;4251
RS;43;00059;Água Santa;4003
RS;43;00109;Agudo;16341
RS;43;00208;Ajuricaba;6843
RS;43;00307;Alecrim;6219
RS;43;00406;Alegrete;74285
RS;43;00455;Alegria;3705
RS;43;00471;Almirante Tamandaré do Sul;2007
RS;43;00505;Alpestre;7235
RS;43;00554;Alto Alegre;1837
RS;43;00570;Alto Feliz;3145
RS;43;00604;Alvorada;194062
RS;43;00638;Amaral Ferrador;5384
RS;43;00646;Ametista do Sul;7826
RS;43;00661;André da Rocha;1156
RS;43;00703;Anta Gorda;6080
RS;43;00802;Antônio Prado;13332
RS;43;00851;Arambaré;4215
RS;43;00877;Araricá;8831
RS;43;00901;Aratiba;6618
RS;43;01008;Arroio do Meio;22523
RS;43;01057;Arroio do Sal;11418
RS;43;01073;Arroio do Padre;2650
RS;43;01107;Arroio dos Ratos;14934
RS;43;01206;Arroio do Tigre;12291
RS;43;01305;Arroio Grande;17879
RS;43;01404;Arvorezinha;10547
RS;43;01503;Augusto Pestana;7303
RS;43;01552;Áurea;3458
RS;43;01602;Bagé;121928
RS;43;01636;Balneário Pinhal;15413
RS;43;01651;Barão;6496
RS;43;01701;Barão de Cotegipe;7320
RS;43;01750;Barão do Triunfo;5972
RS;43;01800;Barracão;4915
RS;43;01859;Barra do Guarita;3231
RS;43;01875;Barra do Quaraí;4340
RS;43;01909;Barra do Ribeiro;12473
RS;43;01925;Barra do Rio Azul;1721
RS;43;01958;Barra Funda;2557
RS;43;02006;Barros Cassal;9425
RS;43;02055;Benjamin Constant do Sul;2118
RS;43;02105;Bento Gonçalves;127977
RS;43;02154;Boa Vista das Missões;1968
RS;43;02204;Boa Vista do Buricá;7129
RS;43;02220;Boa Vista do Cadeado;2269
RS;43;02238;Boa Vista do Incra;2314
RS;43;02253;Boa Vista do Sul;2815
RS;43;02303;Bom Jesus;11429
RS;43;02352;Bom Princípio;13665
RS;43;02378;Bom Progresso;2132
RS;43;02402;Bom Retiro do Sul;12587
RS;43;02451;Boqueirão do Leão;6202
RS;43;02501;Bossoroca;5978
RS;43;02584;Bozano;2195
RS;43;02600;Braga;3322
RS;43;02659;Brochier;5083
RS;43;02709;Butiá;19421
RS;43;02808;Caçapava do Sul;33501
RS;43;02907;Cacequi;11300
RS;43;03004;Cachoeira do Sul;82222
RS;43;03103;Cachoeirinha;141503
RS;43;03202;Cacique Doble;4692
RS;43;03301;Caibaté;4795
RS;43;03400;Caiçara;4931
RS;43;03509;Camaquã;63961
RS;43;03558;Camargo;3060
RS;43;03608;Cambará do Sul;6490
RS;43;03673;Campestre da Serra;3311
RS;43;03707;Campina das Missões;5999
RS;43;03806;Campinas do Sul;5388
RS;43;03905;Campo Bom;64719
RS;43;04002;Campo Novo;5063
RS;43;04101;Campos Borges;3695
RS;43;04200;Candelária;29775
RS;43;04309;Cândido Godói;6419
RS;43;04358;Candiota;11012
RS;43;04408;Canela;50715
RS;43;04507;Canguçu;50968
RS;43;04606;Canoas;359840
RS;43;04614;Canudos do Vale;1686
RS;43;04622;Capão Bonito do Sul;1769
RS;43;04630;Capão da Canoa;66234
RS;43;04655;Capão do Cipó;3187
RS;43;04663;Capão do Leão;27416
RS;43;04671;Capivari do Sul;4080
RS;43;04689;Capela de Santana;11424
RS;43;04697;Capitão;2994
RS;43;04705;Carazinho;63670
RS;43;04713;Caraá;7555
RS;43;04804;Carlos Barbosa;31585
RS;43;04853;Carlos Gomes;1384
RS;43;04903;Casca;9698
RS;43;04952;Caseiros;3064
RS;43;05009;Catuípe;8834
RS;43;05108;Caxias do Sul;479599
RS;43;05116;Centenário;2777
RS;43;05124;Cerrito;5910
RS;43;05132;Cerro Branco;3859
RS;43;05157;Cerro Grande;2428
RS;43;05173;Cerro Grande do Sul;9333
RS;43;05207;Cerro Largo;14014
RS;43;05306;Chapada;9751
RS;43;05355;Charqueadas;36110
RS;43;05371;Charrua;2800
RS;43;05405;Chiapetta;3991
RS;43;05439;Chuí;6409
RS;43;05447;Chuvisca;4682
RS;43;05454;Cidreira;17583
RS;43;05504;Ciríaco;4208
RS;43;05587;Colinas;2474
RS;43;05603;Colorado;3316
RS;43;05702;Condor;6538
RS;43;05801;Constantina;10631
RS;43;05835;Coqueiro Baixo;1308
RS;43;05850;Coqueiros do Sul;2248
RS;43;05871;Coronel Barros;2896
RS;43;05900;Coronel Bicaco;6214
RS;43;05934;Coronel Pilar;1637
RS;43;05959;Cotiporã;3926
RS;43;05975;Coxilha;2718
RS;43;06007;Crissiumal;13116
RS;43;06056;Cristal;7455
RS;43;06072;Cristal do Sul;2745
RS;43;06106;Cruz Alta;60454
RS;43;06130;Cruzaltense;1650
RS;43;06205;Cruzeiro do Sul;12574
RS;43;06304;David Canabarro;4400
RS;43;06320;Derrubadas;2793
RS;43;06353;Dezesseis de Novembro;2540
RS;43;06379;Dilermando de Aguiar;2856
RS;43;06403;Dois Irmãos;31804
RS;43;06429;Dois Irmãos das Missões;2132
RS;43;06452;Dois Lajeados;3156
RS;43;06502;Dom Feliciano;13280
RS;43;06551;Dom Pedro de Alcântara;2617
RS;43;06601;Dom Pedrito;38080
RS;43;06700;Dona Francisca;3133
RS;43;06734;Doutor Maurício Cardoso;4534
RS;43;06759;Doutor Ricardo;1924
RS;43;06767;Eldorado do Sul;41012
RS;43;06809;Encantado;23520
RS;43;06908;Encruzilhada do Sul;24275
RS;43;06924;Engenho Velho;1315
RS;43;06932;Entre-Ijuís;9367
RS;43;06957;Entre Rios do Sul;2727
RS;43;06973;Erebango;3122
RS;43;07005;Erechim;109609
RS;43;07054;Ernestina;3097
RS;43;07104;Herval;6302
RS;43;07203;Erval Grande;5027
RS;43;07302;Erval Seco;6892
RS;43;07401;Esmeralda;3264
RS;43;07450;Esperança do Sul;3293
RS;43;07500;Espumoso;15478
RS;43;07559;Estação;5685
RS;43;07609;Estância Velha;49499
RS;43;07708;Esteio;78144
RS;43;07807;Estrela;33263
RS;43;07815;Estrela Velha;3115
RS;43;07831;Eugênio de Castro;2683
RS;43;07864;Fagundes Varela;2620
RS;43;07906;Farroupilha;72552
RS;43;08003;Faxinal do Soturno;6846
RS;43;08052;Faxinalzinho;2572
RS;43;08078;Fazenda Vilanova;4405
RS;43;08102;Feliz;13994
RS;43;08201;Flores da Cunha;32015
RS;43;08250;Floriano Peixoto;1690
RS;43;08300;Fontoura Xavier;9710
RS;43;08409;Formigueiro;6527
RS;43;08433;Forquetinha;2441
RS;43;08458;Fortaleza dos Valos;4569
RS;43;08508;Frederico Westphalen;33726
RS;43;08607;Garibaldi;35563
RS;43;08656;Garruchos;2724
RS;43;08706;Gaurama;5779
RS;43;08805;General Câmara;7743
RS;43;08854;Gentil;1784
RS;43;08904;Getúlio Vargas;16955
RS;43;09001;Giruá;16273
RS;43;09050;Glorinha;7851
RS;43;09100;Gramado;41705
RS;43;09126;Gramado dos Loureiros;2047
RS;43;09159;Gramado Xavier;3350
RS;43;09209;Gravataí;275430
RS;43;09258;Guabiju;1441
RS;43;09308;Guaíba;95946
RS;43;09407;Guaporé;26168
RS;43;09506;Guarani das Missões;7547
RS;43;09555;Harmonia;5535
RS;43;09571;Herveiras;2604
RS;43;09605;Horizontina;19252
RS;43;09654;Hulha Negra;6102
RS;43;09704;Humaitá;4772
RS;43;09753;Ibarama;3787
RS;43;09803;Ibiaçá;4617
RS;43;09902;Ibiraiaras;6827
RS;43;09951;Ibirapuitã;3789
RS;43;10009;Ibirubá;22106
RS;43;10108;Igrejinha;34776
RS;43;10207;Ijuí;87848
RS;43;10306;Ilópolis;4245
RS;43;10330;Imbé;28027
RS;43;10363;Imigrante;3149
RS;43;10405;Independência;6557
RS;43;10413;Inhacorá;2047
RS;43;10439;Ipê;5490
RS;43;10462;Ipiranga do Sul;1748
RS;43;10504;Iraí;7619
RS;43;10538;Itaara;5712
RS;43;10553;Itacurubi;3038
RS;43;10579;Itapuca;1963
RS;43;10603;Itaqui;36811
RS;43;10652;Itati;2696
RS;43;10702;Itatiba do Sul;3240
RS;43;10751;Ivorá;1962
RS;43;10801;Ivoti;23566
RS;43;10850;Jaboticaba;3847
RS;43;10876;Jacuizinho;2066
RS;43;10900;Jacutinga;3398
RS;43;11007;Jaguarão;27396
RS;43;11106;Jaguari;10771
RS;43;11122;Jaquirana;3751
RS;43;11130;Jari;3412
RS;43;11155;Jóia;7294
RS;43;11205;Júlio de Castilhos;18545
RS;43;11239;Lagoa Bonita do Sul;2283
RS;43;11254;Lagoão;5421
RS;43;11270;Lagoa dos Três Cantos;1781
RS;43;11304;Lagoa Vermelha;28622
RS;43;11403;Lajeado;96879
RS;43;11429;Lajeado do Bugre;2661
RS;43;11502;Lavras do Sul;7290
RS;43;11601;Liberato Salzano;4845
RS;43;11627;Lindolfo Collor;6420
RS;43;11643;Linha Nova;1721
RS;43;11700;Machadinho;5867
RS;43;11718;Maçambará;4485
RS;43;11734;Mampituba;3203
RS;43;11759;Manoel Viana;6915
RS;43;11775;Maquiné;7593
RS;43;11791;Maratá;2521
RS;43;11809;Marau;46748
RS;43;11908;Marcelino Ramos;4382
RS;43;11981;Mariana Pimentel;4005
RS;43;12005;Mariano Moro;1884
RS;43;12054;Marques de Souza;4050
RS;43;12104;Mata;4782
RS;43;12138;Mato Castelhano;2611
RS;43;12153;Mato Leitão;5001
RS;43;12179;Mato Queimado;1833
RS;43;12203;Maximiliano de Almeida;4251
RS;43;12252;Minas do Leão;7661
RS;43;12302;Miraguaí;4501
RS;43;12351;Montauri;1530
RS;43;12377;Monte Alegre dos Campos;3251
RS;43;12385;Monte Belo do Sul;2608
RS;43;12401;Montenegro;66352
RS;43;12427;Mormaço;2815
RS;43;12443;Morrinhos do Sul;3133
RS;43;12450;Morro Redondo;6168
RS;43;12476;Morro Reuter;6167
RS;43;12500;Mostardas;12347
RS;43;12609;Muçum;4692
RS;43;12617;Muitos Capões;2937
RS;43;12625;Muliterno;1754
RS;43;12658;Não-Me-Toque;18335
RS;43;12674;Nicolau Vergueiro;1982
RS;43;12708;Nonoai;14074
RS;43;12757;Nova Alvorada;3229
RS;43;12807;Nova Araçá;5098
RS;43;12906;Nova Bassano;9867
RS;43;12955;Nova Boa Vista;2089
RS;43;13003;Nova Bréscia;3104
RS;43;13011;Nova Candelária;3138
RS;43;13037;Nova Esperança do Sul;4976
RS;43;13060;Nova Hartz;20558
RS;43;13086;Nova Pádua;2389
RS;43;13102;Nova Palma;5676
RS;43;13201;Nova Petrópolis;23934
RS;43;13300;Nova Prata;26637
RS;43;13334;Nova Ramada;2198
RS;43;13359;Nova Roma do Sul;3545
RS;43;13375;Nova Santa Rita;30189
RS;43;13391;Novo Cabrais;3633
RS;43;13409;Novo Hamburgo;235802
RS;43;13425;Novo Machado;3239
RS;43;13441;Novo Tiradentes;2187
RS;43;13466;Novo Xingu;1677
RS;43;13490;Novo Barreiro;4375
RS;43;13508;Osório;48999
RS;43;13607;Paim Filho;3685
RS;43;13656;Palmares do Sul;13189
RS;43;13706;Palmeira das Missões;34227
RS;43;13805;Palmitinho;8042
RS;43;13904;Panambi;45102
RS;43;13953;Pantano Grande;10443
RS;43;14001;Paraí;7362
RS;43;14027;Paraíso do Sul;6627
RS;43;14035;Pareci Novo;4441
RS;43;14050;Parobé;53569
RS;43;14068;Passa Sete;4024
RS;43;14076;Passo do Sobrado;6155
RS;43;14100;Passo Fundo;214811
RS;43;14134;Paulo Bento;2188
RS;43;14159;Paverama;8146
RS;43;14175;Pedras Altas;2099
RS;43;14209;Pedro Osório;7631
RS;43;14308;Pejuçara;3817
RS;43;14407;Pelotas;336150
RS;43;14423;Picada Café;5473
RS;43;14456;Pinhal;3039
RS;43;14464;Pinhal da Serra;2300
RS;43;14472;Pinhal Grande;3861
RS;43;14498;Pinheirinho do Vale;4638
RS;43;14506;Pinheiro Machado;11395
RS;43;14548;Pinto Bandeira;2785
RS;43;14555;Pirapó;2255
RS;43;14605;Piratini;17770
RS;43;14704;Planalto;10624
RS;43;14753;Poço das Antas;2224
RS;43;14779;Pontão;3345
RS;43;14787;Ponte Preta;1602
RS;43;14803;Portão;35273
RS;43;14902;Porto Alegre;1388794
RS;43;15008;Porto Lucena;4414
RS;43;15057;Porto Mauá;2173
RS;43;15073;Porto Vera Cruz;1582
RS;43;15107;Porto Xavier;10127
RS;43;15131;Pouso Novo;1771
RS;43;15149;Presidente Lucena;3166
RS;43;15156;Progresso;5423
RS;43;15172;Protásio Alves;2070
RS;43;15206;Putinga;3809
RS;43;15305;Quaraí;23995
RS;43;15313;Quatro Irmãos;1577
RS;43;15321;Quevedos;2553
RS;43;15354;Quinze de Novembro;4003
RS;43;15404;Redentora;9931
RS;43;15453;Relvado;1826
RS;43;15503;Restinga Sêca;15205
RS;43;15552;Rio dos Índios;2866
RS;43;15602;Rio Grande;198935
RS;43;15701;Rio Pardo;35641
RS;43;15750;Riozinho;4574
RS;43;15800;Roca Sales;10646
RS;43;15909;Rodeio Bonito;6831
RS;43;15958;Rolador;2330
RS;43;16006;Rolante;21752
RS;43;16105;Ronda Alta;9969
RS;43;16204;Rondinha;5078
RS;43;16303;Roque Gonzales;6693
RS;43;16402;Rosário do Sul;37674
RS;43;16428;Sagrada Família;2528
RS;43;16436;Saldanha Marinho;2619
RS;43;16451;Salto do Jacuí;10357
RS;43;16477;Salvador das Missões;2955
RS;43;16501;Salvador do Sul;7184
RS;43;16600;Sananduva;16770
RS;43;16709;Santa Bárbara do Sul;8269
RS;43;16733;Santa Cecília do Sul;1710
RS;43;16758;Santa Clara do Sul;7079
RS;43;16808;Santa Cruz do Sul;138270
RS;43;16907;Santa Maria;282395
RS;43;16956;Santa Maria do Herval;6486
RS;43;16972;Santa Margarida do Sul;2661
RS;43;17004;Santana da Boa Vista;7128
RS;43;17103;Sant'Ana do Livramento;87329
RS;43;17202;Santa Rosa;79488
RS;43;17251;Santa Tereza;1529
RS;43;17301;Santa Vitória do Palmar;31965
RS;43;17400;Santiago;50336
RS;43;17509;Santo Ângelo;79146
RS;43;17558;Santo Antônio do Palma;2134
RS;43;17608;Santo Antônio da Patrulha;44431
RS;43;17707;Santo Antônio das Missões;10485
RS;43;17756;Santo Antônio do Planalto;2138
RS;43;17806;Santo Augusto;14196
RS;43;17905;Santo Cristo;15667
RS;43;17954;Santo Expedito do Sul;2395
RS;43;18002;São Borja;61311
RS;43;18051;São Domingos do Sul;2806
RS;43;18101;São Francisco de Assis;17934
RS;43;18200;São Francisco de Paula;22388
RS;43;18309;São Gabriel;60090
RS;43;18408;São Jerônimo;21412
RS;43;18424;São João da Urtiga;4547
RS;43;18432;São João do Polêsine;2708
RS;43;18440;São Jorge;2976
RS;43;18457;São José das Missões;2399
RS;43;18465;São José do Herval;1931
RS;43;18481;São José do Hortêncio;4555
RS;43;18499;São José do Inhacorá;2466
RS;43;18507;São José do Norte;26248
RS;43;18606;São José do Ouro;6978
RS;43;18614;São José do Sul;2443
RS;43;18622;São José dos Ausentes;4295
RS;43;18705;São Leopoldo;225737
RS;43;18804;São Lourenço do Sul;43278
RS;43;18903;São Luiz Gonzaga;35865
RS;43;19000;São Marcos;21549
RS;43;19109;São Martinho;5587
RS;43;19125;São Martinho da Serra;2908
RS;43;19158;São Miguel das Missões;7193
RS;43;19208;São Nicolau;5243
RS;43;19307;São Paulo das Missões;5943
RS;43;19356;São Pedro da Serra;3618
RS;43;19364;São Pedro das Missões;1790
RS;43;19372;São Pedro do Butiá;3142
RS;43;19406;São Pedro do Sul;15863
RS;43;19505;São Sebastião do Caí;24898
RS;43;19604;São Sepé;21551
RS;43;19703;São Valentim;3320
RS;43;19711;São Valentim do Sul;2255
RS;43;19737;São Valério do Sul;2593
RS;43;19752;São Vendelino;2309
RS;43;19802;São Vicente do Sul;8257
RS;43;19901;Sapiranga;77935
RS;43;20008;Sapucaia do Sul;136572
RS;43;20107;Sarandi;23374
RS;43;20206;Seberi;12325
RS;43;20230;Sede Nova;2750
RS;43;20263;Segredo;6098
RS;43;20305;Selbach;5222
RS;43;20321;Senador Salgado Filho;2725
RS;43;20354;Sentinela do Sul;5424
RS;43;20404;Serafina Corrêa;17407
RS;43;20453;Sério;2089
RS;43;20503;Sertão;5630
RS;43;20552;Sertão Santana;5989
RS;43;20578;Sete de Setembro;1881
RS;43;20602;Severiano de Almeida;3463
RS;43;20651;Silveira Martins;2056
RS;43;20677;Sinimbu;8685
RS;43;20701;Sobradinho;14512
RS;43;20800;Soledade;30939
RS;43;20859;Tabaí;4569
RS;43;20909;Tapejara;25256
RS;43;21006;Tapera;10824
RS;43;21105;Tapes;14920
RS;43;21204;Taquara;54353
RS;43;21303;Taquari;25963
RS;43;21329;Taquaruçu do Sul;3192
RS;43;21352;Tavares;5319
RS;43;21402;Tenente Portela;14820
RS;43;21436;Terra de Areia;10575
RS;43;21451;Teutônia;34023
RS;43;21469;Tio Hugo;3358
RS;43;21477;Tiradentes do Sul;5188
RS;43;21493;Toropi;2594
RS;43;21501;Torres;43344
RS;43;21600;Tramandaí;56430
RS;43;21626;Travesseiro;2192
RS;43;21634;Três Arroios;2636
RS;43;21667;Três Cachoeiras;11224
RS;43;21709;Três Coroas;24428
RS;43;21808;Três de Maio;25466
RS;43;21832;Três Forquilhas;2813
RS;43;21857;Três Palmeiras;4829
RS;43;21907;Três Passos;26304
RS;43;21956;Trindade do Sul;7785
RS;43;22004;Triunfo;28435
RS;43;22103;Tucunduva;5646
RS;43;22152;Tunas;3732
RS;43;22186;Tupanci do Sul;1396
RS;43;22202;Tupanciretã;20324
RS;43;22251;Tupandi;5172
RS;43;22301;Tuparendi;8535
RS;43;22327;Turuçu;3488
RS;43;22343;Ubiretama;2025
RS;43;22350;União da Serra;1183
RS;43;22376;Unistalda;2047
RS;43;22400;Uruguaiana;120819
RS;43;22509;Vacaria;66146
RS;43;22525;Vale Verde;3213
RS;43;22533;Vale do Sol;10069
RS;43;22541;Vale Real;6223
RS;43;22558;Vanini;2047
RS;43;22608;Venâncio Aires;70842
RS;43;22707;Vera Cruz;27670
RS;43;22806;Veranópolis;24554
RS;43;22855;Vespasiano Corrêa;1851
RS;43;22905;Viadutos;4847
RS;43;23002;Viamão;231996
RS;43;23101;Vicente Dutra;4741
RS;43;23200;Victor Graeff;2829
RS;43;23309;Vila Flores;3741
RS;43;23358;Vila Lângaro;2121
RS;43;23408;Vila Maria;4515
RS;43;23457;Vila Nova do Sul;3932
RS;43;23507;Vista Alegre;2710
RS;43;23606;Vista Alegre do Prata;1624
RS;43;23705;Vista Gaúcha;2843
RS;43;23754;Vitória das Missões;3316
RS;43;23770;Westfália;3223
RS;43;23804;Xangri-lá;16949
MS;50;00203;Água Clara;17901
MS;50;00252;Alcinópolis;4649
MS;50;00609;Amambai;41751
MS;50;00708;Anastácio;24781
MS;50;00807;Anaurilândia;7688
MS;50;00856;Angélica;11308
MS;50;00906;Antônio João;9717
MS;50;01003;Aparecida do Taboado;29826
MS;50;01102;Aquidauana;48689
MS;50;01243;Aral Moreira;11125
MS;50;01508;Bandeirantes;8342
MS;50;01904;Bataguassu;24222
MS;50;02001;Batayporã;10947
MS;50;02100;Bela Vista;21881
MS;50;02159;Bodoquena;8887
MS;50;02209;Bonito;25034
MS;50;02308;Brasilândia;11833
MS;50;02407;Caarapó;32748
MS;50;02605;Camapuã;13928
MS;50;02704;Campo Grande;962883
MS;50;02803;Caracol;5096
MS;50;02902;Cassilândia;21565
MS;50;02951;Chapadão do Sul;34606
MS;50;03108;Corguinho;4892
MS;50;03157;Coronel Sapucaia;14685
MS;50;03207;Corumbá;98751
MS;50;03256;Costa Rica;28740
MS;50;03306;Coxim;33440
MS;50;03454;Deodápolis;14317
MS;50;03488;Dois Irmãos do Buriti;11521
MS;50;03504;Douradina;5768
MS;50;03702;Dourados;264017
MS;50;03751;Eldorado;11622
MS;50;03801;Fátima do Sul;21504
MS;50;03900;Figueirão;3751
MS;50;04007;Glória de Dourados;10817
MS;50;04106;Guia Lopes da Laguna;10116
MS;50;04304;Iguatemi;13960
MS;50;04403;Inocência;8764
MS;50;04502;Itaporã;25263
MS;50;04601;Itaquiraí;20060
MS;50;04700;Ivinhema;30001
MS;50;04809;Japorã;8441
MS;50;04908;Jaraguari;7480
MS;50;05004;Jardim;24504
MS;50;05103;Jateí;3596
MS;50;05152;Juti;7067
MS;50;05202;Ladário;22425
MS;50;05251;Laguna Carapã;7037
MS;50;05400;Maracaju;48073
MS;50;05608;Miranda;26512
MS;50;05681;Mundo Novo;20087
MS;50;05707;Naviraí;53014
MS;50;05806;Nioaque;13354
MS;50;06002;Nova Alvorada do Sul;23409
MS;50;06200;Nova Andradina;50848
MS;50;06259;Novo Horizonte do Sul;4801
MS;50;06275;Paraíso das Águas;5842
MS;50;06309;Paranaíba;42638
MS;50;06358;Paranhos;13368
MS;50;06408;Pedro Gomes;6910
MS;50;06606;Ponta Porã;98598
MS;50;06903;Porto Murtinho;12721
MS;50;07109;Ribas do Rio Pardo;24152
MS;50;07208;Rio Brilhante;40419
MS;50;07307;Rio Negro;4921
MS;50;07406;Rio Verde de Mato Grosso;20454
MS;50;07505;Rochedo;5451
MS;50;07554;Santa Rita do Pardo;7165
MS;50;07695;São Gabriel do Oeste;32207
MS;50;07703;Sete Quedas;11322
MS;50;07802;Selvíria;8716
MS;50;07901;Sidrolândia;49735
MS;50;07935;Sonora;14813
MS;50;07950;Tacuru;11205
MS;50;07976;Taquarussu;3740
MS;50;08008;Terenos;18182
MS;50;08305;Três Lagoas;143523
MS;50;08404;Vicentina;6505
MT;51;00102;Acorizal;4948
MT;51;00201;Água Boa;32099
MT;51;00250;Alta Floresta;62158
MT;51;00300;Alto Araguaia;17751
MT;51;00359;Alto Boa Vista;5920
MT;51;00409;Alto Garças;13956
MT;51;00508;Alto Paraguai;7525
MT;51;00607;Alto Taquari;11877
MT;51;00805;Apiacás;8693
MT;51;01001;Araguaiana;4005
MT;51;01209;Araguainha;997
MT;51;01258;Araputanga;14805
MT;51;01308;Arenápolis;10769
MT;51;01407;Aripuanã;26558
MT;51;01605;Barão de Melgaço;7137
MT;51;01704;Barra do Bugres;29406
MT;51;01803;Barra do Garças;73878
MT;51;01837;Boa Esperança do Norte;5877
MT;51;01852;Bom Jesus do Araguaia;7912
MT;51;01902;Brasnorte;17645
MT;51;02504;Cáceres;91767
MT;51;02603;Campinápolis;15808
MT;51;02637;Campo Novo do Parecis;51722
MT;51;02678;Campo Verde;49053
MT;51;02686;Campos de Júlio;9946
MT;51;02694;Canabrava do Norte;4451
MT;51;02702;Canarana;28324
MT;51;02793;Carlinda;10260
MT;51;02850;Castanheira;7392
MT;51;03007;Chapada dos Guimarães;19458
MT;51;03056;Cláudia;9301
MT;51;03106;Cocalinho;6495
MT;51;03205;Colíder;32054
MT;51;03254;Colniza;26026
MT;51;03304;Comodoro;18469
MT;51;03353;Confresa;38460
MT;51;03361;Conquista D'Oeste;3908
MT;51;03379;Cotriguaçu;10030
MT;51;03403;Cuiabá;691875
MT;51;03437;Curvelândia;4970
MT;51;03452;Denise;6675
MT;51;03502;Diamantino;22623
MT;51;03601;Dom Aquino;7890
MT;51;03700;Feliz Natal;10523
MT;51;03809;Figueirópolis D'Oeste;3056
MT;51;03858;Gaúcha do Norte;9397
MT;51;03908;General Carneiro;6319
MT;51;03957;Glória D'Oeste;2878
MT;51;04104;Guarantã do Norte;31209
MT;51;04203;Guiratinga;10252
MT;51;04500;Indiavaí;2172
MT;51;04526;Ipiranga do Norte;8658
MT;51;04542;Itanhangá;8257
MT;51;04559;Itaúba;5201
MT;51;04609;Itiquira;12587
MT;51;04807;Jaciara;29803
MT;51;04906;Jangada;7413
MT;51;05002;Jauru;7881
MT;51;05101;Juara;36089
MT;51;05150;Juína;48396
MT;51;05176;Juruena;10057
MT;51;05200;Juscimeira;11622
MT;51;05234;Lambari D'Oeste;4662
MT;51;05259;Lucas do Rio Verde;95792
MT;51;05309;Luciara;2616
MT;51;05507;Vila Bela da Santíssima Trindade;17592
MT;51;05580;Marcelândia;11355
MT;51;05606;Matupá;21959
MT;51;05622;Mirassol d'Oeste;27637
MT;51;05903;Nobres;15796
MT;51;06000;Nortelândia;5890
MT;51;06109;Nossa Senhora do Livramento;11658
MT;51;06158;Nova Bandeirantes;14340
MT;51;06174;Nova Nazaré;4575
MT;51;06182;Nova Lacerda;7072
MT;51;06190;Nova Santa Helena;4502
MT;51;06208;Nova Brasilândia;3791
MT;51;06216;Nova Canaã do Norte;11734
MT;51;06224;Nova Mutum;63455
MT;51;06232;Nova Olímpia;16204
MT;51;06240;Nova Ubiratã;9760
MT;51;06257;Nova Xavantina;25915
MT;51;06265;Novo Mundo;6368
MT;51;06273;Novo Horizonte do Norte;3267
MT;51;06281;Novo São Joaquim;7239
MT;51;06299;Paranaíta;12079
MT;51;06307;Paranatinga;28870
MT;51;06315;Novo Santo Antônio;2041
MT;51;06372;Pedra Preta;18946
MT;51;06422;Peixoto de Azevedo;33754
MT;51;06455;Planalto da Serra;3328
MT;51;06505;Poconé;31203
MT;51;06653;Pontal do Araguaia;7441
MT;51;06703;Ponte Branca;2098
MT;51;06752;Pontes e Lacerda;55762
MT;51;06778;Porto Alegre do Norte;12649
MT;51;06802;Porto dos Gaúchos;5705
MT;51;06828;Porto Esperidião;10088
MT;51;06851;Porto Estrela;3141
MT;51;07008;Poxoréu;25103
MT;51;07040;Primavera do Leste;96006
MT;51;07065;Querência;31100
MT;51;07107;São José dos Quatro Marcos;17721
MT;51;07156;Reserva do Cabaçal;2020
MT;51;07180;Ribeirão Cascalheira;10541
MT;51;07198;Ribeirãozinho;2733
MT;51;07206;Rio Branco;4440
MT;51;07248;Santa Carmem;5795
MT;51;07263;Santo Afonso;2416
MT;51;07297;São José do Povo;2716
MT;51;07305;São José do Rio Claro;14455
MT;51;07354;São José do Xingu;6234
MT;51;07404;São Pedro da Cipa;4250
MT;51;07578;Rondolândia;3518
MT;51;07602;Rondonópolis;263708
MT;51;07701;Rosário Oeste;15041
MT;51;07743;Santa Cruz do Xingu;2904
MT;51;07750;Salto do Céu;3657
MT;51;07768;Santa Rita do Trivelato;3536
MT;51;07776;Santa Terezinha;7737
MT;51;07792;Santo Antônio do Leste;4244
MT;51;07800;Santo Antônio de Leverger;16839
MT;51;07859;São Félix do Araguaia;14604
MT;51;07875;Sapezal;32514
MT;51;07883;Serra Nova Dourada;1941
MT;51;07909;Sinop;223780
MT;51;07925;Sorriso;124665
MT;51;07941;Tabaporã;9895
MT;51;07958;Tangará da Serra;114603
MT;51;08006;Tapurah;15638
MT;51;08055;Terra Nova do Norte;10591
MT;51;08105;Tesouro;2935
MT;51;08204;Torixoréu;4238
MT;51;08303;União do Sul;3904
MT;51;08352;Vale de São Domingos;2892
MT;51;08402;Várzea Grande;318922
MT;51;08501;Vera;10758
MT;51;08600;Vila Rica;19686
MT;51;08808;Nova Guarita;4546
MT;51;08857;Nova Marilândia;3731
MT;51;08907;Nova Maringá;5705
MT;51;08956;Nova Monte Verde;8470
GO;52;00050;Abadia de Goiás;22052
GO;52;00100;Abadiânia;17738
GO;52;00134;Acreúna;22079
GO;52;00159;Adelândia;2282
GO;52;00175;Água Fria de Goiás;4979
GO;52;00209;Água Limpa;1843
GO;52;00258;Águas Lindas de Goiás;245352
GO;52;00308;Alexânia;28244
GO;52;00506;Aloândia;1977
GO;52;00555;Alto Horizonte;6487
GO;52;00605;Alto Paraíso de Goiás;11182
GO;52;00803;Alvorada do Norte;8619
GO;52;00829;Amaralina;3267
GO;52;00852;Americano do Brasil;5260
GO;52;00902;Amorinópolis;2906
GO;52;01108;Anápolis;420300
GO;52;01207;Anhanguera;913
GO;52;01306;Anicuns;18306
GO;52;01405;Aparecida de Goiânia;556021
GO;52;01454;Aparecida do Rio Doce;3045
GO;52;01504;Aporé;4488
GO;52;01603;Araçu;3840
GO;52;01702;Aragarças;18601
GO;52;01801;Aragoiânia;12806
GO;52;02155;Araguapaz;7152
GO;52;02353;Arenópolis;2904
GO;52;02502;Aruanã;8570
GO;52;02601;Aurilândia;3237
GO;52;02809;Avelinópolis;2993
GO;52;03104;Baliza;3306
GO;52;03203;Barro Alto;10853
GO;52;03302;Bela Vista de Goiás;37305
GO;52;03401;Bom Jardim de Goiás;7775
GO;52;03500;Bom Jesus de Goiás;24925
GO;52;03559;Bonfinópolis;11025
GO;52;03575;Bonópolis;3289
GO;52;03609;Brazabrantes;4201
GO;52;03807;Britânia;5798
GO;52;03906;Buriti Alegre;10930
GO;52;03939;Buriti de Goiás;2800
GO;52;03962;Buritinópolis;3140
GO;52;04003;Cabeceiras;7689
GO;52;04102;Cachoeira Alta;11854
GO;52;04201;Cachoeira de Goiás;1417
GO;52;04250;Cachoeira Dourada;7762
GO;52;04300;Caçu;14034
GO;52;04409;Caiapônia;16628
GO;52;04508;Caldas Novas;106820
GO;52;04557;Caldazinha;4819
GO;52;04607;Campestre de Goiás;3879
GO;52;04656;Campinaçu;3760
GO;52;04706;Campinorte;12983
GO;52;04805;Campo Alegre de Goiás;7807
GO;52;04854;Campo Limpo de Goiás;8579
GO;52;04904;Campos Belos;18227
GO;52;04953;Campos Verdes;3822
GO;52;05000;Carmo do Rio Verde;9988
GO;52;05059;Castelândia;2871
GO;52;05109;Catalão;122760
GO;52;05208;Caturaí;5352
GO;52;05307;Cavalcante;9730
GO;52;05406;Ceres;22570
GO;52;05455;Cezarina;8301
GO;52;05471;Chapadão do Céu;14321
GO;52;05497;Cidade Ocidental;101570
GO;52;05513;Cocalzinho de Goiás;27196
GO;52;05521;Colinas do Sul;4188
GO;52;05703;Córrego do Ouro;2441
GO;52;05802;Corumbá de Goiás;10724
GO;52;05901;Corumbaíba;9484
GO;52;06206;Cristalina;66827
GO;52;06305;Cristianópolis;3670
GO;52;06404;Crixás;17532
GO;52;06503;Cromínia;3999
GO;52;06602;Cumari;2951
GO;52;06701;Damianópolis;3917
GO;52;06800;Damolândia;2753
GO;52;06909;Davinópolis;1889
GO;52;07105;Diorama;1991
GO;52;07253;Doverlândia;6823
GO;52;07352;Edealina;4104
GO;52;07402;Edéia;11982
GO;52;07501;Estrela do Norte;3214
GO;52;07535;Faina;7167
GO;52;07600;Fazenda Nova;5842
GO;52;07808;Firminópolis;10274
GO;52;07907;Flores de Goiás;14273
GO;52;08004;Formosa;121559
GO;52;08103;Formoso;4662
GO;52;08152;Gameleira de Goiás;3563
GO;52;08301;Divinópolis de Goiás;4405
GO;52;08400;Goianápolis;14758
GO;52;08509;Goiandira;4962
GO;52;08608;Goianésia;78009
GO;52;08707;Goiânia;1503256
GO;52;08806;Goianira;81495
GO;52;08905;Goiás;24172
GO;52;09101;Goiatuba;36984
GO;52;09150;Gouvelândia;4313
GO;52;09200;Guapó;20985
GO;52;09291;Guaraíta;2170
GO;52;09408;Guarani de Goiás;4091
GO;52;09457;Guarinos;2154
GO;52;09606;Heitoraí;3342
GO;52;09705;Hidrolândia;30587
GO;52;09804;Hidrolina;3477
GO;52;09903;Iaciara;10289
GO;52;09937;Inaciolândia;6076
GO;52;09952;Indiara;17985
GO;52;10000;Inhumas;53884
GO;52;10109;Ipameri;26223
GO;52;10158;Ipiranga de Goiás;2968
GO;52;10208;Iporá;37283
GO;52;10307;Israelândia;2515
GO;52;10406;Itaberaí;47603
GO;52;10562;Itaguari;5120
GO;52;10604;Itaguaru;4837
GO;52;10802;Itajá;4276
GO;52;10901;Itapaci;21891
GO;52;11008;Itapirapuã;8133
GO;52;11206;Itapuranga;26553
GO;52;11305;Itarumã;6124
GO;52;11404;Itauçu;7636
GO;52;11503;Itumbiara;113322
GO;52;11602;Ivolândia;2731
GO;52;11701;Jandaia;6365
GO;52;11800;Jaraguá;46633
GO;52;11909;Jataí;111634
GO;52;12006;Jaupaci;2939
GO;52;12055;Jesúpolis;2112
GO;52;12105;Joviânia;7247
GO;52;12204;Jussara;19926
GO;52;12253;Lagoa Santa;1435
GO;52;12303;Leopoldo de Bulhões;9123
GO;52;12501;Luziânia;221262
GO;52;12600;Mairipotaba;2631
GO;52;12709;Mambaí;8493
GO;52;12808;Mara Rosa;10806
GO;52;12907;Marzagão;2942
GO;52;12956;Matrinchã;4004
GO;52;13004;Maurilândia;10145
GO;52;13053;Mimoso de Goiás;2626
GO;52;13087;Minaçu;26616
GO;52;13103;Mineiros;74999
GO;52;13400;Moiporá;1687
GO;52;13509;Monte Alegre de Goiás;6534
GO;52;13707;Montes Claros de Goiás;9024
GO;52;13756;Montividiu;13094
GO;52;13772;Montividiu do Norte;3743
GO;52;13806;Morrinhos;54326
GO;52;13855;Morro Agudo de Goiás;2505
GO;52;13905;Mossâmedes;4626
GO;52;14002;Mozarlândia;15199
GO;52;14051;Mundo Novo;6202
GO;52;14101;Mutunópolis;3540
GO;52;14408;Nazário;8349
GO;52;14507;Nerópolis;34273
GO;52;14606;Niquelândia;33890
GO;52;14705;Nova América;2380
GO;52;14804;Nova Aurora;2132
GO;52;14838;Nova Crixás;13153
GO;52;14861;Nova Glória;8356
GO;52;14879;Nova Iguaçu de Goiás;3084
GO;52;14903;Nova Roma;3022
GO;52;15009;Nova Veneza;9883
GO;52;15207;Novo Brasil;3567
GO;52;15231;Novo Gama;107663
GO;52;15256;Novo Planalto;3703
GO;52;15306;Orizona;17035
GO;52;15405;Ouro Verde de Goiás;4109
GO;52;15504;Ouvidor;7665
GO;52;15603;Padre Bernardo;37207
GO;52;15652;Palestina de Goiás;3113
GO;52;15702;Palmeiras de Goiás;34375
GO;52;15801;Palmelo;2266
GO;52;15900;Palminópolis;3959
GO;52;16007;Panamá;2432
GO;52;16304;Paranaiguara;7356
GO;52;16403;Paraúna;10727
GO;52;16452;Perolândia;2999
GO;52;16809;Petrolina de Goiás;9519
GO;52;16908;Pilar de Goiás;2254
GO;52;17104;Piracanjuba;25373
GO;52;17203;Piranhas;11940
GO;52;17302;Pirenópolis;28028
GO;52;17401;Pires do Rio;33736
GO;52;17609;Planaltina;112304
GO;52;17708;Pontalina;18763
GO;52;18003;Porangatu;45512
GO;52;18052;Porteirão;4276
GO;52;18102;Portelândia;3191
GO;52;18300;Posse;36291
GO;52;18391;Professor Jamil;3750
GO;52;18508;Quirinópolis;50329
GO;52;18607;Rialma;12665
GO;52;18706;Rianápolis;3893
GO;52;18789;Rio Quente;4033
GO;52;18805;Rio Verde;241494
GO;52;18904;Rubiataba;20186
GO;52;19001;Sanclerlândia;8085
GO;52;19100;Santa Bárbara de Goiás;6306
GO;52;19209;Santa Cruz de Goiás;3004
GO;52;19258;Santa Fé de Goiás;5047
GO;52;19308;Santa Helena de Goiás;39601
GO;52;19357;Santa Isabel;3543
GO;52;19407;Santa Rita do Araguaia;5765
GO;52;19456;Santa Rita do Novo Destino;2611
GO;52;19506;Santa Rosa de Goiás;2828
GO;52;19605;Santa Tereza de Goiás;3172
GO;52;19704;Santa Terezinha de Goiás;10837
GO;52;19712;Santo Antônio da Barra;4279
GO;52;19738;Santo Antônio de Goiás;8066
GO;52;19753;Santo Antônio do Descoberto;75221
GO;52;19803;São Domingos;9457
GO;52;19902;São Francisco de Goiás;6507
GO;52;20009;São João d'Aliança;15026
GO;52;20058;São João da Paraúna;1812
GO;52;20108;São Luís de Montes Belos;35288
GO;52;20157;São Luiz do Norte;4939
GO;52;20207;São Miguel do Araguaia;22040
GO;52;20264;São Miguel do Passa Quatro;4671
GO;52;20280;São Patrício;2200
GO;52;20405;São Simão;17181
GO;52;20454;Senador Canedo;175042
GO;52;20504;Serranópolis;8237
GO;52;20603;Silvânia;23150
GO;52;20686;Simolândia;5634
GO;52;20702;Sítio d'Abadia;2978
GO;52;21007;Taquaral de Goiás;4180
GO;52;21080;Teresina de Goiás;2660
GO;52;21197;Terezópolis de Goiás;8340
GO;52;21304;Três Ranchos;2976
GO;52;21403;Trindade;153560
GO;52;21452;Trombas;3080
GO;52;21502;Turvânia;4449
GO;52;21551;Turvelândia;5171
GO;52;21577;Uirapuru;2798
GO;52;21601;Uruaçu;44533
GO;52;21700;Uruana;13857
GO;52;21809;Urutaí;3700
GO;52;21858;Valparaíso de Goiás;218416
GO;52;21908;Varjão;3770
GO;52;22005;Vianópolis;15644
GO;52;22054;Vicentinópolis;9175
GO;52;22203;Vila Boa;4145
GO;52;22302;Vila Propício;6028
DF;53;00108;Brasília;2996899
