DS_CIDADE;DS_SETOR;COD_DESTINACAO_IMOVEL;ANO_VENDA;NR_EDITAL;ITEM_EDITAL;VALOR_LAUDO;PERCENTUAL_ENTRADA;VALOR_VENDA;AREA_MAX_CONSTR;AREA_BASE;AREA;QTD_OFERTAS;SITUACAO_VISTORIA;TIPO_USO_DESTINACAO;RESIDENCIAL;COMERCIAL;INDUSTRIAL;INSTITUCIONAL;AGIO_ABSOLUTO;AGIO_PERCENTUAL
TAGUATINGA;BAIRRO AGUAS CLARAS-QS;60228;2022;2022-1;1;13800000;0.3;41451000.0;60000.0;60000.0;75000.0;7;OCUPADO;Institucional;0;0;0;1;27651000.0;200.3695652173913
BRASILIA;SETOR DE HABITACOES INDIVIDUAIS NORTE        ;60211;2022;2022-1;2;1090000;0.05;1220000.0;1400.0;1400.0;1000.0;6;VAGO;Unifamiliar;1;0;0;0;130000.0;11.926605504587156
CEILANDIA;SETOR O NORTE                                ;60217;2022;2022-1;5;1730000;0.05;1800000.0;7650.0;5100.0;2550.0;1;VAGO;Mista;1;1;1;1;70000.0;4.046242774566474
CEILANDIA;SETOR HABITACIONAL SOL NASCENTE TRECHO 01 ETAPA I;60219;2022;2022-1;7;48300;0.05;184062.52;286.76;286.76;143.38;12;CERCADO;Mista;1;1;1;1;135762.52;281.0818219461697
CEILANDIA;SETOR HABITACIONAL SOL NASCENTE TRECHO 01 ETAPA I;60219;2022;2022-1;8;48400;0.05;178952.51;288.0;288.0;144.0;16;CERCADO;Mista;1;1;1;1;130552.51000000001;269.7365909090909
CEILANDIA;SETOR HABITACIONAL SOL NASCENTE TRECHO 01 ETAPA I;60219;2022;2022-1;10;48400;0.05;51101.01;288.02;288.02;144.01;3;EM CONSTRUCAO;Mista;1;1;1;1;2701.010000000002;5.580599173553724
CEILANDIA;SETOR INDUSTRIAL I                           ;60225;2022;2022-1;13;77660;0.05;121000.0;315.0;315.0;210.0;3;OCUPADO;Mista;0;1;1;1;43340.0;55.80736543909348
CEILANDIA;SETOR INDUSTRIAL I                           ;60225;2022;2022-1;17;419715;0.05;450000.0;2100.0;2100.0;1050.0;1;OCUPADO;Mista;0;1;1;1;30285.0;7.215610592902326
GUARA;SETOR RESID INDUSTRIA E ABASTECIMENTO        ;60214;2022;2022-1;21;252000;0.05;452999.0;369.96;369.96;154.15;41;VAGO;Unifamiliar;1;0;0;0;200999.0;79.76150793650794
GUARA;SETOR RESID INDUSTRIA E ABASTECIMENTO        ;60220;2022;2022-1;22;259000;0.05;463990.0;380.76;380.76;158.65;16;VAGO;Mista;1;1;1;1;204990.0;79.14671814671814
SAO SEBASTIAO;SETOR HABITACIONAL JARDIM BOTANICO;60214;2022;2022-1;23;473000;0.05;826000.0;1028.55;1028.55;685.7;20;VAGO;Unifamiliar;1;0;0;0;353000.0;74.63002114164905
LAGO NORTE;SETOR HABITACIONAL TAQUARI;60211;2022;2022-1;24;606000;0.05;927120.0;758.528;758.528;948.16;23;CERCADO;Unifamiliar;1;0;0;0;321120.0;52.990099009900995
RECANTO DAS EMAS;SETOR HOSPITALAR;60217;2022;2022-1;26;372000;0.05;382000.0;977.5;765.0;425.0;1;OBSTRUIDO;Mista;1;1;1;1;10000.0;2.6881720430107525
RECANTO DAS EMAS;AREA DE DESENVOLVIMENTO ECONOMICO;60227;2022;2022-1;27;130000;0.05;130000.0;437.84;437.84;109.46;1;OCUPADO;Mista;1;1;1;1;0.0;0.0
RIACHO FUNDO;QUADRA DE OFICINAS;60227;2022;2022-1;28;279900;0.05;390000.0;400.0;280.0;200.0;3;OCUPADO;Mista;1;1;1;1;110100.0;39.33547695605573
RIACHO FUNDO II;HABITACIONAL RIACHO FUNDO II;60217;2022;2022-1;29;418000;0.05;635000.0;1125.0;525.0;375.0;3;VAGO;Mista;1;1;1;1;217000.0;51.91387559808612
SAMAMBAIA;QN-SAMAMBAIA;60217;2022;2022-1;35;118000;0.05;136000.0;350.0;200.0;100.0;1;CERCADO;Mista;1;1;1;1;18000.0;15.254237288135593
SAMAMBAIA;QN-SAMAMBAIA;60217;2022;2022-1;40;143000;0.05;152891.0;350.0;200.0;100.0;1;VAGO;Mista;1;1;1;1;9891.0;6.916783216783216
SAMAMBAIA;QN-SAMAMBAIA;60217;2022;2022-1;42;143000;0.05;153891.0;350.0;200.0;100.0;1;VAGO;Mista;1;1;1;1;10891.0;7.616083916083916
SAMAMBAIA;QN-SAMAMBAIA;60217;2022;2022-1;43;143000;0.05;145000.0;350.0;200.0;100.0;1;VAGO;Mista;1;1;1;1;2000.0;1.3986013986013985
SAMAMBAIA;QN-SAMAMBAIA;60217;2022;2022-1;44;158000;0.05;226660.0;402.5;230.0;115.0;3;VAGO;Mista;1;1;1;1;68660.0;43.45569620253165
SAMAMBAIA;QR-SAMAMBAIA;60217;2022;2022-1;47;772000;0.05;779720.0;2480.87;1417.64;708.82;1;VAGO;Mista;1;1;1;1;7720.0;1.0
SAMAMBAIA;QR-SAMAMBAIA;60217;2022;2022-1;48;766000;0.05;773660.0;2812.04;1406.02;703.01;1;VAGO;Mista;1;1;1;1;7660.0;1.0
SAMAMBAIA;QS-SAMAMBAIA;60217;2022;2022-1;49;143000;0.05;155155.0;350.0;200.0;100.0;2;VAGO;Mista;1;1;1;1;12155.0;8.5
SAMAMBAIA;QS-SAMAMBAIA;60217;2022;2022-1;50;143000;0.05;150000.0;350.0;200.0;100.0;3;VAGO;Mista;1;1;1;1;7000.0;4.895104895104895
SAMAMBAIA;QS-SAMAMBAIA;60217;2022;2022-1;58;118000;0.05;236720.0;350.0;200.0;100.0;1;VAGO;Mista;1;1;1;1;118720.0;100.61016949152541
SAMAMBAIA;QN-SAMAMBAIA;60219;2022;2022-1;73;187000;0.05;195501.0;600.0;400.0;200.0;1;VAGO;Mista;1;1;1;1;8501.0;4.545989304812834
SAMAMBAIA;QN-SAMAMBAIA;60219;2022;2022-1;74;424000;0.05;424500.0;1500.0;1000.0;500.0;1;VAGO;Mista;1;1;1;1;500.0;0.1179245283018868
SAMAMBAIA;QN-SAMAMBAIA;60220;2022;2022-1;81;109000;0.05;111111.11;300.0;200.0;100.0;1;OCUPADO;Mista;1;1;1;1;2111.1100000000006;1.9367981651376154
SAMAMBAIA;QN-SAMAMBAIA;60220;2022;2022-1;82;109000;0.05;109000.0;300.0;200.0;100.0;1;VAGO;Mista;1;1;1;1;0.0;0.0
SAMAMBAIA;QN-SAMAMBAIA;60220;2022;2022-1;87;91300;0.05;105000.0;225.0;150.0;75.0;1;OCUPADO;Mista;1;1;1;1;13700.0;15.005476451259584
SAMAMBAIA;QN-SAMAMBAIA;60220;2022;2022-1;88;91300;0.05;105000.0;225.0;150.0;75.0;1;OCUPADO;Mista;1;1;1;1;13700.0;15.005476451259584
SAMAMBAIA;QN-SAMAMBAIA;60220;2022;2022-1;89;712000;0.05;731000.0;2589.39;1726.26;863.13;2;CERCADO;Mista;1;1;1;1;19000.0;2.6685393258426964
SAMAMBAIA;QN-SAMAMBAIA;60220;2022;2022-1;90;495000;0.05;496000.0;1770.36;1180.24;590.12;1;VAGO;Mista;1;1;1;1;1000.0;0.20202020202020202
SAMAMBAIA;QS-SAMAMBAIA;60220;2022;2022-1;94;118000;0.05;128850.0;336.0;224.0;112.0;3;VAGO;Mista;1;1;1;1;10850.0;9.194915254237287
SAMAMBAIA;QS-SAMAMBAIA;60220;2022;2022-1;96;109000;0.05;130111.0;300.0;200.0;100.0;1;VAGO;Mista;1;1;1;1;21111.0;19.36788990825688
SOBRADINHO;VILA DNOCS;60223;2022;2022-1;99;279000;0.05;291113.0;450.282;450.282;225.141;3;CERCADO;Mista;0;1;1;1;12113.0;4.3415770609318995
TAGUATINGA;AREA DES/ECONOMICO-AGUAS CLARAS;60224;2022;2022-2;1;748000;0.05;1296369.0;1600.0;1600.0;800.0;4;OCUPADO;Mista;0;1;1;1;548369.0;73.31136363636364
CEILANDIA;SETOR INDUSTRIAL I                           ;60225;2022;2022-2;14;102000;0.05;212000.0;480.375;480.375;320.25;6;CERCADO;Mista;0;1;1;1;110000.0;107.84313725490196
CEILANDIA;SETOR INDUSTRIAL I                           ;60225;2022;2022-2;15;102000;0.05;119500.0;480.375;480.375;320.25;6;CERCADO;Mista;0;1;1;1;17500.0;17.15686274509804
SAO SEBASTIAO;SETOR HABITACIONAL JARDIM BOTANICO;60214;2022;2022-2;22;407000;0.05;851500.0;1115.25;1115.25;743.5;30;VAGO;Unifamiliar;1;0;0;0;444500.0;109.21375921375922
RECANTO DAS EMAS;RECANTO DAS EMAS;60216;2022;2022-2;25;90100;0.05;94141.44;193.4;174.06;96.7;2;VAGO;Mista;1;1;1;1;4041.4400000000023;4.485504994450613
RECANTO DAS EMAS;AREA DE DESENVOLVIMENTO ECONOMICO;60227;2022;2022-2;30;136000;0.05;169990.0;462.0;462.0;115.5;1;CONSTRUIDO;Mista;1;1;1;1;33990.0;24.99264705882353
RIACHO FUNDO II;HABITACIONAL RIACHO FUNDO II;60217;2022;2022-2;31;122000;0.05;206100.0;273.0;127.4;91.0;5;VAGO;Mista;1;1;1;1;84100.0;68.93442622950819
RIACHO FUNDO II;HABITACIONAL RIACHO FUNDO II;60217;2022;2022-2;32;122000;0.05;175400.0;273.0;127.4;91.0;2;VAGO;Mista;1;1;1;1;53400.0;43.77049180327869
RIACHO FUNDO II;HABITACIONAL RIACHO FUNDO II;60217;2022;2022-2;33;138000;0.05;203980.0;315.0;147.0;105.0;9;VAGO;Mista;1;1;1;1;65980.0;47.81159420289855
RIACHO FUNDO II;HABITACIONAL RIACHO FUNDO II;60217;2022;2022-2;34;122000;0.05;175000.0;273.0;127.4;91.0;7;VAGO;Mista;1;1;1;1;53000.0;43.44262295081967
RIACHO FUNDO II;HABITACIONAL RIACHO FUNDO II;60217;2022;2022-2;35;122000;0.05;170500.0;273.0;127.4;91.0;4;VAGO;Mista;1;1;1;1;48500.0;39.75409836065574
SAMAMBAIA;QN-SAMAMBAIA;60219;2022;2022-2;45;127170;0.05;127170.0;150.0;100.0;50.0;1;OCUPADO;Mista;1;1;1;1;0.0;0.0
SAMAMBAIA;QS-SAMAMBAIA;60219;2022;2022-2;46;133000;0.05;133500.0;300.0;200.0;100.0;1;VAGO;Mista;1;1;1;1;500.0;0.37593984962406013
SAMAMBAIA;QS-SAMAMBAIA;60219;2022;2022-2;47;133000;0.05;133000.0;300.0;200.0;100.0;1;VAGO;Mista;1;1;1;1;0.0;0.0
SAMAMBAIA;QS-SAMAMBAIA;60219;2022;2022-2;51;109000;0.05;130000.0;300.0;200.0;100.0;3;VAGO;Mista;1;1;1;1;21000.0;19.26605504587156
SAMAMBAIA;QN-SAMAMBAIA;60220;2022;2022-2;61;109000;0.05;122122.1;300.0;200.0;100.0;1;VAGO;Mista;1;1;1;1;13122.100000000006;12.038623853211014
SAMAMBAIA;QN-SAMAMBAIA;60220;2022;2022-2;63;114000;0.05;130100.0;600.0;400.0;200.0;1;VAGO;Mista;1;1;1;1;16100.0;14.12280701754386
SAMAMBAIA;QS-SAMAMBAIA;60220;2022;2022-2;64;210000;0.05;245000.0;1200.0;800.0;400.0;3;VAGO;Mista;1;1;1;1;35000.0;16.666666666666664
SAMAMBAIA;QS-SAMAMBAIA;60220;2022;2022-2;65;210000;0.05;258350.0;1200.0;800.0;400.0;2;VAGO;Mista;1;1;1;1;48350.0;23.023809523809526
SAMAMBAIA;QS-SAMAMBAIA;60220;2022;2022-2;70;109000;0.05;136000.0;300.0;200.0;100.0;1;VAGO;Mista;1;1;1;1;27000.0;24.770642201834864
SAMAMBAIA;QS-SAMAMBAIA;60220;2022;2022-2;76;89800;0.05;98000.0;450.0;300.0;150.0;1;OBSTRUIDO;Mista;1;1;1;1;8200.0;9.131403118040089
SANTA MARIA;SANTA MARIA                                  ;60217;2022;2022-2;83;202000;0.05;203000.0;300.0;105.0;75.0;1;VAGO;Mista;1;1;1;1;1000.0;0.49504950495049505
SANTA MARIA;SANTA MARIA                                  ;60217;2022;2022-2;87;394000;0.05;395000.0;800.0;280.0;200.0;1;VAGO;Mista;1;1;1;1;1000.0;0.25380710659898476
SANTA MARIA;SANTA MARIA                                  ;60228;2022;2022-2;89;325000;0.05;451000.0;2080.0;1120.0;800.0;3;VAGO;Institucional;0;0;0;1;126000.0;38.76923076923077
SAO SEBASTIAO;BAIRRO SÃO BARTOLOMEU;60217;2022;2022-2;90;456000;0.05;520777.77;1096.467;1005.095;365.489;1;VAGO;Mista;1;1;1;1;64777.77000000002;14.205651315789478
TAGUATINGA;SETOR M NORTE-QUADRA RESIDENCIAL             ;60214;2022;2022-2;95;138000;0.05;200000.0;256.0;256.0;128.0;7;VAGO;Unifamiliar;1;0;0;0;62000.0;44.927536231884055
TAGUATINGA;AREA DES/ECONOMICO-AGUAS CLARAS;60227;2022;2022-3;1;294000;0.05;365000.0;500.0;500.0;250.0;11;OBSTRUIDO;Mista;1;1;1;1;71000.0;24.149659863945576
BRASILIA;SHCNW-SETOR DE HABITAÇÕES COLETIVAS NOROESTE;60598;2022;2022-3;2;181000;0.05;211500.0;20.0;20.0;20.0;4;OBSTRUIDO;Mista;0;1;1;1;30500.0;16.85082872928177
BRASILIA;SETOR DE MANSOES DO LAGO-INTERNA;60212;2022;2022-3;7;2140000;0.05;2151000.0;4800.0;4800.0;6000.0;1;EM CONSTRUCAO;Unifamiliar;1;0;0;0;11000.0;0.5140186915887851
CEILANDIA;SETOR INDUSTRIAL I                           ;60227;2022;2022-3;12;34600;0.05;55550.0;120.0;120.0;60.0;10;VAGO;Mista;1;1;1;1;20950.0;60.54913294797688
CEILANDIA;SETOR INDUSTRIAL I                           ;60227;2022;2022-3;13;34600;0.05;41100.0;120.0;120.0;60.0;3;VAGO;Mista;1;1;1;1;6500.0;18.786127167630056
CEILANDIA;SETOR INDUSTRIAL I                           ;60227;2022;2022-3;14;34600;0.05;34600.0;120.0;120.0;60.0;1;VAGO;Mista;1;1;1;1;0.0;0.0
CEILANDIA;SETOR INDUSTRIAL I                           ;60227;2022;2022-3;22;34600;0.05;36000.0;120.0;120.0;60.0;1;VAGO;Mista;1;1;1;1;1400.0;4.046242774566474
CEILANDIA;SETOR HABITACIONAL SOL NASCENTE TRECHO 01 ETAPA I;60228;2022;2022-3;23;198000;0.05;206300.0;897.064;897.064;640.76;1;VAGO;Institucional;0;0;0;1;8300.0;4.191919191919192
CEILANDIA;SETOR HABITACIONAL SOL NASCENTE TRECHO 01 ETAPA I;60228;2022;2022-3;24;198000;0.05;203300.0;895.342;895.342;639.53;1;VAGO;Institucional;0;0;0;1;5300.0;2.6767676767676765
GAMA;SETOR SUL                                    ;60216;2022;2022-3;27;195000;0.05;220000.5;1250.0;625.0;312.5;2;VAGO;Mista;1;1;1;1;25000.5;12.82076923076923
GAMA;SETOR SUL                                    ;60216;2022;2022-3;28;195000;0.05;198000.0;1250.0;625.0;312.5;1;CERCADO;Mista;1;1;1;1;3000.0;1.5384615384615385
GAMA;SETOR SUL                                    ;60216;2022;2022-3;30;195000;0.05;195500.0;1250.0;625.0;312.5;1;VAGO;Mista;1;1;1;1;500.0;0.2564102564102564
GUARA;SETOR RESID INDUSTRIA E ABASTECIMENTO        ;60220;2022;2022-3;33;311000;0.05;521139.17;465.696;465.696;194.04;14;VAGO;Mista;1;1;1;1;210139.16999999998;67.56886495176848
GUARA;POLO DE MODAS - SRIA/GUARA;60216;2022;2022-3;34;458000;0.05;473000.0;826.88;620.16;206.72;3;OCUPADO;Mista;1;1;1;1;15000.0;3.2751091703056767
SAO SEBASTIAO;SETOR HABITACIONAL JARDIM BOTANICO;60214;2022;2022-3;37;595000;0.05;1150000.0;1591.98;1591.98;1061.32;11;VAGO;Unifamiliar;1;0;0;0;555000.0;93.27731092436974
LAGO NORTE;SETOR HABITACIONAL TAQUARI;60211;2022;2022-3;39;540000;0.05;963066.6;640.0;640.0;800.0;23;VAGO;Unifamiliar;1;0;0;0;423066.6;78.34566666666666
LAGO NORTE;SETOR HABITACIONAL TAQUARI;60211;2022;2022-3;40;592000;0.05;857000.0;733.928;733.928;917.41;8;VAGO;Unifamiliar;1;0;0;0;265000.0;44.763513513513516
RIACHO FUNDO II;HABITACIONAL RIACHO FUNDO II;60217;2022;2022-3;46;122000;0.05;181500.0;273.0;127.4;91.0;1;VAGO;Mista;1;1;1;1;59500.0;48.77049180327869
RIACHO FUNDO II;HABITACIONAL RIACHO FUNDO II;60217;2022;2022-3;47;122000;0.05;141520.0;273.0;127.4;91.0;1;VAGO;Mista;1;1;1;1;19520.0;16.0
RIACHO FUNDO II;HABITACIONAL RIACHO FUNDO II;60217;2022;2022-3;50;122000;0.05;207100.0;273.0;127.4;91.0;2;OCUPADO;Mista;1;1;1;1;85100.0;69.75409836065573
RIACHO FUNDO II;HABITACIONAL RIACHO FUNDO II;60217;2022;2022-3;51;122000;0.05;195500.0;273.0;127.4;91.0;3;VAGO;Mista;1;1;1;1;73500.0;60.245901639344254
RIACHO FUNDO II;HABITACIONAL RIACHO FUNDO II;60217;2022;2022-3;52;122000;0.05;218000.0;273.0;127.4;91.0;3;VAGO;Mista;1;1;1;1;96000.0;78.68852459016394
SAMAMBAIA;CENTRO URBANO;60217;2022;2022-3;54;641000;0.05;657000.0;1193.85;795.9;397.95;1;VAGO;Mista;1;1;1;1;16000.0;2.49609984399376
SAMAMBAIA;QS-SAMAMBAIA;60217;2022;2022-3;57;143000;0.05;212511.0;350.0;200.0;100.0;4;VAGO;Mista;1;1;1;1;69511.0;48.60909090909091
SAMAMBAIA;QS-SAMAMBAIA;60217;2022;2022-3;59;143000;0.05;153000.0;350.0;200.0;100.0;2;OCUPADO;Mista;1;1;1;1;10000.0;6.993006993006993
SAMAMBAIA;QS-SAMAMBAIA;60217;2022;2022-3;60;143000;0.05;153000.0;350.0;200.0;100.0;2;OCUPADO;Mista;1;1;1;1;10000.0;6.993006993006993
SAMAMBAIA;QS-SAMAMBAIA;60217;2022;2022-3;63;143000;0.05;145000.0;350.0;200.0;100.0;1;VAGO;Mista;1;1;1;1;2000.0;1.3986013986013985
SAMAMBAIA;QN-SAMAMBAIA;60219;2022;2022-3;66;109000;0.05;109000.0;300.0;200.0;100.0;1;VAGO;Mista;1;1;1;1;0.0;0.0
SAMAMBAIA;QN-SAMAMBAIA;60219;2022;2022-3;68;109000;0.05;126000.0;300.0;200.0;100.0;1;VAGO;Mista;1;1;1;1;17000.0;15.59633027522936
SAMAMBAIA;QN-SAMAMBAIA;60219;2022;2022-3;72;109000;0.05;109000.0;300.0;200.0;100.0;1;VAGO;Mista;1;1;1;1;0.0;0.0
SAMAMBAIA;QN-SAMAMBAIA;60219;2022;2022-3;73;838000;0.05;853000.0;5094.03;3396.02;1698.01;1;OBSTRUIDO;Mista;1;1;1;1;15000.0;1.7899761336515514
SAMAMBAIA;QN-SAMAMBAIA;60219;2022;2022-3;74;148000;0.05;181255.0;450.0;300.0;150.0;1;OBSTRUIDO;Mista;1;1;1;1;33255.0;22.469594594594593
SAMAMBAIA;QS-SAMAMBAIA;60219;2022;2022-3;81;109000;0.05;110000.0;300.0;200.0;100.0;1;VAGO;Mista;1;1;1;1;1000.0;0.9174311926605505
SAMAMBAIA;QS-SAMAMBAIA;60219;2022;2022-3;85;133000;0.05;153000.0;300.0;200.0;100.0;2;VAGO;Mista;1;1;1;1;20000.0;15.037593984962406
SAMAMBAIA;QS-SAMAMBAIA;60219;2022;2022-3;86;133000;0.05;145000.0;300.0;200.0;100.0;2;VAGO;Mista;1;1;1;1;12000.0;9.022556390977442
SAMAMBAIA;AREA DE DESENVOLVIMENTO ECONOMICO SUL;60227;2022;2022-3;98;113000;0.05;350000.0;300.0;300.0;150.0;2;OCUPADO;Mista;1;1;1;1;237000.0;209.73451327433628
SAMAMBAIA;AREA DE DESENVOLVIMENTO ECONOMICO SUL;60227;2022;2022-3;99;87000;0.05;164335.06;210.0;210.0;105.0;3;VAGO;Mista;1;1;1;1;77335.06;88.89087356321839
SAMAMBAIA;AREA DE DESENVOLVIMENTO ECONOMICO SUL;60227;2022;2022-3;100;87000;0.05;164335.06;210.0;210.0;105.0;2;VAGO;Mista;1;1;1;1;77335.06;88.89087356321839
SAMAMBAIA;QI-SAMAMBAIA;60227;2022;2022-3;101;117000;0.05;201001.99;200.0;200.0;100.0;7;OCUPADO;Mista;1;1;1;1;84001.98999999999;71.79657264957264
SAMAMBAIA;QI-SAMAMBAIA;60227;2022;2022-3;102;117000;0.05;201005.01;200.0;200.0;100.0;5;OCUPADO;Mista;1;1;1;1;84005.01000000001;71.79915384615386
SANTA MARIA;POLO DESENV/ECONOMICO JUSCELINO KUBITSCHEK INDUSTRIA COMERCIO DE APOIO;60225;2022;2022-3;109;4920000;0.05;4930105.0;30000.0;10000.0;10000.0;1;OBSTRUIDO;Mista;0;1;1;1;10105.0;0.2053861788617886
TAGUATINGA;BAIRRO AGUAS CLARAS;60213;2022;2022-5;1;11800000;0.2;18611000.0;14314.825;8588.895;5725.93;3;VAGO;Multifamiliar;1;0;0;0;6811000.0;57.720338983050844
TAGUATINGA;BAIRRO AGUAS CLARAS;60222;2022;2022-5;2;5360000;0.2;11521000.0;7200.0;2160.0;3600.0;13;CERCADO;Mista;0;1;1;1;6161000.0;114.94402985074628
BRASILIA;SHCNW-SETOR DE HABITAÇÕES COLETIVAS NOROESTE;60033;2022;2022-5;5;7390000;0.05;7611700.0;2812.0;2812.0;740.0;1;VAGO;Mista;1;1;0;1;221700.0;3.0
BRASILIA;SHCNW-SETOR DE HABITAÇÕES COLETIVAS NOROESTE;60033;2022;2022-5;6;7390000;0.05;7537800.0;2812.0;2812.0;740.0;1;VAGO;Mista;1;1;0;1;147800.0;2.0
BRASILIA;SHCNW-SETOR DE HABITAÇÕES COLETIVAS NOROESTE;60601;2022;2022-5;9;21400000;0.05;21400000.0;11280.0;11280.0;3760.0;1;VAGO;Comercial;0;1;1;1;0.0;0.0
CEILANDIA;SETOR INDUSTRIAL I                           ;60225;2022;2022-5;20;102000;0.05;142951.79;480.375;480.375;320.25;3;CONSTRUIDO;Mista;0;1;1;1;40951.79000000001;40.14881372549021
CEILANDIA;SETOR INDUSTRIAL I                           ;60225;2022;2022-5;21;102000;0.05;149990.0;480.375;480.375;320.25;8;OCUPADO;Mista;0;1;1;1;47990.0;47.04901960784314
GAMA;SETOR DE MULTIPLAS ATIVIDADES;60224;2022;2022-5;25;239000;0.05;241000.0;544.8;340.5;340.5;3;VAGO;Mista;0;1;1;1;2000.0;0.8368200836820083
GUARA;SETOR RESID INDUSTRIA E ABASTECIMENTO        ;60214;2022;2022-5;26;216000;0.05;305059.0;313.584;313.584;130.66;3;CERCADO;Unifamiliar;1;0;0;0;89059.0;41.23101851851852
GUARA;SETOR RESID INDUSTRIA E ABASTECIMENTO        ;60214;2022;2022-5;27;236000;0.05;427531.83;345.6;345.6;144.0;11;VAGO;Unifamiliar;1;0;0;0;191531.83000000002;81.15755508474577
GUARA;SETOR RESID INDUSTRIA E ABASTECIMENTO        ;60214;2022;2022-5;28;236000;0.05;450000.0;345.6;345.6;144.0;6;VAGO;Unifamiliar;1;0;0;0;214000.0;90.67796610169492
GUARA;SETOR RESID INDUSTRIA E ABASTECIMENTO        ;60214;2022;2022-5;29;236000;0.05;367000.0;345.6;345.6;144.0;9;VAGO;Unifamiliar;1;0;0;0;131000.0;55.50847457627118
GUARA;SETOR RESID INDUSTRIA E ABASTECIMENTO        ;60217;2022;2022-5;31;1970000;0.05;1971000.0;2500.0;1875.0;625.0;1;VAGO;Mista;1;1;1;1;1000.0;0.050761421319796954
GUARA;SETOR RESID INDUSTRIA E ABASTECIMENTO        ;60317;2022;2022-5;34;4580000;0.05;4651000.0;625.0;312.5;1250.0;1;VAGO;Comercial;0;1;0;0;71000.0;1.5502183406113539
SAO SEBASTIAO;SETOR HABITACIONAL JARDIM BOTANICO;60214;2022;2022-5;35;454000;0.05;1037000.0;1281.9;1281.9;854.6;12;VAGO;Unifamiliar;1;0;0;0;583000.0;128.41409691629957
SAO SEBASTIAO;SETOR HABITACIONAL JARDIM BOTANICO;60214;2022;2022-5;36;459000;0.05;971999.99;1173.0;1173.0;782.0;9;VAGO;Unifamiliar;1;0;0;0;512999.99;111.7647037037037
SAO SEBASTIAO;SETOR HABITACIONAL JARDIM BOTANICO;60214;2022;2022-5;37;431000;0.05;884000.0;1200.0;1200.0;800.0;19;VAGO;Unifamiliar;1;0;0;0;453000.0;105.10440835266822
RECANTO DAS EMAS;RECANTO DAS EMAS;60217;2022;2022-5;45;46200;0.05;87000.5;227.424;177.984;98.88;11;OBSTRUIDO;Mista;1;1;1;1;40800.5;88.31277056277057
RIACHO FUNDO II;HABITACIONAL RIACHO FUNDO II;60217;2022;2022-5;49;570000;0.05;625000.0;1599.42;746.396;533.14;1;VAGO;Mista;1;1;1;1;55000.0;9.649122807017543
RIACHO FUNDO II;HABITACIONAL RIACHO FUNDO II;60217;2022;2022-5;50;572000;0.05;705000.0;1605.36;749.168;535.12;1;VAGO;Mista;1;1;1;1;133000.0;23.251748251748253
RIACHO FUNDO II;HABITACIONAL RIACHO FUNDO II;60217;2022;2022-5;51;793000;0.05;901014.22;2205.896;1102.948;787.82;1;VAGO;Mista;1;1;1;1;108014.21999999997;13.620960907944509
RIACHO FUNDO II;HABITACIONAL RIACHO FUNDO II;60222;2022;2022-5;52;61100;0.05;106630.0;100.0;70.0;50.0;9;OBSTRUIDO;Mista;0;1;1;1;45530.0;74.51718494271687
RIACHO FUNDO II;HABITACIONAL RIACHO FUNDO II;60222;2022;2022-5;53;86300;0.05;146000.0;148.48;103.936;74.24;3;OCUPADO;Mista;0;1;1;1;59700.0;69.17728852838934
SAMAMBAIA;QN-SAMAMBAIA;60217;2022;2022-5;56;118000;0.05;125000.0;350.0;200.0;100.0;1;VAGO;Mista;1;1;1;1;7000.0;5.932203389830509
SAMAMBAIA;QN-SAMAMBAIA;60217;2022;2022-5;57;118000;0.05;125000.0;350.0;200.0;100.0;1;VAGO;Mista;1;1;1;1;7000.0;5.932203389830509
SAMAMBAIA;QN-SAMAMBAIA;60217;2022;2022-5;58;219000;0.05;224797.0;614.25;351.0;175.5;2;VAGO;Mista;1;1;1;1;5797.0;2.6470319634703197
SAMAMBAIA;QS-SAMAMBAIA;60217;2022;2022-5;64;143000;0.05;153000.0;350.0;200.0;100.0;2;VAGO;Mista;1;1;1;1;10000.0;6.993006993006993
SAMAMBAIA;QS-SAMAMBAIA;60219;2022;2022-5;75;238000;0.05;241000.0;795.0;530.0;265.0;1;VAGO;Mista;1;1;1;1;3000.0;1.2605042016806722
SAMAMBAIA;QS-SAMAMBAIA;60219;2022;2022-5;76;109000;0.05;115500.0;300.0;200.0;100.0;1;VAGO;Mista;1;1;1;1;6500.0;5.963302752293578
SAMAMBAIA;QS-SAMAMBAIA;60219;2022;2022-5;80;238000;0.05;241000.0;795.0;530.0;265.0;1;VAGO;Mista;1;1;1;1;3000.0;1.2605042016806722
SAMAMBAIA;QS-SAMAMBAIA;60219;2022;2022-5;81;109000;0.05;115000.0;300.0;200.0;100.0;1;OBSTRUIDO;Mista;1;1;1;1;6000.0;5.5045871559633035
SAMAMBAIA;QN-SAMAMBAIA;60220;2022;2022-5;82;109000;0.05;112500.0;300.0;200.0;100.0;1;VAGO;Mista;1;1;1;1;3500.0;3.211009174311927
SAMAMBAIA;QN-SAMAMBAIA;60220;2022;2022-5;86;109000;0.05;135700.0;300.0;200.0;100.0;1;VAGO;Mista;1;1;1;1;26700.0;24.4954128440367
SAMAMBAIA;QN-SAMAMBAIA;60220;2022;2022-5;87;109000;0.05;140000.0;300.0;200.0;100.0;1;VAGO;Mista;1;1;1;1;31000.0;28.440366972477065
SAMAMBAIA;QN-SAMAMBAIA;60220;2022;2022-5;91;89800;0.05;95150.0;450.0;300.0;150.0;1;VAGO;Mista;1;1;1;1;5350.0;5.957683741648108
SAMAMBAIA;QN-SAMAMBAIA;60220;2022;2022-5;92;1030000;0.05;1050000.1;3795.0;2530.0;1265.0;1;VAGO;Mista;1;1;1;1;20000.100000000093;1.9417572815534072
SAMAMBAIA;QS-SAMAMBAIA;60220;2022;2022-5;95;119000;0.05;119000.0;339.0;226.0;113.0;1;OCUPADO;Mista;1;1;1;1;0.0;0.0
SAMAMBAIA;AREA DE DESENVOLVIMENTO ECONOMICO SUL;60227;2022;2022-5;100;87000;0.05;128000.0;210.0;210.0;105.0;5;CERCADO;Mista;1;1;1;1;41000.0;47.12643678160919
SAMAMBAIA;QI-SAMAMBAIA;60227;2022;2022-5;101;117000;0.05;125000.0;200.0;200.0;100.0;1;OCUPADO;Mista;1;1;1;1;8000.0;6.837606837606838
SAO SEBASTIAO;BAIRRO CENTRO;60216;2022;2022-5;103;182000;0.05;211000.0;432.0;360.0;144.0;2;OCUPADO;Mista;1;1;1;1;29000.0;15.934065934065933
SAO SEBASTIAO;BAIRRO SÃO BARTOLOMEU;60217;2022;2022-5;104;452000;0.05;462000.0;1085.997;995.497;361.999;1;VAGO;Mista;1;1;1;1;10000.0;2.2123893805309733
CEILANDIA;SETOR N NORTE-QUADRA RESIDENCIAL             ;60217;2022;2022-6;11;1890000;0.05;1891100.0;6000.0;2000.0;1000.0;1;VAGO;Mista;1;1;1;1;1100.0;0.0582010582010582
CEILANDIA;SETOR N NORTE-QUADRA RESIDENCIAL             ;60217;2022;2022-6;12;1890000;0.05;1891100.0;6000.0;2000.0;1000.0;1;VAGO;Mista;1;1;1;1;1100.0;0.0582010582010582
CEILANDIA;SETOR N NORTE-QUADRA RESIDENCIAL             ;60217;2022;2022-6;13;2510000;0.05;2522100.0;8414.28;2804.76;1402.38;1;VAGO;Mista;1;1;1;1;12100.0;0.4820717131474104
CEILANDIA;SETOR O NORTE-QUADRA RESIDENCIAL             ;60219;2022;2022-6;20;352000;0.05;355999.0;1134.0;756.0;378.0;1;OBSTRUIDO;Mista;1;1;1;1;3999.0;1.1360795454545456
CEILANDIA;SETOR O NORTE-QUADRA RESIDENCIAL             ;60219;2022;2022-6;21;352000;0.05;355000.0;1134.0;756.0;378.0;2;OCUPADO;Mista;1;1;1;1;3000.0;0.8522727272727272
CEILANDIA;SETOR O NORTE-QUADRA RESIDENCIAL             ;60219;2022;2022-6;22;352000;0.05;353000.01;1134.0;756.0;378.0;1;OCUPADO;Mista;1;1;1;1;1000.0100000000093;0.28409375000000264
GUARA;SETOR RESID INDUSTRIA E ABASTECIMENTO        ;60221;2022;2022-6;26;1450000;0.05;2351100.0;3600.0;2700.0;900.0;1;VAGO;Mista;0;1;1;1;901100.0;62.144827586206894
PARANOA;PARANOÁ PARQUE;60221;2022;2022-6;31;867000;0.05;883000.0;3318.768;1843.76;1843.76;2;VAGO;Mista;0;1;1;1;16000.0;1.845444059976932
PARANOA;PARANOÁ PARQUE;60221;2022;2022-6;32;867000;0.05;867100.0;3318.757;1843.754;1843.754;1;OCUPADO;Mista;0;1;1;1;100.0;0.011534025374855825
PARANOA;PARANOÁ PARQUE;60221;2022;2022-6;33;833000;0.05;833100.0;3129.532;1738.629;1738.629;1;VAGO;Mista;0;1;1;1;100.0;0.012004801920768308
RECANTO DAS EMAS;RECANTO DAS EMAS;60216;2022;2022-6;42;121000;0.05;121000.0;300.0;270.0;150.0;1;SITUACAO NAO CADASTRADA;Mista;1;1;1;1;0.0;0.0
RECANTO DAS EMAS;RECANTO DAS EMAS;60216;2022;2022-6;44;112000;0.05;112000.0;275.0;247.5;137.5;1;SITUACAO NAO CADASTRADA;Mista;1;1;1;1;0.0;0.0
RECANTO DAS EMAS;RECANTO DAS EMAS;60217;2022;2022-6;49;493000;0.05;511100.01;1769.025;1273.698;707.61;5;VAGO;Mista;1;1;1;1;18100.01000000001;3.671401622718055
RECANTO DAS EMAS;RECANTO DAS EMAS;60217;2022;2022-6;51;232000;0.05;232000.0;661.25;517.5;287.5;1;VAGO;Mista;1;1;1;1;0.0;0.0
RECANTO DAS EMAS;RECANTO DAS EMAS;60217;2022;2022-6;56;46200;0.05;62310.0;115.0;90.0;50.0;3;VAGO;Mista;1;1;1;1;16110.0;34.870129870129865
RECANTO DAS EMAS;RECANTO DAS EMAS;60217;2022;2022-6;58;63000;0.05;65500.0;161.0;126.0;70.0;2;VAGO;Mista;1;1;1;1;2500.0;3.968253968253968
RECANTO DAS EMAS;AREA DE DESENVOLVIMENTO ECONOMICO;60224;2022;2022-6;64;295000;0.05;300000.0;1108.224;1108.224;346.32;1;OCUPADO;Mista;0;1;1;1;5000.0;1.694915254237288
RIACHO FUNDO II;HABITACIONAL RIACHO FUNDO II;60217;2022;2022-6;66;140000;0.05;242000.0;273.0;127.4;91.0;12;VAGO;Mista;1;1;1;1;102000.0;72.85714285714285
SAMAMBAIA;QN-SAMAMBAIA;60217;2022;2022-6;76;150000;0.05;150001.0;350.0;200.0;100.0;1;OCUPADO;Mista;1;1;1;1;1.0;0.0006666666666666666
SAO SEBASTIAO;BAIRRO SÃO BARTOLOMEU;60217;2022;2022-6;101;465000;0.05;465100.0;1118.34;1025.145;372.78;2;VAGO;Mista;1;1;1;1;100.0;0.021505376344086023
SAO SEBASTIAO;BAIRRO SÃO BARTOLOMEU;60217;2022;2022-6;102;470000;0.05;470100.0;1130.406;1036.206;376.802;1;VAGO;Mista;1;1;1;1;100.0;0.02127659574468085
SAO SEBASTIAO;BAIRRO SÃO BARTOLOMEU;60217;2022;2022-6;103;464000;0.05;464100.0;1114.959;1022.046;371.653;1;VAGO;Mista;1;1;1;1;100.0;0.021551724137931036
SAO SEBASTIAO;BAIRRO SÃO BARTOLOMEU;60217;2022;2022-6;104;474000;0.05;474100.0;1140.972;1045.891;380.324;1;VAGO;Mista;1;1;1;1;100.0;0.02109704641350211
TAGUATINGA;SETOR M NORTE-QUADRA RESIDENCIAL             ;60214;2022;2022-6;106;151000;0.05;251777.0;256.0;256.0;128.0;6;VAGO;Unifamiliar;1;0;0;0;100777.0;66.73973509933775
TAGUATINGA;BAIRRO AGUAS CLARAS-QS;60220;2022;2022-7;1;1792800;0.05;1792800.0;3510.0;2340.0;1170.0;1;OCUPADO;Mista;1;1;1;1;0.0;0.0
CEILANDIA;SETOR INDUSTRIAL I                           ;60225;2022;2022-7;18;207000;0.05;252000.0;1400.0;1400.0;700.0;1;VAGO;Mista;0;1;1;1;45000.0;21.73913043478261
CEILANDIA;SETOR INDUSTRIAL I                           ;60225;2022;2022-7;19;207000;0.05;219000.0;1400.0;1400.0;700.0;1;VAGO;Mista;0;1;1;1;12000.0;5.797101449275362
CEILANDIA;SETOR INDUSTRIAL I                           ;60225;2022;2022-7;20;207000;0.05;250000.0;1400.0;1400.0;700.0;1;VAGO;Mista;0;1;1;1;43000.0;20.77294685990338
CEILANDIA;SETOR INDUSTRIAL I                           ;60225;2022;2022-7;21;207000;0.05;207000.0;1400.0;1400.0;700.0;1;OCUPADO;Mista;0;1;1;1;0.0;0.0
CEILANDIA;SETOR INDUSTRIAL I                           ;60225;2022;2022-7;22;207000;0.05;220000.0;1400.0;1400.0;700.0;1;VAGO;Mista;0;1;1;1;13000.0;6.280193236714976
CEILANDIA;SETOR INDUSTRIAL I                           ;60225;2022;2022-7;23;207000;0.05;229000.99;1400.0;1400.0;700.0;2;VAGO;Mista;0;1;1;1;22000.98999999999;10.628497584541059
GAMA;SETOR LESTE INDUSTRIAL                       ;60220;2022;2022-7;27;643000;0.05;1252200.0;3750.0;3750.0;1500.0;6;VAGO;Mista;1;1;1;1;609200.0;94.74339035769829
GAMA;SETOR DE MULTIPLAS ATIVIDADES;60224;2022;2022-7;28;252000;0.05;267900.0;624.0;390.0;390.0;3;VAGO;Mista;0;1;1;1;15900.0;6.309523809523809
ITAPOÃ;SETOR HABITACIONAL ITAPOA - ITAPOA PARQUE - AV. ITAPOA PARQUE;60222;2022;2022-7;30;234000;0.05;365000.0;756.0;756.0;840.0;7;VAGO;Mista;0;1;1;1;131000.0;55.98290598290598
ITAPOÃ;SETOR HABITACIONAL ITAPOA - ITAPOA PARQUE - AV. ITAPOA PARQUE;60222;2022;2022-7;31;234000;0.05;345000.0;756.0;756.0;840.0;3;VAGO;Mista;0;1;1;1;111000.0;47.43589743589743
ITAPOÃ;SETOR HABITACIONAL ITAPOA - ITAPOA PARQUE - AV. ITAPOA PARQUE;60222;2022;2022-7;32;234000;0.05;302100.0;756.0;756.0;840.0;4;VAGO;Mista;0;1;1;1;68100.0;29.102564102564106
ITAPOÃ;SETOR HABITACIONAL ITAPOA - ITAPOA PARQUE - AV. ITAPOA PARQUE;60222;2022;2022-7;33;234000;0.05;302000.0;756.0;756.0;840.0;3;VAGO;Mista;0;1;1;1;68000.0;29.059829059829063
ITAPOÃ;SETOR HABITACIONAL ITAPOA - ITAPOA PARQUE - AV. ITAPOA PARQUE;60222;2022;2022-7;34;234000;0.05;302000.0;756.0;756.0;840.0;5;VAGO;Mista;0;1;1;1;68000.0;29.059829059829063
ITAPOÃ;SETOR HABITACIONAL ITAPOA - ITAPOA PARQUE - AV. ITAPOA PARQUE;60222;2022;2022-7;35;234000;0.05;500000.0;756.0;756.0;840.0;4;VAGO;Mista;0;1;1;1;266000.0;113.67521367521367
ITAPOÃ;SETOR HABITACIONAL ITAPOA - ITAPOA PARQUE - AV. ITAPOA PARQUE;60222;2022;2022-7;36;418000;0.05;647900.0;1404.9;1404.9;1561.0;6;VAGO;Mista;0;1;1;1;229900.0;55.00000000000001
SAO SEBASTIAO;SETOR HABITACIONAL JARDIM BOTANICO;60214;2022;2022-7;37;576000;0.05;981909.99;1700.205;1700.205;1133.47;6;VAGO;Unifamiliar;1;0;0;0;405909.99;70.470484375
RECANTO DAS EMAS;RECANTO DAS EMAS;60216;2022;2022-7;42;121000;0.05;121000.0;300.0;270.0;150.0;1;VAGO;Mista;1;1;1;1;0.0;0.0
RECANTO DAS EMAS;AREA DE DESENVOLVIMENTO ECONOMICO;60227;2022;2022-7;48;137000;0.05;168100.0;463.36;463.36;115.84;5;OBSTRUIDO;Mista;1;1;1;1;31100.0;22.7007299270073
RIACHO FUNDO II;HABITACIONAL RIACHO FUNDO II;60217;2022;2022-7;49;395000;0.05;581300.0;936.54;437.052;312.18;6;VAGO;Mista;1;1;1;1;186300.0;47.164556962025316
RIACHO FUNDO II;HABITACIONAL RIACHO FUNDO II;60222;2022;2022-7;50;587000;0.05;742300.0;1620.0;756.0;540.0;3;OBSTRUIDO;Mista;0;1;1;1;155300.0;26.456558773424188
SAMAMBAIA;CENTRO URBANO;60217;2022;2022-7;56;427000;0.05;669000.0;720.0;480.0;240.0;4;VAGO;Mista;1;1;1;1;242000.0;56.674473067915685
SAMAMBAIA;CENTRO URBANO;60217;2022;2022-7;57;427000;0.05;710000.0;720.0;480.0;240.0;3;VAGO;Mista;1;1;1;1;283000.0;66.27634660421545
SAMAMBAIA;QN-SAMAMBAIA;60217;2022;2022-7;59;125000;0.05;130000.0;350.0;200.0;100.0;2;OBSTRUIDO;Mista;1;1;1;1;5000.0;4.0
SAMAMBAIA;QN-SAMAMBAIA;60219;2022;2022-7;60;730000;0.05;752000.0;2073.75;1382.5;691.25;1;VAGO;Mista;1;1;1;1;22000.0;3.0136986301369864
SAMAMBAIA;QS-SAMAMBAIA;60220;2022;2022-7;81;115000;0.05;130000.0;300.0;200.0;100.0;1;VAGO;Mista;1;1;1;1;15000.0;13.043478260869565
SAMAMBAIA;QS-SAMAMBAIA;60220;2022;2022-7;82;115000;0.05;130000.0;300.0;200.0;100.0;1;VAGO;Mista;1;1;1;1;15000.0;13.043478260869565
SAMAMBAIA;QS-SAMAMBAIA;60220;2022;2022-7;83;115000;0.05;130000.0;300.0;200.0;100.0;1;VAGO;Mista;1;1;1;1;15000.0;13.043478260869565
SAMAMBAIA;QS-SAMAMBAIA;60220;2022;2022-7;84;115000;0.05;130000.0;300.0;200.0;100.0;2;VAGO;Mista;1;1;1;1;15000.0;13.043478260869565
SAMAMBAIA;QS-SAMAMBAIA;60220;2022;2022-7;85;115000;0.05;180000.0;300.0;200.0;100.0;4;VAGO;Mista;1;1;1;1;65000.0;56.52173913043478
SANTA MARIA;SANTA MARIA                                  ;60217;2022;2022-7;88;1540000;0.05;1540000.0;5184.0;1814.4;1296.0;1;OCUPADO;Mista;1;1;1;1;0.0;0.0
SAO SEBASTIAO;BAIRRO RESIDENCIAL OESTE;60217;2022;2022-7;91;202000;0.05;345999.98;480.0;440.0;160.0;2;VAGO;Mista;1;1;1;1;143999.97999999998;71.28711881188117
BRASILIA;SETOR DE HABITACOES INDIVIDUAIS SUL          ;60211;2022;2022-8;10;1090000;0.05;1354000.99;756.0;756.0;540.0;6;OCUPADO;Unifamiliar;1;0;0;0;264000.99;24.220274311926605
GAMA;SETOR CENTRAL                                ;60213;2022;2022-8;21;1780000;0.05;2199999.99;6968.0;6968.0;871.0;2;VAGO;Multifamiliar;1;0;0;0;419999.9900000002;23.59550505617979
GUARA;SETOR RESID INDUSTRIA E ABASTECIMENTO        ;60221;2022;2022-8;22;1620000;0.05;1620000.0;3600.0;2700.0;900.0;1;VAGO;Mista;0;1;1;1;0.0;0.0
PARANOA;PARANOÁ PARQUE;60221;2022;2022-8;28;876000;0.05;890000.0;3375.013;1875.007;1875.007;2;VAGO;Mista;0;1;1;1;14000.0;1.5981735159817352
PARANOA;PARANOÁ PARQUE;60221;2022;2022-8;29;876000;0.05;876100.0;3375.013;1875.007;1875.007;1;VAGO;Mista;0;1;1;1;100.0;0.01141552511415525
RIACHO FUNDO II;HABITACIONAL RIACHO FUNDO II;60224;2022;2022-8;35;1530000;0.05;1701000.0;2658.67;2658.67;1899.05;1;CERCADO;Mista;0;1;1;1;171000.0;11.176470588235295
SAMAMBAIA;CENTRO URBANO;60217;2022;2022-8;43;458000;0.05;481000.0;779.19;519.46;259.73;1;VAGO;Mista;1;1;1;1;23000.0;5.021834061135371
SAMAMBAIA;CENTRO URBANO;60217;2022;2022-8;44;578000;0.05;607000.0;1012.5;675.0;337.5;2;OBSTRUIDO;Mista;1;1;1;1;29000.0;5.017301038062284
SAMAMBAIA;QN-SAMAMBAIA;60217;2022;2022-8;46;150000;0.05;155000.0;350.0;200.0;100.0;4;VAGO;Mista;1;1;1;1;5000.0;3.3333333333333335
SAMAMBAIA;QS-SAMAMBAIA;60217;2022;2022-8;61;150000;0.05;179999.01;350.0;200.0;100.0;3;VAGO;Mista;1;1;1;1;29999.01000000001;19.999340000000007
SAMAMBAIA;QS-SAMAMBAIA;60217;2022;2022-8;62;150000;0.05;192110.0;350.0;200.0;100.0;5;VAGO;Mista;1;1;1;1;42110.0;28.073333333333334
SAMAMBAIA;QS-SAMAMBAIA;60219;2022;2022-8;66;492000;0.05;502000.0;1365.0;910.0;455.0;1;VAGO;Mista;1;1;1;1;10000.0;2.0325203252032518
SAMAMBAIA;QS-SAMAMBAIA;60219;2022;2022-8;68;970000;0.05;1030000.0;2790.0;1860.0;930.0;2;VAGO;Mista;1;1;1;1;60000.0;6.185567010309279
SAMAMBAIA;QN-SAMAMBAIA;60220;2022;2022-8;70;115000;0.05;129010.0;300.0;200.0;100.0;2;VAGO;Mista;1;1;1;1;14010.0;12.182608695652174
SAMAMBAIA;QN-SAMAMBAIA;60220;2022;2022-8;71;115000;0.05;133010.0;300.0;200.0;100.0;2;VAGO;Mista;1;1;1;1;18010.0;15.660869565217391
SAMAMBAIA;QN-SAMAMBAIA;60220;2022;2022-8;73;115000;0.05;146000.0;300.0;200.0;100.0;1;VAGO;Mista;1;1;1;1;31000.0;26.956521739130434
SAMAMBAIA;QN-SAMAMBAIA;60220;2022;2022-8;76;115000;0.05;132000.0;300.0;200.0;100.0;2;VAGO;Mista;1;1;1;1;17000.0;14.782608695652174
SAMAMBAIA;QN-SAMAMBAIA;60220;2022;2022-8;77;115000;0.05;134500.0;300.0;200.0;100.0;1;VAGO;Mista;1;1;1;1;19500.0;16.956521739130434
SAMAMBAIA;QN-SAMAMBAIA;60220;2022;2022-8;78;115000;0.05;136000.0;300.0;200.0;100.0;1;VAGO;Mista;1;1;1;1;21000.0;18.26086956521739
SAMAMBAIA;QN-SAMAMBAIA;60220;2022;2022-8;79;115000;0.05;136000.0;300.0;200.0;100.0;1;VAGO;Mista;1;1;1;1;21000.0;18.26086956521739
SAMAMBAIA;QN-SAMAMBAIA;60220;2022;2022-8;80;115000;0.05;135500.0;300.0;200.0;100.0;1;VAGO;Mista;1;1;1;1;20500.0;17.82608695652174
SAMAMBAIA;QN-SAMAMBAIA;60220;2022;2022-8;87;69800;0.05;70000.0;300.0;200.0;100.0;1;VAGO;Mista;1;1;1;1;200.0;0.28653295128939826
SAMAMBAIA;QS-SAMAMBAIA;60220;2022;2022-8;98;115000;0.05;130000.0;300.0;200.0;100.0;1;VAGO;Mista;1;1;1;1;15000.0;13.043478260869565
SAMAMBAIA;QS-SAMAMBAIA;60220;2022;2022-8;99;115000;0.05;130000.0;300.0;200.0;100.0;4;VAGO;Mista;1;1;1;1;15000.0;13.043478260869565
SAMAMBAIA;QS-SAMAMBAIA;60220;2022;2022-8;100;69800;0.05;78500.0;300.0;200.0;100.0;1;OBSTRUIDO;Mista;1;1;1;1;8700.0;12.464183381088825
SAMAMBAIA;QS-SAMAMBAIA;60220;2022;2022-8;101;69800;0.05;72000.0;300.0;200.0;100.0;3;VAGO;Mista;1;1;1;1;2200.0;3.151862464183381
SAMAMBAIA;QS-SAMAMBAIA;60220;2022;2022-8;102;69800;0.05;69800.0;300.0;200.0;100.0;1;VAGO;Mista;1;1;1;1;0.0;0.0
SAMAMBAIA;QS-SAMAMBAIA;60220;2022;2022-8;103;69800;0.05;75000.0;300.0;200.0;100.0;1;VAGO;Mista;1;1;1;1;5200.0;7.4498567335243555
SANTA MARIA;SANTA MARIA                                  ;60216;2022;2022-8;105;391000;0.05;475500.0;540.0;280.0;200.0;4;OCUPADO;Mista;1;1;1;1;84500.0;21.611253196930946
SAO SEBASTIAO;BAIRRO SÃO BARTOLOMEU;60217;2022;2022-8;110;470000;0.05;481000.8;1085.997;995.497;361.999;1;CERCADO;Mista;1;1;1;1;11000.799999999988;2.340595744680849
CEILANDIA;SETOR O NORTE-QUADRA RESIDENCIAL             ;60219;2022;2022-9;8;354000;0.05;355000.0;1134.0;756.0;378.0;1;OBSTRUIDO;Mista;1;1;1;1;1000.0;0.2824858757062147
CEILANDIA;SETOR O NORTE-QUADRA RESIDENCIAL             ;60219;2022;2022-9;9;354000;0.05;355000.0;1134.0;756.0;378.0;1;VAGO;Mista;1;1;1;1;1000.0;0.2824858757062147
CEILANDIA;SETOR INDUSTRIAL I                           ;60221;2022;2022-9;10;65400;0.05;140800.0;366.0;366.0;183.0;16;VAGO;Mista;0;1;1;1;75400.0;115.29051987767585
CEILANDIA;SETOR INDUSTRIAL I                           ;60221;2022;2022-9;11;65400;0.05;110000.0;366.0;366.0;183.0;10;OBSTRUIDO;Mista;0;1;1;1;44600.0;68.19571865443424
CEILANDIA;SETOR INDUSTRIAL I                           ;60225;2022;2022-9;12;294000;0.05;295000.0;2100.0;2100.0;1050.0;2;OCUPADO;Mista;0;1;1;1;1000.0;0.3401360544217687
GAMA;SETOR SUL                                    ;60216;2022;2022-9;14;191000;0.05;320000.0;1250.0;625.0;312.5;6;VAGO;Mista;1;1;1;1;129000.0;67.5392670157068
NUCLEO BANDEIRANTE;SETOR INDUSTRIAL BERNARDO SAYAO              ;60227;2022;2022-9;15;375000;0.05;652500.0;517.5;382.5;225.0;4;OCUPADO;Mista;1;1;1;1;277500.0;74.0
RECANTO DAS EMAS;RECANTO DAS EMAS;60217;2022;2022-9;17;120000;0.05;140000.0;349.025;273.15;151.75;4;VAGO;Mista;1;1;1;1;20000.0;16.666666666666664
RIACHO FUNDO II;HABITACIONAL RIACHO FUNDO II;60217;2022;2022-9;21;541000;0.05;766900.0;1350.0;630.0;450.0;3;VAGO;Mista;1;1;1;1;225900.0;41.75600739371534
SAMAMBAIA;CENTRO URBANO;60217;2022;2022-9;27;2310000;0.05;2674301.0;4680.025;2674.3;1337.15;2;VAGO;Mista;1;1;1;1;364301.0;15.77060606060606
SAMAMBAIA;QS-SAMAMBAIA;60217;2022;2022-9;30;150000;0.05;172400.0;350.0;200.0;100.0;4;VAGO;Mista;1;1;1;1;22400.0;14.933333333333335
SAMAMBAIA;QS-SAMAMBAIA;60217;2022;2022-9;31;893000;0.05;950100.0;2952.0;1476.0;738.0;2;VAGO;Mista;1;1;1;1;57100.0;6.39417693169093
SAMAMBAIA;QN-SAMAMBAIA;60219;2022;2022-9;33;115000;0.05;126000.0;300.0;200.0;100.0;4;VAGO;Mista;1;1;1;1;11000.0;9.565217391304348
SAMAMBAIA;QN-SAMAMBAIA;60219;2022;2022-9;41;115000;0.05;140120.0;300.0;200.0;100.0;2;OBSTRUIDO;Mista;1;1;1;1;25120.0;21.843478260869563
SAMAMBAIA;QN-SAMAMBAIA;60219;2022;2022-9;42;115000;0.05;126050.0;300.0;200.0;100.0;1;VAGO;Mista;1;1;1;1;11050.0;9.608695652173912
SAMAMBAIA;QN-SAMAMBAIA;60220;2022;2022-9;50;95900;0.05;96000.0;225.0;150.0;75.0;2;VAGO;Mista;1;1;1;1;100.0;0.10427528675703858
SAMAMBAIA;QS-SAMAMBAIA;60220;2022;2022-9;65;196000;0.05;229000.0;600.0;400.0;200.0;1;CERCADO;Mista;1;1;1;1;33000.0;16.83673469387755
TAGUATINGA;SETOR E SUL-QUADRA COMERCIAL                 ;60217;2022;2022-9;78;120000;0.05;187987.97;200.0;100.0;50.0;4;OCUPADO;Mista;1;1;1;1;67987.97;56.656641666666665
CEILANDIA;SETOR O NORTE-QUADRA RESIDENCIAL             ;60219;2022;2022-10;10;399000;0.05;408000.0;1307.25;871.5;435.75;2;VAGO;Mista;1;1;1;1;9000.0;2.2556390977443606
CEILANDIA;SETOR INDUSTRIAL I                           ;60225;2022;2022-10;16;73300;0.05;80000.0;315.0;315.0;210.0;3;VAGO;Mista;0;1;1;1;6700.0;9.140518417462483
GAMA;SETOR SUL                                    ;60216;2022;2022-10;17;191000;0.05;325000.0;1250.0;625.0;312.5;3;VAGO;Mista;1;1;1;1;134000.0;70.15706806282722
SAO SEBASTIAO;SETOR HABITACIONAL JARDIM BOTANICO;60214;2022;2022-10;21;547000;0.05;670000.0;1260.0;1260.0;840.0;5;OBSTRUIDO;Unifamiliar;1;0;0;0;123000.0;22.486288848263253
RECANTO DAS EMAS;RECANTO DAS EMAS;60217;2022;2022-10;33;267000;0.05;311999.0;745.2;583.2;324.0;3;VAGO;Mista;1;1;1;1;44999.0;16.853558052434455
RECANTO DAS EMAS;RECANTO DAS EMAS;60217;2022;2022-10;34;171000;0.05;185000.0;460.0;360.0;200.0;2;VAGO;Mista;1;1;1;1;14000.0;8.187134502923977
RECANTO DAS EMAS;RECANTO DAS EMAS;60217;2022;2022-10;35;55400;0.05;65400.0;134.665;105.39;58.55;1;VAGO;Mista;1;1;1;1;10000.0;18.050541516245488
RECANTO DAS EMAS;RECANTO DAS EMAS;60217;2022;2022-10;36;54500;0.05;61500.0;132.503;103.698;57.61;2;VAGO;Mista;1;1;1;1;7000.0;12.844036697247708
RECANTO DAS EMAS;RECANTO DAS EMAS;60217;2022;2022-10;37;53700;0.05;71000.0;130.341;102.006;56.67;3;VAGO;Mista;1;1;1;1;17300.0;32.21601489757914
RIACHO FUNDO II;HABITACIONAL RIACHO FUNDO II;60217;2022;2022-10;49;541000;0.05;602003.0;1350.0;630.0;450.0;2;VAGO;Mista;1;1;1;1;61003.0;11.275970425138631
RIACHO FUNDO II;HABITACIONAL RIACHO FUNDO II;60217;2022;2022-10;50;541000;0.05;556000.99;1350.0;630.0;450.0;1;VAGO;Mista;1;1;1;1;15000.98999999999;2.772826247689462
RIACHO FUNDO II;HABITACIONAL RIACHO FUNDO II;60217;2022;2022-10;51;541000;0.05;551000.99;1350.0;630.0;450.0;1;VAGO;Mista;1;1;1;1;10000.98999999999;1.8486118299445453
RIACHO FUNDO II;HABITACIONAL RIACHO FUNDO II;60217;2022;2022-10;52;541000;0.05;546000.99;1350.0;630.0;450.0;1;VAGO;Mista;1;1;1;1;5000.989999999991;0.9243974121996287
RIACHO FUNDO II;HABITACIONAL RIACHO FUNDO II;60217;2022;2022-10;53;541000;0.05;569000.0;1350.0;630.0;450.0;1;VAGO;Mista;1;1;1;1;28000.0;5.175600739371535
RIACHO FUNDO II;HABITACIONAL RIACHO FUNDO II;60217;2022;2022-10;54;621000;0.05;756600.0;1584.21;739.298;528.07;2;VAGO;Mista;1;1;1;1;135600.0;21.835748792270532
SAMAMBAIA;QS-SAMAMBAIA;60218;2022;2022-10;70;67100;0.05;70100.0;280.0;200.0;100.0;1;OBSTRUIDO;Mista;1;1;1;1;3000.0;4.470938897168406
SAMAMBAIA;QS-SAMAMBAIA;60219;2022;2022-10;76;187000;0.05;193201.99;450.0;300.0;150.0;1;VAGO;Mista;1;1;1;1;6201.989999999991;3.3165721925133638
SAMAMBAIA;QS-SAMAMBAIA;60220;2022;2022-10;87;139000;0.05;139087.0;388.5;259.0;129.5;1;VAGO;Mista;1;1;1;1;87.0;0.06258992805755395
SAMAMBAIA;QS-SAMAMBAIA;60220;2022;2022-10;90;125000;0.05;150000.0;339.0;226.0;113.0;2;VAGO;Mista;1;1;1;1;25000.0;20.0
SANTA MARIA;SANTA MARIA                                  ;60217;2022;2022-10;91;1020000;0.05;1244000.0;3072.0;1075.2;768.0;2;VAGO;Mista;1;1;1;1;224000.0;21.96078431372549
SANTA MARIA;SANTA MARIA                                  ;60218;2022;2022-10;93;112000;0.05;113000.0;500.0;280.0;200.0;1;OCUPADO;Mista;1;1;1;1;1000.0;0.8928571428571428
TAGUATINGA;SETOR M NORTE-QUADRA RESIDENCIAL             ;60214;2022;2022-10;95;151000;0.05;252777.0;256.0;256.0;128.0;3;VAGO;Unifamiliar;1;0;0;0;101777.0;67.40198675496688
TAGUATINGA;SETOR M NORTE-QUADRA RESIDENCIAL             ;60214;2022;2022-10;96;179000;0.05;282787.98;308.5;308.5;154.25;4;OBSTRUIDO;Unifamiliar;1;0;0;0;103787.97999999998;57.98211173184357
CEILANDIA;SETOR INDUSTRIAL I                           ;60225;2022;2022-12;8;73300;0.05;73502.77;315.0;315.0;210.0;1;OBSTRUIDO;Mista;0;1;1;1;202.77000000000407;0.2766302864938664
CEILANDIA;SETOR INDUSTRIAL I                           ;60225;2022;2022-12;9;73300;0.05;73502.77;315.0;315.0;210.0;1;OBSTRUIDO;Mista;0;1;1;1;202.77000000000407;0.2766302864938664
CEILANDIA;SETOR INDUSTRIAL I                           ;60225;2022;2022-12;10;73300;0.05;73502.77;315.0;315.0;210.0;1;OBSTRUIDO;Mista;0;1;1;1;202.77000000000407;0.2766302864938664
CEILANDIA;SETOR INDUSTRIAL I                           ;60225;2022;2022-12;11;73300;0.05;73502.77;315.0;315.0;210.0;1;OBSTRUIDO;Mista;0;1;1;1;202.77000000000407;0.2766302864938664
CEILANDIA;SETOR INDUSTRIAL I                           ;60225;2022;2022-12;12;73300;0.05;100000.0;315.0;315.0;210.0;2;OBSTRUIDO;Mista;0;1;1;1;26700.0;36.4256480218281
CEILANDIA;SETOR DE MATERIAL DE CONSTRUCAO              ;60227;2022;2022-12;13;40300;0.05;131090.0;140.0;140.0;70.0;1;OCUPADO;Mista;1;1;1;1;90790.0;225.28535980148882
ITAPOÃ;SETOR HABITACIONAL ITAPOA - ITAPOA PARQUE - AV. ITAPOA PARQUE;60222;2022;2022-12;16;418000;0.05;840000.0;1404.9;1404.9;1561.0;4;VAGO;Mista;0;1;1;1;422000.0;100.95693779904306
ITAPOÃ;SETOR HABITACIONAL ITAPOA - ITAPOA PARQUE - AV. ITAPOA PARQUE;60222;2022;2022-12;17;234000;0.05;501000.0;756.0;756.0;840.0;3;VAGO;Mista;0;1;1;1;267000.0;114.1025641025641
ITAPOÃ;SETOR HABITACIONAL ITAPOA - ITAPOA PARQUE - AV. ITAPOA PARQUE;60222;2022;2022-12;18;234000;0.05;502000.0;756.0;756.0;840.0;2;VAGO;Mista;0;1;1;1;268000.0;114.52991452991452
ITAPOÃ;SETOR HABITACIONAL ITAPOA - ITAPOA PARQUE - AV. ITAPOA PARQUE;60222;2022;2022-12;19;234000;0.05;469000.0;756.0;756.0;840.0;3;VAGO;Mista;0;1;1;1;235000.0;100.42735042735043
ITAPOÃ;SETOR HABITACIONAL ITAPOA - ITAPOA PARQUE - AV. ITAPOA PARQUE;60222;2022;2022-12;20;234000;0.05;438000.0;756.0;756.0;840.0;4;VAGO;Mista;0;1;1;1;204000.0;87.17948717948718
ITAPOÃ;SETOR HABITACIONAL ITAPOA - ITAPOA PARQUE - AV. ITAPOA PARQUE;60222;2022;2022-12;21;234000;0.05;439000.0;756.0;756.0;840.0;3;VAGO;Mista;0;1;1;1;205000.0;87.6068376068376
ITAPOÃ;SETOR HABITACIONAL ITAPOA - ITAPOA PARQUE - AV. ITAPOA PARQUE;60222;2022;2022-12;22;234000;0.05;470000.0;756.0;756.0;840.0;3;VAGO;Mista;0;1;1;1;236000.0;100.85470085470085
SAO SEBASTIAO;SETOR HABITACIONAL JARDIM BOTANICO;60214;2022;2022-12;23;525000;0.05;927100.0;1200.0;1200.0;800.0;8;VAGO;Unifamiliar;1;0;0;0;402100.0;76.59047619047618
LAGO NORTE;SETOR HABITACIONAL TAQUARI;60211;2022;2022-12;24;621000;0.05;723099.0;640.0;640.0;800.0;7;VAGO;Unifamiliar;1;0;0;0;102099.0;16.441062801932368
PARANOA;PARANOÁ PARQUE;60221;2022;2022-12;27;852000;0.05;1260000.0;3237.538;1798.632;1798.632;7;VAGO;Mista;0;1;1;1;408000.0;47.88732394366197
RECANTO DAS EMAS;AREA DE DESENVOLVIMENTO ECONOMICO;60224;2022;2022-12;34;697000;0.05;814580.0;2764.64;2764.64;863.95;3;OCUPADO;Mista;0;1;1;1;117580.0;16.869440459110475
RIACHO FUNDO II;HABITACIONAL RIACHO FUNDO II;60217;2022;2022-12;35;393000;0.05;413000.0;929.97;433.986;309.99;1;OBSTRUIDO;Mista;1;1;1;1;20000.0;5.089058524173027
RIACHO FUNDO II;HABITACIONAL RIACHO FUNDO II;60217;2022;2022-12;36;395000;0.05;651000.0;935.46;436.548;311.82;1;OBSTRUIDO;Mista;1;1;1;1;256000.0;64.81012658227849
RIACHO FUNDO II;HABITACIONAL RIACHO FUNDO II;60217;2022;2022-12;37;393000;0.05;651000.0;931.44;434.672;310.48;2;OBSTRUIDO;Mista;1;1;1;1;258000.0;65.64885496183206
RIACHO FUNDO II;HABITACIONAL RIACHO FUNDO II;60217;2022;2022-12;38;395000;0.05;414000.0;937.44;437.472;312.48;1;OBSTRUIDO;Mista;1;1;1;1;19000.0;4.810126582278481
RIACHO FUNDO II;HABITACIONAL RIACHO FUNDO II;60217;2022;2022-12;39;140000;0.05;220000.0;273.0;127.4;91.0;2;VAGO;Mista;1;1;1;1;80000.0;57.14285714285714
RIACHO FUNDO II;HABITACIONAL RIACHO FUNDO II;60217;2022;2022-12;40;140000;0.05;221000.0;273.0;127.4;91.0;2;VAGO;Mista;1;1;1;1;81000.0;57.85714285714286
SAMAMBAIA;QS-SAMAMBAIA;60217;2022;2022-12;52;150000;0.05;150000.0;350.0;200.0;100.0;1;VAGO;Mista;1;1;1;1;0.0;0.0
SAMAMBAIA;QN-SAMAMBAIA;60219;2022;2022-12;58;139000;0.05;158971.0;300.0;200.0;100.0;1;VAGO;Mista;1;1;1;1;19971.0;14.367625899280576
SAMAMBAIA;QS-SAMAMBAIA;60219;2022;2022-12;60;701000;0.05;935100.0;1987.86;1325.24;662.62;1;VAGO;Mista;1;1;1;1;234100.0;33.39514978601997
SAMAMBAIA;QS-SAMAMBAIA;60220;2022;2022-12;84;230760;0.05;230760.0;339.0;226.0;113.0;1;OCUPADO;Mista;1;1;1;1;0.0;0.0
SAMAMBAIA;QS-SAMAMBAIA;60220;2022;2022-12;90;115000;0.05;116000.1;300.0;200.0;100.0;2;VAGO;Mista;1;1;1;1;1000.1000000000058;0.8696521739130485
TAGUATINGA;DESENVOLVIMENTO  ECONOMICO  M/NORTE;60227;2022;2022-12;96;316000;0.05;321579.0;739.956;493.304;246.652;1;OCUPADO;Mista;1;1;1;1;5579.0;1.765506329113924
BRASILIA;SETOR DE OFICINAS SUL                        ;60227;2022;2022-13;1;501000;0.05;738000.0;540.0;540.0;180.0;3;OCUPADO;Mista;1;1;1;1;237000.0;47.30538922155689
BRASILIA;SETOR DE OFICINAS SUL                        ;60227;2022;2022-13;2;501000;0.05;638500.0;540.0;540.0;180.0;3;OCUPADO;Mista;1;1;1;1;137500.0;27.445109780439118
CEILANDIA;SETOR O NORTE-QUADRA RESIDENCIAL             ;60217;2022;2022-13;4;804000;0.05;1728000.0;6090.0;2030.0;1015.0;9;VAGO;Mista;1;1;1;1;924000.0;114.92537313432835
CEILANDIA;SETOR O NORTE-QUADRA RESIDENCIAL             ;60217;2022;2022-13;5;872000;0.05;1864000.0;6720.0;2240.0;1120.0;5;VAGO;Mista;1;1;1;1;992000.0;113.76146788990826
CEILANDIA;SETOR O NORTE-QUADRA RESIDENCIAL             ;60217;2022;2022-13;6;999000;0.05;2118000.0;7920.0;2640.0;1320.0;4;VAGO;Mista;1;1;1;1;1119000.0;112.01201201201201
CEILANDIA;SETOR O NORTE-QUADRA RESIDENCIAL             ;60217;2022;2022-13;7;999000;0.05;2200000.0;7920.0;2640.0;1320.0;4;VAGO;Mista;1;1;1;1;1201000.0;120.22022022022023
CEILANDIA;SETOR O NORTE-QUADRA RESIDENCIAL             ;60217;2022;2022-13;8;999000;0.05;2200000.0;7920.0;2640.0;1320.0;5;VAGO;Mista;1;1;1;1;1201000.0;120.22022022022023
CEILANDIA;SETOR O NORTE-QUADRA RESIDENCIAL             ;60217;2022;2022-13;9;999000;0.05;2200000.0;7920.0;2640.0;1320.0;7;VAGO;Mista;1;1;1;1;1201000.0;120.22022022022023
CEILANDIA;SETOR O NORTE-QUADRA RESIDENCIAL             ;60217;2022;2022-13;10;794000;0.05;1980000.0;6000.0;2000.0;1000.0;15;VAGO;Mista;1;1;1;1;1186000.0;149.37027707808562
CEILANDIA;SETOR O NORTE-QUADRA RESIDENCIAL             ;60217;2022;2022-13;11;790000;0.05;2000010.0;5964.0;1988.0;994.0;21;VAGO;Mista;1;1;1;1;1210010.0;153.16582278481013
CEILANDIA;SETOR INDUSTRIAL I                           ;60225;2022;2022-13;17;73300;0.05;112020.2;315.0;315.0;210.0;2;OBSTRUIDO;Mista;0;1;1;1;38720.2;52.82428376534788
CEILANDIA;SETOR INDUSTRIAL I                           ;60225;2022;2022-13;18;73300;0.05;87000.2;315.0;315.0;210.0;3;CERCADO;Mista;0;1;1;1;13700.199999999997;18.69058663028649
CEILANDIA;SETOR INDUSTRIAL I                           ;60225;2022;2022-13;19;73300;0.05;87000.4;315.0;315.0;210.0;2;OBSTRUIDO;Mista;0;1;1;1;13700.399999999994;18.69085948158253
CEILANDIA;SETOR INDUSTRIAL I                           ;60225;2022;2022-13;20;73300;0.05;101999.99;315.0;315.0;210.0;2;OCUPADO;Mista;0;1;1;1;28699.990000000005;39.15414733969987
CEILANDIA;SETOR INDUSTRIAL I                           ;60225;2022;2022-13;21;73300;0.05;87002.8;315.0;315.0;210.0;5;CERCADO;Mista;0;1;1;1;13702.800000000003;18.694133697135065
CEILANDIA;SETOR INDUSTRIAL I                           ;60225;2022;2022-13;22;73300;0.05;101000.0;315.0;315.0;210.0;4;CERCADO;Mista;0;1;1;1;27700.0;37.78990450204638
CEILANDIA;SETOR INDUSTRIAL I                           ;60225;2022;2022-13;23;73300;0.05;101000.0;315.0;315.0;210.0;3;CERCADO;Mista;0;1;1;1;27700.0;37.78990450204638
CEILANDIA;SETOR DE DESENVOLVIMENTO ECONOMICO CENTRO NORTE;60227;2022;2022-13;24;136000;0.05;144320.0;300.0;300.0;150.0;1;VAGO;Mista;1;1;1;1;8320.0;6.11764705882353
GUARA;SETOR RESID INDUSTRIA E ABASTECIMENTO        ;60214;2022;2022-13;31;242000;0.05;331000.0;345.6;345.6;144.0;9;VAGO;Unifamiliar;1;0;0;0;89000.0;36.77685950413223
GUARA;SETOR RESID INDUSTRIA E ABASTECIMENTO        ;60214;2022;2022-13;32;242000;0.05;331000.0;345.6;345.6;144.0;11;VAGO;Unifamiliar;1;0;0;0;89000.0;36.77685950413223
GUARA;SETOR RESID INDUSTRIA E ABASTECIMENTO        ;60214;2022;2022-13;33;242000;0.05;411231.0;345.6;345.6;144.0;16;VAGO;Unifamiliar;1;0;0;0;169231.0;69.9301652892562
GUARA;SETOR COMPLEMENTAR INDUSTRIA E ABASTECIMENTO;60227;2022;2022-13;36;500000;0.05;500000.0;480.0;420.0;200.0;2;VAGO;Mista;1;1;1;1;0.0;0.0
GUARA;SETOR COMPLEMENTAR INDUSTRIA E ABASTECIMENTO;60227;2022;2022-13;37;500000;0.05;500000.0;480.0;420.0;200.0;2;VAGO;Mista;1;1;1;1;0.0;0.0
SAO SEBASTIAO;SETOR HABITACIONAL JARDIM BOTANICO;60214;2022;2022-13;38;601000;0.05;752050.5;1408.485;1408.485;938.99;3;VAGO;Unifamiliar;1;0;0;0;151050.5;25.133194675540764
RECANTO DAS EMAS;RECANTO DAS EMAS;60217;2022;2022-13;46;132000;0.05;145100.0;345.0;270.0;150.0;1;VAGO;Mista;1;1;1;1;13100.0;9.924242424242424
RECANTO DAS EMAS;RECANTO DAS EMAS;60217;2022;2022-13;47;191000;0.05;240010.0;517.5;405.0;225.0;2;VAGO;Mista;1;1;1;1;49010.0;25.659685863874344
SAMAMBAIA;ADE OESTE - EXPANSÃO RESIDENCIAL OESTE DE SAMAMBAIA;60216;2022;2022-13;54;186000;0.05;201250.0;952.0;476.0;238.0;1;OBSTRUIDO;Mista;1;1;1;1;15250.0;8.198924731182796
SAMAMBAIA;QN-SAMAMBAIA;60217;2022;2022-13;56;125000;0.05;148000.0;350.0;200.0;100.0;4;OBSTRUIDO;Mista;1;1;1;1;23000.0;18.4
SAMAMBAIA;QS-SAMAMBAIA;60218;2022;2022-13;58;76000;0.05;83000.0;140.0;100.0;50.0;1;VAGO;Mista;1;1;1;1;7000.0;9.210526315789473
SAMAMBAIA;QS-SAMAMBAIA;60219;2022;2022-13;81;115000;0.05;117100.0;300.0;200.0;100.0;1;VAGO;Mista;1;1;1;1;2100.0;1.8260869565217392
SAMAMBAIA;QN-SAMAMBAIA;60220;2022;2022-13;85;115000;0.05;130210.0;300.0;200.0;100.0;1;VAGO;Mista;1;1;1;1;15210.0;13.22608695652174
SAMAMBAIA;QN-SAMAMBAIA;60220;2022;2022-13;86;115000;0.05;130210.0;300.0;200.0;100.0;1;VAGO;Mista;1;1;1;1;15210.0;13.22608695652174
SAMAMBAIA;QS-SAMAMBAIA;60220;2022;2022-13;89;115000;0.05;117000.0;300.0;200.0;100.0;1;VAGO;Mista;1;1;1;1;2000.0;1.7391304347826086
SAMAMBAIA;QS-SAMAMBAIA;60220;2022;2022-13;98;115000;0.05;117500.99;300.0;200.0;100.0;1;VAGO;Mista;1;1;1;1;2500.9900000000052;2.1747739130434827
SAMAMBAIA;QS-SAMAMBAIA;60220;2022;2022-13;99;343000;0.05;450000.0;1129.71;753.14;376.57;1;VAGO;Mista;1;1;1;1;107000.0;31.195335276967928
SANTA MARIA;SANTA MARIA                                  ;60217;2022;2022-13;100;1840000;0.05;1950000.0;6504.4;2276.54;1626.1;1;OCUPADO;Mista;1;1;1;1;110000.0;5.978260869565218
SAO SEBASTIAO;BAIRRO SÃO BARTOLOMEU;60217;2022;2022-13;105;420000;0.05;420501.0;967.167;886.57;322.389;1;VAGO;Mista;1;1;1;1;501.0;0.11928571428571429
TAGUATINGA;AREA DES/ECONOMICO-AGUAS CLARAS;60227;2023;2023-3;4;192000;0.05;197013.77;300.0;300.0;150.0;2;OCUPADO;Mista;1;1;1;1;5013.7699999999895;2.6113385416666612
BRASILIA;SETOR DE HAB COLETIVAS SUDOESTE              ;60556;2023;2023-3;5;613000;0.3;895000.0;864.0;864.0;576.0;5;SITUACAO NAO CADASTRADA;Institucional;0;0;0;1;282000.0;46.00326264274062
CEILANDIA;SETOR O NORTE-QUADRA RESIDENCIAL             ;60217;2023;2023-3;12;593000;0.3;593000.0;1890.0;756.0;378.0;1;OBSTRUIDO;Mista;1;1;1;1;0.0;0.0
CEILANDIA;SETOR INDUSTRIAL I                           ;60223;2023;2023-3;13;154000;0.3;172115.5;960.0;960.0;480.0;4;VAGO;Mista;0;1;1;1;18115.5;11.763311688311688
CEILANDIA;SETOR INDUSTRIAL I                           ;60225;2023;2023-3;14;210000;0.05;352000.0;1400.0;1400.0;700.0;9;VAGO;Mista;0;1;1;1;142000.0;67.61904761904762
CEILANDIA;SETOR INDUSTRIAL I                           ;60225;2023;2023-3;15;210000;0.05;353000.0;1400.0;1400.0;700.0;10;OBSTRUIDO;Mista;0;1;1;1;143000.0;68.0952380952381
CEILANDIA;SETOR INDUSTRIAL I                           ;60225;2023;2023-3;16;210000;0.05;425032.0;1400.0;1400.0;700.0;15;OBSTRUIDO;Mista;0;1;1;1;215032.0;102.39619047619048
CEILANDIA;SETOR DE MATERIAL DE CONSTRUCAO              ;60227;2023;2023-3;17;40300;0.05;90715.0;140.0;140.0;70.0;3;OCUPADO;Mista;1;1;1;1;50415.0;125.09925558312656
GUARA;SETOR RESID INDUSTRIA E ABASTECIMENTO        ;60215;2023;2023-3;18;250000;0.05;352074.2;360.0;360.0;150.0;14;VAGO;Unifamiliar;1;0;0;0;102074.20000000001;40.82968000000001
ITAPOÃ;SETOR HABITACIONAL ITAPOA - ITAPOA PARQUE - AV. ITAPOA PARQUE;60222;2023;2023-3;22;418000;0.05;1200000.0;1404.9;1404.9;1561.0;10;VAGO;Mista;0;1;1;1;782000.0;187.08133971291866
ITAPOÃ;SETOR HABITACIONAL ITAPOA - ITAPOA PARQUE - AV. ITAPOA PARQUE;60222;2023;2023-3;23;234000;0.05;531999.01;756.0;756.0;840.0;10;VAGO;Mista;0;1;1;1;297999.01;127.35000427350427
ITAPOÃ;SETOR HABITACIONAL ITAPOA - ITAPOA PARQUE - AV. ITAPOA PARQUE;60222;2023;2023-3;24;234000;0.05;482000.0;756.0;756.0;840.0;5;VAGO;Mista;0;1;1;1;248000.0;105.98290598290599
ITAPOÃ;SETOR HABITACIONAL ITAPOA - ITAPOA PARQUE - AV. ITAPOA PARQUE;60222;2023;2023-3;25;234000;0.05;471010.0;756.0;756.0;840.0;5;VAGO;Mista;0;1;1;1;237010.0;101.28632478632478
ITAPOÃ;SETOR HABITACIONAL ITAPOA - ITAPOA PARQUE - AV. ITAPOA PARQUE;60222;2023;2023-3;26;234000;0.05;452000.0;756.0;756.0;840.0;6;VAGO;Mista;0;1;1;1;218000.0;93.16239316239316
ITAPOÃ;SETOR HABITACIONAL ITAPOA - ITAPOA PARQUE - AV. ITAPOA PARQUE;60222;2023;2023-3;27;234000;0.05;452000.0;756.0;756.0;840.0;7;VAGO;Mista;0;1;1;1;218000.0;93.16239316239316
ITAPOÃ;SETOR HABITACIONAL ITAPOA - ITAPOA PARQUE - AV. ITAPOA PARQUE;60222;2023;2023-3;28;234000;0.05;475000.0;756.0;756.0;840.0;9;VAGO;Mista;0;1;1;1;241000.0;102.99145299145297
SAO SEBASTIAO;SETOR HABITACIONAL JARDIM BOTANICO;60214;2023;2023-3;29;674000;0.05;810000.0;1380.0;1380.0;920.0;3;VAGO;Unifamiliar;1;0;0;0;136000.0;20.178041543026705
SAO SEBASTIAO;SETOR HABITACIONAL JARDIM BOTANICO;60214;2023;2023-3;30;597000;0.05;721000.0;1200.0;1200.0;800.0;2;VAGO;Unifamiliar;1;0;0;0;124000.0;20.770519262981573
SAO SEBASTIAO;SETOR HABITACIONAL JARDIM BOTANICO;60214;2023;2023-3;31;559000;0.05;980000.0;1293.0;1293.0;862.0;11;VAGO;Unifamiliar;1;0;0;0;421000.0;75.31305903398928
SAO SEBASTIAO;SETOR HABITACIONAL JARDIM BOTANICO;60214;2023;2023-3;32;864000;0.05;1178322.01;2192.955;2192.955;1461.97;1;CERCADO;Unifamiliar;1;0;0;0;314322.01;36.37986226851852
SAO SEBASTIAO;SETOR HABITACIONAL JARDIM BOTANICO;60214;2023;2023-3;33;525000;0.05;682501.0;1200.0;1200.0;800.0;2;VAGO;Unifamiliar;1;0;0;0;157501.0;30.000190476190475
LAGO NORTE;SETOR HABITACIONAL TAQUARI;60211;2023;2023-3;36;589000;0.05;767000.0;585.008;585.008;731.26;10;CERCADO;Unifamiliar;1;0;0;0;178000.0;30.220713073005097
PARANOA;PARANOÁ PARQUE;60221;2023;2023-3;39;929000;0.05;961000.0;3370.286;1872.381;1872.381;1;VAGO;Mista;0;1;1;1;32000.0;3.4445640473627552
PARANOA;PARANOÁ PARQUE;60221;2023;2023-3;40;892000;0.05;931000.0;3182.441;1768.023;1768.023;1;VAGO;Mista;0;1;1;1;39000.0;4.37219730941704
PARANOA;PARANOÁ PARQUE;60221;2023;2023-3;41;769000;0.05;770000.0;2625.995;1458.886;1458.886;2;VAGO;Mista;0;1;1;1;1000.0;0.13003901170351106
PLANALTINA;SETOR DE OFICINAS                            ;60224;2023;2023-3;42;316000;0.05;600000.0;1050.0;750.0;500.0;5;VAGO;Mista;0;1;1;1;284000.0;89.87341772151899
RECANTO DAS EMAS;RECANTO DAS EMAS;60216;2023;2023-3;43;115000;0.05;120322.23;242.88;218.592;121.44;1;VAGO;Mista;1;1;1;1;5322.229999999996;4.628026086956518
RECANTO DAS EMAS;RECANTO DAS EMAS;60216;2023;2023-3;44;108000;0.05;111111.11;226.46;203.814;113.23;1;VAGO;Mista;1;1;1;1;3111.1100000000006;2.8806574074074076
RIACHO FUNDO II;HABITACIONAL RIACHO FUNDO II;60217;2023;2023-3;49;157000;0.05;189501.0;315.0;147.0;105.0;4;VAGO;Mista;1;1;1;1;32501.0;20.701273885350318
RIACHO FUNDO II;HABITACIONAL RIACHO FUNDO II;60217;2023;2023-3;50;157000;0.05;189501.0;315.0;147.0;105.0;3;VAGO;Mista;1;1;1;1;32501.0;20.701273885350318
RIACHO FUNDO II;HABITACIONAL RIACHO FUNDO II;60223;2023;2023-3;51;1280000;0.05;2451000.0;3404.975;1906.786;1361.99;2;VAGO;Mista;0;1;1;1;1171000.0;91.484375
SAMAMBAIA;QN-SAMAMBAIA;60217;2023;2023-3;52;452000;0.05;667000.0;1331.75;761.0;380.5;11;VAGO;Mista;1;1;1;1;215000.0;47.56637168141593
SAMAMBAIA;QS-SAMAMBAIA;60217;2023;2023-3;53;150000;0.05;233000.0;350.0;200.0;100.0;5;VAGO;Mista;1;1;1;1;83000.0;55.333333333333336
SAMAMBAIA;QN-SAMAMBAIA;60219;2023;2023-3;54;1110000;0.05;1207000.0;3886.5;2591.0;1295.5;2;VAGO;Mista;1;1;1;1;97000.0;8.73873873873874
SAMAMBAIA;QN-SAMAMBAIA;60219;2023;2023-3;57;1110000;0.05;1202900.97;3886.5;2591.0;1295.5;1;OBSTRUIDO;Mista;1;1;1;1;92900.96999999997;8.369456756756755
SAMAMBAIA;QN-SAMAMBAIA;60220;2023;2023-3;60;115000;0.05;142510.0;300.0;200.0;100.0;1;VAGO;Mista;1;1;1;1;27510.0;23.921739130434784
SAMAMBAIA;QN-SAMAMBAIA;60220;2023;2023-3;61;95900;0.05;106000.0;225.0;150.0;75.0;1;VAGO;Mista;1;1;1;1;10100.0;10.531803962460897
SAMAMBAIA;QN-SAMAMBAIA;60220;2023;2023-3;66;95900;0.05;101100.0;225.0;150.0;75.0;1;VAGO;Mista;1;1;1;1;5200.0;5.422314911366007
SAMAMBAIA;QS-SAMAMBAIA;60220;2023;2023-3;71;115000;0.05;120000.0;300.0;200.0;100.0;1;VAGO;Mista;1;1;1;1;5000.0;4.3478260869565215
SAMAMBAIA;QS-SAMAMBAIA;60220;2023;2023-3;72;115000;0.05;126500.0;300.0;200.0;100.0;1;VAGO;Mista;1;1;1;1;11500.0;10.0
SAMAMBAIA;QS-SAMAMBAIA;60220;2023;2023-3;73;115000;0.05;131000.0;300.0;200.0;100.0;1;VAGO;Mista;1;1;1;1;16000.0;13.91304347826087
SANTA MARIA;SANTA MARIA                                  ;60227;2023;2023-3;79;99900;0.05;110000.0;486.0;270.0;270.0;2;OCUPADO;Mista;1;1;1;1;10100.0;10.11011011011011
SOBRADINHO;SOBRADINHO                                   ;60214;2023;2023-3;84;338000;0.05;408000.0;735.0;735.0;350.0;2;VAGO;Unifamiliar;1;0;0;0;70000.0;20.710059171597635
SOBRADINHO;SOBRADINHO                                   ;60216;2023;2023-3;85;971000;0.05;990099.99;800.0;800.0;400.0;1;VAGO;Mista;1;1;1;1;19099.98999999999;1.9670432543769303
SOBRADINHO;CENTRO ORIENT. E EDUC. RURAL - COER;60220;2023;2023-3;86;693000;0.05;720100.99;2185.222;840.47;840.47;1;VAGO;Mista;1;1;1;1;27100.98999999999;3.910676767676766
SOBRADINHO;EXPANSAO ECONOMICA                           ;60224;2023;2023-3;91;476000;0.05;800000.0;990.0;742.5;990.0;3;VAGO;Mista;0;1;1;1;324000.0;68.0672268907563
BRASILIA;SETOR DE HABITACOES COLETIVAS ECONOMICAS SUL ;1000;2023;2023-4;1;155000;0.05;177000.0;12.25;12.25;12.25;2;OCUPADO;Comercial;0;1;0;0;22000.0;14.193548387096774
CEILANDIA;SETOR INDUSTRIAL I                           ;60223;2023;2023-4;19;259000;0.05;551500.0;1800.0;1800.0;900.0;11;VAGO;Mista;0;1;1;1;292500.0;112.93436293436294
CEILANDIA;SETOR INDUSTRIAL I                           ;60225;2023;2023-4;20;103000;0.05;137900.0;472.5;472.5;315.0;3;OCUPADO;Mista;0;1;1;1;34900.0;33.88349514563107
CEILANDIA;SETOR INDUSTRIAL I                           ;60225;2023;2023-4;21;73300;0.05;82975.0;315.0;315.0;210.0;3;OBSTRUIDO;Mista;0;1;1;1;9675.0;13.199181446111869
CEILANDIA;SETOR INDUSTRIAL I                           ;60225;2023;2023-4;22;73300;0.05;112000.0;315.0;315.0;210.0;4;OBSTRUIDO;Mista;0;1;1;1;38700.0;52.796725784447474
CEILANDIA;SETOR INDUSTRIAL I                           ;60225;2023;2023-4;23;73300;0.05;82975.0;315.0;315.0;210.0;4;OBSTRUIDO;Mista;0;1;1;1;9675.0;13.199181446111869
CEILANDIA;SETOR INDUSTRIAL I                           ;60225;2023;2023-4;24;73300;0.05;100105.97;315.0;315.0;210.0;6;OBSTRUIDO;Mista;0;1;1;1;26805.97;36.57021828103684
GAMA;SETOR LESTE (COM);60216;2023;2023-4;26;202000;0.05;203100.0;900.0;450.0;225.0;1;VAGO;Mista;1;1;1;1;1100.0;0.5445544554455445
GUARA;SETOR RESID INDUSTRIA E ABASTECIMENTO        ;60214;2023;2023-4;28;242000;0.05;403791.89;345.6;345.6;144.0;14;VAGO;Unifamiliar;1;0;0;0;161791.89;66.856152892562
GUARA;SETOR RESID INDUSTRIA E ABASTECIMENTO        ;60214;2023;2023-4;29;230000;0.05;402971.98;325.704;325.704;135.71;10;VAGO;Unifamiliar;1;0;0;0;172971.97999999998;75.20520869565217
GUARA;SETOR RESID INDUSTRIA E ABASTECIMENTO        ;60222;2023;2023-4;31;1320000;0.05;1510000.0;3600.0;2700.0;900.0;1;VAGO;Mista;0;1;1;1;190000.0;14.393939393939394
GUARA;SETOR RESID INDUSTRIA E ABASTECIMENTO        ;60222;2023;2023-4;32;1320000;0.05;1650000.0;3600.0;2700.0;900.0;1;VAGO;Mista;0;1;1;1;330000.0;25.0
SAO SEBASTIAO;SETOR HABITACIONAL JARDIM BOTANICO;60214;2023;2023-4;35;557000;0.05;1061111.11;1287.465;1287.465;858.31;7;VAGO;Unifamiliar;1;0;0;0;504111.1100000001;90.50468761220827
PARANOA;PARANOÁ PARQUE;60221;2023;2023-4;37;813000;0.05;814000.0;3037.511;1687.506;1687.506;1;VAGO;Mista;0;1;1;1;1000.0;0.12300123001230012
PARANOA;PARANOÁ PARQUE;60221;2023;2023-4;38;813000;0.05;818000.0;3037.509;1687.505;1687.505;1;VAGO;Mista;0;1;1;1;5000.0;0.6150061500615006
PARANOA;PARANOÁ PARQUE;60221;2023;2023-4;39;787000;0.05;1160000.0;2907.907;1615.504;1615.504;2;VAGO;Mista;0;1;1;1;373000.0;47.39517153748412
RIACHO FUNDO II;HABITACIONAL RIACHO FUNDO II;60217;2023;2023-4;40;140000;0.05;165900.0;273.0;127.4;91.0;1;VAGO;Mista;1;1;1;1;25900.0;18.5
RIACHO FUNDO II;HABITACIONAL RIACHO FUNDO II;60217;2023;2023-4;41;140000;0.05;165900.0;273.0;127.4;91.0;2;VAGO;Mista;1;1;1;1;25900.0;18.5
RIACHO FUNDO II;HABITACIONAL RIACHO FUNDO II;60217;2023;2023-4;44;140000;0.05;165498.33;273.0;127.4;91.0;2;VAGO;Mista;1;1;1;1;25498.329999999987;18.213092857142847
RIACHO FUNDO II;HABITACIONAL RIACHO FUNDO II;60217;2023;2023-4;46;140000;0.05;191000.99;273.0;127.4;91.0;1;VAGO;Mista;1;1;1;1;51000.98999999999;36.42927857142856
RIACHO FUNDO II;HABITACIONAL RIACHO FUNDO II;60217;2023;2023-4;47;140000;0.05;191000.99;273.0;127.4;91.0;1;VAGO;Mista;1;1;1;1;51000.98999999999;36.42927857142856
RIACHO FUNDO II;HABITACIONAL RIACHO FUNDO II;60217;2023;2023-4;48;140000;0.05;181900.0;273.0;127.4;91.0;2;VAGO;Mista;1;1;1;1;41900.0;29.928571428571427
SAMAMBAIA;ADE OESTE - EXPANSÃO RESIDENCIAL OESTE DE SAMAMBAIA;60216;2023;2023-4;50;127000;0.05;161001.99;600.0;300.0;150.0;1;VAGO;Mista;1;1;1;1;34001.98999999999;26.77322047244094
SAMAMBAIA;QS-SAMAMBAIA;60217;2023;2023-4;59;1350000;0.05;1499999.99;4165.0;2450.0;1225.0;2;VAGO;Mista;1;1;1;1;149999.99;11.111110370370369
SAMAMBAIA;QS-SAMAMBAIA;60217;2023;2023-4;60;1350000;0.05;1740000.0;4165.0;2450.0;1225.0;5;OBSTRUIDO;Mista;1;1;1;1;390000.0;28.888888888888886
SAMAMBAIA;QS-SAMAMBAIA;60217;2023;2023-4;62;940000;0.05;1188888.88;3115.8;1557.9;778.95;2;VAGO;Mista;1;1;1;1;248888.8799999999;26.477540425531902
SAMAMBAIA;QS-SAMAMBAIA;60217;2023;2023-4;65;150000;0.05;152652.0;350.0;200.0;100.0;2;VAGO;Mista;1;1;1;1;2652.0;1.7680000000000002
SAMAMBAIA;QS-SAMAMBAIA;60218;2023;2023-4;67;1030000;0.05;1112000.2;3600.0;2400.0;1200.0;1;VAGO;Mista;1;1;1;1;82000.19999999995;7.961184466019413
SAMAMBAIA;QN-SAMAMBAIA;60219;2023;2023-4;73;325000;0.05;327077.77;1822.5;1215.0;607.5;1;VAGO;Mista;1;1;1;1;2077.7700000000186;0.6393138461538519
SAMAMBAIA;QS-SAMAMBAIA;60219;2023;2023-4;78;1100000;0.05;1349000.0;3840.0;2560.0;1280.0;2;OBSTRUIDO;Mista;1;1;1;1;249000.0;22.636363636363637
SAMAMBAIA;QS-SAMAMBAIA;60219;2023;2023-4;79;1100000;0.05;1349000.0;3840.0;2560.0;1280.0;4;VAGO;Mista;1;1;1;1;249000.0;22.636363636363637
SAMAMBAIA;QS-SAMAMBAIA;60219;2023;2023-4;80;636000;0.05;910031.05;2185.68;1457.12;728.56;2;VAGO;Mista;1;1;1;1;274031.05000000005;43.08664308176101
SAMAMBAIA;QN-SAMAMBAIA;60220;2023;2023-4;83;242000;0.05;262050.0;768.0;512.0;256.0;1;VAGO;Mista;1;1;1;1;20050.0;8.285123966942148
SAMAMBAIA;QN-SAMAMBAIA;60220;2023;2023-4;87;242000;0.05;277902.0;768.0;512.0;256.0;1;OBSTRUIDO;Mista;1;1;1;1;35902.0;14.835537190082645
SAMAMBAIA;QS-SAMAMBAIA;60220;2023;2023-4;89;932000;0.05;1000000.0;3246.63;2164.42;1082.21;1;OBSTRUIDO;Mista;1;1;1;1;68000.0;7.296137339055794
SAMAMBAIA;AREA DE DESENVOLVIMENTO ECONOMICO SUL;60225;2023;2023-4;96;118000;0.05;188813.19;400.0;400.0;200.0;4;OCUPADO;Mista;0;1;1;1;70813.19;60.01117796610169
CEILANDIA;SETOR INDUSTRIAL I                           ;60225;2023;2023-5;2;210000;0.05;271999.99;1400.0;1400.0;700.0;5;VAGO;Mista;0;1;1;1;61999.98999999999;29.52380476190476
CEILANDIA;SETOR INDUSTRIAL I                           ;60225;2023;2023-5;3;210000;0.05;271999.99;1400.0;1400.0;700.0;6;VAGO;Mista;0;1;1;1;61999.98999999999;29.52380476190476
CEILANDIA;SETOR INDUSTRIAL I                           ;60225;2023;2023-5;4;210000;0.05;353900.0;1400.0;1400.0;700.0;7;OCUPADO;Mista;0;1;1;1;143900.0;68.52380952380952
CEILANDIA;SETOR INDUSTRIAL I                           ;60225;2023;2023-5;5;210000;0.05;273000.0;1400.0;1400.0;700.0;3;VAGO;Mista;0;1;1;1;63000.0;30.0
CEILANDIA;SETOR INDUSTRIAL I                           ;60225;2023;2023-5;6;210000;0.05;353900.0;1400.0;1400.0;700.0;3;VAGO;Mista;0;1;1;1;143900.0;68.52380952380952
CEILANDIA;SETOR INDUSTRIAL I                           ;60227;2023;2023-5;7;35500;0.05;55101.2;120.0;120.0;60.0;4;VAGO;Mista;1;1;1;1;19601.199999999997;55.214647887323935
CEILANDIA;SETOR INDUSTRIAL I                           ;60227;2023;2023-5;8;35500;0.05;51210.59;120.0;120.0;60.0;4;VAGO;Mista;1;1;1;1;15710.589999999997;44.25518309859154
CEILANDIA;SETOR INDUSTRIAL I                           ;60227;2023;2023-5;9;35500;0.05;51210.36;120.0;120.0;60.0;1;VAGO;Mista;1;1;1;1;15710.36;44.25453521126761
CEILANDIA;SETOR INDUSTRIAL I                           ;60227;2023;2023-5;10;35500;0.05;51212.05;120.0;120.0;60.0;2;VAGO;Mista;1;1;1;1;15712.050000000003;44.259295774647896
CEILANDIA;SETOR INDUSTRIAL I                           ;60227;2023;2023-5;11;35500;0.05;51482.11;120.0;120.0;60.0;2;VAGO;Mista;1;1;1;1;15982.11;45.02002816901409
CEILANDIA;SETOR INDUSTRIAL I                           ;60227;2023;2023-5;12;35500;0.05;53400.0;120.0;120.0;60.0;2;VAGO;Mista;1;1;1;1;17900.0;50.42253521126761
CEILANDIA;SETOR INDUSTRIAL I                           ;60227;2023;2023-5;13;35500;0.05;53399.0;120.0;120.0;60.0;1;VAGO;Mista;1;1;1;1;17899.0;50.41971830985915
CEILANDIA;SETOR INDUSTRIAL I                           ;60227;2023;2023-5;16;35500;0.05;40500.0;120.0;120.0;60.0;2;VAGO;Mista;1;1;1;1;5000.0;14.084507042253522
CEILANDIA;SETOR INDUSTRIAL I                           ;60227;2023;2023-5;17;35500;0.05;40500.0;120.0;120.0;60.0;2;VAGO;Mista;1;1;1;1;5000.0;14.084507042253522
GAMA;SETOR DE MULTIPLAS ATIVIDADES;60224;2023;2023-5;18;404000;0.05;479600.0;1610.192;1006.37;1006.37;2;OCUPADO;Mista;0;1;1;1;75600.0;18.712871287128714
GAMA;SETOR DE MULTIPLAS ATIVIDADES;60224;2023;2023-5;19;421000;0.05;526600.0;1715.792;1072.37;1072.37;2;OCUPADO;Mista;0;1;1;1;105600.0;25.08313539192399
GUARA;SETOR COMPLEMENTAR INDUSTRIA E ABASTECIMENTO;60224;2023;2023-5;20;3720000;0.05;3850000.0;4704.0;4032.0;2240.0;1;OCUPADO;Mista;0;1;1;1;130000.0;3.494623655913978
ITAPOÃ;SETOR HABITACIONAL ITAPOA - ITAPOA PARQUE - AV. ITAPOA PARQUE;60222;2023;2023-5;22;271000;0.05;511000.0;756.0;756.0;840.0;2;VAGO;Mista;0;1;1;1;240000.0;88.56088560885608
ITAPOÃ;SETOR HABITACIONAL ITAPOA - ITAPOA PARQUE - AV. ITAPOA PARQUE;60222;2023;2023-5;23;271000;0.05;510300.0;756.0;756.0;840.0;3;SITUACAO NAO CADASTRADA;Mista;0;1;1;1;239300.0;88.30258302583026
ITAPOÃ;SETOR HABITACIONAL ITAPOA - ITAPOA PARQUE - AV. ITAPOA PARQUE;60222;2023;2023-5;24;271000;0.05;501000.0;756.0;756.0;840.0;3;VAGO;Mista;0;1;1;1;230000.0;84.87084870848709
ITAPOÃ;SETOR HABITACIONAL ITAPOA - ITAPOA PARQUE - AV. ITAPOA PARQUE;60222;2023;2023-5;25;271000;0.05;503127.0;756.0;756.0;840.0;4;VAGO;Mista;0;1;1;1;232127.0;85.65571955719558
ITAPOÃ;SETOR HABITACIONAL ITAPOA - ITAPOA PARQUE - AV. ITAPOA PARQUE;60222;2023;2023-5;26;271000;0.05;313099.99;756.0;756.0;840.0;4;SITUACAO NAO CADASTRADA;Mista;0;1;1;1;42099.98999999999;15.535051660516602
ITAPOÃ;SETOR HABITACIONAL ITAPOA - ITAPOA PARQUE - AV. ITAPOA PARQUE;60222;2023;2023-5;27;482000;0.05;728000.0;1404.9;1404.9;1561.0;4;VAGO;Mista;0;1;1;1;246000.0;51.037344398340245
RECANTO DAS EMAS;RECANTO DAS EMAS;60216;2023;2023-5;33;170000;0.05;170700.0;416.4;374.76;208.2;1;VAGO;Mista;1;1;1;1;700.0;0.411764705882353
RIACHO FUNDO II;HABITACIONAL RIACHO FUNDO II;60217;2023;2023-5;36;157000;0.05;235000.0;315.0;147.0;105.0;7;VAGO;Mista;1;1;1;1;78000.0;49.681528662420384
RIACHO FUNDO II;HABITACIONAL RIACHO FUNDO II;60217;2023;2023-5;40;157000;0.05;210000.0;315.0;147.0;105.0;3;VAGO;Mista;1;1;1;1;53000.0;33.75796178343949
RIACHO FUNDO II;HABITACIONAL RIACHO FUNDO II;60223;2023;2023-5;42;2650000;0.05;3061000.99;7652.175;4285.218;3060.87;2;VAGO;Mista;0;1;1;1;411000.9900000002;15.509471320754725
SAMAMBAIA;QS-SAMAMBAIA;60217;2023;2023-5;44;150000;0.05;186999.99;350.0;200.0;100.0;3;VAGO;Mista;1;1;1;1;36999.98999999999;24.666659999999993
SAMAMBAIA;QN-SAMAMBAIA;60219;2023;2023-5;62;139000;0.05;141999.99;300.0;200.0;100.0;1;OBSTRUIDO;Mista;1;1;1;1;2999.9899999999907;2.158266187050353
SAMAMBAIA;QN-SAMAMBAIA;60219;2023;2023-5;63;139000;0.05;143700.77;300.0;200.0;100.0;2;OBSTRUIDO;Mista;1;1;1;1;4700.7699999999895;3.3818489208633022
SAMAMBAIA;QN-SAMAMBAIA;60219;2023;2023-5;65;115000;0.05;120000.0;300.0;200.0;100.0;1;VAGO;Mista;1;1;1;1;5000.0;4.3478260869565215
SAMAMBAIA;QN-SAMAMBAIA;60219;2023;2023-5;66;115000;0.05;117000.0;300.0;200.0;100.0;1;VAGO;Mista;1;1;1;1;2000.0;1.7391304347826086
SAMAMBAIA;QN-SAMAMBAIA;60219;2023;2023-5;68;968000;0.05;1010100.0;3375.0;2250.0;1125.0;1;VAGO;Mista;1;1;1;1;42100.0;4.349173553719008
SAMAMBAIA;QS-SAMAMBAIA;60219;2023;2023-5;70;115000;0.05;169000.0;300.0;200.0;100.0;2;VAGO;Mista;1;1;1;1;54000.0;46.95652173913044
SAMAMBAIA;QS-SAMAMBAIA;60219;2023;2023-5;71;115000;0.05;169000.0;300.0;200.0;100.0;1;VAGO;Mista;1;1;1;1;54000.0;46.95652173913044
SAMAMBAIA;QS-SAMAMBAIA;60219;2023;2023-5;72;115000;0.05;169000.0;300.0;200.0;100.0;1;VAGO;Mista;1;1;1;1;54000.0;46.95652173913044
SAMAMBAIA;QS-SAMAMBAIA;60219;2023;2023-5;73;115000;0.05;169000.0;300.0;200.0;100.0;1;VAGO;Mista;1;1;1;1;54000.0;46.95652173913044
SAMAMBAIA;QS-SAMAMBAIA;60220;2023;2023-5;78;362000;0.05;371999.99;1200.0;800.0;400.0;2;OBSTRUIDO;Mista;1;1;1;1;9999.98999999999;2.7624281767955776
SAMAMBAIA;QS-SAMAMBAIA;60220;2023;2023-5;80;780000;0.05;821003.0;2700.0;1800.0;900.0;1;VAGO;Mista;1;1;1;1;41003.0;5.256794871794872
SAMAMBAIA;AREA DE DESENVOLVIMENTO ECONOMICO SUL;60227;2023;2023-5;83;90700;0.05;125800.0;210.0;210.0;105.0;3;OBSTRUIDO;Mista;1;1;1;1;35100.0;38.699007717750824
SAO SEBASTIAO;BAIRRO SÃO BARTOLOMEU;60215;2023;2023-5;84;371000;0.05;450110.1;879.334;879.334;382.319;1;VAGO;Unifamiliar;1;0;0;0;79110.09999999998;21.32347708894878
SAO SEBASTIAO;BAIRRO SÃO BARTOLOMEU;60217;2023;2023-5;85;573000;0.05;575500.0;1332.249;1221.228;444.083;1;VAGO;Mista;1;1;1;1;2500.0;0.4363001745200698
SAO SEBASTIAO;BAIRRO SÃO BARTOLOMEU;60217;2023;2023-5;86;393000;0.05;495353.1;903.756;828.443;301.252;3;VAGO;Mista;1;1;1;1;102353.09999999998;26.04404580152671
SAO SEBASTIAO;BAIRRO SÃO BARTOLOMEU;60217;2023;2023-5;93;418000;0.05;435000.0;963.864;883.542;321.288;1;OBSTRUIDO;Mista;1;1;1;1;17000.0;4.0669856459330145
SOBRADINHO;SOBRADINHO                                   ;60216;2023;2023-5;94;1340000;0.05;2002000.88;1200.0;1200.0;600.0;5;OBSTRUIDO;Mista;1;1;1;1;662000.8799999999;49.40305074626865
CEILANDIA;SETOR DE MATERIAL DE CONSTRUCAO              ;60225;2023;2023-6;6;294000;0.05;498000.5;2100.0;2100.0;1050.0;2;CERCADO;Mista;0;1;1;1;204000.5;69.38792517006803
CEILANDIA;SETOR INDUSTRIAL I                           ;60225;2023;2023-6;7;73300;0.05;108200.0;315.0;315.0;210.0;2;CERCADO;Mista;0;1;1;1;34900.0;47.61255115961801
GAMA;SETOR SUL                                    ;60216;2023;2023-6;10;979000;0.05;1023456.78;8000.0;4000.0;2000.0;1;VAGO;Mista;1;1;1;1;44456.78000000003;4.541039836567929
GUARA;SETOR RESID INDUSTRIA E ABASTECIMENTO        ;60214;2023;2023-6;16;267000;0.05;406501.01;345.6;345.6;144.0;7;VAGO;Unifamiliar;1;0;0;0;139501.01;52.24756928838951
GUARA;SETOR RESID INDUSTRIA E ABASTECIMENTO        ;60214;2023;2023-6;17;221000;0.05;406352.05;310.968;310.968;129.57;12;VAGO;Unifamiliar;1;0;0;0;185352.05;83.86970588235295
GUARA;SETOR RESID INDUSTRIA E ABASTECIMENTO        ;60220;2023;2023-6;18;325000;0.05;391100.0;484.608;484.608;201.92;4;VAGO;Mista;1;1;1;1;66100.0;20.338461538461537
LAGO NORTE;SETOR HABITACIONAL TAQUARI;60211;2023;2023-6;26;621000;0.05;940000.0;640.0;640.0;800.0;16;CERCADO;Unifamiliar;1;0;0;0;319000.0;51.368760064412236
RECANTO DAS EMAS;RECANTO DAS EMAS;60217;2023;2023-6;30;215000;0.05;335001.01;661.25;517.5;287.5;3;OCUPADO;Mista;1;1;1;1;120001.01000000001;55.81442325581396
RECANTO DAS EMAS;RECANTO DAS EMAS;60217;2023;2023-6;31;132000;0.05;132000.0;345.0;270.0;150.0;1;VAGO;Mista;1;1;1;1;0.0;0.0
RIACHO FUNDO II;HABITACIONAL RIACHO FUNDO II;60217;2023;2023-6;35;397000;0.05;552552.55;935.73;436.674;311.91;1;VAGO;Mista;1;1;1;1;155552.55000000005;39.1820025188917
RIACHO FUNDO II;HABITACIONAL RIACHO FUNDO II;60217;2023;2023-6;37;395000;0.05;552552.55;931.02;434.476;310.34;1;VAGO;Mista;1;1;1;1;157552.55000000005;39.88672151898736
RIACHO FUNDO II;HABITACIONAL RIACHO FUNDO II;60222;2023;2023-6;44;598000;0.05;752000.0;1620.0;756.0;540.0;2;VAGO;Mista;0;1;1;1;154000.0;25.75250836120401
SAMAMBAIA;QN-SAMAMBAIA;60217;2023;2023-6;56;150000;0.05;166000.0;350.0;200.0;100.0;2;EM CONSTRUCAO;Mista;1;1;1;1;16000.0;10.666666666666668
SAMAMBAIA;QN-SAMAMBAIA;60217;2023;2023-6;57;150000;0.05;157513.0;350.0;200.0;100.0;1;VAGO;Mista;1;1;1;1;7513.0;5.008666666666667
SAMAMBAIA;QR-SAMAMBAIA;60217;2023;2023-6;58;810000;0.05;960000.0;2480.87;1417.64;708.82;1;CERCADO;Mista;1;1;1;1;150000.0;18.51851851851852
SAMAMBAIA;QR-SAMAMBAIA;60217;2023;2023-6;59;803000;0.05;1000000.0;2460.535;1406.02;703.01;1;CERCADO;Mista;1;1;1;1;197000.0;24.533001245330013
SAMAMBAIA;QR-SAMAMBAIA;60217;2023;2023-6;60;1110000;0.05;1350000.0;3439.87;1965.64;982.82;1;CERCADO;Mista;1;1;1;1;240000.0;21.62162162162162
SAMAMBAIA;QN-SAMAMBAIA;60219;2023;2023-6;61;1220000;0.05;1790999.99;3536.94;2357.96;1178.98;2;VAGO;Mista;1;1;1;1;570999.99;46.80327786885246
SAMAMBAIA;QN-SAMAMBAIA;60219;2023;2023-6;63;139000;0.05;180001.99;300.0;200.0;100.0;1;OBSTRUIDO;Mista;1;1;1;1;41001.98999999999;29.497834532374096
SAMAMBAIA;QS-SAMAMBAIA;60219;2023;2023-6;68;698000;0.05;1611000.0;2408.97;1605.98;802.99;2;OBSTRUIDO;Mista;1;1;1;1;913000.0;130.8022922636103
SAMAMBAIA;QS-SAMAMBAIA;60220;2023;2023-6;79;69800;0.05;100000.0;300.0;200.0;100.0;3;VAGO;Mista;1;1;1;1;30200.0;43.26647564469914
SAMAMBAIA;QS-SAMAMBAIA;60220;2023;2023-6;80;176000;0.05;178500.0;528.0;352.0;176.0;3;VAGO;Mista;1;1;1;1;2500.0;1.4204545454545454
SAMAMBAIA;QS-SAMAMBAIA;60220;2023;2023-6;82;176000;0.05;181500.0;528.0;352.0;176.0;1;VAGO;Mista;1;1;1;1;5500.0;3.125
SAMAMBAIA;QS-SAMAMBAIA;60220;2023;2023-6;83;71000;0.05;77000.0;307.5;205.0;102.5;1;VAGO;Mista;1;1;1;1;6000.0;8.450704225352112
SOBRADINHO;SOBRADINHO                                   ;60217;2023;2023-6;91;1270000;0.05;1819738.0;1200.0;1200.0;400.0;1;VAGO;Mista;1;1;1;1;549738.0;43.28645669291338
TAGUATINGA;BAIRRO AGUAS CLARAS;60217;2023;2023-7;1;636000;0.05;951000.9;600.0;360.0;300.0;11;VAGO;Mista;1;1;1;1;315000.9;49.52844339622642
BRASILIA;SETOR DE HABITACOES INDIVIDUAIS SUL          ;60228;2023;2023-7;8;2140000;0.05;7600000.0;840.0;840.0;1200.0;22;VAGO;Institucional;0;0;0;1;5460000.0;255.14018691588785
CEILANDIA;SETOR N NORTE-QUADRA RESIDENCIAL             ;60217;2023;2023-7;11;3670000;0.05;3850000.0;13094.1;4364.7;2182.35;1;OBSTRUIDO;Mista;1;1;1;1;180000.0;4.904632152588556
CEILANDIA;SETOR O NORTE                                ;60217;2023;2023-7;12;1720000;0.05;2121000.0;7650.0;5100.0;2550.0;1;VAGO;Mista;1;1;1;1;401000.0;23.313953488372093
CEILANDIA;SETOR O NORTE-QUADRA RESIDENCIAL             ;60219;2023;2023-7;14;354000;0.05;354000.0;1134.0;756.0;378.0;1;OBSTRUIDO;Mista;1;1;1;1;0.0;0.0
CEILANDIA;SETOR DE MATERIAL DE CONSTRUCAO              ;60225;2023;2023-7;15;294000;0.05;2210000.0;2100.0;2100.0;1050.0;4;OCUPADO;Mista;0;1;1;1;1916000.0;651.7006802721088
CEILANDIA;SETOR DE MATERIAL DE CONSTRUCAO              ;60225;2023;2023-7;16;294000;0.05;2200000.0;2100.0;2100.0;1050.0;6;OCUPADO;Mista;0;1;1;1;1906000.0;648.2993197278912
GAMA;SETOR SUL                                    ;60215;2023;2023-7;26;141000;0.05;142800.0;625.0;625.0;312.5;1;VAGO;Unifamiliar;1;0;0;0;1800.0;1.276595744680851
GAMA;SETOR SUL                                    ;60216;2023;2023-7;27;191000;0.05;222000.0;1250.0;625.0;312.5;1;VAGO;Mista;1;1;1;1;31000.0;16.230366492146597
GUARA;SETOR RESID INDUSTRIA E ABASTECIMENTO        ;60220;2023;2023-7;31;263000;0.05;430000.01;380.765;380.765;158.652;5;OBSTRUIDO;Mista;1;1;1;1;167000.01;63.49810266159697
GUARA;SETOR RESID INDUSTRIA E ABASTECIMENTO        ;60215;2023;2023-7;32;316000;0.05;472999.99;470.496;470.496;196.04;6;OCUPADO;Unifamiliar;1;0;0;0;156999.99;49.6835411392405
GUARA;SETOR RESID INDUSTRIA E ABASTECIMENTO        ;60215;2023;2023-7;33;238000;0.05;300000.0;339.648;339.648;141.52;4;CERCADO;Unifamiliar;1;0;0;0;62000.0;26.05042016806723
GUARA;SETOR RESID INDUSTRIA E ABASTECIMENTO        ;60222;2023;2023-7;34;1320000;0.05;1501000.96;3600.0;2700.0;900.0;3;VAGO;Mista;0;1;1;1;181000.95999999996;13.712193939393938
PARANOA;PARANOÁ PARQUE;60221;2023;2023-7;38;787000;0.05;851000.0;2907.907;1615.504;1615.504;1;OBSTRUIDO;Mista;0;1;1;1;64000.0;8.132147395171538
PARANOA;PARANOÁ PARQUE;60221;2023;2023-7;39;804000;0.05;815000.0;2993.411;1663.006;1663.006;1;VAGO;Mista;0;1;1;1;11000.0;1.3681592039800996
PARANOA;PARANOÁ PARQUE;60221;2023;2023-7;40;804000;0.05;810000.0;2993.407;1663.004;1663.004;1;VAGO;Mista;0;1;1;1;6000.0;0.7462686567164178
PARANOA;PARANOÁ PARQUE;60221;2023;2023-7;41;804000;0.05;805000.0;2993.411;1663.006;1663.006;1;VAGO;Mista;0;1;1;1;1000.0;0.12437810945273632
RECANTO DAS EMAS;AREA DE DESENVOLVIMENTO ECONOMICO;60227;2023;2023-7;53;319000;0.05;352100.0;1135.876;1135.876;283.969;2;OCUPADO;Mista;1;1;1;1;33100.0;10.376175548589343
SAMAMBAIA;QR-SAMAMBAIA;60213;2023;2023-7;57;1050000;0.05;1351000.97;3150.0;1800.0;900.0;2;VAGO;Multifamiliar;1;0;0;0;301000.97;28.666759047619045
SAMAMBAIA;QR-SAMAMBAIA;60213;2023;2023-7;58;1050000;0.05;1352000.97;3150.0;1800.0;900.0;2;VAGO;Multifamiliar;1;0;0;0;302000.97;28.761997142857137
SAMAMBAIA;QS-SAMAMBAIA;60217;2023;2023-7;63;1080000;0.05;1080960.0;3175.09;1867.7;933.85;1;VAGO;Mista;1;1;1;1;960.0;0.08888888888888889
SAMAMBAIA;QS-SAMAMBAIA;60217;2023;2023-7;64;1310000;0.05;1554400.0;3902.01;2295.3;1147.65;2;VAGO;Mista;1;1;1;1;244400.0;18.656488549618324
SAMAMBAIA;QN-SAMAMBAIA;60219;2023;2023-7;67;1320000;0.05;1550000.97;3690.0;2460.0;1230.0;1;VAGO;Mista;1;1;1;1;230000.96999999997;17.424315909090907
SAMAMBAIA;QS-SAMAMBAIA;60219;2023;2023-7;70;143000;0.05;149999.99;300.0;200.0;100.0;2;OBSTRUIDO;Mista;1;1;1;1;6999.989999999991;4.895097902097896
SAMAMBAIA;QS-SAMAMBAIA;60219;2023;2023-7;71;143000;0.05;143999.99;300.0;200.0;100.0;2;OBSTRUIDO;Mista;1;1;1;1;999.9899999999907;0.6992937062936998
SAMAMBAIA;QS-SAMAMBAIA;60219;2023;2023-7;72;143000;0.05;143999.99;300.0;200.0;100.0;1;VAGO;Mista;1;1;1;1;999.9899999999907;0.6992937062936998
SAMAMBAIA;QS-SAMAMBAIA;60219;2023;2023-7;73;143000;0.05;143999.99;300.0;200.0;100.0;1;VAGO;Mista;1;1;1;1;999.9899999999907;0.6992937062936998
SAMAMBAIA;QS-SAMAMBAIA;60220;2023;2023-7;78;1380000;0.05;1501000.0;4665.9;3110.6;1555.3;1;VAGO;Mista;1;1;1;1;121000.0;8.768115942028984
SAMAMBAIA;QS-SAMAMBAIA;60220;2023;2023-7;79;141000;0.05;141000.0;378.0;252.0;126.0;1;OBSTRUIDO;Mista;1;1;1;1;0.0;0.0
SAMAMBAIA;QS-SAMAMBAIA;60220;2023;2023-7;80;141000;0.05;148900.0;378.0;252.0;126.0;2;OBSTRUIDO;Mista;1;1;1;1;7900.0;5.6028368794326235
SAMAMBAIA;QS-SAMAMBAIA;60220;2023;2023-7;81;141000;0.05;148900.0;378.0;252.0;126.0;2;VAGO;Mista;1;1;1;1;7900.0;5.6028368794326235
SAMAMBAIA;QS-SAMAMBAIA;60220;2023;2023-7;82;141000;0.05;148900.0;378.0;252.0;126.0;1;VAGO;Mista;1;1;1;1;7900.0;5.6028368794326235
TAGUATINGA;BAIRRO AGUAS CLARAS-QS;60227;2023;2023-8;8;99700;0.05;145500.0;150.0;150.0;75.0;3;VAGO;Mista;1;1;1;1;45800.0;45.937813440320966
BRASILIA;SHCNW-SETOR DE HABITAÇÕES COLETIVAS NOROESTE;1003;2023;2023-8;9;202000;0.05;251777.71;20.0;20.0;20.0;2;VAGO;Comercial;0;1;0;0;49777.70999999999;24.642430693069304
BRASILIA;SHCNW-SETOR DE HABITAÇÕES COLETIVAS NOROESTE;60033;2023;2023-8;11;8710000;0.05;8710888.88;2831.4;2831.4;780.0;1;VAGO;Mista;1;1;0;1;888.8800000008196;0.01020528128588771
BRASILIA;SHCNW-SETOR DE HABITAÇÕES COLETIVAS NOROESTE;60034;2023;2023-8;14;8250000;0.05;8252000.0;4247.782;4247.782;1930.81;1;VAGO;Mista;0;1;0;1;2000.0;0.024242424242424242
BRASILIA;SHCNW-SETOR DE HABITAÇÕES COLETIVAS NOROESTE;60034;2023;2023-8;15;8150000;0.05;8152000.0;4188.514;4188.514;1903.87;1;VAGO;Mista;0;1;0;1;2000.0;0.024539877300613498
BRASILIA;SHCNW-SETOR DE HABITAÇÕES COLETIVAS NOROESTE;60034;2023;2023-8;16;14500000;0.05;14502000.0;8436.296;8436.296;3834.68;1;SITUACAO NAO CADASTRADA;Mista;0;1;0;1;2000.0;0.013793103448275862
CEILANDIA;SETOR INDUSTRIAL I                           ;60221;2023;2023-8;23;65400;0.05;111210.67;366.0;366.0;183.0;7;VAGO;Mista;0;1;1;1;45810.67;70.04689602446483
CEILANDIA;SETOR INDUSTRIAL I                           ;60225;2023;2023-8;24;73300;0.05;84285.24;315.0;315.0;210.0;2;CERCADO;Mista;0;1;1;1;10985.240000000005;14.986684856753078
CEILANDIA;SETOR INDUSTRIAL I                           ;60225;2023;2023-8;25;73300;0.05;128000.9;315.0;315.0;210.0;3;VAGO;Mista;0;1;1;1;54700.899999999994;74.62605729877217
CEILANDIA;SETOR INDUSTRIAL I                           ;60225;2023;2023-8;26;73300;0.05;101000.9;315.0;315.0;210.0;4;OBSTRUIDO;Mista;0;1;1;1;27700.899999999994;37.791132332878576
CEILANDIA;SETOR INDUSTRIAL I                           ;60225;2023;2023-8;27;73300;0.05;86000.22;315.0;315.0;210.0;2;OBSTRUIDO;Mista;0;1;1;1;12700.220000000001;17.32635743519782
CEILANDIA;SETOR INDUSTRIAL I                           ;60225;2023;2023-8;28;73300;0.05;110000.0;315.0;315.0;210.0;4;OBSTRUIDO;Mista;0;1;1;1;36700.0;50.068212824010914
CEILANDIA;SETOR INDUSTRIAL I                           ;60225;2023;2023-8;29;73300;0.05;86000.22;315.0;315.0;210.0;2;OBSTRUIDO;Mista;0;1;1;1;12700.220000000001;17.32635743519782
CEILANDIA;SETOR INDUSTRIAL I                           ;60225;2023;2023-8;30;73300;0.05;90000.0;315.0;315.0;210.0;4;OBSTRUIDO;Mista;0;1;1;1;16700.0;22.78308321964529
CEILANDIA;SETOR INDUSTRIAL I                           ;60225;2023;2023-8;31;73300;0.05;86000.22;315.0;315.0;210.0;2;OBSTRUIDO;Mista;0;1;1;1;12700.220000000001;17.32635743519782
CEILANDIA;SETOR INDUSTRIAL I                           ;60225;2023;2023-8;32;73300;0.05;86000.22;315.0;315.0;210.0;1;CERCADO;Mista;0;1;1;1;12700.220000000001;17.32635743519782
CEILANDIA;SETOR INDUSTRIAL I                           ;60225;2023;2023-8;33;73300;0.05;86000.22;315.0;315.0;210.0;1;CERCADO;Mista;0;1;1;1;12700.220000000001;17.32635743519782
CEILANDIA;SETOR DE DESENVOLVIMENTO ECONOMICO CENTRO NORTE;60227;2023;2023-8;35;136000;0.05;139001.99;300.0;300.0;150.0;1;VAGO;Mista;1;1;1;1;3001.9899999999907;2.2073455882352873
CEILANDIA;SETOR DE DESENVOLVIMENTO ECONOMICO CENTRO NORTE;60227;2023;2023-8;36;172000;0.05;173000.0;400.0;400.0;200.0;2;OCUPADO;Mista;1;1;1;1;1000.0;0.5813953488372093
CEILANDIA;SETOR DE MATERIAL DE CONSTRUCAO              ;60227;2023;2023-8;37;40300;0.05;93053.85;140.0;140.0;70.0;1;OCUPADO;Mista;1;1;1;1;52753.850000000006;130.9028535980149
GUARA;SETOR RESID INDUSTRIA E ABASTECIMENTO        ;60214;2023;2023-8;39;291000;0.05;451020.0;427.944;427.944;178.31;9;VAGO;Unifamiliar;1;0;0;0;160020.0;54.98969072164949
GUARA;SETOR RESID INDUSTRIA E ABASTECIMENTO        ;60214;2023;2023-8;40;260000;0.05;432024.3;375.864;375.864;156.61;10;VAGO;Unifamiliar;1;0;0;0;172024.3;66.1631923076923
GUARA;SETOR RESID INDUSTRIA E ABASTECIMENTO        ;60214;2023;2023-8;41;242000;0.05;322000.0;345.6;345.6;144.0;5;CERCADO;Unifamiliar;1;0;0;0;80000.0;33.057851239669425
SAO SEBASTIAO;SETOR HABITACIONAL JARDIM BOTANICO;60214;2023;2023-8;43;885000;0.05;997146.0;1661.91;1661.91;1107.94;1;VAGO;Unifamiliar;1;0;0;0;112146.0;12.671864406779662
SAO SEBASTIAO;SETOR HABITACIONAL JARDIM BOTANICO;60214;2023;2023-8;44;650000;0.05;805999.99;1173.0;1173.0;782.0;2;VAGO;Unifamiliar;1;0;0;0;155999.99;23.99999846153846
SAO SEBASTIAO;SETOR HABITACIONAL JARDIM BOTANICO;60214;2023;2023-8;45;720000;0.05;905000.0;1315.86;1315.86;877.24;1;CERCADO;Unifamiliar;1;0;0;0;185000.0;25.694444444444443
SAO SEBASTIAO;SETOR HABITACIONAL JARDIM BOTANICO;60214;2023;2023-8;46;780000;0.05;826857.0;1597.665;1597.665;1065.11;1;VAGO;Unifamiliar;1;0;0;0;46857.0;6.007307692307692
LAGO NORTE;SETOR HABITACIONAL TAQUARI;60211;2023;2023-8;47;651000;0.05;651000.0;596.336;596.336;745.42;1;OCUPADO;Unifamiliar;1;0;0;0;0.0;0.0
LAGO NORTE;SETOR HABITACIONAL TAQUARI;60211;2023;2023-8;48;681000;0.05;920000.0;640.0;640.0;800.0;4;VAGO;Unifamiliar;1;0;0;0;239000.0;35.095447870778266
RECANTO DAS EMAS;RECANTO DAS EMAS;60217;2023;2023-8;54;132000;0.05;133000.0;345.0;270.0;150.0;1;VAGO;Mista;1;1;1;1;1000.0;0.7575757575757576
RECANTO DAS EMAS;RECANTO DAS EMAS;60217;2023;2023-8;55;132000;0.05;140000.0;345.0;270.0;150.0;2;VAGO;Mista;1;1;1;1;8000.0;6.0606060606060606
RIACHO FUNDO;SETOR HABITACIONAL RIACHO FUNDO              ;60219;2023;2023-8;58;1040000;0.05;1100000.0;2475.0;1650.0;825.0;1;OCUPADO;Mista;1;1;1;1;60000.0;5.769230769230769
RIACHO FUNDO II;HABITACIONAL RIACHO FUNDO II;60222;2023;2023-8;59;93300;0.05;170000.0;150.92;105.644;75.46;1;OCUPADO;Mista;0;1;1;1;76700.0;82.20793140407288
SAMAMBAIA;QR-SAMAMBAIA;60213;2023;2023-8;60;876000;0.05;891000.0;3150.0;1800.0;900.0;1;VAGO;Multifamiliar;1;0;0;0;15000.0;1.7123287671232876
SAMAMBAIA;CENTRO URBANO;60217;2023;2023-8;62;803000;0.05;1530000.0;1399.32;932.88;466.44;2;OBSTRUIDO;Mista;1;1;1;1;727000.0;90.53549190535492
SAMAMBAIA;QS-SAMAMBAIA;60217;2023;2023-8;67;129000;0.05;175100.0;350.0;200.0;100.0;3;VAGO;Mista;1;1;1;1;46100.0;35.736434108527135
SAMAMBAIA;QN-SAMAMBAIA;60219;2023;2023-8;70;143000;0.05;186000.0;300.0;200.0;100.0;1;VAGO;Mista;1;1;1;1;43000.0;30.069930069930066
SAMAMBAIA;QS-SAMAMBAIA;60219;2023;2023-8;78;72000;0.05;78000.0;300.0;200.0;100.0;1;VAGO;Mista;1;1;1;1;6000.0;8.333333333333332
SAMAMBAIA;QS-SAMAMBAIA;60219;2023;2023-8;79;1040000;0.05;1127000.0;5880.0;3920.0;1960.0;2;OBSTRUIDO;Mista;1;1;1;1;87000.0;8.365384615384615
SAMAMBAIA;QS-SAMAMBAIA;60219;2023;2023-8;80;193000;0.05;201000.0;450.0;300.0;150.0;1;VAGO;Mista;1;1;1;1;8000.0;4.145077720207254
SAMAMBAIA;QS-SAMAMBAIA;60219;2023;2023-8;81;193000;0.05;213999.99;450.0;300.0;150.0;2;VAGO;Mista;1;1;1;1;20999.98999999999;10.880823834196885
SAMAMBAIA;QN-SAMAMBAIA;60220;2023;2023-8;85;99300;0.05;105300.0;225.0;150.0;75.0;1;VAGO;Mista;1;1;1;1;6000.0;6.042296072507553
SAMAMBAIA;QN-SAMAMBAIA;60220;2023;2023-8;87;298000;0.05;298004.05;929.4;619.6;309.8;1;VAGO;Mista;1;1;1;1;4.0499999999883585;0.0013590604026806573
SAMAMBAIA;AREA DE DESENVOLVIMENTO ECONOMICO SUL;60227;2023;2023-8;91;93600;0.05;103999.99;210.0;210.0;105.0;1;OCUPADO;Mista;1;1;1;1;10399.990000000005;11.111100427350433
SAMAMBAIA;AREA DE DESENVOLVIMENTO ECONOMICO SUL;60227;2023;2023-8;92;93600;0.05;95000.0;210.0;210.0;105.0;1;OCUPADO;Mista;1;1;1;1;1400.0;1.4957264957264957
SAMAMBAIA;AREA DE DESENVOLVIMENTO ECONOMICO SUL;60227;2023;2023-8;93;93600;0.05;122100.0;210.0;210.0;105.0;3;OCUPADO;Mista;1;1;1;1;28500.0;30.448717948717945
TAGUATINGA;BAIRRO AGUAS CLARAS;60217;2023;2023-9;1;2420000;0.05;3285333.0;2465.92;1479.552;1232.96;3;OBSTRUIDO;Mista;1;1;1;1;865333.0;35.75756198347108
BRASILIA;SHCNW-SETOR DE HABITAÇÕES COLETIVAS NOROESTE;1893;2023;2023-9;2;19600000;0.3;31000000.0;6300.0;6300.0;1000.0;2;VAGO;Multifamiliar;1;0;0;0;11400000.0;58.16326530612245
BRASILIA;SHCNW-SETOR DE HABITAÇÕES COLETIVAS NOROESTE;1893;2023;2023-9;3;19600000;0.3;33000000.0;6300.0;6300.0;1000.0;2;VAGO;Multifamiliar;1;0;0;0;13400000.0;68.36734693877551
BRASILIA;SETOR DE EMBAIXADAS NORTE                    ;60308;2023;2023-9;8;16000000;0.3;19535000.0;9774.792;9774.792;8145.66;1;VAGO;Mista;0;1;0;1;3535000.0;22.09375
CEILANDIA;SETOR INDUSTRIAL I                           ;60227;2023;2023-9;16;63100;0.05;87777.77;240.0;240.0;120.0;6;OBSTRUIDO;Mista;1;1;1;1;24677.770000000004;39.108985736925526
CEILANDIA;SETOR INDUSTRIAL I                           ;60227;2023;2023-9;17;63100;0.05;74000.0;240.0;240.0;120.0;6;OBSTRUIDO;Mista;1;1;1;1;10900.0;17.27416798732171
JARDIM BOTÂNICO;COMP. URB. ALDEIAS DO CERRADO - QR 02 - RESIDENCIAL JACARANDAS;285;2023;2023-9;20;306000;0.05;379600.0;432.68;432.68;432.68;5;VAGO;Unifamiliar;1;0;0;0;73600.0;24.052287581699346
JARDIM BOTÂNICO;COMP. URB. ALDEIAS DO CERRADO - QR 02 - RESIDENCIAL JACARANDAS;285;2023;2023-9;21;301000;0.05;361999.99;420.0;420.0;420.0;3;VAGO;Unifamiliar;1;0;0;0;60999.98999999999;20.26577740863787
JARDIM BOTÂNICO;COMP. URB. ALDEIAS DO CERRADO - QR 02 - RESIDENCIAL JACARANDAS;285;2023;2023-9;22;301000;0.05;305900.0;420.0;420.0;420.0;1;VAGO;Unifamiliar;1;0;0;0;4900.0;1.627906976744186
JARDIM BOTÂNICO;COMP. URB. ALDEIAS DO CERRADO - QR 02 - RESIDENCIAL JACARANDAS;285;2023;2023-9;23;301000;0.05;351111.99;420.0;420.0;420.0;4;VAGO;Unifamiliar;1;0;0;0;50111.98999999999;16.648501661129565
JARDIM BOTÂNICO;COMP. URB. ALDEIAS DO CERRADO - QR 02 - RESIDENCIAL JACARANDAS;285;2023;2023-9;24;301000;0.05;321500.0;420.0;420.0;420.0;3;VAGO;Unifamiliar;1;0;0;0;20500.0;6.810631229235881
JARDIM BOTÂNICO;COMP. URB. ALDEIAS DO CERRADO - QR 02 - RESIDENCIAL JACARANDAS;285;2023;2023-9;25;301000;0.05;321000.34;420.0;420.0;420.0;1;VAGO;Unifamiliar;1;0;0;0;20000.340000000026;6.644631229235889
JARDIM BOTÂNICO;COMP. URB. ALDEIAS DO CERRADO - QR 02 - RESIDENCIAL JACARANDAS;285;2023;2023-9;27;301000;0.05;305150.0;420.0;420.0;420.0;1;VAGO;Unifamiliar;1;0;0;0;4150.0;1.3787375415282392
JARDIM BOTÂNICO;COMP. URB. ALDEIAS DO CERRADO - QR 02 - RESIDENCIAL JACARANDAS;285;2023;2023-9;28;321000;0.05;326500.0;477.7;477.7;477.7;5;VAGO;Unifamiliar;1;0;0;0;5500.0;1.7133956386292832
JARDIM BOTÂNICO;COMP. URB. ALDEIAS DO CERRADO - QR 02 - RESIDENCIAL JACARANDAS;285;2023;2023-9;31;329000;0.05;400000.0;503.26;503.26;503.26;6;VAGO;Unifamiliar;1;0;0;0;71000.0;21.580547112462007
JARDIM BOTÂNICO;COMP. URB. ALDEIAS DO CERRADO - QR 02 - RESIDENCIAL JACARANDAS;285;2023;2023-9;32;301000;0.05;332000.0;420.0;420.0;420.0;1;VAGO;Unifamiliar;1;0;0;0;31000.0;10.299003322259136
JARDIM BOTÂNICO;COMP. URB. ALDEIAS DO CERRADO - QR 02 - RESIDENCIAL JACARANDAS;285;2023;2023-9;33;301000;0.05;305070.0;420.0;420.0;420.0;3;VAGO;Unifamiliar;1;0;0;0;4070.0;1.352159468438538
JARDIM BOTÂNICO;COMP. URB. ALDEIAS DO CERRADO - QR 02 - RESIDENCIAL JACARANDAS;285;2023;2023-9;35;301000;0.05;302000.0;420.0;420.0;420.0;1;VAGO;Unifamiliar;1;0;0;0;1000.0;0.33222591362126247
JARDIM BOTÂNICO;COMP. URB. ALDEIAS DO CERRADO - QR 02 - RESIDENCIAL JACARANDAS;285;2023;2023-9;37;301000;0.05;321010.0;420.0;420.0;420.0;2;VAGO;Unifamiliar;1;0;0;0;20010.0;6.647840531561462
JARDIM BOTÂNICO;COMP. URB. ALDEIAS DO CERRADO - QR 02 - RESIDENCIAL JACARANDAS;285;2023;2023-9;38;301000;0.05;341000.0;420.0;420.0;420.0;5;VAGO;Unifamiliar;1;0;0;0;40000.0;13.2890365448505
JARDIM BOTÂNICO;COMP. URB. ALDEIAS DO CERRADO - QR 02 - RESIDENCIAL JACARANDAS;285;2023;2023-9;39;306000;0.05;371600.0;435.0;435.0;435.0;6;VAGO;Unifamiliar;1;0;0;0;65600.0;21.437908496732025
JARDIM BOTÂNICO;COMP. URB. ALDEIAS DO CERRADO - QR 02 - RESIDENCIAL JACARANDAS;285;2023;2023-9;40;365000;0.05;465999.99;627.07;627.07;627.07;12;VAGO;Unifamiliar;1;0;0;0;100999.98999999999;27.671230136986296
JARDIM BOTÂNICO;COMP. URB. ALDEIAS DO CERRADO - QR 02 - RESIDENCIAL JACARANDAS;285;2023;2023-9;41;367000;0.05;403790.9;631.54;631.54;631.54;4;VAGO;Unifamiliar;1;0;0;0;36790.90000000002;10.024768392370579
SAO SEBASTIAO;SETOR HABITACIONAL JARDIM BOTANICO;60214;2023;2023-9;42;802000;0.05;880000.01;1757.235;1757.235;1171.49;1;VAGO;Unifamiliar;1;0;0;0;78000.01000000001;9.725687032418953
SAO SEBASTIAO;SETOR HABITACIONAL JARDIM BOTANICO;60214;2023;2023-9;44;663000;0.05;781374.15;1323.0;1323.0;882.0;3;VAGO;Unifamiliar;1;0;0;0;118374.15000000002;17.854321266968327
SAO SEBASTIAO;SETOR HABITACIONAL JARDIM BOTANICO;60214;2023;2023-9;45;609000;0.05;695214.0;1200.0;1200.0;800.0;5;VAGO;Unifamiliar;1;0;0;0;86214.0;14.15665024630542
PARANOA;PARANOÁ PARQUE;60221;2023;2023-9;49;866000;0.05;888777.0;3318.766;1843.759;1843.759;1;VAGO;Mista;0;1;1;1;22777.0;2.6301385681293303
PARANOA;PARANOÁ PARQUE;60221;2023;2023-9;50;860000;0.05;960000.99;3285.011;1825.006;1825.006;2;VAGO;Mista;0;1;1;1;100000.98999999999;11.628022093023255
PARANOA;PARANOÁ PARQUE;60223;2023;2023-9;56;3620000;0.3;3651000.0;16372.02;8186.01;8186.01;1;VAGO;Mista;0;1;1;1;31000.0;0.8563535911602209
PARANOA;PARANOÁ PARQUE;60223;2023;2023-9;57;10400000;0.3;10441000.0;60697.22;30348.61;30348.61;2;OBSTRUIDO;Mista;0;1;1;1;41000.0;0.3942307692307692
RIACHO FUNDO;SETOR HABITACIONAL RIACHO FUNDO              ;60217;2023;2023-9;63;375000;0.05;461113.11;675.0;675.0;225.0;3;VAGO;Mista;1;1;1;1;86113.10999999999;22.963495999999996
RIACHO FUNDO;SETOR HABITACIONAL RIACHO FUNDO              ;60217;2023;2023-9;64;375000;0.05;422000.0;675.0;675.0;225.0;3;VAGO;Mista;1;1;1;1;47000.0;12.533333333333333
RIACHO FUNDO;SETOR HABITACIONAL RIACHO FUNDO              ;60217;2023;2023-9;65;375000;0.05;422000.0;675.0;675.0;225.0;2;VAGO;Mista;1;1;1;1;47000.0;12.533333333333333
RIACHO FUNDO;SETOR HABITACIONAL RIACHO FUNDO              ;60217;2023;2023-9;66;375000;0.05;451000.0;675.0;675.0;225.0;3;VAGO;Mista;1;1;1;1;76000.0;20.266666666666666
RIACHO FUNDO;SETOR HABITACIONAL RIACHO FUNDO              ;60217;2023;2023-9;68;2440000;0.05;2700000.01;7717.5;5512.5;1837.5;1;OBSTRUIDO;Mista;1;1;1;1;260000.00999999978;10.655738114754088
SAMAMBAIA;CENTRO URBANO;60217;2023;2023-9;73;864000;0.05;886000.0;1512.81;1008.54;504.27;1;OBSTRUIDO;Mista;1;1;1;1;22000.0;2.5462962962962963
SAMAMBAIA;QS-SAMAMBAIA;60217;2023;2023-9;75;1640000;0.05;2150000.0;4906.2;2886.0;1443.0;3;VAGO;Mista;1;1;1;1;510000.0;31.097560975609756
SAMAMBAIA;QS-SAMAMBAIA;60219;2023;2023-9;76;72000;0.05;107000.0;300.0;200.0;100.0;1;VAGO;Mista;1;1;1;1;35000.0;48.61111111111111
SAMAMBAIA;QS-SAMAMBAIA;60220;2023;2023-9;84;81800;0.05;86100.0;150.0;100.0;50.0;1;VAGO;Mista;1;1;1;1;4300.0;5.256723716381418
SANTA MARIA;SANTA MARIA                                  ;60218;2023;2023-9;88;112000;0.05;112000.0;500.0;280.0;200.0;1;OCUPADO;Mista;1;1;1;1;0.0;0.0
SAO SEBASTIAO;BAIRRO SÃO BARTOLOMEU;60217;2023;2023-9;91;356000;0.05;391599.0;924.372;847.341;308.124;2;VAGO;Mista;1;1;1;1;35599.0;9.999719101123596
SAO SEBASTIAO;BAIRRO SÃO BARTOLOMEU;60217;2023;2023-9;93;352000;0.05;365000.0;912.915;836.839;304.305;3;VAGO;Mista;1;1;1;1;13000.0;3.6931818181818183
SAO SEBASTIAO;BAIRRO SÃO BARTOLOMEU;60217;2023;2023-9;94;346000;0.05;416050.0;897.303;822.528;299.101;4;VAGO;Mista;1;1;1;1;70050.0;20.245664739884393
SAO SEBASTIAO;BAIRRO SÃO BARTOLOMEU;60217;2023;2023-9;95;478000;0.05;533000.0;1253.4;1148.95;417.8;4;VAGO;Mista;1;1;1;1;55000.0;11.506276150627615
SAO SEBASTIAO;BAIRRO CRIXÁ;60223;2023;2023-9;97;994000;0.05;1821000.0;1890.067;1050.037;1050.037;1;VAGO;Mista;0;1;1;1;827000.0;83.19919517102615
SOBRADINHO;SETOR INDUSTRIAL                             ;60224;2023;2023-9;106;564000;0.05;651000.0;1400.0;1400.0;700.0;1;CERCADO;Mista;0;1;1;1;87000.0;15.425531914893616
SOBRADINHO;SETOR INDUSTRIAL                             ;60224;2023;2023-9;107;564000;0.05;651000.0;1400.0;1400.0;700.0;1;CERCADO;Mista;0;1;1;1;87000.0;15.425531914893616
SOBRADINHO;SETOR INDUSTRIAL                             ;60224;2023;2023-9;108;564000;0.05;651000.0;1400.0;1400.0;700.0;1;CERCADO;Mista;0;1;1;1;87000.0;15.425531914893616
TAGUATINGA;BAIRRO AGUAS CLARAS-QS;60219;2023;2023-10;1;1380000;0.05;1877777.77;2379.84;2379.84;1189.92;3;VAGO;Mista;1;1;1;1;497777.77;36.070852898550726
CEILANDIA;SETOR P NORTE-ENTREQUADRA                    ;60216;2023;2023-10;5;67770;0.05;101000.0;160.0;80.0;40.0;4;CONSTRUIDO;Mista;1;1;1;1;33230.0;49.03349564704146
CEILANDIA;SETOR O NORTE-QUADRA RESIDENCIAL             ;60219;2023;2023-10;7;354000;0.05;361000.0;1134.0;756.0;378.0;1;OCUPADO;Mista;1;1;1;1;7000.0;1.977401129943503
CEILANDIA;SETOR DE DESENVOLVIMENTO ECONOMICO CENTRO NORTE;60227;2023;2023-10;8;222000;0.05;235500.0;741.42;741.42;370.71;1;OCUPADO;Mista;1;1;1;1;13500.0;6.081081081081082
CEILANDIA;SETOR DE DESENVOLVIMENTO ECONOMICO CENTRO NORTE;60224;2023;2023-10;9;331000;0.05;486600.0;1200.0;1200.0;600.0;6;VAGO;Mista;0;1;1;1;155600.0;47.00906344410876
GAMA;SETOR LESTE INDUSTRIAL                       ;60220;2023;2023-10;12;611000;0.05;824850.0;3750.0;3750.0;1500.0;6;CERCADO;Mista;1;1;1;1;213850.0;35.0
GUARA;SETOR RESID INDUSTRIA E ABASTECIMENTO        ;1000;2023;2023-10;13;189000;0.05;421100.0;45.0;45.0;45.0;5;OCUPADO;Comercial;0;1;0;0;232100.0;122.80423280423281
GUARA;SETOR RESID INDUSTRIA E ABASTECIMENTO        ;60215;2023;2023-10;15;277000;0.05;318888.88;404.208;404.208;168.42;2;OBSTRUIDO;Unifamiliar;1;0;0;0;41888.880000000005;15.122339350180509
GUARA;SETOR RESID INDUSTRIA E ABASTECIMENTO        ;60222;2023;2023-10;16;668000;0.05;670105.0;886.815;591.21;591.21;1;CERCADO;Mista;0;1;1;1;2105.0;0.31511976047904194
GUARA;SETOR RESID INDUSTRIA E ABASTECIMENTO        ;60222;2023;2023-10;17;792000;0.05;794105.0;1057.74;705.16;705.16;1;OBSTRUIDO;Mista;0;1;1;1;2105.0;0.2657828282828283
JARDIM BOTÂNICO;COMP. URB. ALDEIAS DO CERRADO - QR 02 - RESIDENCIAL JACARANDAS;285;2023;2023-10;25;301000;0.05;305000.0;420.0;420.0;420.0;1;VAGO;Unifamiliar;1;0;0;0;4000.0;1.3289036544850499
JARDIM BOTÂNICO;COMP. URB. ALDEIAS DO CERRADO - QR 02 - RESIDENCIAL JACARANDAS;285;2023;2023-10;27;301000;0.05;324000.0;420.0;420.0;420.0;2;VAGO;Unifamiliar;1;0;0;0;23000.0;7.641196013289036
JARDIM BOTÂNICO;COMP. URB. ALDEIAS DO CERRADO - QR 02 - RESIDENCIAL JACARANDAS;285;2023;2023-10;28;330000;0.05;356000.0;505.93;505.93;505.93;4;VAGO;Unifamiliar;1;0;0;0;26000.0;7.878787878787878
JARDIM BOTÂNICO;COMP. URB. ALDEIAS DO CERRADO - QR 02 - RESIDENCIAL JACARANDAS;285;2023;2023-10;32;301000;0.05;315500.0;420.0;420.0;420.0;2;VAGO;Unifamiliar;1;0;0;0;14500.0;4.817275747508306
JARDIM BOTÂNICO;COMP. URB. ALDEIAS DO CERRADO - QR 02 - RESIDENCIAL JACARANDAS;285;2023;2023-10;35;301000;0.05;313300.0;420.0;420.0;420.0;1;VAGO;Unifamiliar;1;0;0;0;12300.0;4.086378737541528
JARDIM BOTÂNICO;COMP. URB. ALDEIAS DO CERRADO - QR 02 - RESIDENCIAL JACARANDAS;285;2023;2023-10;36;301000;0.05;305000.5;420.0;420.0;420.0;1;VAGO;Unifamiliar;1;0;0;0;4000.5;1.3290697674418606
JARDIM BOTÂNICO;COMP. URB. ALDEIAS DO CERRADO - QR 02 - RESIDENCIAL JACARANDAS;285;2023;2023-10;42;318000;0.05;340113.26;469.47;469.47;469.47;3;VAGO;Unifamiliar;1;0;0;0;22113.26000000001;6.953855345911952
JARDIM BOTÂNICO;COMP. URB. ALDEIAS DO CERRADO - QR 02 - RESIDENCIAL JACARANDAS;285;2023;2023-10;43;301000;0.05;301000.0;420.0;420.0;420.0;1;VAGO;Unifamiliar;1;0;0;0;0.0;0.0
JARDIM BOTÂNICO;COMP. URB. ALDEIAS DO CERRADO - QR 02 - RESIDENCIAL JACARANDAS;285;2023;2023-10;44;301000;0.05;302000.13;420.0;420.0;420.0;1;VAGO;Unifamiliar;1;0;0;0;1000.1300000000047;0.33226910299003476
JARDIM BOTÂNICO;COMP. URB. ALDEIAS DO CERRADO - QR 02 - RESIDENCIAL JACARANDAS;285;2023;2023-10;45;301000;0.05;301000.0;420.0;420.0;420.0;1;VAGO;Unifamiliar;1;0;0;0;0.0;0.0
JARDIM BOTÂNICO;COMP. URB. ALDEIAS DO CERRADO - QR 02 - RESIDENCIAL JACARANDAS;285;2023;2023-10;46;301000;0.05;305050.01;420.0;420.0;420.0;1;VAGO;Unifamiliar;1;0;0;0;4050.0100000000093;1.3455182724252521
JARDIM BOTÂNICO;COMP. URB. ALDEIAS DO CERRADO - QR 02 - RESIDENCIAL JACARANDAS;285;2023;2023-10;48;301000;0.05;308000.0;420.0;420.0;420.0;4;VAGO;Unifamiliar;1;0;0;0;7000.0;2.3255813953488373
JARDIM BOTÂNICO;COMP. URB. ALDEIAS DO CERRADO - QR 02 - RESIDENCIAL JACARANDAS;285;2023;2023-10;50;301000;0.05;307000.09;420.0;420.0;420.0;1;VAGO;Unifamiliar;1;0;0;0;6000.090000000026;1.993385382059809
JARDIM BOTÂNICO;COMP. URB. ALDEIAS DO CERRADO - QR 02 - RESIDENCIAL JACARANDAS;285;2023;2023-10;51;329000;0.05;340000.0;502.96;502.96;502.96;1;VAGO;Unifamiliar;1;0;0;0;11000.0;3.343465045592705
JARDIM BOTÂNICO;COMP. URB. ALDEIAS DO CERRADO - QR 02 - RESIDENCIAL JACARANDAS;285;2023;2023-10;52;320000;0.05;326601.0;475.64;475.64;475.64;1;VAGO;Unifamiliar;1;0;0;0;6601.0;2.0628125
JARDIM BOTÂNICO;COMP. URB. ALDEIAS DO CERRADO - QR 02 - RESIDENCIAL JACARANDAS;285;2023;2023-10;53;330000;0.05;333000.0;507.14;507.14;507.14;1;VAGO;Unifamiliar;1;0;0;0;3000.0;0.9090909090909091
JARDIM BOTÂNICO;COMP. URB. ALDEIAS DO CERRADO - QR 02 - RESIDENCIAL JACARANDAS;285;2023;2023-10;56;301000;0.05;312123.99;420.0;420.0;420.0;1;VAGO;Unifamiliar;1;0;0;0;11123.98999999999;3.6956777408637844
JARDIM BOTÂNICO;COMP. URB. ALDEIAS DO CERRADO - QR 02 - RESIDENCIAL JACARANDAS;285;2023;2023-10;61;301000;0.05;305490.0;420.0;420.0;420.0;1;VAGO;Unifamiliar;1;0;0;0;4490.0;1.4916943521594683
JARDIM BOTÂNICO;COMP. URB. ALDEIAS DO CERRADO - QR 02 - RESIDENCIAL JACARANDAS;285;2023;2023-10;62;324000;0.05;335123.45;487.47;487.47;487.47;1;VAGO;Unifamiliar;1;0;0;0;11123.450000000012;3.4331635802469176
JARDIM BOTÂNICO;COMP. URB. ALDEIAS DO CERRADO - QR 02 - RESIDENCIAL JACARANDAS;285;2023;2023-10;69;301000;0.05;303300.0;420.0;420.0;420.0;1;VAGO;Unifamiliar;1;0;0;0;2300.0;0.7641196013289037
JARDIM BOTÂNICO;COMP. URB. ALDEIAS DO CERRADO - QR 02 - RESIDENCIAL JACARANDAS;285;2023;2023-10;70;301000;0.05;335300.0;420.0;420.0;420.0;1;VAGO;Unifamiliar;1;0;0;0;34300.0;11.395348837209303
JARDIM BOTÂNICO;COMP. URB. ALDEIAS DO CERRADO - QR 02 - RESIDENCIAL JACARANDAS;285;2023;2023-10;71;301000;0.05;305000.0;420.0;420.0;420.0;1;VAGO;Unifamiliar;1;0;0;0;4000.0;1.3289036544850499
JARDIM BOTÂNICO;COMP. URB. ALDEIAS DO CERRADO - QR 02 - RESIDENCIAL JACARANDAS;285;2023;2023-10;75;301000;0.05;337100.98;420.0;420.0;420.0;1;VAGO;Unifamiliar;1;0;0;0;36100.97999999998;11.993681063122917
JARDIM BOTÂNICO;COMP. URB. ALDEIAS DO CERRADO - QR 02 - RESIDENCIAL JACARANDAS;285;2023;2023-10;78;318000;0.05;328100.0;469.47;469.47;469.47;2;VAGO;Unifamiliar;1;0;0;0;10100.0;3.1761006289308176
JARDIM BOTÂNICO;COMP. URB. ALDEIAS DO CERRADO - QR 02 - RESIDENCIAL JACARANDAS;285;2023;2023-10;79;302000;0.05;304000.0;422.79;422.79;422.79;1;VAGO;Unifamiliar;1;0;0;0;2000.0;0.6622516556291391
JARDIM BOTÂNICO;COMP. URB. ALDEIAS DO CERRADO - QR 02 - RESIDENCIAL JACARANDAS;285;2023;2023-10;80;304000;0.05;324242.42;428.07;428.07;428.07;2;VAGO;Unifamiliar;1;0;0;0;20242.419999999984;6.658690789473678
JARDIM BOTÂNICO;COMP. URB. ALDEIAS DO CERRADO - QR 02 - RESIDENCIAL JACARANDAS;285;2023;2023-10;81;324000;0.05;330000.0;487.47;487.47;487.47;1;VAGO;Unifamiliar;1;0;0;0;6000.0;1.8518518518518516
JARDIM BOTÂNICO;COMP. URB. ALDEIAS DO CERRADO - QR 02 - RESIDENCIAL JACARANDAS;285;2023;2023-10;86;301000;0.05;331001.99;420.0;420.0;420.0;1;VAGO;Unifamiliar;1;0;0;0;30001.98999999999;9.967438538205977
JARDIM BOTÂNICO;COMP. URB. ALDEIAS DO CERRADO - QR 02 - RESIDENCIAL JACARANDAS;285;2023;2023-10;87;301000;0.05;307015.4;420.0;420.0;420.0;1;VAGO;Unifamiliar;1;0;0;0;6015.400000000023;1.9984717607973501
JARDIM BOTÂNICO;COMP. URB. ALDEIAS DO CERRADO - QR 02 - RESIDENCIAL JACARANDAS;285;2023;2023-10;88;301000;0.05;308008.08;420.0;420.0;420.0;1;VAGO;Unifamiliar;1;0;0;0;7008.080000000016;2.328265780730902
JARDIM BOTÂNICO;COMP. URB. ALDEIAS DO CERRADO - QR 02 - RESIDENCIAL JACARANDAS;285;2023;2023-10;89;301000;0.05;351010.0;420.0;420.0;420.0;1;VAGO;Unifamiliar;1;0;0;0;50010.0;16.614617940199334
JARDIM BOTÂNICO;COMP. URB. ALDEIAS DO CERRADO - QR 02 - RESIDENCIAL JACARANDAS;285;2023;2023-10;93;346000;0.05;446500.0;560.67;560.67;560.67;2;VAGO;Unifamiliar;1;0;0;0;100500.0;29.046242774566473
JARDIM BOTÂNICO;COMP. URB. ALDEIAS DO CERRADO - QR 02 - RESIDENCIAL JACARANDAS;285;2023;2023-10;94;307000;0.05;312000.0;438.17;438.17;438.17;1;VAGO;Unifamiliar;1;0;0;0;5000.0;1.6286644951140066
LAGO NORTE;SETOR HABITACIONAL TAQUARI;60211;2023;2023-10;96;911000;0.05;973594.0;960.0;960.0;1200.0;1;OCUPADO;Unifamiliar;1;0;0;0;62594.0;6.870911086717893
PARANOA;PARANOÁ PARQUE;60221;2023;2023-10;100;6110000;0.05;6782100.0;28136.518;15631.399;15631.399;3;VAGO;Mista;0;1;1;1;672100.0;11.0
RECANTO DAS EMAS;RECANTO DAS EMAS;60217;2023;2023-10;101;1460000;0.05;1899000.0;4757.25;3425.22;1902.9;4;VAGO;Mista;1;1;1;1;439000.0;30.068493150684933
RECANTO DAS EMAS;RECANTO DAS EMAS;60217;2023;2023-10;102;238000;0.05;309999.99;630.936;493.776;274.32;2;VAGO;Mista;1;1;1;1;71999.98999999999;30.252096638655456
RIACHO FUNDO II;HABITACIONAL RIACHO FUNDO II;60222;2023;2023-10;103;68500;0.05;110026.0;100.0;70.0;50.0;6;VAGO;Mista;0;1;1;1;41526.0;60.62189781021898
RIACHO FUNDO II;HABITACIONAL RIACHO FUNDO II;60223;2023;2023-10;104;53600;0.05;89100.0;75.06;52.542;37.53;4;VAGO;Mista;0;1;1;1;35500.0;66.23134328358209
SAMAMBAIA;QR-SAMAMBAIA;60213;2023;2023-10;105;1050000;0.05;1444444.44;3150.0;1800.0;900.0;1;VAGO;Multifamiliar;1;0;0;0;394444.43999999994;37.56613714285714
SAMAMBAIA;QR-SAMAMBAIA;60215;2023;2023-10;106;179000;0.05;260000.0;386.0;386.0;193.0;3;OCUPADO;Unifamiliar;1;0;0;0;81000.0;45.2513966480447
SAMAMBAIA;QS-SAMAMBAIA;60217;2023;2023-10;109;155000;0.05;156000.0;350.0;200.0;100.0;2;OBSTRUIDO;Mista;1;1;1;1;1000.0;0.6451612903225806
SAMAMBAIA;QN-SAMAMBAIA;60219;2023;2023-10;112;971000;0.05;1012000.0;2700.0;1800.0;900.0;1;VAGO;Mista;1;1;1;1;41000.0;4.222451081359424
SAMAMBAIA;QN-SAMAMBAIA;60219;2023;2023-10;114;1340000;0.05;1666666.66;3748.17;2498.78;1249.39;2;VAGO;Mista;1;1;1;1;326666.6599999999;24.378108955223873
SAMAMBAIA;QS-SAMAMBAIA;60219;2023;2023-10;125;203000;0.05;267777.0;1061.25;707.5;353.75;2;VAGO;Mista;1;1;1;1;64777.0;31.909852216748767
SAMAMBAIA;QN-SAMAMBAIA;60220;2023;2023-10;126;119000;0.05;132000.0;300.0;200.0;100.0;1;VAGO;Mista;1;1;1;1;13000.0;10.92436974789916
SAMAMBAIA;QN-SAMAMBAIA;60220;2023;2023-10;127;203000;0.05;204063.99;600.0;400.0;200.0;1;VAGO;Mista;1;1;1;1;1063.9899999999907;0.5241330049261038
SAMAMBAIA;QS-SAMAMBAIA;60220;2023;2023-10;134;1140000;0.05;1200000.0;3853.44;2568.96;1284.48;1;VAGO;Mista;1;1;1;1;60000.0;5.263157894736842
SAMAMBAIA;QS-SAMAMBAIA;60220;2023;2023-10;135;1140000;0.05;1200000.0;3853.44;2568.96;1284.48;1;VAGO;Mista;1;1;1;1;60000.0;5.263157894736842
SAMAMBAIA;AREA DE DESENVOLVIMENTO ECONOMICO SUL;60225;2023;2023-10;136;127000;0.05;128012.0;420.0;420.0;210.0;1;CERCADO;Mista;0;1;1;1;1012.0;0.7968503937007874
SAMAMBAIA;AREA DE DESENVOLVIMENTO ECONOMICO SUL;60227;2023;2023-10;137;93600;0.05;95999.99;210.0;210.0;105.0;1;OBSTRUIDO;Mista;1;1;1;1;2399.9900000000052;2.564091880341886
TAGUATINGA;AREA DES/ECONOMICO-AGUAS CLARAS;60227;2023;2023-11;1;195000;0.05;306000.0;300.0;300.0;150.0;3;OCUPADO;Mista;1;1;1;1;111000.0;56.92307692307692
BRASILIA;SETOR DE HAB COLETIVAS SUDOESTE              ;1504;2023;2023-11;2;614000;0.05;2053000.0;230.4;230.4;576.0;9;VAGO;Institucional;0;0;0;1;1439000.0;234.36482084690553
CEILANDIA;SETOR O NORTE-QUADRA RESIDENCIAL             ;60219;2023;2023-11;6;440000;0.05;440000.0;1458.0;972.0;486.0;1;VAGO;Mista;1;1;1;1;0.0;0.0
CEILANDIA;SETOR INDUSTRIAL I                           ;60221;2023;2023-11;7;66300;0.05;86500.0;366.0;366.0;183.0;6;CERCADO;Mista;0;1;1;1;20200.0;30.46757164404223
CEILANDIA;SETOR INDUSTRIAL I                           ;60221;2023;2023-11;8;66300;0.05;87500.0;366.0;366.0;183.0;5;CERCADO;Mista;0;1;1;1;21200.0;31.975867269984914
CEILANDIA;SETOR INDUSTRIAL I                           ;60225;2023;2023-11;9;106000;0.05;180000.0;480.375;480.375;320.25;7;CERCADO;Mista;0;1;1;1;74000.0;69.81132075471697
CEILANDIA;SETOR INDUSTRIAL I                           ;60225;2023;2023-11;10;74400;0.05;83900.0;315.0;315.0;210.0;1;OBSTRUIDO;Mista;0;1;1;1;9500.0;12.768817204301076
CEILANDIA;SETOR INDUSTRIAL I                           ;60225;2023;2023-11;11;74400;0.05;106000.0;315.0;315.0;210.0;2;OBSTRUIDO;Mista;0;1;1;1;31600.0;42.473118279569896
CEILANDIA;SETOR INDUSTRIAL I                           ;60225;2023;2023-11;13;214000;0.05;322222.22;1400.0;1400.0;700.0;8;VAGO;Mista;0;1;1;1;108222.21999999997;50.57113084112148
GUARA;SETOR RESID INDUSTRIA E ABASTECIMENTO        ;60214;2023;2023-11;14;259000;0.05;373333.33;360.0;360.0;150.0;3;VAGO;Unifamiliar;1;0;0;0;114333.33000000002;44.14414285714287
GUARA;SETOR RESID INDUSTRIA E ABASTECIMENTO        ;60214;2023;2023-11;15;259000;0.05;339000.0;360.0;360.0;150.0;4;VAGO;Unifamiliar;1;0;0;0;80000.0;30.888030888030887
GUARA;SETOR RESID INDUSTRIA E ABASTECIMENTO        ;60214;2023;2023-11;16;252000;0.05;369000.0;349.2;349.2;145.5;8;VAGO;Unifamiliar;1;0;0;0;117000.0;46.42857142857143
GUARA;SETOR RESID INDUSTRIA E ABASTECIMENTO        ;60214;2023;2023-11;17;276000;0.05;367777.77;387.48;387.48;161.45;7;VAGO;Unifamiliar;1;0;0;0;91777.77000000002;33.252815217391316
GUARA;SETOR RESID INDUSTRIA E ABASTECIMENTO        ;60214;2023;2023-11;18;276000;0.05;401101.5;387.48;387.48;161.45;6;VAGO;Unifamiliar;1;0;0;0;125101.5;45.32663043478261
GUARA;SETOR RESID INDUSTRIA E ABASTECIMENTO        ;60214;2023;2023-11;19;305000;0.05;431101.5;434.52;434.52;181.05;8;VAGO;Unifamiliar;1;0;0;0;126101.5;41.34475409836065
GUARA;SETOR RESID INDUSTRIA E ABASTECIMENTO        ;60214;2023;2023-11;20;364000;0.05;602905.23;530.952;530.952;221.23;12;VAGO;Unifamiliar;1;0;0;0;238905.22999999998;65.63330494505493
JARDIM BOTÂNICO;COMP. URB. ALDEIAS DO CERRADO - QR 02 - RESIDENCIAL JACARANDAS;285;2023;2023-11;29;301000;0.05;303000.0;420.0;420.0;420.0;1;VAGO;Unifamiliar;1;0;0;0;2000.0;0.6644518272425249
JARDIM BOTÂNICO;COMP. URB. ALDEIAS DO CERRADO - QR 02 - RESIDENCIAL JACARANDAS;285;2023;2023-11;33;318000;0.05;330000.0;470.69;470.69;470.69;2;VAGO;Unifamiliar;1;0;0;0;12000.0;3.7735849056603774
JARDIM BOTÂNICO;COMP. URB. ALDEIAS DO CERRADO - QR 02 - RESIDENCIAL JACARANDAS;285;2023;2023-11;34;351000;0.05;372500.0;577.53;577.53;577.53;3;VAGO;Unifamiliar;1;0;0;0;21500.0;6.1253561253561255
JARDIM BOTÂNICO;COMP. URB. ALDEIAS DO CERRADO - QR 02 - RESIDENCIAL JACARANDAS;285;2023;2023-11;36;301000;0.05;309000.0;420.0;420.0;420.0;1;VAGO;Unifamiliar;1;0;0;0;8000.0;2.6578073089700998
JARDIM BOTÂNICO;COMP. URB. ALDEIAS DO CERRADO - QR 02 - RESIDENCIAL JACARANDAS;285;2023;2023-11;37;301000;0.05;309000.0;420.0;420.0;420.0;1;VAGO;Unifamiliar;1;0;0;0;8000.0;2.6578073089700998
JARDIM BOTÂNICO;COMP. URB. ALDEIAS DO CERRADO - QR 02 - RESIDENCIAL JACARANDAS;285;2023;2023-11;39;315000;0.05;315789.46;460.92;460.92;460.92;1;VAGO;Unifamiliar;1;0;0;0;789.460000000021;0.25062222222222885
JARDIM BOTÂNICO;COMP. URB. ALDEIAS DO CERRADO - QR 02 - RESIDENCIAL JACARANDAS;285;2023;2023-11;44;324000;0.05;333800.0;487.92;487.92;487.92;1;VAGO;Unifamiliar;1;0;0;0;9800.0;3.0246913580246915
JARDIM BOTÂNICO;COMP. URB. ALDEIAS DO CERRADO - QR 02 - RESIDENCIAL JACARANDAS;285;2023;2023-11;48;304000;0.05;308389.0;427.64;427.64;427.64;1;VAGO;Unifamiliar;1;0;0;0;4389.0;1.44375
JARDIM BOTÂNICO;COMP. URB. ALDEIAS DO CERRADO - QR 02 - RESIDENCIAL JACARANDAS;285;2023;2023-11;49;305000;0.05;310000.0;430.77;430.77;430.77;1;VAGO;Unifamiliar;1;0;0;0;5000.0;1.639344262295082
JARDIM BOTÂNICO;COMP. URB. ALDEIAS DO CERRADO - QR 02 - RESIDENCIAL JACARANDAS;285;2023;2023-11;55;301000;0.05;308000.0;420.0;420.0;420.0;1;VAGO;Unifamiliar;1;0;0;0;7000.0;2.3255813953488373
JARDIM BOTÂNICO;COMP. URB. ALDEIAS DO CERRADO - QR 02 - RESIDENCIAL JACARANDAS;285;2023;2023-11;63;338000;0.05;339000.0;532.27;532.27;532.27;1;VAGO;Unifamiliar;1;0;0;0;1000.0;0.2958579881656805
JARDIM BOTÂNICO;COMP. URB. ALDEIAS DO CERRADO - QR 02 - RESIDENCIAL JACARANDAS;285;2023;2023-11;67;301000;0.05;302000.0;420.0;420.0;420.0;1;VAGO;Unifamiliar;1;0;0;0;1000.0;0.33222591362126247
JARDIM BOTÂNICO;COMP. URB. ALDEIAS DO CERRADO - QR 02 - RESIDENCIAL JACARANDAS;285;2023;2023-11;75;301000;0.05;306704.22;420.0;420.0;420.0;1;VAGO;Unifamiliar;1;0;0;0;5704.219999999972;1.8950897009966685
JARDIM BOTÂNICO;COMP. URB. ALDEIAS DO CERRADO - QR 02 - RESIDENCIAL JACARANDAS;285;2023;2023-11;76;301000;0.05;311525.5;420.0;420.0;420.0;1;VAGO;Unifamiliar;1;0;0;0;10525.5;3.496843853820598
JARDIM BOTÂNICO;COMP. URB. ALDEIAS DO CERRADO - QR 02 - RESIDENCIAL JACARANDAS;285;2023;2023-11;78;301000;0.05;308525.0;420.0;420.0;420.0;1;VAGO;Unifamiliar;1;0;0;0;7525.0;2.5
JARDIM BOTÂNICO;COMP. URB. ALDEIAS DO CERRADO - QR 02 - RESIDENCIAL JACARANDAS;285;2023;2023-11;80;338000;0.05;351234.57;532.27;532.27;532.27;1;VAGO;Unifamiliar;1;0;0;0;13234.570000000007;3.9155532544378717
JARDIM BOTÂNICO;COMP. URB. ALDEIAS DO CERRADO - QR 02 - RESIDENCIAL JACARANDAS;285;2023;2023-11;81;338000;0.05;353001.0;532.27;532.27;532.27;1;VAGO;Unifamiliar;1;0;0;0;15001.0;4.438165680473373
RECANTO DAS EMAS;RECANTO DAS EMAS;60216;2023;2023-11;92;130000;0.05;135000.0;300.0;270.0;150.0;1;VAGO;Mista;1;1;1;1;5000.0;3.8461538461538463
RECANTO DAS EMAS;RECANTO DAS EMAS;60216;2023;2023-11;97;706000;0.05;750000.0;2088.1;1879.29;1044.05;1;OBSTRUIDO;Mista;1;1;1;1;44000.0;6.232294617563739
RECANTO DAS EMAS;RECANTO DAS EMAS;60217;2023;2023-11;98;137000;0.05;147777.77;345.0;270.0;150.0;1;VAGO;Mista;1;1;1;1;10777.76999999999;7.8669854014598455
SAMAMBAIA;QN-SAMAMBAIA;60217;2023;2023-11;103;155000;0.05;205001.0;350.0;200.0;100.0;3;OBSTRUIDO;Mista;1;1;1;1;50001.0;32.258709677419354
SAMAMBAIA;QN-SAMAMBAIA;60217;2023;2023-11;104;155000;0.05;235000.0;350.0;200.0;100.0;2;VAGO;Mista;1;1;1;1;80000.0;51.61290322580645
SAMAMBAIA;QS-SAMAMBAIA;60218;2023;2023-11;107;938000;0.05;958000.0;3150.0;2100.0;1050.0;1;VAGO;Mista;1;1;1;1;20000.0;2.1321961620469083
SAMAMBAIA;QS-SAMAMBAIA;60219;2023;2023-11;110;143000;0.05;145600.0;300.0;200.0;100.0;1;OBSTRUIDO;Mista;1;1;1;1;2600.0;1.8181818181818181
SAMAMBAIA;QS-SAMAMBAIA;60219;2023;2023-11;111;143000;0.05;145600.0;300.0;200.0;100.0;1;VAGO;Mista;1;1;1;1;2600.0;1.8181818181818181
SAO SEBASTIAO;BAIRRO CRIXÁ;60223;2023;2023-11;120;1070000;0.05;1111000.0;1961.336;1089.631;1089.631;1;VAGO;Mista;0;1;1;1;41000.0;3.8317757009345796
VICENTE PIRES;SETOR HABITACIONAL VICENTE PIRES - TRECHO 01;60214;2023;2023-11;123;565000;0.05;581003.49;1617.0;1617.0;808.5;1;OCUPADO;Unifamiliar;1;0;0;0;16003.48999999999;2.8324761061946884
VICENTE PIRES;SETOR HABITACIONAL VICENTE PIRES - TRECHO 03;60214;2023;2023-11;125;180000;0.05;310000.0;518.12;518.12;259.06;3;OCUPADO;Unifamiliar;1;0;0;0;130000.0;72.22222222222221
TAGUATINGA;BAIRRO AGUAS CLARAS;60217;2023;2023-13;1;8350000;0.3;15893000.0;10500.0;7500.0;1500.0;2;VAGO;Mista;1;1;1;1;7543000.0;90.33532934131736
TAGUATINGA;BAIRRO AGUAS CLARAS;60220;2023;2023-13;2;7500000;0.3;13623000.0;9000.0;5400.0;1800.0;3;OBSTRUIDO;Mista;1;1;1;1;6123000.0;81.64
BRASILIA;SETOR DE HAB COLETIVAS SUDOESTE              ;60556;2023;2023-13;4;645000;0.05;2160000.0;864.0;864.0;576.0;5;VAGO;Institucional;0;0;0;1;1515000.0;234.88372093023258
BRASILIA;SETOR DE HAB COLETIVAS SUDOESTE              ;60556;2023;2023-13;5;971000;0.05;2498000.0;1269.435;1269.435;846.29;1;VAGO;Institucional;0;0;0;1;1527000.0;157.2605561277034
BRASILIA;SHCNW-SETOR DE HABITAÇÕES COLETIVAS NOROESTE;1898;2023;2023-13;7;8490000;0.05;8560000.0;4395.6;4395.6;1998.0;2;VAGO;Mista;0;1;0;1;70000.0;0.8244994110718492
BRASILIA;SHCNW-SETOR DE HABITAÇÕES COLETIVAS NOROESTE;60602;2023;2023-13;9;5710000;0.05;7704200.0;300.0;300.0;1200.0;2;VAGO;Comercial;0;1;0;0;1994200.0;34.9246935201401
BRASILIA;SETOR DE MANSOES DO LAGO-INTERNA;60212;2023;2023-13;11;2160000;0.05;2188888.89;4000.0;4000.0;5000.0;1;CERCADO;Unifamiliar;1;0;0;0;28888.89000000013;1.3374486111111172
CEILANDIA;SETOR R NORTE-CNR;60215;2023;2023-13;13;19600;0.05;27000.0;60.0;60.0;25.0;8;VAGO;Unifamiliar;1;0;0;0;7400.0;37.755102040816325
CEILANDIA;SETOR INDUSTRIAL I                           ;60221;2023;2023-13;15;66300;0.05;121119.0;366.0;366.0;183.0;2;OBSTRUIDO;Mista;0;1;1;1;54819.0;82.68325791855203
CEILANDIA;SETOR INDUSTRIAL I                           ;60225;2023;2023-13;17;74400;0.05;101000.0;315.0;315.0;210.0;3;CERCADO;Mista;0;1;1;1;26600.0;35.752688172043015
CEILANDIA;SETOR INDUSTRIAL I                           ;60225;2023;2023-13;18;74400;0.05;110500.0;315.0;315.0;210.0;4;VAGO;Mista;0;1;1;1;36100.0;48.52150537634409
CEILANDIA;SETOR INDUSTRIAL I                           ;60225;2023;2023-13;19;74400;0.05;101000.0;315.0;315.0;210.0;2;CERCADO;Mista;0;1;1;1;26600.0;35.752688172043015
CEILANDIA;SETOR INDUSTRIAL I                           ;60225;2023;2023-13;20;74400;0.05;128300.0;315.0;315.0;210.0;3;VAGO;Mista;0;1;1;1;53900.0;72.44623655913979
CEILANDIA;SETOR INDUSTRIAL I                           ;60225;2023;2023-13;21;74400;0.05;125300.0;315.0;315.0;210.0;3;VAGO;Mista;0;1;1;1;50900.0;68.41397849462365
CEILANDIA;SETOR INDUSTRIAL I                           ;60225;2023;2023-13;22;74400;0.05;132500.0;315.0;315.0;210.0;3;VAGO;Mista;0;1;1;1;58100.0;78.09139784946237
CEILANDIA;SETOR INDUSTRIAL I                           ;60225;2023;2023-13;23;214000;0.05;341000.22;1400.0;1400.0;700.0;5;VAGO;Mista;0;1;1;1;127000.21999999997;59.34589719626167
CEILANDIA;SETOR INDUSTRIAL I                           ;60225;2023;2023-13;24;214000;0.05;341000.22;1400.0;1400.0;700.0;5;VAGO;Mista;0;1;1;1;127000.21999999997;59.34589719626167
CEILANDIA;SETOR INDUSTRIAL I                           ;60225;2023;2023-13;25;214000;0.05;341000.22;1400.0;1400.0;700.0;7;VAGO;Mista;0;1;1;1;127000.21999999997;59.34589719626167
CEILANDIA;SETOR DE DESENVOLVIMENTO ECONOMICO CENTRO NORTE;60227;2023;2023-13;26;174000;0.05;222694.99;400.0;400.0;200.0;1;OCUPADO;Mista;1;1;1;1;48694.98999999999;27.9856264367816
GAMA;SETOR DE MULTIPLAS ATIVIDADES;60224;2023;2023-13;27;254000;0.05;279400.0;576.0;360.0;360.0;3;CERCADO;Mista;0;1;1;1;25400.0;10.0
GAMA;SETOR DE MULTIPLAS ATIVIDADES;60224;2023;2023-13;28;241000;0.05;277150.0;500.88;313.05;313.05;2;VAGO;Mista;0;1;1;1;36150.0;15.0
GUARA;SETOR RESID INDUSTRIA E ABASTECIMENTO        ;1000;2023;2023-13;29;189000;0.05;503150.0;45.0;45.0;45.0;4;CONSTRUIDO;Comercial;0;1;0;0;314150.0;166.21693121693121
ITAPOÃ;SETOR HABITACIONAL ITAPOA - ITAPOA PARQUE - AV. ITAPOA PARQUE;60222;2023;2023-13;32;271000;0.05;521000.0;756.0;756.0;840.0;2;VAGO;Mista;0;1;1;1;250000.0;92.25092250922509
ITAPOÃ;SETOR HABITACIONAL ITAPOA - ITAPOA PARQUE - AV. ITAPOA PARQUE;60222;2023;2023-13;33;271000;0.05;378000.0;756.0;756.0;840.0;1;VAGO;Mista;0;1;1;1;107000.0;39.48339483394834
ITAPOÃ;SETOR HABITACIONAL ITAPOA - ITAPOA PARQUE - AV. ITAPOA PARQUE;60222;2023;2023-13;34;271000;0.05;385000.0;756.0;756.0;840.0;2;VAGO;Mista;0;1;1;1;114000.0;42.066420664206646
ITAPOÃ;SETOR HABITACIONAL ITAPOA - ITAPOA PARQUE - AV. ITAPOA PARQUE;60222;2023;2023-13;35;482000;0.05;1410000.0;1404.9;1404.9;1561.0;6;VAGO;Mista;0;1;1;1;928000.0;192.5311203319502
ITAPOÃ;SETOR HABITACIONAL ITAPOA - ITAPOA PARQUE - AV. ITAPOA PARQUE;60222;2023;2023-13;36;271000;0.05;566000.0;756.0;756.0;840.0;2;VAGO;Mista;0;1;1;1;295000.0;108.8560885608856
JARDIM BOTÂNICO;COMP. URB. ALDEIAS DO CERRADO - QR 02 - RESIDENCIAL JACARANDAS;285;2023;2023-13;37;337000;0.05;352204.75;531.28;531.28;531.28;5;VAGO;Unifamiliar;1;0;0;0;15204.75;4.511795252225519
JARDIM BOTÂNICO;COMP. URB. ALDEIAS DO CERRADO - QR 02 - RESIDENCIAL JACARANDAS;285;2023;2023-13;38;304000;0.05;315099.99;427.45;427.45;427.45;2;VAGO;Unifamiliar;1;0;0;0;11099.98999999999;3.6513124999999973
JARDIM BOTÂNICO;COMP. URB. ALDEIAS DO CERRADO - QR 02 - RESIDENCIAL JACARANDAS;285;2023;2023-13;39;335000;0.05;345005.0;524.79;524.79;524.79;2;VAGO;Unifamiliar;1;0;0;0;10005.0;2.9865671641791045
JARDIM BOTÂNICO;COMP. URB. ALDEIAS DO CERRADO - QR 02 - RESIDENCIAL JACARANDAS;285;2023;2023-13;53;342000;0.05;350000.0;547.53;547.53;547.53;1;VAGO;Unifamiliar;1;0;0;0;8000.0;2.3391812865497075
JARDIM BOTÂNICO;COMP. URB. ALDEIAS DO CERRADO - QR 02 - RESIDENCIAL JACARANDAS;285;2023;2023-13;56;301000;0.05;313013.13;420.0;420.0;420.0;1;VAGO;Unifamiliar;1;0;0;0;12013.130000000005;3.9910730897009987
JARDIM BOTÂNICO;COMP. URB. ALDEIAS DO CERRADO - QR 02 - RESIDENCIAL JACARANDAS;285;2023;2023-13;57;301000;0.05;313013.13;420.0;420.0;420.0;1;VAGO;Unifamiliar;1;0;0;0;12013.130000000005;3.9910730897009987
JARDIM BOTÂNICO;COMP. URB. ALDEIAS DO CERRADO - QR 02 - RESIDENCIAL JACARANDAS;285;2023;2023-13;58;313000;0.05;313001.0;455.91;455.91;455.91;1;VAGO;Unifamiliar;1;0;0;0;1.0;0.0003194888178913738
JARDIM BOTÂNICO;COMP. URB. ALDEIAS DO CERRADO - QR 02 - RESIDENCIAL JACARANDAS;285;2023;2023-13;59;313000;0.05;313001.0;455.91;455.91;455.91;1;VAGO;Unifamiliar;1;0;0;0;1.0;0.0003194888178913738
JARDIM BOTÂNICO;COMP. URB. ALDEIAS DO CERRADO - QR 02 - RESIDENCIAL JACARANDAS;285;2023;2023-13;66;304000;0.05;310000.99;427.97;427.97;427.97;3;VAGO;Unifamiliar;1;0;0;0;6000.989999999991;1.9740098684210494
JARDIM BOTÂNICO;COMP. URB. ALDEIAS DO CERRADO - QR 02 - RESIDENCIAL JACARANDAS;285;2023;2023-13;69;304000;0.05;304000.0;427.97;427.97;427.97;1;VAGO;Unifamiliar;1;0;0;0;0.0;0.0
JARDIM BOTÂNICO;COMP. URB. ALDEIAS DO CERRADO - QR 02 - RESIDENCIAL JACARANDAS;285;2023;2023-13;70;304000;0.05;304300.0;427.97;427.97;427.97;1;VAGO;Unifamiliar;1;0;0;0;300.0;0.09868421052631579
JARDIM BOTÂNICO;COMP. URB. ALDEIAS DO CERRADO - QR 02 - RESIDENCIAL JACARANDAS;285;2023;2023-13;71;304000;0.05;304300.0;427.97;427.97;427.97;1;VAGO;Unifamiliar;1;0;0;0;300.0;0.09868421052631579
JARDIM BOTÂNICO;COMP. URB. ALDEIAS DO CERRADO - QR 02 - RESIDENCIAL JACARANDAS;285;2023;2023-13;73;301000;0.05;340000.0;420.0;420.0;420.0;1;VAGO;Unifamiliar;1;0;0;0;39000.0;12.956810631229235
JARDIM BOTÂNICO;COMP. URB. ALDEIAS DO CERRADO - QR 02 - RESIDENCIAL JACARANDAS;285;2023;2023-13;74;301000;0.05;303999.99;420.0;420.0;420.0;1;VAGO;Unifamiliar;1;0;0;0;2999.9899999999907;0.996674418604648
RIACHO FUNDO;SETOR HABITACIONAL RIACHO FUNDO              ;60217;2023;2023-13;101;2750000;0.05;2776543.0;8820.0;6300.0;2100.0;1;VAGO;Mista;1;1;1;1;26543.0;0.9652000000000001
RIACHO FUNDO;SETOR HABITACIONAL RIACHO FUNDO              ;60217;2023;2023-13;102;2750000;0.05;3150000.0;8820.0;6300.0;2100.0;1;VAGO;Mista;1;1;1;1;400000.0;14.545454545454545
RIACHO FUNDO II;HABITACIONAL RIACHO FUNDO II;60217;2023;2023-13;104;275000;0.05;275000.0;578.49;269.962;192.83;1;OCUPADO;Mista;1;1;1;1;0.0;0.0
SAMAMBAIA;ADE OESTE - EXPANSÃO RESIDENCIAL OESTE DE SAMAMBAIA;60216;2023;2023-13;107;131000;0.05;150000.0;600.0;300.0;150.0;2;OCUPADO;Mista;1;1;1;1;19000.0;14.50381679389313
SAMAMBAIA;QN-SAMAMBAIA;60219;2023;2023-13;108;143000;0.05;152090.0;300.0;200.0;100.0;2;OBSTRUIDO;Mista;1;1;1;1;9090.0;6.356643356643358
SAMAMBAIA;QN-SAMAMBAIA;60219;2023;2023-13;109;49500;0.05;50000.0;150.0;100.0;50.0;4;VAGO;Mista;1;1;1;1;500.0;1.0101010101010102
SAMAMBAIA;QS-SAMAMBAIA;60219;2023;2023-13;110;97100;0.05;98001.0;450.0;300.0;150.0;1;VAGO;Mista;1;1;1;1;901.0;0.9279093717816683
SAMAMBAIA;QS-SAMAMBAIA;60219;2023;2023-13;117;72000;0.05;85500.0;300.0;200.0;100.0;1;VAGO;Mista;1;1;1;1;13500.0;18.75
SAMAMBAIA;QS-SAMAMBAIA;60219;2023;2023-13;123;72000;0.05;80060.65;300.0;200.0;100.0;1;VAGO;Mista;1;1;1;1;8060.649999999994;11.195347222222214
SAMAMBAIA;QN-SAMAMBAIA;60220;2023;2023-13;125;72000;0.05;122600.0;300.0;200.0;100.0;2;VAGO;Mista;1;1;1;1;50600.0;70.27777777777777
SAMAMBAIA;QS-SAMAMBAIA;60220;2023;2023-13;126;119000;0.05;145000.0;300.0;200.0;100.0;1;VAGO;Mista;1;1;1;1;26000.0;21.84873949579832
SAMAMBAIA;AREA DE DESENVOLVIMENTO ECONOMICO SUL;60227;2023;2023-13;129;93600;0.05;173600.0;210.0;210.0;105.0;3;VAGO;Mista;1;1;1;1;80000.0;85.47008547008546
SAO SEBASTIAO;BAIRRO CRIXÁ;60223;2023;2023-13;131;1330000;0.05;1501000.0;2459.063;1366.146;1366.146;2;VAGO;Mista;0;1;1;1;171000.0;12.857142857142856
VICENTE PIRES;SETOR HABITACIONAL VICENTE PIRES - TRECHO 03;60214;2023;2023-13;137;246000;0.05;321100.89;822.9;822.9;411.45;6;OCUPADO;Unifamiliar;1;0;0;0;75100.89000000001;30.52881707317074
VICENTE PIRES;SETOR HABITACIONAL VICENTE PIRES - TRECHO 03;60219;2023;2023-13;138;574000;0.05;650000.0;1168.92;584.46;584.46;1;OCUPADO;Mista;1;1;1;1;76000.0;13.240418118466899
TAGUATINGA;BAIRRO AGUAS CLARAS-QS;60219;2023;2023-14;1;1310000;0.05;2350000.23;2240.0;2240.0;1120.0;1;OBSTRUIDO;Mista;1;1;1;1;1040000.23;79.38933053435115
BRASILIA;SHCNW-SETOR DE HABITAÇÕES COLETIVAS NOROESTE;1893;2023;2023-14;3;19600000;0.05;22755000.0;6300.0;6300.0;1000.0;2;VAGO;Multifamiliar;1;0;0;0;3155000.0;16.096938775510203
BRASILIA;SETOR DE SUPERQUADRAS DUPLA SUL              ;60402;2023;2023-14;16;4940000;0.05;6104200.0;261.25;261.25;1045.0;1;VAGO;Comercial;0;1;0;0;1164200.0;23.566801619433196
CEILANDIA;SETOR N NORTE-QUADRA RESIDENCIAL             ;60217;2023;2023-14;23;3440000;0.05;3680000.0;12000.0;4000.0;2000.0;1;VAGO;Mista;1;1;1;1;240000.0;6.976744186046512
CEILANDIA;SETOR N NORTE-QUADRA RESIDENCIAL             ;60217;2023;2023-14;24;3440000;0.05;3680000.0;12000.0;4000.0;2000.0;1;VAGO;Mista;1;1;1;1;240000.0;6.976744186046512
CEILANDIA;SETOR N NORTE-QUADRA RESIDENCIAL             ;60217;2023;2023-14;29;928000;0.05;2500000.0;6138.0;2046.0;1023.0;4;OBSTRUIDO;Mista;1;1;1;1;1572000.0;169.39655172413794
CEILANDIA;SETOR N NORTE-QUADRA RESIDENCIAL             ;60217;2023;2023-14;30;928000;0.05;2575000.0;6138.0;2046.0;1023.0;7;OBSTRUIDO;Mista;1;1;1;1;1647000.0;177.47844827586206
CEILANDIA;SETOR INDUSTRIAL I                           ;60227;2023;2023-14;31;64100;0.05;101000.02;240.0;240.0;120.0;7;VAGO;Mista;1;1;1;1;36900.020000000004;57.566333853354145
CEILANDIA;SETOR INDUSTRIAL I                           ;60227;2023;2023-14;32;64100;0.05;101000.01;240.0;240.0;120.0;6;VAGO;Mista;1;1;1;1;36900.009999999995;57.5663182527301
GUARA;SETOR RESID INDUSTRIA E ABASTECIMENTO        ;60214;2023;2023-14;33;260000;0.05;402000.0;362.04;362.04;150.85;8;VAGO;Unifamiliar;1;0;0;0;142000.0;54.61538461538461
GUARA;SETOR RESID INDUSTRIA E ABASTECIMENTO        ;60214;2023;2023-14;34;259000;0.05;353000.0;360.0;360.0;150.0;7;VAGO;Unifamiliar;1;0;0;0;94000.0;36.293436293436294
GUARA;SETOR RESID INDUSTRIA E ABASTECIMENTO        ;60214;2023;2023-14;35;259000;0.05;375010.0;360.0;360.0;150.0;3;OCUPADO;Unifamiliar;1;0;0;0;116010.0;44.79150579150579
GUARA;SETOR RESID INDUSTRIA E ABASTECIMENTO        ;60214;2023;2023-14;36;269000;0.05;381566.0;376.68;376.68;156.95;10;VAGO;Unifamiliar;1;0;0;0;112566.0;41.846096654275094
GUARA;SETOR RESID INDUSTRIA E ABASTECIMENTO        ;60215;2023;2023-14;37;282000;0.05;395000.0;398.304;398.304;165.96;6;VAGO;Unifamiliar;1;0;0;0;113000.0;40.0709219858156
GUARA;SETOR RESID INDUSTRIA E ABASTECIMENTO        ;60215;2023;2023-14;38;454000;0.05;600230.0;676.344;676.344;281.81;3;OBSTRUIDO;Unifamiliar;1;0;0;0;146230.0;32.209251101321584
JARDIM BOTÂNICO;COMP. URB. ALDEIAS DO CERRADO - QR 02 - RESIDENCIAL JACARANDAS;285;2023;2023-14;45;304000;0.05;304000.0;427.64;427.64;427.64;1;VAGO;Unifamiliar;1;0;0;0;0.0;0.0
JARDIM BOTÂNICO;COMP. URB. ALDEIAS DO CERRADO - QR 02 - RESIDENCIAL JACARANDAS;285;2023;2023-14;47;304000;0.05;308017.22;427.64;427.64;427.64;1;VAGO;Unifamiliar;1;0;0;0;4017.219999999972;1.321453947368412
JARDIM BOTÂNICO;COMP. URB. ALDEIAS DO CERRADO - QR 02 - RESIDENCIAL JACARANDAS;285;2023;2023-14;48;301000;0.05;301500.0;420.0;420.0;420.0;1;VAGO;Unifamiliar;1;0;0;0;500.0;0.16611295681063123
JARDIM BOTÂNICO;COMP. URB. ALDEIAS DO CERRADO - QR 02 - RESIDENCIAL JACARANDAS;285;2023;2023-14;49;301000;0.05;302000.0;420.0;420.0;420.0;1;VAGO;Unifamiliar;1;0;0;0;1000.0;0.33222591362126247
JARDIM BOTÂNICO;COMP. URB. ALDEIAS DO CERRADO - QR 02 - RESIDENCIAL JACARANDAS;285;2023;2023-14;51;324000;0.05;342119.99;488.38;488.38;488.38;2;VAGO;Unifamiliar;1;0;0;0;18119.98999999999;5.592589506172837
JARDIM BOTÂNICO;COMP. URB. ALDEIAS DO CERRADO - QR 02 - RESIDENCIAL JACARANDAS;285;2023;2023-14;52;301000;0.05;309500.0;420.0;420.0;420.0;1;VAGO;Unifamiliar;1;0;0;0;8500.0;2.823920265780731
JARDIM BOTÂNICO;COMP. URB. ALDEIAS DO CERRADO - QR 02 - RESIDENCIAL JACARANDAS;285;2023;2023-14;62;320000;0.05;321500.0;475.64;475.64;475.64;2;VAGO;Unifamiliar;1;0;0;0;1500.0;0.46875
JARDIM BOTÂNICO;COMP. URB. ALDEIAS DO CERRADO - QR 02 - RESIDENCIAL JACARANDAS;285;2023;2023-14;66;301000;0.05;316212.99;420.0;420.0;420.0;2;VAGO;Unifamiliar;1;0;0;0;15212.98999999999;5.054149501661127
JARDIM BOTÂNICO;COMP. URB. ALDEIAS DO CERRADO - QR 02 - RESIDENCIAL JACARANDAS;285;2023;2023-14;83;301000;0.05;302000.0;420.0;420.0;420.0;1;VAGO;Unifamiliar;1;0;0;0;1000.0;0.33222591362126247
RECANTO DAS EMAS;AREA DE DESENVOLVIMENTO ECONOMICO;60227;2023;2023-14;101;140000;0.05;151000.0;451.8;451.8;112.95;1;CONSTRUIDO;Mista;1;1;1;1;11000.0;7.857142857142857
SAMAMBAIA;CENTRO URBANO;60217;2023;2023-14;118;496000;0.05;532876.0;825.0;550.0;275.0;1;VAGO;Mista;1;1;1;1;36876.0;7.434677419354839
SAMAMBAIA;QS-SAMAMBAIA;60217;2023;2023-14;124;155000;0.05;175000.0;350.0;200.0;100.0;1;OBSTRUIDO;Mista;1;1;1;1;20000.0;12.903225806451612
SAMAMBAIA;QN-SAMAMBAIA;60219;2023;2023-14;129;376000;0.05;436000.0;1200.0;800.0;400.0;2;CERCADO;Mista;1;1;1;1;60000.0;15.957446808510639
SAMAMBAIA;QS-SAMAMBAIA;60219;2023;2023-14;130;648000;0.05;648500.0;1769.19;1179.46;589.73;1;VAGO;Mista;1;1;1;1;500.0;0.07716049382716049
SAMAMBAIA;QS-SAMAMBAIA;60219;2023;2023-14;131;807000;0.05;807050.0;2227.5;1485.0;742.5;1;VAGO;Mista;1;1;1;1;50.0;0.006195786864931847
SAMAMBAIA;QS-SAMAMBAIA;60220;2023;2023-14;136;81800;0.05;95000.0;150.0;100.0;50.0;2;OBSTRUIDO;Mista;1;1;1;1;13200.0;16.13691931540342
SAO SEBASTIAO;BAIRRO RESIDENCIAL OESTE;60216;2023;2023-14;141;821000;0.05;1049000.0;1887.525;1572.938;629.175;1;OBSTRUIDO;Mista;1;1;1;1;228000.0;27.77101096224117
SAO SEBASTIAO;BAIRRO CRIXÁ;60223;2023;2023-14;144;942000;0.05;960000.0;1705.257;947.365;947.365;1;VAGO;Mista;0;1;1;1;18000.0;1.910828025477707
BRASILIA;SHCNW-SETOR DE HABITAÇÕES COLETIVAS NOROESTE;1000;2024;2024-1;2;202000;0.05;215000.0;20.0;20.0;20.0;1;VAGO;Comercial;0;1;0;0;13000.0;6.435643564356436
CEILANDIA;SETOR O NORTE-ENTREQUADRA                    ;60222;2024;2024-1;3;160000;0.05;213999.99;600.0;300.0;150.0;1;VAGO;Mista;0;1;1;1;53999.98999999999;33.749993749999994
GAMA;SETOR DE MULTIPLAS ATIVIDADES;60224;2024;2024-1;5;218000;0.05;261600.0;378.88;236.8;236.8;2;VAGO;Mista;0;1;1;1;43600.0;20.0
GAMA;SETOR DE MULTIPLAS ATIVIDADES;60224;2024;2024-1;6;218000;0.05;260600.0;378.88;236.8;236.8;1;VAGO;Mista;0;1;1;1;42600.0;19.541284403669724
GUARA;POLO DE MODAS - SRIA/GUARA;60216;2024;2024-1;7;436000;0.05;449200.0;768.0;576.0;192.0;1;OCUPADO;Mista;1;1;1;1;13200.0;3.0275229357798166
JARDIM BOTÂNICO;COMP. URB. ALDEIAS DO CERRADO - QR 02 - RESIDENCIAL JACARANDAS;285;2024;2024-1;8;337000;0.05;359099.0;531.28;531.28;531.28;3;VAGO;Unifamiliar;1;0;0;0;22099.0;6.557566765578635
JARDIM BOTÂNICO;COMP. URB. ALDEIAS DO CERRADO - QR 02 - RESIDENCIAL JACARANDAS;285;2024;2024-1;9;304000;0.05;304000.0;427.45;427.45;427.45;1;VAGO;Unifamiliar;1;0;0;0;0.0;0.0
JARDIM BOTÂNICO;COMP. URB. ALDEIAS DO CERRADO - QR 02 - RESIDENCIAL JACARANDAS;285;2024;2024-1;10;335000;0.05;337000.0;524.79;524.79;524.79;1;VAGO;Unifamiliar;1;0;0;0;2000.0;0.5970149253731344
JARDIM BOTÂNICO;COMP. URB. ALDEIAS DO CERRADO - QR 02 - RESIDENCIAL JACARANDAS;285;2024;2024-1;16;301000;0.05;301500.0;420.0;420.0;420.0;2;VAGO;Unifamiliar;1;0;0;0;500.0;0.16611295681063123
JARDIM BOTÂNICO;COMP. URB. ALDEIAS DO CERRADO - QR 02 - RESIDENCIAL JACARANDAS;285;2024;2024-1;19;341000;0.05;353000.0;541.65;541.65;541.65;1;VAGO;Unifamiliar;1;0;0;0;12000.0;3.519061583577713
JARDIM BOTÂNICO;COMP. URB. ALDEIAS DO CERRADO - QR 02 - RESIDENCIAL JACARANDAS;285;2024;2024-1;35;301000;0.05;307000.99;420.0;420.0;420.0;1;VAGO;Unifamiliar;1;0;0;0;6000.989999999991;1.9936843853820565
JARDIM BOTÂNICO;COMP. URB. ALDEIAS DO CERRADO - QR 02 - RESIDENCIAL JACARANDAS;285;2024;2024-1;37;310000;0.05;317000.0;445.1;445.1;445.1;2;VAGO;Unifamiliar;1;0;0;0;7000.0;2.258064516129032
SAO SEBASTIAO;SETOR HABITACIONAL JARDIM BOTANICO;60214;2024;2024-1;39;597000;0.05;905000.0;1240.2;1240.2;826.8;3;OBSTRUIDO;Unifamiliar;1;0;0;0;308000.0;51.59128978224455
SAO SEBASTIAO;SETOR HABITACIONAL JARDIM BOTANICO;60214;2024;2024-1;40;639000;0.05;660000.0;1344.525;1344.525;896.35;1;OBSTRUIDO;Unifamiliar;1;0;0;0;21000.0;3.286384976525822
SAO SEBASTIAO;SETOR HABITACIONAL JARDIM BOTANICO;60214;2024;2024-1;42;580000;0.05;879000.0;1200.0;1200.0;800.0;4;VAGO;Unifamiliar;1;0;0;0;299000.0;51.55172413793103
PARANOA;PARANOÁ PARQUE;60221;2024;2024-1;44;813000;0.05;1415000.0;3037.507;1687.504;1687.504;2;OBSTRUIDO;Mista;0;1;1;1;602000.0;74.04674046740467
PARANOA;PARANOÁ PARQUE;60221;2024;2024-1;45;813000;0.05;1410000.0;3037.513;1687.507;1687.507;2;VAGO;Mista;0;1;1;1;597000.0;73.43173431734317
PARANOA;PARANOÁ PARQUE;60221;2024;2024-1;46;804000;0.05;1580000.0;2993.413;1663.007;1663.007;2;VAGO;Mista;0;1;1;1;776000.0;96.51741293532339
PARANOA;PARANOÁ PARQUE;60221;2024;2024-1;47;813000;0.05;1420000.0;3037.511;1687.506;1687.506;2;VAGO;Mista;0;1;1;1;607000.0;74.66174661746618
PARANOA;PARANOÁ PARQUE;60221;2024;2024-1;48;813000;0.05;1400000.0;3037.509;1687.505;1687.505;2;VAGO;Mista;0;1;1;1;587000.0;72.20172201722018
PARANOA;PARANOÁ PARQUE;60221;2024;2024-1;49;804000;0.05;1450000.0;2993.411;1663.006;1663.006;2;VAGO;Mista;0;1;1;1;646000.0;80.34825870646766
PLANALTINA;EXPANSÃO DO SETOR RESIDENCIAL LESTE;60316;2024;2024-1;50;2010000;0.05;3810000.0;200.0;200.0;800.0;3;VAGO;Comercial;0;1;0;0;1800000.0;89.55223880597015
RECANTO DAS EMAS;RECANTO DAS EMAS;60217;2024;2024-1;59;94000;0.05;165000.0;230.0;180.0;100.0;1;VAGO;Mista;1;1;1;1;71000.0;75.53191489361703
RIACHO FUNDO II;HABITACIONAL RIACHO FUNDO II;60222;2024;2024-1;63;617000;0.05;726000.05;1620.0;756.0;540.0;1;VAGO;Mista;0;1;1;1;109000.05000000005;17.66613452188007
SAMAMBAIA;QN-SAMAMBAIA;60219;2024;2024-1;74;119000;0.05;120599.0;300.0;200.0;100.0;1;VAGO;Mista;1;1;1;1;1599.0;1.3436974789915967
SAMAMBAIA;QN-SAMAMBAIA;60219;2024;2024-1;75;162000;0.05;201200.0;825.0;550.0;275.0;1;VAGO;Mista;1;1;1;1;39200.0;24.19753086419753
SAMAMBAIA;QN-SAMAMBAIA;60219;2024;2024-1;81;143000;0.05;265100.0;300.0;200.0;100.0;2;VAGO;Mista;1;1;1;1;122100.0;85.38461538461539
SAMAMBAIA;QN-SAMAMBAIA;60219;2024;2024-1;82;143000;0.05;211100.0;300.0;200.0;100.0;2;VAGO;Mista;1;1;1;1;68100.0;47.62237762237762
SAMAMBAIA;QS-SAMAMBAIA;60220;2024;2024-1;84;119000;0.05;123000.0;300.0;200.0;100.0;2;VAGO;Mista;1;1;1;1;4000.0;3.361344537815126
SAMAMBAIA;QS-SAMAMBAIA;60220;2024;2024-1;85;72000;0.05;72000.0;300.0;200.0;100.0;2;OBSTRUIDO;Mista;1;1;1;1;0.0;0.0
SAMAMBAIA;QS-SAMAMBAIA;60220;2024;2024-1;90;72000;0.05;72000.0;300.0;200.0;100.0;1;VAGO;Mista;1;1;1;1;0.0;0.0
SANTA MARIA;SANTA MARIA                                  ;60217;2024;2024-1;92;1700000;0.05;1778000.0;5811.16;2033.906;1452.79;1;OCUPADO;Mista;1;1;1;1;78000.0;4.588235294117647
SAO SEBASTIAO;BAIRRO SÃO BARTOLOMEU;60217;2024;2024-1;94;547000;0.05;547015.0;1240.374;1137.01;413.458;1;OBSTRUIDO;Mista;1;1;1;1;15.0;0.0027422303473491776
SAO SEBASTIAO;BAIRRO SÃO BARTOLOMEU;60217;2024;2024-1;96;532000;0.05;537700.0;1205.436;1104.983;401.812;1;VAGO;Mista;1;1;1;1;5700.0;1.0714285714285714
SAO SEBASTIAO;BAIRRO SÃO BARTOLOMEU;60217;2024;2024-1;98;431000;0.05;437700.0;971.952;890.956;323.984;1;OBSTRUIDO;Mista;1;1;1;1;6700.0;1.554524361948956
SOBRADINHO;CENTRO ORIENT. E EDUC. RURAL - COER;60220;2024;2024-1;100;680000;0.05;687000.0;2081.196;800.46;800.46;1;VAGO;Mista;1;1;1;1;7000.0;1.0294117647058822
VICENTE PIRES;SETOR HABITACIONAL VICENTE PIRES - TRECHO 03;60214;2024;2024-1;108;130000;0.05;202525.0;316.96;316.96;158.48;5;OCUPADO;Unifamiliar;1;0;0;0;72525.0;55.78846153846154
VICENTE PIRES;SETOR HABITACIONAL VICENTE PIRES - TRECHO 03;60214;2024;2024-1;109;130000;0.05;300000.0;315.46;315.46;157.73;4;OCUPADO;Unifamiliar;1;0;0;0;170000.0;130.76923076923077
BRASILIA;SETOR DE EMBAIXADAS NORTE                    ;60308;2024;2024-2;12;15800000;0.05;20888000.0;9551.472;9551.472;7959.56;1;VAGO;Mista;0;1;0;1;5088000.0;32.20253164556962
CEILANDIA;SETOR M NORTE-QUADRA RESIDENCIAL             ;60217;2024;2024-2;14;2480000;0.05;2600000.0;8013.0;2671.0;1335.5;1;VAGO;Mista;1;1;1;1;120000.0;4.838709677419355
CEILANDIA;SETOR N NORTE-QUADRA RESIDENCIAL             ;60217;2024;2024-2;24;1070000;0.05;2250000.0;7326.0;2442.0;1221.0;1;OBSTRUIDO;Mista;1;1;1;1;1180000.0;110.28037383177569
CEILANDIA;SETOR O NORTE-QUADRA RESIDENCIAL             ;60219;2024;2024-2;26;357000;0.05;360500.0;1134.0;756.0;378.0;1;VAGO;Mista;1;1;1;1;3500.0;0.9803921568627451
GUARA;SETOR RESID INDUSTRIA E ABASTECIMENTO        ;60214;2024;2024-2;28;250000;0.05;440000.0;345.6;345.6;144.0;20;VAGO;Unifamiliar;1;0;0;0;190000.0;76.0
JARDIM BOTÂNICO;COMP. URB. ALDEIAS DO CERRADO - QR 02 - RESIDENCIAL JACARANDAS;285;2024;2024-2;33;347000;0.05;350000.0;562.48;562.48;562.48;2;VAGO;Unifamiliar;1;0;0;0;3000.0;0.8645533141210375
JARDIM BOTÂNICO;COMP. URB. ALDEIAS DO CERRADO - QR 02 - RESIDENCIAL JACARANDAS;285;2024;2024-2;40;301000;0.05;301150.0;420.0;420.0;420.0;1;VAGO;Unifamiliar;1;0;0;0;150.0;0.04983388704318936
JARDIM BOTÂNICO;COMP. URB. ALDEIAS DO CERRADO - QR 02 - RESIDENCIAL JACARANDAS;285;2024;2024-2;43;301000;0.05;301012.12;420.0;420.0;420.0;1;VAGO;Unifamiliar;1;0;0;0;12.119999999995343;0.004026578073088154
JARDIM BOTÂNICO;COMP. URB. ALDEIAS DO CERRADO - QR 02 - RESIDENCIAL JACARANDAS;285;2024;2024-2;64;330000;0.05;333510.0;508.08;508.08;508.08;1;VAGO;Unifamiliar;1;0;0;0;3510.0;1.0636363636363637
PARANOA;PARANOÁ PARQUE;60223;2024;2024-2;70;1050000;0.05;2261000.0;4201.94;2100.97;2100.97;4;VAGO;Mista;0;1;1;1;1211000.0;115.33333333333333
PLANALTINA;SETOR RESIDENCIAL LESTE (SRL);60216;2024;2024-2;74;44400;0.05;52132.27;120.0;120.0;60.0;1;VAGO;Mista;1;1;1;1;7732.269999999997;17.415022522522516
RECANTO DAS EMAS;RECANTO DAS EMAS;60217;2024;2024-2;89;123000;0.05;124501.0;309.12;241.92;134.4;1;VAGO;Mista;1;1;1;1;1501.0;1.2203252032520324
RIACHO FUNDO II;HABITACIONAL RIACHO FUNDO II;60217;2024;2024-2;102;414000;0.05;414500.0;933.81;435.778;311.27;1;VAGO;Mista;1;1;1;1;500.0;0.12077294685990338
RIACHO FUNDO II;HABITACIONAL RIACHO FUNDO II;60217;2024;2024-2;103;413000;0.05;422000.0;930.0;434.0;310.0;1;VAGO;Mista;1;1;1;1;9000.0;2.1791767554479415
RIACHO FUNDO II;HABITACIONAL RIACHO FUNDO II;60217;2024;2024-2;106;392000;0.05;713000.99;876.81;409.178;292.27;6;OCUPADO;Mista;1;1;1;1;321000.99;81.88800765306122
SAMAMBAIA;QS-SAMAMBAIA;60219;2024;2024-2;143;161000;0.05;211100.01;450.0;300.0;150.0;1;OBSTRUIDO;Mista;1;1;1;1;50100.01000000001;31.11801863354038
SAMAMBAIA;QS-SAMAMBAIA;60219;2024;2024-2;152;203000;0.05;311111.11;600.0;400.0;200.0;1;VAGO;Mista;1;1;1;1;108111.10999999999;53.256704433497525
SAMAMBAIA;QN-SAMAMBAIA;60220;2024;2024-2;159;99300;0.05;110000.0;225.0;150.0;75.0;1;VAGO;Mista;1;1;1;1;10700.0;10.775427995971802
SAMAMBAIA;QN-SAMAMBAIA;60220;2024;2024-2;160;99300;0.05;110000.0;225.0;150.0;75.0;1;VAGO;Mista;1;1;1;1;10700.0;10.775427995971802
SAMAMBAIA;QN-SAMAMBAIA;60220;2024;2024-2;161;99300;0.05;105000.0;225.0;150.0;75.0;1;VAGO;Mista;1;1;1;1;5700.0;5.740181268882175
SAMAMBAIA;QS-SAMAMBAIA;60220;2024;2024-2;166;485000;0.05;526501.0;1579.5;1053.0;526.5;1;VAGO;Mista;1;1;1;1;41501.0;8.556907216494846
SAMAMBAIA;QS-SAMAMBAIA;60220;2024;2024-2;167;129000;0.05;151100.01;336.0;224.0;112.0;1;VAGO;Mista;1;1;1;1;22100.01000000001;17.131790697674425
SAMAMBAIA;QS-SAMAMBAIA;60220;2024;2024-2;172;2040000;0.05;2350000.0;6953.04;4635.36;2317.68;2;VAGO;Mista;1;1;1;1;310000.0;15.196078431372548
SAMAMBAIA;QS-SAMAMBAIA;60220;2024;2024-2;177;413000;0.05;420000.0;1331.31;887.54;443.77;1;VAGO;Mista;1;1;1;1;7000.0;1.694915254237288
SAMAMBAIA;QS-SAMAMBAIA;60220;2024;2024-2;178;406000;0.05;486600.0;1305.9;870.6;435.3;2;VAGO;Mista;1;1;1;1;80600.0;19.852216748768473
VICENTE PIRES;SETOR HABITACIONAL VICENTE PIRES - TRECHO 03;60214;2024;2024-2;180;244000;0.05;410000.0;812.52;812.52;406.26;4;OCUPADO;Unifamiliar;1;0;0;0;166000.0;68.0327868852459
ARNIQUEIRA;SETOR HABITACIONAL ARNIQUEIRA;60214;2024;2024-3;3;253000;0.05;333001.0;867.78;347.112;433.89;4;CONSTRUIDO;Unifamiliar;1;0;0;0;80001.0;31.620948616600792
ARNIQUEIRA;SETOR HABITACIONAL ARNIQUEIRA;60214;2024;2024-3;6;243000;0.05;301400.9;831.54;332.616;415.77;2;CONSTRUIDO;Unifamiliar;1;0;0;0;58400.90000000002;24.033292181069967
ARNIQUEIRA;SETOR HABITACIONAL ARNIQUEIRA;60214;2024;2024-3;8;233000;0.05;365000.99;794.76;397.38;397.38;2;CONSTRUIDO;Unifamiliar;1;0;0;0;132000.99;56.65278540772532
ARNIQUEIRA;SETOR HABITACIONAL ARNIQUEIRA;60214;2024;2024-3;9;237000;0.05;299000.0;810.98;324.392;405.49;4;OCUPADO;Unifamiliar;1;0;0;0;62000.0;26.160337552742618
ARNIQUEIRA;SETOR HABITACIONAL ARNIQUEIRA;60214;2024;2024-3;10;229000;0.05;302280.0;783.28;391.64;391.64;2;OCUPADO;Unifamiliar;1;0;0;0;73280.0;32.0
ARNIQUEIRA;SETOR HABITACIONAL ARNIQUEIRA;60215;2024;2024-3;11;437000;0.05;470000.0;1566.28;626.512;783.14;1;CONSTRUIDO;Unifamiliar;1;0;0;0;33000.0;7.551487414187644
ARNIQUEIRA;SETOR HABITACIONAL ARNIQUEIRA;60215;2024;2024-3;12;468000;0.05;495540.0;1687.74;675.096;843.87;1;CONSTRUIDO;Unifamiliar;1;0;0;0;27540.0;5.884615384615385
ARNIQUEIRA;SETOR HABITACIONAL ARNIQUEIRA;60215;2024;2024-3;13;226000;0.05;380000.0;769.34;384.67;384.67;5;OCUPADO;Unifamiliar;1;0;0;0;154000.0;68.14159292035397
ARNIQUEIRA;SETOR HABITACIONAL ARNIQUEIRA;60215;2024;2024-3;14;232000;0.05;232000.0;793.68;396.84;396.84;1;OCUPADO;Unifamiliar;1;0;0;0;0.0;0.0
ARNIQUEIRA;SETOR HABITACIONAL ARNIQUEIRA;60215;2024;2024-3;15;231000;0.05;381000.89;788.16;394.08;394.08;4;OCUPADO;Unifamiliar;1;0;0;0;150000.89;64.93545021645022
ARNIQUEIRA;SETOR HABITACIONAL ARNIQUEIRA;60215;2024;2024-3;17;436000;0.05;662720.0;1561.28;624.512;780.64;4;OCUPADO;Unifamiliar;1;0;0;0;226720.0;52.0
ARNIQUEIRA;SETOR HABITACIONAL ARNIQUEIRA;60215;2024;2024-3;18;435000;0.05;500000.0;1557.68;623.072;778.84;3;CONSTRUIDO;Unifamiliar;1;0;0;0;65000.0;14.942528735632186
CEILANDIA;SETOR O NORTE-QUADRA RESIDENCIAL             ;60219;2024;2024-3;26;357000;0.05;401528.0;1134.0;756.0;378.0;2;OBSTRUIDO;Mista;1;1;1;1;44528.0;12.472829131652661
CEILANDIA;SETOR R NORTE-CNR;60219;2024;2024-3;28;21700;0.05;71200.0;75.0;50.0;25.0;6;VAGO;Mista;1;1;1;1;49500.0;228.110599078341
CEILANDIA;SETOR INDUSTRIAL I                           ;60223;2024;2024-3;29;617000;0.05;1521000.0;5000.0;5000.0;2500.0;7;VAGO;Mista;0;1;1;1;904000.0;146.515397082658
CEILANDIA;SETOR DE DESENVOLVIMENTO ECONOMICO CENTRO NORTE;60224;2024;2024-3;30;187000;0.05;210500.0;600.0;600.0;300.0;2;OCUPADO;Mista;0;1;1;1;23500.0;12.566844919786096
GUARA;SETOR RESID INDUSTRIA E ABASTECIMENTO        ;60214;2024;2024-3;32;276000;0.05;330000.0;387.48;387.48;161.45;5;VAGO;Unifamiliar;1;0;0;0;54000.0;19.565217391304348
GUARA;SETOR RESID INDUSTRIA E ABASTECIMENTO        ;60214;2024;2024-3;33;276000;0.05;550000.0;387.48;387.48;161.45;5;VAGO;Unifamiliar;1;0;0;0;274000.0;99.27536231884058
GUARA;SETOR RESID INDUSTRIA E ABASTECIMENTO        ;60214;2024;2024-3;34;276000;0.05;392800.0;387.48;387.48;161.45;10;VAGO;Unifamiliar;1;0;0;0;116800.0;42.31884057971014
GUARA;SETOR RESID INDUSTRIA E ABASTECIMENTO        ;60214;2024;2024-3;35;353000;0.05;556000.0;513.504;513.504;213.96;8;VAGO;Unifamiliar;1;0;0;0;203000.0;57.50708215297451
GUARA;SETOR RESID INDUSTRIA E ABASTECIMENTO        ;60214;2024;2024-3;36;330000;0.05;472000.0;475.608;475.608;198.17;4;VAGO;Unifamiliar;1;0;0;0;142000.0;43.03030303030303
GUARA;SETOR RESID INDUSTRIA E ABASTECIMENTO        ;60214;2024;2024-3;37;330000;0.05;445102.0;475.608;475.608;198.17;4;VAGO;Unifamiliar;1;0;0;0;115102.0;34.879393939393935
GUARA;SETOR RESID INDUSTRIA E ABASTECIMENTO        ;60214;2024;2024-3;38;295000;0.05;396106.01;418.32;418.32;174.3;5;VAGO;Unifamiliar;1;0;0;0;101106.01000000001;34.27322372881356
GUARA;SETOR RESID INDUSTRIA E ABASTECIMENTO        ;60214;2024;2024-3;39;295000;0.05;396106.01;419.448;419.448;174.77;6;VAGO;Unifamiliar;1;0;0;0;101106.01000000001;34.27322372881356
GUARA;SETOR RESID INDUSTRIA E ABASTECIMENTO        ;60215;2024;2024-3;40;290000;0.05;452000.0;411.528;411.528;171.47;9;VAGO;Unifamiliar;1;0;0;0;162000.0;55.86206896551724
GUARA;SETOR RESID INDUSTRIA E ABASTECIMENTO        ;60215;2024;2024-3;41;295000;0.05;423506.01;419.448;419.448;174.77;3;VAGO;Unifamiliar;1;0;0;0;128506.01000000001;43.5613593220339
GUARA;SETOR RESID INDUSTRIA E ABASTECIMENTO        ;60215;2024;2024-3;42;295000;0.05;423506.01;418.32;418.32;174.3;1;VAGO;Unifamiliar;1;0;0;0;128506.01000000001;43.5613593220339
GUARA;SETOR RESID INDUSTRIA E ABASTECIMENTO        ;60221;2024;2024-3;43;1350000;0.05;1613000.0;3600.0;2700.0;900.0;2;VAGO;Mista;0;1;1;1;263000.0;19.48148148148148
GUARA;SETOR DE INDUSTRIA E ABASTECIMENTO;60223;2024;2024-3;44;2250000;0.05;2506500.0;2970.05;1782.03;1188.02;3;OCUPADO;Mista;0;1;1;1;256500.0;11.4
JARDIM BOTÂNICO;COMP. URB. ALDEIAS DO CERRADO - QR 02 - RESIDENCIAL JACARANDAS;285;2024;2024-3;45;319000;0.05;330513.0;472.27;472.27;472.27;2;VAGO;Unifamiliar;1;0;0;0;11513.0;3.609090909090909
JARDIM BOTÂNICO;COMP. URB. ALDEIAS DO CERRADO - QR 02 - RESIDENCIAL JACARANDAS;285;2024;2024-3;52;301000;0.05;301080.0;420.0;420.0;420.0;1;VAGO;Unifamiliar;1;0;0;0;80.0;0.026578073089700997
JARDIM BOTÂNICO;COMP. URB. ALDEIAS DO CERRADO - QR 02 - RESIDENCIAL JACARANDAS;285;2024;2024-3;59;306000;0.05;306500.0;432.44;432.44;432.44;3;VAGO;Unifamiliar;1;0;0;0;500.0;0.16339869281045752
JARDIM BOTÂNICO;COMP. URB. ALDEIAS DO CERRADO - QR 02 - RESIDENCIAL JACARANDAS;285;2024;2024-3;69;301000;0.05;306126.0;420.0;420.0;420.0;1;VAGO;Unifamiliar;1;0;0;0;5126.0;1.7029900332225913
RECANTO DAS EMAS;RECANTO DAS EMAS;60217;2024;2024-3;82;137000;0.05;137777.77;345.0;270.0;150.0;1;VAGO;Mista;1;1;1;1;777.7699999999895;0.5677153284671457
RIACHO FUNDO II;HABITACIONAL RIACHO FUNDO II;60217;2024;2024-3;86;150000;0.05;159000.07;283.5;132.3;94.5;1;VAGO;Mista;1;1;1;1;9000.070000000007;6.000046666666671
RIACHO FUNDO II;HABITACIONAL RIACHO FUNDO II;60223;2024;2024-3;92;692000;0.05;826606.0;1540.356;937.608;669.72;1;VAGO;Mista;0;1;1;1;134606.0;19.451734104046242
SAMAMBAIA;ADE OESTE - EXPANSÃO RESIDENCIAL OESTE DE SAMAMBAIA;60216;2024;2024-3;95;131000;0.05;132000.0;600.0;300.0;150.0;1;OCUPADO;Mista;1;1;1;1;1000.0;0.7633587786259541
SAMAMBAIA;CENTRO URBANO;60217;2024;2024-3;97;479000;0.05;516100.0;792.0;528.0;264.0;1;VAGO;Mista;1;1;1;1;37100.0;7.745302713987474
SAMAMBAIA;QN-SAMAMBAIA;60217;2024;2024-3;98;155000;0.05;236999.99;350.0;200.0;100.0;2;VAGO;Mista;1;1;1;1;81999.98999999999;52.903219354838704
SAMAMBAIA;QN-SAMAMBAIA;60219;2024;2024-3;101;119000;0.05;119001.0;300.0;200.0;100.0;1;VAGO;Mista;1;1;1;1;1.0;0.0008403361344537816
SAMAMBAIA;QN-SAMAMBAIA;60220;2024;2024-3;112;119000;0.05;126999.99;300.0;200.0;100.0;1;VAGO;Mista;1;1;1;1;7999.990000000005;6.722680672268912
SAMAMBAIA;QN-SAMAMBAIA;60220;2024;2024-3;118;123000;0.05;128680.0;600.0;400.0;200.0;1;VAGO;Mista;1;1;1;1;5680.0;4.617886178861789
SAMAMBAIA;QS-SAMAMBAIA;60220;2024;2024-3;119;119000;0.05;129700.0;300.0;200.0;100.0;1;VAGO;Mista;1;1;1;1;10700.0;8.991596638655462
SAMAMBAIA;QS-SAMAMBAIA;60220;2024;2024-3;122;81800;0.05;91000.0;150.0;100.0;50.0;1;VAGO;Mista;1;1;1;1;9200.0;11.246943765281173
SAMAMBAIA;QS-SAMAMBAIA;60220;2024;2024-3;123;81800;0.05;126600.0;150.0;100.0;50.0;1;VAGO;Mista;1;1;1;1;44800.0;54.76772616136919
SAMAMBAIA;AREA DE DESENVOLVIMENTO ECONOMICO SUL;60227;2024;2024-3;130;122000;0.05;151000.0;300.0;300.0;150.0;2;OCUPADO;Mista;1;1;1;1;29000.0;23.770491803278688
SAO SEBASTIAO;BAIRRO SÃO BARTOLOMEU;60217;2024;2024-3;131;528000;0.05;601999.99;1197.195;1097.429;399.065;2;VAGO;Mista;1;1;1;1;73999.98999999999;14.01514962121212
ARNIQUEIRA;SETOR HABITACIONAL ARNIQUEIRA;60214;2024;2024-4;1;230000;0.05;452962.56;787.14;393.57;393.57;7;OCUPADO;Unifamiliar;1;0;0;0;222962.56;96.94024347826087
ARNIQUEIRA;SETOR HABITACIONAL ARNIQUEIRA;60214;2024;2024-4;5;446000;0.05;566132.0;1601.66;640.664;800.83;1;CONSTRUIDO;Unifamiliar;1;0;0;0;120132.0;26.935426008968612
ARNIQUEIRA;SETOR HABITACIONAL ARNIQUEIRA;60214;2024;2024-4;6;444000;0.05;650000.0;1591.88;636.752;795.94;5;OCUPADO;Unifamiliar;1;0;0;0;206000.0;46.3963963963964
ARNIQUEIRA;SETOR HABITACIONAL ARNIQUEIRA;60215;2024;2024-4;8;234000;0.05;361000.0;801.62;320.648;400.81;4;OCUPADO;Unifamiliar;1;0;0;0;127000.0;54.27350427350427
ARNIQUEIRA;SETOR HABITACIONAL ARNIQUEIRA;60215;2024;2024-4;9;433000;0.05;467087.98;1548.86;619.544;774.43;1;OCUPADO;Unifamiliar;1;0;0;0;34087.97999999998;7.8725127020785175
ARNIQUEIRA;SETOR HABITACIONAL ARNIQUEIRA;60215;2024;2024-4;10;433000;0.05;461300.0;1550.02;620.008;775.01;2;OCUPADO;Unifamiliar;1;0;0;0;28300.0;6.5357967667436485
ARNIQUEIRA;SETOR HABITACIONAL ARNIQUEIRA;60215;2024;2024-4;13;230000;0.05;241001.3;785.02;392.51;392.51;2;CONSTRUIDO;Unifamiliar;1;0;0;0;11001.299999999988;4.783173913043473
ARNIQUEIRA;SETOR HABITACIONAL ARNIQUEIRA;60215;2024;2024-4;19;236000;0.05;311100.0;806.24;322.496;403.12;3;CONSTRUIDO;Unifamiliar;1;0;0;0;75100.0;31.822033898305087
BRAZLANDIA;CIDADE TRADICIONAL-SETOR ADMINISTRATIVO      ;60216;2024;2024-4;22;441000;0.05;445000.0;1400.0;980.0;700.0;1;VAGO;Mista;1;1;1;1;4000.0;0.9070294784580499
CEILANDIA;SETOR O NORTE-QUADRA RESIDENCIAL             ;60219;2024;2024-4;24;377000;0.05;427000.1;1212.75;808.5;404.25;1;OBSTRUIDO;Mista;1;1;1;1;50000.09999999998;13.262625994694954
CEILANDIA;SETOR O NORTE-QUADRA RESIDENCIAL             ;60219;2024;2024-4;25;406000;0.05;501999.99;1323.0;882.0;441.0;1;OBSTRUIDO;Mista;1;1;1;1;95999.98999999999;23.645317733990147
CEILANDIA;SETOR DE MATERIAL DE CONSTRUCAO              ;60225;2024;2024-4;26;264000;0.05;958000.0;1800.0;1800.0;900.0;14;OBSTRUIDO;Mista;0;1;1;1;694000.0;262.8787878787879
JARDIM BOTÂNICO;COMP. URB. ALDEIAS DO CERRADO - QR 02 - RESIDENCIAL JACARANDAS;285;2024;2024-4;27;311000;0.05;326550.0;449.12;449.12;449.12;1;VAGO;Unifamiliar;1;0;0;0;15550.0;5.0
JARDIM BOTÂNICO;COMP. URB. ALDEIAS DO CERRADO - QR 02 - RESIDENCIAL JACARANDAS;285;2024;2024-4;28;320000;0.05;336000.0;474.87;474.87;474.87;1;VAGO;Unifamiliar;1;0;0;0;16000.0;5.0
JARDIM BOTÂNICO;COMP. URB. ALDEIAS DO CERRADO - QR 02 - RESIDENCIAL JACARANDAS;285;2024;2024-4;31;338000;0.05;356361.0;532.27;532.27;532.27;4;VAGO;Unifamiliar;1;0;0;0;18361.0;5.4322485207100595
NUCLEO BANDEIRANTE;SETOR INDUSTRIAL BERNARDO SAYAO              ;60227;2024;2024-4;60;743000;0.05;801130.61;517.5;382.5;225.0;2;OCUPADO;Mista;1;1;1;1;58130.609999999986;7.823769851951545
PARANOA;PARANOÁ PARQUE;60221;2024;2024-4;63;916000;0.05;1505000.0;3237.536;1798.631;1798.631;2;VAGO;Mista;0;1;1;1;589000.0;64.30131004366812
RECANTO DAS EMAS;RECANTO DAS EMAS;60217;2024;2024-4;64;340000;0.05;400000.0;928.556;726.696;403.72;2;CONSTRUIDO;Mista;1;1;1;1;60000.0;17.647058823529413
SAMAMBAIA;CENTRO URBANO;60217;2024;2024-4;70;596000;0.05;700000.0;1012.5;675.0;337.5;1;VAGO;Mista;1;1;1;1;104000.0;17.449664429530202
SAMAMBAIA;QS-SAMAMBAIA;60217;2024;2024-4;73;1570000;0.05;2156000.0;4701.384;2765.52;1382.76;3;OBSTRUIDO;Mista;1;1;1;1;586000.0;37.324840764331206
SAMAMBAIA;QS-SAMAMBAIA;60217;2024;2024-4;74;1870000;0.05;2582000.0;5594.802;3291.06;1645.53;2;VAGO;Mista;1;1;1;1;712000.0;38.074866310160424
SAMAMBAIA;QS-SAMAMBAIA;60217;2024;2024-4;77;155000;0.05;216600.0;350.0;200.0;100.0;2;VAGO;Mista;1;1;1;1;61600.0;39.74193548387097
SAMAMBAIA;QN-SAMAMBAIA;60218;2024;2024-4;78;1120000;0.05;3536000.0;3114.66;2076.44;1038.22;11;OBSTRUIDO;Mista;1;1;1;1;2416000.0;215.7142857142857
SAMAMBAIA;QN-SAMAMBAIA;60219;2024;2024-4;79;119000;0.05;152500.0;300.0;200.0;100.0;1;VAGO;Mista;1;1;1;1;33500.0;28.15126050420168
SAMAMBAIA;QN-SAMAMBAIA;60219;2024;2024-4;81;81800;0.05;250500.0;150.0;100.0;50.0;5;OCUPADO;Mista;1;1;1;1;168700.0;206.23471882640584
SAMAMBAIA;QS-SAMAMBAIA;60219;2024;2024-4;82;156000;0.05;161000.0;433.5;289.0;144.5;1;VAGO;Mista;1;1;1;1;5000.0;3.205128205128205
SAMAMBAIA;QS-SAMAMBAIA;60219;2024;2024-4;83;188000;0.05;188000.0;435.0;290.0;145.0;1;VAGO;Mista;1;1;1;1;0.0;0.0
SANTA MARIA;SANTA MARIA                                  ;60217;2024;2024-4;87;346000;0.05;350000.0;600.0;210.0;150.0;1;OCUPADO;Mista;1;1;1;1;4000.0;1.1560693641618496
TAGUATINGA;SETOR G SUL-QUADRA COMERCIAL                 ;60218;2024;2024-4;97;2052000;0.05;2360000.0;2790.0;1860.0;930.0;1;OCUPADO;Mista;1;1;1;1;308000.0;15.009746588693956
ARNIQUEIRA;SETOR HABITACIONAL ARNIQUEIRA;60215;2024;2024-6;6;463000;0.05;464000.0;1664.8;665.92;832.4;1;OCUPADO;Unifamiliar;1;0;0;0;1000.0;0.21598272138228944
ARNIQUEIRA;SETOR HABITACIONAL ARNIQUEIRA;60215;2024;2024-6;8;441000;0.05;441001.0;1582.26;632.904;791.13;1;OCUPADO;Unifamiliar;1;0;0;0;1.0;0.00022675736961451246
BRASILIA;SETOR DE HABITACOES INDIVIDUAIS SUL          ;1000;2024;2024-6;12;226000;0.05;351009.0;17.5;17.5;17.5;6;VAGO;Comercial;0;1;0;0;125009.0;55.3137168141593
BRASILIA;SETOR DE HAB COLETIVAS SUDOESTE              ;60556;2024;2024-6;13;1020000;0.05;2303000.0;864.0;864.0;576.0;4;VAGO;Institucional;0;0;0;1;1283000.0;125.7843137254902
CEILANDIA;SETOR O NORTE-QUADRA RESIDENCIAL             ;60219;2024;2024-6;20;376000;0.05;420500.0;1134.0;756.0;378.0;1;OCUPADO;Mista;1;1;1;1;44500.0;11.835106382978724
CEILANDIA;SETOR INDUSTRIAL I                           ;60225;2024;2024-6;21;113000;0.05;310000.0;480.375;480.375;320.25;3;OCUPADO;Mista;0;1;1;1;197000.0;174.3362831858407
CEILANDIA;SETOR INDUSTRIAL I                           ;60225;2024;2024-6;22;79600;0.05;121001.91;315.0;315.0;210.0;4;VAGO;Mista;0;1;1;1;41401.91;52.01244974874373
CEILANDIA;SETOR INDUSTRIAL I                           ;60225;2024;2024-6;23;79600;0.05;132000.0;315.0;315.0;210.0;7;VAGO;Mista;0;1;1;1;52400.0;65.82914572864321
CEILANDIA;SETOR INDUSTRIAL I                           ;60225;2024;2024-6;24;79600;0.05;131091.0;315.0;315.0;210.0;3;OBSTRUIDO;Mista;0;1;1;1;51491.0;64.68718592964824
GAMA;SETOR CENTRAL                                ;1000;2024;2024-6;25;48500;0.05;61000.0;4.0;4.0;4.0;2;EM CONSTRUCAO;Comercial;0;1;0;0;12500.0;25.773195876288657
GAMA;SETOR CENTRAL                                ;1000;2024;2024-6;26;48500;0.05;61000.0;4.0;4.0;4.0;1;VAGO;Comercial;0;1;0;0;12500.0;25.773195876288657
GAMA;SETOR CENTRAL                                ;1000;2024;2024-6;27;48500;0.05;50010.0;4.0;4.0;4.0;1;VAGO;Comercial;0;1;0;0;1510.0;3.11340206185567
GUARA;SETOR RESID INDUSTRIA E ABASTECIMENTO        ;60214;2024;2024-6;28;352000;0.05;704000.0;511.08;511.08;212.95;16;VAGO;Unifamiliar;1;0;0;0;352000.0;100.0
GUARA;SETOR RESID INDUSTRIA E ABASTECIMENTO        ;60220;2024;2024-6;30;504000;0.05;515000.0;432.0;432.0;144.0;1;VAGO;Mista;1;1;1;1;11000.0;2.1825396825396823
GUARA;SETOR RESID INDUSTRIA E ABASTECIMENTO        ;60221;2024;2024-6;36;1350000;0.05;1680000.0;3600.0;2700.0;900.0;1;VAGO;Mista;0;1;1;1;330000.0;24.444444444444443
JARDIM BOTÂNICO;COMP. URB. ALDEIAS DO CERRADO - QR 02 - RESIDENCIAL JACARANDAS;285;2024;2024-6;38;339000;0.05;372900.0;535.48;535.48;535.48;2;VAGO;Unifamiliar;1;0;0;0;33900.0;10.0
JARDIM BOTÂNICO;COMP. URB. ALDEIAS DO CERRADO - QR 02 - RESIDENCIAL JACARANDAS;285;2024;2024-6;39;308000;0.05;325530.0;439.91;439.91;439.91;1;VAGO;Unifamiliar;1;0;0;0;17530.0;5.691558441558441
JARDIM BOTÂNICO;COMP. URB. ALDEIAS DO CERRADO - QR 02 - RESIDENCIAL JACARANDAS;285;2024;2024-6;40;301000;0.05;312951.0;420.0;420.0;420.0;1;VAGO;Unifamiliar;1;0;0;0;11951.0;3.970431893687708
JARDIM BOTÂNICO;COMP. URB. ALDEIAS DO CERRADO - QR 02 - RESIDENCIAL JACARANDAS;285;2024;2024-6;41;301000;0.05;308000.05;420.0;420.0;420.0;1;VAGO;Unifamiliar;1;0;0;0;7000.049999999988;2.3255980066445145
JARDIM BOTÂNICO;COMP. URB. ALDEIAS DO CERRADO - QR 02 - RESIDENCIAL JACARANDAS;285;2024;2024-6;43;313000;0.05;315500.0;455.91;455.91;455.91;1;VAGO;Unifamiliar;1;0;0;0;2500.0;0.7987220447284344
JARDIM BOTÂNICO;COMP. URB. ALDEIAS DO CERRADO - QR 02 - RESIDENCIAL JACARANDAS;285;2024;2024-6;45;338000;0.05;350001.5;532.27;532.27;532.27;1;VAGO;Unifamiliar;1;0;0;0;12001.5;3.550739644970414
SAO SEBASTIAO;SETOR HABITACIONAL JARDIM BOTANICO;60214;2024;2024-6;46;954000;0.05;1000111.19;2162.19;2162.19;1441.46;1;VAGO;Unifamiliar;1;0;0;0;46111.189999999944;4.8334580712788195
PARANOA;PARANOÁ PARQUE;60221;2024;2024-6;48;916000;0.05;1303000.0;3237.539;1798.633;1798.633;2;VAGO;Mista;0;1;1;1;387000.0;42.248908296943235
SAMAMBAIA;QN-SAMAMBAIA;60219;2024;2024-6;53;82900;0.05;90000.0;150.0;100.0;50.0;2;OCUPADO;Mista;1;1;1;1;7100.0;8.56453558504222
SAMAMBAIA;QS-SAMAMBAIA;60219;2024;2024-6;55;1850000;0.05;2850100.0;5130.0;3420.0;1710.0;2;EM CONSTRUCAO;Mista;1;1;1;1;1000100.0;54.05945945945946
SAMAMBAIA;QS-SAMAMBAIA;60220;2024;2024-6;59;849000;0.05;891000.13;2800.23;1866.82;933.41;1;VAGO;Mista;1;1;1;1;42000.130000000005;4.947011778563016
SAMAMBAIA;QS-SAMAMBAIA;60220;2024;2024-6;60;608000;0.05;651000.0;1976.4;1317.6;658.8;1;OBSTRUIDO;Mista;1;1;1;1;43000.0;7.072368421052631
SAMAMBAIA;QS-SAMAMBAIA;60220;2024;2024-6;61;614000;0.05;651000.0;1996.8;1331.2;665.6;2;OBSTRUIDO;Mista;1;1;1;1;37000.0;6.026058631921824
SAMAMBAIA;QS-SAMAMBAIA;60220;2024;2024-6;62;121000;0.05;123758.0;300.0;200.0;100.0;1;VAGO;Mista;1;1;1;1;2758.0;2.2793388429752066
TAGUATINGA;AREA DES/ECONOMICO-AGUAS CLARAS;60224;2024;2024-7;2;1503000;0.05;1759636.0;1600.0;1600.0;800.0;2;OCUPADO;Mista;0;1;1;1;256636.0;17.074916833000664
TAGUATINGA;AREA DES/ECONOMICO-AGUAS CLARAS;60227;2024;2024-7;3;195000;0.05;275000.5;300.0;300.0;150.0;7;OCUPADO;Mista;1;1;1;1;80000.5;41.025897435897434
ARNIQUEIRA;SETOR HABITACIONAL ARNIQUEIRA;60214;2024;2024-7;4;444000;0.05;1025000.0;1591.74;636.696;795.87;50;OBSTRUIDO;Unifamiliar;1;0;0;0;581000.0;130.85585585585585
ARNIQUEIRA;SETOR HABITACIONAL ARNIQUEIRA;60215;2024;2024-7;9;145000;0.05;160000.0;483.8;241.9;241.9;5;OCUPADO;Unifamiliar;1;0;0;0;15000.0;10.344827586206897
ARNIQUEIRA;SETOR HABITACIONAL ARNIQUEIRA;60215;2024;2024-7;11;122000;0.05;126000.0;401.92;200.96;200.96;1;CONSTRUIDO;Unifamiliar;1;0;0;0;4000.0;3.278688524590164
ARNIQUEIRA;SETOR HABITACIONAL ARNIQUEIRA;60215;2024;2024-7;12;115000;0.05;190100.0;377.84;188.92;188.92;4;OCUPADO;Unifamiliar;1;0;0;0;75100.0;65.30434782608697
ARNIQUEIRA;SETOR HABITACIONAL ARNIQUEIRA;60215;2024;2024-7;13;233000;0.05;235000.0;795.78;397.89;397.89;1;OCUPADO;Unifamiliar;1;0;0;0;2000.0;0.8583690987124464
ARNIQUEIRA;SETOR HABITACIONAL ARNIQUEIRA;60215;2024;2024-7;14;228000;0.05;240500.09;779.46;389.73;389.73;2;OCUPADO;Unifamiliar;1;0;0;0;12500.089999999997;5.482495614035086
BRASILIA;SETOR DE HABITACOES INDIVIDUAIS NORTE        ;60211;2024;2024-7;16;1570000;0.2;1612012.12;1120.0;1120.0;800.0;1;VAGO;Unifamiliar;1;0;0;0;42012.12000000011;2.67593121019109
BRASILIA;SETOR DE HABITACOES INDIVIDUAIS NORTE        ;60211;2024;2024-7;23;1420000;0.2;1602000.0;934.738;934.738;667.67;3;CERCADO;Unifamiliar;1;0;0;0;182000.0;12.816901408450704
BRASILIA;SETOR DE HABITACOES INDIVIDUAIS NORTE        ;60211;2024;2024-7;26;1560000;0.2;1732000.0;1107.288;1107.288;790.92;2;CERCADO;Unifamiliar;1;0;0;0;172000.0;11.025641025641026
BRAZLANDIA;SETOR NORTE                                  ;60217;2024;2024-7;31;1030000;0.05;1821000.0;2450.0;2450.0;1750.0;2;VAGO;Mista;1;1;1;1;791000.0;76.79611650485437
CEILANDIA;SETOR N NORTE-QUADRA RESIDENCIAL             ;60217;2024;2024-7;33;1220000;0.05;1220000.0;3240.0;1080.0;540.0;1;VAGO;Mista;1;1;1;1;0.0;0.0
CEILANDIA;SETOR O NORTE-QUADRA RESIDENCIAL             ;60219;2024;2024-7;34;376000;0.05;380000.0;1134.0;756.0;378.0;1;OBSTRUIDO;Mista;1;1;1;1;4000.0;1.0638297872340425
CEILANDIA;SETOR DE MATERIAL DE CONSTRUCAO              ;60225;2024;2024-7;35;321000;0.05;1836000.0;2100.0;2100.0;1050.0;40;VAGO;Mista;0;1;1;1;1515000.0;471.96261682242994
CEILANDIA;SETOR INDUSTRIAL I                           ;60225;2024;2024-7;36;111000;0.05;207700.0;472.5;472.5;315.0;3;OBSTRUIDO;Mista;0;1;1;1;96700.0;87.11711711711712
CEILANDIA;SETOR INDUSTRIAL I                           ;60225;2024;2024-7;37;229000;0.05;339999.0;1400.0;1400.0;700.0;9;OCUPADO;Mista;0;1;1;1;110999.0;48.47117903930131
GUARA;SETOR RESID INDUSTRIA E ABASTECIMENTO        ;60214;2024;2024-7;40;346000;0.05;602500.0;478.704;478.704;199.46;5;OCUPADO;Unifamiliar;1;0;0;0;256500.0;74.13294797687861
GUARA;SETOR RESID INDUSTRIA E ABASTECIMENTO        ;60214;2024;2024-7;41;306000;0.05;450050.0;417.192;417.192;173.83;8;VAGO;Unifamiliar;1;0;0;0;144050.0;47.07516339869281
GUARA;SETOR RESID INDUSTRIA E ABASTECIMENTO        ;60214;2024;2024-7;42;292000;0.05;400000.0;395.472;395.472;164.78;13;VAGO;Unifamiliar;1;0;0;0;108000.0;36.986301369863014
GUARA;SETOR RESID INDUSTRIA E ABASTECIMENTO        ;60214;2024;2024-7;43;303000;0.05;446632.9;412.632;412.632;171.93;11;VAGO;Unifamiliar;1;0;0;0;143632.90000000002;47.40359735973598
GUARA;SETOR RESID INDUSTRIA E ABASTECIMENTO        ;60214;2024;2024-7;44;283000;0.05;420000.0;380.544;380.544;158.56;12;VAGO;Unifamiliar;1;0;0;0;137000.0;48.409893992932865
GUARA;SETOR RESID INDUSTRIA E ABASTECIMENTO        ;60215;2024;2024-7;45;306000;0.05;401001.0;417.192;417.192;173.83;13;VAGO;Unifamiliar;1;0;0;0;95001.0;31.04607843137255
JARDIM BOTÂNICO;COMP. URB. ALDEIAS DO CERRADO - QR 02 - RESIDENCIAL JACARANDAS;285;2024;2024-7;46;338000;0.05;385255.0;532.27;532.27;532.27;4;VAGO;Unifamiliar;1;0;0;0;47255.0;13.98076923076923
JARDIM BOTÂNICO;COMP. URB. ALDEIAS DO CERRADO - QR 02 - RESIDENCIAL JACARANDAS;285;2024;2024-7;47;338000;0.05;385255.0;532.27;532.27;532.27;3;VAGO;Unifamiliar;1;0;0;0;47255.0;13.98076923076923
JARDIM BOTÂNICO;COMP. URB. ALDEIAS DO CERRADO - QR 02 - RESIDENCIAL JACARANDAS;285;2024;2024-7;48;338000;0.05;365000.0;532.27;532.27;532.27;6;VAGO;Unifamiliar;1;0;0;0;27000.0;7.988165680473373
JARDIM BOTÂNICO;COMP. URB. ALDEIAS DO CERRADO - QR 02 - RESIDENCIAL JACARANDAS;285;2024;2024-7;49;301000;0.05;315000.0;420.0;420.0;420.0;5;VAGO;Unifamiliar;1;0;0;0;14000.0;4.651162790697675
JARDIM BOTÂNICO;COMP. URB. ALDEIAS DO CERRADO - QR 02 - RESIDENCIAL JACARANDAS;285;2024;2024-7;50;301000;0.05;301000.05;420.0;420.0;420.0;1;VAGO;Unifamiliar;1;0;0;0;0.04999999998835847;1.6611295677195504e-05
SAO SEBASTIAO;SETOR HABITACIONAL JARDIM BOTANICO;60214;2024;2024-7;51;580000;0.05;750000.1;1200.0;1200.0;800.0;6;VAGO;Unifamiliar;1;0;0;0;170000.09999999998;29.31036206896551
LAGO NORTE;SETOR HABITACIONAL TAQUARI;60211;2024;2024-7;52;911000;0.05;930000.0;960.0;960.0;1200.0;1;OBSTRUIDO;Unifamiliar;1;0;0;0;19000.0;2.0856201975850714
PARANOA;PARANOÁ PARQUE;60221;2024;2024-7;53;936000;0.05;1525000.0;3318.766;1843.759;1843.759;7;VAGO;Mista;0;1;1;1;589000.0;62.927350427350426
PLANALTINA;SETOR RESIDENCIAL LESTE (SRL);60216;2024;2024-7;54;44400;0.05;62200.0;120.0;120.0;60.0;5;VAGO;Mista;1;1;1;1;17800.0;40.090090090090094
RECANTO DAS EMAS;RECANTO DAS EMAS;60216;2024;2024-7;55;529000;0.05;530000.0;1230.32;1107.288;615.16;1;VAGO;Mista;1;1;1;1;1000.0;0.1890359168241966
RECANTO DAS EMAS;RECANTO DAS EMAS;60217;2024;2024-7;56;111000;0.05;111000.0;276.0;216.0;120.0;1;VAGO;Mista;1;1;1;1;0.0;0.0
RECANTO DAS EMAS;RECANTO DAS EMAS;60217;2024;2024-7;57;111000;0.05;117855.0;276.0;216.0;120.0;1;VAGO;Mista;1;1;1;1;6855.0;6.175675675675675
RECANTO DAS EMAS;AREA DE DESENVOLVIMENTO ECONOMICO;60224;2024;2024-7;60;310000;0.05;621000.0;1108.224;1108.224;346.32;4;OCUPADO;Mista;0;1;1;1;311000.0;100.32258064516128
SAMAMBAIA;QR-SAMAMBAIA;60213;2024;2024-7;63;1070000;0.05;1099999.99;3150.0;1800.0;900.0;1;VAGO;Multifamiliar;1;0;0;0;29999.98999999999;2.803737383177569
SAMAMBAIA;CENTRO URBANO;60217;2024;2024-7;65;448000;0.05;493000.0;720.0;480.0;240.0;1;VAGO;Mista;1;1;1;1;45000.0;10.044642857142858
SAMAMBAIA;QN-SAMAMBAIA;60217;2024;2024-7;67;131000;0.05;240000.0;350.0;200.0;100.0;8;OBSTRUIDO;Mista;1;1;1;1;109000.0;83.20610687022901
SAMAMBAIA;QN-SAMAMBAIA;60217;2024;2024-7;68;78300;0.05;359000.0;350.0;200.0;100.0;16;OCUPADO;Mista;1;1;1;1;280700.0;358.492975734355
SAMAMBAIA;QS-SAMAMBAIA;60217;2024;2024-7;69;158000;0.05;158000.0;350.0;200.0;100.0;2;VAGO;Mista;1;1;1;1;0.0;0.0
SAMAMBAIA;QS-SAMAMBAIA;60217;2024;2024-7;70;158000;0.05;165001.0;350.0;200.0;100.0;2;VAGO;Mista;1;1;1;1;7001.0;4.431012658227848
SAMAMBAIA;QS-SAMAMBAIA;60219;2024;2024-7;78;288000;0.05;288010.0;883.44;588.96;294.48;2;VAGO;Mista;1;1;1;1;10.0;0.003472222222222222
SAMAMBAIA;QS-SAMAMBAIA;60219;2024;2024-7;79;129000;0.05;129100.0;330.0;220.0;110.0;1;VAGO;Mista;1;1;1;1;100.0;0.07751937984496124
SAMAMBAIA;QS-SAMAMBAIA;60219;2024;2024-7;81;129000;0.05;192000.0;330.0;220.0;110.0;1;VAGO;Mista;1;1;1;1;63000.0;48.837209302325576
SAMAMBAIA;QS-SAMAMBAIA;60220;2024;2024-7;83;121000;0.05;126501.01;300.0;200.0;100.0;1;VAGO;Mista;1;1;1;1;5501.009999999995;4.546289256198343
SAMAMBAIA;QS-SAMAMBAIA;60220;2024;2024-7;87;73100;0.05;73100.0;300.0;200.0;100.0;1;VAGO;Mista;1;1;1;1;0.0;0.0
SAMAMBAIA;QS-SAMAMBAIA;60220;2024;2024-7;89;73100;0.05;76000.0;300.0;200.0;100.0;1;VAGO;Mista;1;1;1;1;2900.0;3.9671682626538987
SAMAMBAIA;QS-SAMAMBAIA;60220;2024;2024-7;91;98700;0.05;105390.0;450.0;300.0;150.0;2;VAGO;Mista;1;1;1;1;6690.0;6.778115501519758
SAMAMBAIA;AREA DE DESENVOLVIMENTO ECONOMICO SUL;60227;2024;2024-7;92;95800;0.05;162360.0;210.0;210.0;105.0;12;OBSTRUIDO;Mista;1;1;1;1;66560.0;69.47807933194154
SANTA MARIA;SANTA MARIA                                  ;60224;2024;2024-7;95;657000;0.05;900000.0;3430.06;2401.042;1715.03;3;CERCADO;Mista;0;1;1;1;243000.0;36.986301369863014
SANTA MARIA;SANTA MARIA                                  ;60224;2024;2024-7;96;644000;0.05;701001.0;3336.66;2335.662;1668.33;1;CERCADO;Mista;0;1;1;1;57001.0;8.851086956521739
SAO SEBASTIAO;BAIRRO SÃO BARTOLOMEU;60217;2024;2024-7;99;518000;0.05;524036.71;1172.682;1074.959;390.894;1;OBSTRUIDO;Mista;1;1;1;1;6036.710000000021;1.1653880308880349
SOBRADINHO;SOBRADINHO                                   ;60213;2024;2024-7;100;2350000;0.05;2510900.0;4290.0;4290.0;715.0;1;VAGO;Multifamiliar;1;0;0;0;160900.0;6.846808510638298
TAGUATINGA;BAIRRO AGUAS CLARAS;60219;2024;2024-8;1;860000;0.05;2221100.0;816.0;408.0;408.0;9;CERCADO;Mista;1;1;1;1;1361100.0;158.2674418604651
TAGUATINGA;BAIRRO AGUAS CLARAS;60220;2024;2024-8;2;14400000;0.1;27199999.0;18000.0;10800.0;3600.0;5;VAGO;Mista;1;1;1;1;12799999.0;88.88888194444445
ARNIQUEIRA;SETOR HABITACIONAL ARNIQUEIRA;60215;2024;2024-8;4;507000;0.05;511011.01;1637.22;654.888;818.61;1;OCUPADO;Unifamiliar;1;0;0;0;4011.0100000000093;0.7911262327416192
ARNIQUEIRA;SETOR HABITACIONAL ARNIQUEIRA;60215;2024;2024-8;5;491000;0.05;493000.0;1580.38;632.152;790.19;1;CONSTRUIDO;Unifamiliar;1;0;0;0;2000.0;0.40733197556008144
ARNIQUEIRA;SETOR HABITACIONAL ARNIQUEIRA;60215;2024;2024-8;8;495000;0.05;500000.0;1595.86;638.344;797.93;1;OCUPADO;Unifamiliar;1;0;0;0;5000.0;1.0101010101010102
BRASILIA;SETOR DE HABITACOES INDIVIDUAIS NORTE        ;60211;2024;2024-8;10;2300000;0.05;2523100.0;1484.0;1484.0;1060.0;1;CONSTRUIDO;Unifamiliar;1;0;0;0;223100.0;9.700000000000001
BRASILIA;SETOR DE HABITACOES INDIVIDUAIS SUL          ;60222;2024;2024-8;11;1720000;0.05;1753000.0;882.0;882.0;294.0;1;OBSTRUIDO;Mista;0;1;1;1;33000.0;1.9186046511627908
CEILANDIA;SETOR N NORTE-QUADRA RESIDENCIAL             ;60217;2024;2024-8;16;2030000;0.05;2401000.0;6000.0;2000.0;1000.0;1;CERCADO;Mista;1;1;1;1;371000.0;18.275862068965516
CEILANDIA;SETOR O NORTE-QUADRA RESIDENCIAL             ;60219;2024;2024-8;18;679000;0.05;802100.0;2308.5;1539.0;769.5;2;OBSTRUIDO;Mista;1;1;1;1;123100.0;18.12960235640648
CEILANDIA;SETOR DE MATERIAL DE CONSTRUCAO              ;60225;2024;2024-8;19;321000;0.05;640000.01;2100.0;2100.0;1050.0;2;CERCADO;Mista;0;1;1;1;319000.01;99.37695015576324
CEILANDIA;SETOR DE MATERIAL DE CONSTRUCAO              ;60225;2024;2024-8;20;321000;0.05;1050000.0;2100.0;2100.0;1050.0;9;OCUPADO;Mista;0;1;1;1;729000.0;227.10280373831776
CEILANDIA;SETOR DE MATERIAL DE CONSTRUCAO              ;60225;2024;2024-8;21;321000;0.05;1050000.0;2100.0;2100.0;1050.0;7;OCUPADO;Mista;0;1;1;1;729000.0;227.10280373831776
GAMA;SETOR LESTE (COM);60216;2024;2024-8;22;208000;0.05;211111.11;900.0;450.0;225.0;1;CERCADO;Mista;1;1;1;1;3111.109999999986;1.4957259615384548
GAMA;SETOR DE MULTIPLAS ATIVIDADES;60224;2024;2024-8;23;213000;0.05;236000.0;352.0;220.0;220.0;4;OBSTRUIDO;Mista;0;1;1;1;23000.0;10.7981220657277
GUARA;SETOR RESID INDUSTRIA E ABASTECIMENTO        ;60214;2024;2024-8;25;285000;0.05;360000.0;384.0;384.0;160.0;11;VAGO;Unifamiliar;1;0;0;0;75000.0;26.31578947368421
GUARA;SETOR RESID INDUSTRIA E ABASTECIMENTO        ;60214;2024;2024-8;26;285000;0.05;375000.0;384.0;384.0;160.0;5;VAGO;Unifamiliar;1;0;0;0;90000.0;31.57894736842105
GUARA;SETOR RESID INDUSTRIA E ABASTECIMENTO        ;60214;2024;2024-8;27;350000;0.05;403000.0;484.752;484.752;201.98;5;VAGO;Unifamiliar;1;0;0;0;53000.0;15.142857142857144
GUARA;SETOR RESID INDUSTRIA E ABASTECIMENTO        ;60214;2024;2024-8;28;341000;0.05;501002.0;470.928;470.928;196.22;7;VAGO;Unifamiliar;1;0;0;0;160002.0;46.92140762463343
GUARA;SETOR RESID INDUSTRIA E ABASTECIMENTO        ;60214;2024;2024-8;29;308000;0.05;432014.77;420.576;420.576;175.24;4;VAGO;Unifamiliar;1;0;0;0;124014.77000000002;40.26453571428572
GUARA;SETOR RESID INDUSTRIA E ABASTECIMENTO        ;60214;2024;2024-8;30;309000;0.05;453005.99;421.704;421.704;175.71;6;VAGO;Unifamiliar;1;0;0;0;144005.99;46.60388025889967
GUARA;SETOR RESID INDUSTRIA E ABASTECIMENTO        ;60215;2024;2024-8;31;309000;0.05;455477.12;421.704;421.704;175.71;1;VAGO;Unifamiliar;1;0;0;0;146477.12;47.403598705501615
GUARA;SETOR RESID INDUSTRIA E ABASTECIMENTO        ;60215;2024;2024-8;32;308000;0.05;430220.0;420.576;420.576;175.24;4;OBSTRUIDO;Unifamiliar;1;0;0;0;122220.0;39.68181818181818
GUARA;SETOR RESID INDUSTRIA E ABASTECIMENTO        ;60215;2024;2024-8;33;344000;0.05;558143.34;475.68;475.68;198.2;11;VAGO;Unifamiliar;1;0;0;0;214143.33999999997;62.250970930232555
JARDIM BOTÂNICO;COMP. URB. ALDEIAS DO CERRADO - QR 02 - RESIDENCIAL JACARANDAS;285;2024;2024-8;40;315000;0.05;331326.0;460.92;460.92;460.92;3;VAGO;Unifamiliar;1;0;0;0;16326.0;5.182857142857142
JARDIM BOTÂNICO;COMP. URB. ALDEIAS DO CERRADO - QR 02 - RESIDENCIAL JACARANDAS;285;2024;2024-8;42;304000;0.05;321652.0;427.64;427.64;427.64;8;VAGO;Unifamiliar;1;0;0;0;17652.0;5.806578947368421
JARDIM BOTÂNICO;COMP. URB. ALDEIAS DO CERRADO - QR 02 - RESIDENCIAL JACARANDAS;285;2024;2024-8;43;301000;0.05;316199.0;420.0;420.0;420.0;5;VAGO;Unifamiliar;1;0;0;0;15199.0;5.049501661129568
JARDIM BOTÂNICO;COMP. URB. ALDEIAS DO CERRADO - QR 02 - RESIDENCIAL JACARANDAS;285;2024;2024-8;45;301000;0.05;315000.0;420.0;420.0;420.0;1;VAGO;Unifamiliar;1;0;0;0;14000.0;4.651162790697675
JARDIM BOTÂNICO;COMP. URB. ALDEIAS DO CERRADO - QR 02 - RESIDENCIAL JACARANDAS;285;2024;2024-8;46;301000;0.05;341000.0;420.0;420.0;420.0;2;VAGO;Unifamiliar;1;0;0;0;40000.0;13.2890365448505
JARDIM BOTÂNICO;COMP. URB. ALDEIAS DO CERRADO - QR 02 - RESIDENCIAL JACARANDAS;285;2024;2024-8;47;301000;0.05;306100.0;420.0;420.0;420.0;2;VAGO;Unifamiliar;1;0;0;0;5100.0;1.6943521594684385
JARDIM BOTÂNICO;COMP. URB. ALDEIAS DO CERRADO - QR 02 - RESIDENCIAL JACARANDAS;285;2024;2024-8;48;301000;0.05;306100.0;420.0;420.0;420.0;1;VAGO;Unifamiliar;1;0;0;0;5100.0;1.6943521594684385
JARDIM BOTÂNICO;COMP. URB. ALDEIAS DO CERRADO - QR 02 - RESIDENCIAL JACARANDAS;285;2024;2024-8;49;301000;0.05;306100.0;420.0;420.0;420.0;1;VAGO;Unifamiliar;1;0;0;0;5100.0;1.6943521594684385
JARDIM BOTÂNICO;COMP. URB. ALDEIAS DO CERRADO - QR 02 - RESIDENCIAL JACARANDAS;285;2024;2024-8;50;301000;0.05;303913.13;420.0;420.0;420.0;1;VAGO;Unifamiliar;1;0;0;0;2913.1300000000047;0.9678172757475099
PARANOA;PARANOÁ PARQUE;60221;2024;2024-8;57;936000;0.05;1605000.0;3318.754;1843.752;1843.752;3;VAGO;Mista;0;1;1;1;669000.0;71.47435897435898
RECANTO DAS EMAS;RECANTO DAS EMAS;60217;2024;2024-8;60;137000;0.05;180007.0;345.0;270.0;150.0;2;OBSTRUIDO;Mista;1;1;1;1;43007.0;31.391970802919705
RIACHO FUNDO II;HABITACIONAL RIACHO FUNDO II;60224;2024;2024-8;72;936000;0.05;1100000.0;1386.0;1386.0;990.0;1;VAGO;Mista;0;1;1;1;164000.0;17.52136752136752
SAMAMBAIA;QI-SAMAMBAIA;60218;2024;2024-8;73;274000;0.05;705000.0;560.0;400.0;200.0;6;OCUPADO;Mista;1;1;1;1;431000.0;157.2992700729927
SAMAMBAIA;QN-SAMAMBAIA;60220;2024;2024-8;78;217000;0.05;256000.0;1125.0;750.0;375.0;2;VAGO;Mista;1;1;1;1;39000.0;17.972350230414747
SAMAMBAIA;QS-SAMAMBAIA;60220;2024;2024-8;81;121000;0.05;137000.0;300.0;200.0;100.0;1;VAGO;Mista;1;1;1;1;16000.0;13.223140495867769
SAMAMBAIA;QS-SAMAMBAIA;60220;2024;2024-8;82;121000;0.05;137000.0;300.0;200.0;100.0;1;VAGO;Mista;1;1;1;1;16000.0;13.223140495867769
SAMAMBAIA;QS-SAMAMBAIA;60220;2024;2024-8;83;121000;0.05;126000.0;300.0;200.0;100.0;1;VAGO;Mista;1;1;1;1;5000.0;4.132231404958678
SAMAMBAIA;QS-SAMAMBAIA;60220;2024;2024-8;84;121000;0.05;137000.0;300.0;200.0;100.0;1;VAGO;Mista;1;1;1;1;16000.0;13.223140495867769
SAMAMBAIA;QS-SAMAMBAIA;60220;2024;2024-8;85;121000;0.05;137000.0;300.0;200.0;100.0;2;VAGO;Mista;1;1;1;1;16000.0;13.223140495867769
SOBRADINHO;SOBRADINHO                                   ;60216;2024;2024-8;89;1350000;0.05;1892000.0;1200.0;1200.0;600.0;2;VAGO;Mista;1;1;1;1;542000.0;40.14814814814815
SOBRADINHO;SOBRADINHO                                   ;60223;2024;2024-8;90;4962000;0.05;4967000.0;6000.0;4500.0;2500.0;1;OCUPADO;Mista;0;1;1;1;5000.0;0.1007658202337767
TAGUATINGA;SETOR G SUL-QUADRA COMERCIAL                 ;60225;2024;2024-8;94;7140000;0.3;10210000.0;12650.6;12650.6;6325.3;2;OCUPADO;Mista;0;1;1;1;3070000.0;42.997198879551824
TAGUATINGA;BAIRRO AGUAS CLARAS;60219;2024;2024-10;1;860000;0.05;865020.0;816.0;408.0;408.0;1;OCUPADO;Mista;1;1;1;1;5020.0;0.5837209302325581
BRASILIA;SETOR DE HABITACOES INDIVIDUAIS NORTE        ;60211;2024;2024-10;4;1260000;0.2;1260000.0;756.0;756.0;540.0;1;VAGO;Unifamiliar;1;0;0;0;0.0;0.0
BRASILIA;SETOR DE HABITACOES INDIVIDUAIS NORTE        ;60211;2024;2024-10;5;1260000;0.2;1261000.0;756.0;756.0;540.0;1;VAGO;Unifamiliar;1;0;0;0;1000.0;0.07936507936507936
CEILANDIA;SETOR M NORTE-QUADRA RESIDENCIAL             ;60220;2024;2024-10;27;341000;0.3;430000.0;1000.0;500.0;250.0;1;CERCADO;Mista;1;1;1;1;89000.0;26.099706744868033
CEILANDIA;SETOR INDUSTRIAL I                           ;60225;2024;2024-10;29;79600;0.05;155500.0;315.0;315.0;210.0;5;OBSTRUIDO;Mista;0;1;1;1;75900.0;95.35175879396985
CEILANDIA;SETOR INDUSTRIAL I                           ;60225;2024;2024-10;30;79600;0.05;145500.0;315.0;315.0;210.0;6;OBSTRUIDO;Mista;0;1;1;1;65900.0;82.78894472361809
CEILANDIA;SETOR INDUSTRIAL I                           ;60225;2024;2024-10;31;79600;0.05;136000.0;315.0;315.0;210.0;4;OBSTRUIDO;Mista;0;1;1;1;56400.0;70.85427135678391
CEILANDIA;SETOR INDUSTRIAL I                           ;60225;2024;2024-10;32;79600;0.05;137400.0;315.0;315.0;210.0;7;VAGO;Mista;0;1;1;1;57800.0;72.61306532663316
CEILANDIA;SETOR INDUSTRIAL I                           ;60225;2024;2024-10;33;229000;0.05;902900.0;1400.0;1400.0;700.0;8;OBSTRUIDO;Mista;0;1;1;1;673900.0;294.27947598253274
GUARA;SETOR RESID INDUSTRIA E ABASTECIMENTO        ;60214;2024;2024-10;34;313000;0.05;502552.0;427.944;427.944;178.31;9;VAGO;Unifamiliar;1;0;0;0;189552.0;60.55974440894568
GUARA;SETOR RESID INDUSTRIA E ABASTECIMENTO        ;60214;2024;2024-10;35;260000;0.05;415999.99;345.6;345.6;144.0;13;VAGO;Unifamiliar;1;0;0;0;155999.99;59.99999615384615
GUARA;SETOR RESID INDUSTRIA E ABASTECIMENTO        ;60214;2024;2024-10;36;260000;0.05;403000.0;345.6;345.6;144.0;8;VAGO;Unifamiliar;1;0;0;0;143000.0;55.00000000000001
GUARA;SETOR RESID INDUSTRIA E ABASTECIMENTO        ;60214;2024;2024-10;37;288000;0.05;305000.0;388.8;388.8;162.0;2;OCUPADO;Unifamiliar;1;0;0;0;17000.0;5.902777777777778
GUARA;SETOR RESID INDUSTRIA E ABASTECIMENTO        ;60214;2024;2024-10;38;271000;0.05;421000.0;361.776;361.776;150.74;8;VAGO;Unifamiliar;1;0;0;0;150000.0;55.35055350553506
GUARA;SETOR RESID INDUSTRIA E ABASTECIMENTO        ;60214;2024;2024-10;39;295000;0.05;371100.0;399.6;399.6;166.5;3;VAGO;Unifamiliar;1;0;0;0;76100.0;25.796610169491522
GUARA;SETOR RESID INDUSTRIA E ABASTECIMENTO        ;60214;2024;2024-10;40;295000;0.05;421156.0;399.6;399.6;166.5;3;VAGO;Unifamiliar;1;0;0;0;126156.0;42.76474576271186
GUARA;SETOR RESID INDUSTRIA E ABASTECIMENTO        ;60214;2024;2024-10;41;295000;0.05;406674.2;399.6;399.6;166.5;3;VAGO;Unifamiliar;1;0;0;0;111674.20000000001;37.855661016949156
GUARA;SETOR RESID INDUSTRIA E ABASTECIMENTO        ;60214;2024;2024-10;42;288000;0.05;477777.77;388.8;388.8;162.0;6;VAGO;Unifamiliar;1;0;0;0;189777.77000000002;65.89505902777778
GUARA;SETOR RESID INDUSTRIA E ABASTECIMENTO        ;60215;2024;2024-10;43;340000;0.05;350000.0;469.08;469.08;195.45;2;OCUPADO;Unifamiliar;1;0;0;0;10000.0;2.941176470588235
GUARA;SETOR RESID INDUSTRIA E ABASTECIMENTO        ;60221;2024;2024-10;45;1400000;0.05;1814100.0;3600.0;2700.0;900.0;4;VAGO;Mista;0;1;1;1;414100.0;29.578571428571426
JARDIM BOTÂNICO;COMP. URB. ALDEIAS DO CERRADO - QR 02 - RESIDENCIAL JACARANDAS;285;2024;2024-10;49;304000;0.05;331808.88;427.97;427.97;427.97;1;VAGO;Unifamiliar;1;0;0;0;27808.880000000005;9.147657894736843
JARDIM BOTÂNICO;COMP. URB. ALDEIAS DO CERRADO - QR 02 - RESIDENCIAL JACARANDAS;285;2024;2024-10;54;301000;0.05;320510.6;420.0;420.0;420.0;1;VAGO;Unifamiliar;1;0;0;0;19510.599999999977;6.481926910298997
JARDIM BOTÂNICO;COMP. URB. ALDEIAS DO CERRADO - QR 02 - RESIDENCIAL JACARANDAS;285;2024;2024-10;55;319000;0.05;319102.0;472.27;472.27;472.27;1;VAGO;Unifamiliar;1;0;0;0;102.0;0.03197492163009404
JARDIM BOTÂNICO;COMP. URB. ALDEIAS DO CERRADO - QR 02 - RESIDENCIAL JACARANDAS;285;2024;2024-10;56;301000;0.05;350099.0;420.0;420.0;420.0;1;VAGO;Unifamiliar;1;0;0;0;49099.0;16.311960132890366
JARDIM BOTÂNICO;COMP. URB. ALDEIAS DO CERRADO - QR 02 - RESIDENCIAL JACARANDAS;285;2024;2024-10;57;301000;0.05;319101.0;420.0;420.0;420.0;1;VAGO;Unifamiliar;1;0;0;0;18101.0;6.0136212624584715
JARDIM BOTÂNICO;COMP. URB. ALDEIAS DO CERRADO - QR 02 - RESIDENCIAL JACARANDAS;285;2024;2024-10;58;301000;0.05;325570.0;420.0;420.0;420.0;3;VAGO;Unifamiliar;1;0;0;0;24570.0;8.162790697674419
JARDIM BOTÂNICO;COMP. URB. ALDEIAS DO CERRADO - QR 02 - RESIDENCIAL JACARANDAS;285;2024;2024-10;60;301000;0.05;330050.0;420.0;420.0;420.0;2;VAGO;Unifamiliar;1;0;0;0;29050.0;9.651162790697674
JARDIM BOTÂNICO;COMP. URB. ALDEIAS DO CERRADO - QR 02 - RESIDENCIAL JACARANDAS;285;2024;2024-10;61;301000;0.05;301818.18;420.0;420.0;420.0;1;VAGO;Unifamiliar;1;0;0;0;818.179999999993;0.2718205980066422
JARDIM BOTÂNICO;COMP. URB. ALDEIAS DO CERRADO - QR 02 - RESIDENCIAL JACARANDAS;285;2024;2024-10;62;301000;0.05;320102.0;420.0;420.0;420.0;2;VAGO;Unifamiliar;1;0;0;0;19102.0;6.346179401993355
JARDIM BOTÂNICO;COMP. URB. ALDEIAS DO CERRADO - QR 02 - RESIDENCIAL JACARANDAS;285;2024;2024-10;63;301000;0.05;310300.0;420.0;420.0;420.0;2;VAGO;Unifamiliar;1;0;0;0;9300.0;3.089700996677741
JARDIM BOTÂNICO;COMP. URB. ALDEIAS DO CERRADO - QR 02 - RESIDENCIAL JACARANDAS;285;2024;2024-10;64;326000;0.05;356000.0;496.27;496.27;496.27;1;VAGO;Unifamiliar;1;0;0;0;30000.0;9.202453987730062
JARDIM BOTÂNICO;COMP. URB. ALDEIAS DO CERRADO - QR 02 - RESIDENCIAL JACARANDAS;285;2024;2024-10;67;326000;0.05;335101.99;496.27;496.27;496.27;1;VAGO;Unifamiliar;1;0;0;0;9101.98999999999;2.7920214723926353
JARDIM BOTÂNICO;COMP. URB. ALDEIAS DO CERRADO - QR 02 - RESIDENCIAL JACARANDAS;285;2024;2024-10;68;362000;0.05;467772.33;615.08;615.08;615.08;1;VAGO;Unifamiliar;1;0;0;0;105772.33000000002;29.21887569060774
JARDIM BOTÂNICO;COMP. URB. ALDEIAS DO CERRADO - QR 02 - RESIDENCIAL JACARANDAS;285;2024;2024-10;72;386000;0.05;411999.99;701.25;701.25;701.25;1;VAGO;Unifamiliar;1;0;0;0;25999.98999999999;6.73574870466321
PARANOA;PARANOÁ PARQUE;60221;2024;2024-10;73;891000;0.05;891100.0;3318.761;1843.756;1843.756;2;VAGO;Mista;0;1;1;1;100.0;0.011223344556677891
PARANOA;PARANOÁ PARQUE;60221;2024;2024-10;74;824000;0.05;824100.0;3037.511;1687.506;1687.506;2;VAGO;Mista;0;1;1;1;100.0;0.012135922330097087
PARANOA;PARANOÁ PARQUE;60221;2024;2024-10;75;824000;0.05;841000.0;3037.507;1687.504;1687.504;1;VAGO;Mista;0;1;1;1;17000.0;2.063106796116505
RECANTO DAS EMAS;RECANTO DAS EMAS;60216;2024;2024-10;81;130000;0.05;130000.0;300.0;270.0;150.0;1;SITUACAO NAO CADASTRADA;Mista;1;1;1;1;0.0;0.0
RECANTO DAS EMAS;RECANTO DAS EMAS;60216;2024;2024-10;82;130000;0.05;130000.0;300.0;270.0;150.0;1;OCUPADO;Mista;1;1;1;1;0.0;0.0
RECANTO DAS EMAS;RECANTO DAS EMAS;60216;2024;2024-10;83;130000;0.05;130000.0;300.0;270.0;150.0;1;SITUACAO NAO CADASTRADA;Mista;1;1;1;1;0.0;0.0
RECANTO DAS EMAS;RECANTO DAS EMAS;60217;2024;2024-10;88;137000;0.05;137050.0;345.0;270.0;150.0;1;VAGO;Mista;1;1;1;1;50.0;0.0364963503649635
RECANTO DAS EMAS;RECANTO DAS EMAS;60217;2024;2024-10;89;137000;0.05;137050.0;345.0;270.0;150.0;1;VAGO;Mista;1;1;1;1;50.0;0.0364963503649635
RECANTO DAS EMAS;RECANTO DAS EMAS;60217;2024;2024-10;93;249000;0.05;256000.0;662.4;518.4;288.0;1;VAGO;Mista;1;1;1;1;7000.0;2.8112449799196786
RIACHO FUNDO II;HABITACIONAL RIACHO FUNDO II;60227;2024;2024-10;104;78500;0.05;118000.0;100.0;70.0;50.0;4;VAGO;Mista;1;1;1;1;39500.0;50.318471337579616
RIACHO FUNDO II;HABITACIONAL RIACHO FUNDO II;60227;2024;2024-10;105;78500;0.05;101500.0;100.0;70.0;50.0;3;VAGO;Mista;1;1;1;1;23000.0;29.29936305732484
RIACHO FUNDO II;HABITACIONAL RIACHO FUNDO II;60227;2024;2024-10;106;78500;0.05;105500.0;100.0;70.0;50.0;2;VAGO;Mista;1;1;1;1;27000.0;34.394904458598724
RIACHO FUNDO II;HABITACIONAL RIACHO FUNDO II;60227;2024;2024-10;107;78500;0.05;101000.0;100.0;70.0;50.0;3;VAGO;Mista;1;1;1;1;22500.0;28.662420382165603
RIACHO FUNDO II;HABITACIONAL RIACHO FUNDO II;60227;2024;2024-10;108;78500;0.05;91000.0;100.0;70.0;50.0;2;VAGO;Mista;1;1;1;1;12500.0;15.92356687898089
RIACHO FUNDO II;HABITACIONAL RIACHO FUNDO II;60227;2024;2024-10;109;78500;0.05;83299.99;100.0;70.0;50.0;1;VAGO;Mista;1;1;1;1;4799.990000000005;6.114636942675166
RIACHO FUNDO II;HABITACIONAL RIACHO FUNDO II;60227;2024;2024-10;110;78500;0.05;85000.0;100.0;70.0;50.0;2;VAGO;Mista;1;1;1;1;6500.0;8.280254777070063
RIACHO FUNDO II;HABITACIONAL RIACHO FUNDO II;60227;2024;2024-10;111;78500;0.05;85000.0;100.0;70.0;50.0;1;VAGO;Mista;1;1;1;1;6500.0;8.280254777070063
RIACHO FUNDO II;HABITACIONAL RIACHO FUNDO II;60227;2024;2024-10;112;78500;0.05;105500.0;100.0;70.0;50.0;3;VAGO;Mista;1;1;1;1;27000.0;34.394904458598724
RIACHO FUNDO II;HABITACIONAL RIACHO FUNDO II;60227;2024;2024-10;113;78500;0.05;115500.0;100.0;70.0;50.0;5;VAGO;Mista;1;1;1;1;37000.0;47.13375796178344
SAMAMBAIA;CENTRO URBANO;60217;2024;2024-10;119;448000;0.05;453000.0;720.0;480.0;240.0;1;VAGO;Mista;1;1;1;1;5000.0;1.1160714285714286
SAMAMBAIA;CENTRO URBANO;60217;2024;2024-10;120;448000;0.05;461000.0;720.0;480.0;240.0;1;VAGO;Mista;1;1;1;1;13000.0;2.9017857142857144
SAMAMBAIA;QN-SAMAMBAIA;60217;2024;2024-10;121;2010000;0.05;2715000.0;5910.9;3477.0;1738.5;2;OBSTRUIDO;Mista;1;1;1;1;705000.0;35.07462686567165
SAMAMBAIA;QN-SAMAMBAIA;60217;2024;2024-10;122;1660000;0.05;1850000.0;4865.4;2862.0;1431.0;1;OBSTRUIDO;Mista;1;1;1;1;190000.0;11.44578313253012
SAMAMBAIA;QS-SAMAMBAIA;60217;2024;2024-10;124;158000;0.05;162312.06;350.0;200.0;100.0;4;VAGO;Mista;1;1;1;1;4312.059999999998;2.729151898734176
SAMAMBAIA;QS-SAMAMBAIA;60217;2024;2024-10;125;802000;0.05;962100.0;2500.0;1250.0;625.0;1;VAGO;Mista;1;1;1;1;160100.0;19.962593516209477
SAMAMBAIA;QS-SAMAMBAIA;60217;2024;2024-10;126;1640000;0.05;2038100.0;4823.75;2837.5;1418.75;1;VAGO;Mista;1;1;1;1;398100.0;24.274390243902438
SAMAMBAIA;QS-SAMAMBAIA;60217;2024;2024-10;127;158000;0.05;160099.0;350.0;200.0;100.0;2;OCUPADO;Mista;1;1;1;1;2099.0;1.3284810126582278
SAMAMBAIA;QR-SAMAMBAIA;60219;2024;2024-10;129;99900;0.05;110062.62;150.0;100.0;50.0;1;VAGO;Mista;1;1;1;1;10162.619999999995;10.172792792792789
SAMAMBAIA;QS-SAMAMBAIA;60219;2024;2024-10;132;249000;0.05;260000.0;600.0;400.0;200.0;1;VAGO;Mista;1;1;1;1;11000.0;4.417670682730924
SAMAMBAIA;QN-SAMAMBAIA;60220;2024;2024-10;133;255000;0.05;260100.0;768.0;512.0;256.0;1;VAGO;Mista;1;1;1;1;5100.0;2.0
SAMAMBAIA;QR-SAMAMBAIA;60220;2024;2024-10;134;427000;0.05;430000.0;1356.57;904.38;452.19;1;VAGO;Mista;1;1;1;1;3000.0;0.702576112412178
SAMAMBAIA;QR-SAMAMBAIA;60220;2024;2024-10;135;427000;0.05;461101.0;1356.9;904.6;452.3;1;VAGO;Mista;1;1;1;1;34101.0;7.986182669789227
SAMAMBAIA;QS-SAMAMBAIA;60220;2024;2024-10;136;121000;0.05;126500.0;300.0;200.0;100.0;1;VAGO;Mista;1;1;1;1;5500.0;4.545454545454546
SANTA MARIA;SANTA MARIA                                  ;60215;2024;2024-10;137;46100;0.05;160999.99;162.75;162.75;116.25;40;VAGO;Unifamiliar;1;0;0;0;114899.98999999999;249.24075921908891
SANTA MARIA;SANTA MARIA                                  ;60221;2024;2024-10;138;484000;0.05;500000.0;2450.0;2450.0;1750.0;1;OCUPADO;Mista;0;1;1;1;16000.0;3.3057851239669422
SAO SEBASTIAO;BAIRRO SÃO BARTOLOMEU;60217;2024;2024-10;141;436000;0.05;485100.0;962.103;881.928;320.701;3;VAGO;Mista;1;1;1;1;49100.0;11.261467889908257
SAO SEBASTIAO;BAIRRO SÃO BARTOLOMEU;60217;2024;2024-10;142;445000;0.05;457700.0;982.149;900.303;327.383;2;CERCADO;Mista;1;1;1;1;12700.0;2.853932584269663
TAGUATINGA;SETOR M NORTE-QUADRA RESIDENCIAL             ;60214;2024;2024-10;143;156000;0.05;161500.0;256.0;256.0;128.0;1;OCUPADO;Unifamiliar;1;0;0;0;5500.0;3.5256410256410255
TAGUATINGA;BAIRRO AGUAS CLARAS-QS;60216;2024;2024-11;1;2350000;0.05;2365000.0;4057.16;4057.16;2028.58;1;VAGO;Mista;1;1;1;1;15000.0;0.6382978723404255
ARNIQUEIRA;SETOR HABITACIONAL ARNIQUEIRA;60214;2024;2024-11;2;500000;0.05;580000.0;1612.12;644.848;806.06;3;OCUPADO;Unifamiliar;1;0;0;0;80000.0;16.0
ARNIQUEIRA;SETOR HABITACIONAL ARNIQUEIRA;60215;2024;2024-11;6;354000;0.05;384000.12;1113.54;445.416;556.77;3;CERCADO;Unifamiliar;1;0;0;0;30000.119999999995;8.474610169491523
BRASILIA;SHCNW-SETOR DE HABITAÇÕES COLETIVAS NOROESTE;60604;2024;2024-11;14;13500000;0.2;15121000.0;7586.48;7586.48;3448.4;1;VAGO;Mista;0;1;1;1;1621000.0;12.007407407407406
BRASILIA;SHCNW-SETOR DE HABITAÇÕES COLETIVAS NOROESTE;60604;2024;2024-11;15;13500000;0.2;13921000.0;7586.48;7586.48;3448.4;1;VAGO;Mista;0;1;1;1;421000.0;3.1185185185185182
CEILANDIA;SETOR M NORTE-QUADRA RESIDENCIAL             ;60217;2024;2024-11;18;1700000;0.05;1721000.0;4800.0;1600.0;800.0;1;VAGO;Mista;1;1;1;1;21000.0;1.2352941176470587
CEILANDIA;SETOR O NORTE-QUADRA RESIDENCIAL             ;60219;2024;2024-11;20;376000;0.05;390000.0;1134.0;756.0;378.0;1;OCUPADO;Mista;1;1;1;1;14000.0;3.723404255319149
CEILANDIA;SETOR O NORTE-QUADRA RESIDENCIAL             ;60219;2024;2024-11;23;376000;0.05;421999.99;1134.0;756.0;378.0;2;OCUPADO;Mista;1;1;1;1;45999.98999999999;12.234039893617018
CEILANDIA;SETOR DE DESENVOLVIMENTO ECONOMICO CENTRO NORTE;60227;2024;2024-11;24;241600;0.05;242000.0;300.0;300.0;150.0;2;OCUPADO;Mista;1;1;1;1;400.0;0.16556291390728478
GUARA;SETOR RESID INDUSTRIA E ABASTECIMENTO        ;60214;2024;2024-11;32;260000;0.05;402000.0;345.6;345.6;144.0;7;VAGO;Unifamiliar;1;0;0;0;142000.0;54.61538461538461
GUARA;SETOR RESID INDUSTRIA E ABASTECIMENTO        ;60214;2024;2024-11;33;260000;0.05;408000.0;345.6;345.6;144.0;21;VAGO;Unifamiliar;1;0;0;0;148000.0;56.92307692307692
GUARA;SETOR RESID INDUSTRIA E ABASTECIMENTO        ;60214;2024;2024-11;34;260000;0.05;421000.0;345.6;345.6;144.0;15;VAGO;Unifamiliar;1;0;0;0;161000.0;61.92307692307693
GUARA;SETOR RESID INDUSTRIA E ABASTECIMENTO        ;60214;2024;2024-11;35;260000;0.05;381550.0;345.6;345.6;144.0;11;VAGO;Unifamiliar;1;0;0;0;121550.0;46.75
JARDIM BOTÂNICO;COMP. URB. ALDEIAS DO CERRADO - QR 02 - RESIDENCIAL JACARANDAS;285;2024;2024-11;48;301000;0.05;305000.0;420.0;420.0;420.0;1;VAGO;Unifamiliar;1;0;0;0;4000.0;1.3289036544850499
JARDIM BOTÂNICO;COMP. URB. ALDEIAS DO CERRADO - QR 02 - RESIDENCIAL JACARANDAS;285;2024;2024-11;49;329000;0.05;336000.0;503.61;503.61;503.61;1;VAGO;Unifamiliar;1;0;0;0;7000.0;2.127659574468085
JARDIM BOTÂNICO;COMP. URB. ALDEIAS DO CERRADO - QR 02 - RESIDENCIAL JACARANDAS;285;2024;2024-11;50;307000;0.05;323750.0;435.68;435.68;435.68;2;VAGO;Unifamiliar;1;0;0;0;16750.0;5.456026058631922
JARDIM BOTÂNICO;COMP. URB. ALDEIAS DO CERRADO - QR 02 - RESIDENCIAL JACARANDAS;285;2024;2024-11;51;301000;0.05;340130.0;420.0;420.0;420.0;2;VAGO;Unifamiliar;1;0;0;0;39130.0;13.0
JARDIM BOTÂNICO;COMP. URB. ALDEIAS DO CERRADO - QR 02 - RESIDENCIAL JACARANDAS;285;2024;2024-11;52;301000;0.05;370000.0;420.0;420.0;420.0;2;VAGO;Unifamiliar;1;0;0;0;69000.0;22.92358803986711
JARDIM BOTÂNICO;COMP. URB. ALDEIAS DO CERRADO - QR 02 - RESIDENCIAL JACARANDAS;285;2024;2024-11;55;301000;0.05;302000.0;420.0;420.0;420.0;1;VAGO;Unifamiliar;1;0;0;0;1000.0;0.33222591362126247
JARDIM BOTÂNICO;COMP. URB. ALDEIAS DO CERRADO - QR 02 - RESIDENCIAL JACARANDAS;285;2024;2024-11;58;301000;0.05;351200.0;420.0;420.0;420.0;3;VAGO;Unifamiliar;1;0;0;0;50200.0;16.677740863787374
SAO SEBASTIAO;SETOR HABITACIONAL JARDIM BOTANICO;60214;2024;2024-11;61;597000;0.05;900000.0;1240.2;1240.2;826.8;11;VAGO;Unifamiliar;1;0;0;0;303000.0;50.753768844221106
SAO SEBASTIAO;SETOR HABITACIONAL JARDIM BOTANICO;60214;2024;2024-11;62;914000;0.05;1156000.0;2054.43;2054.43;1369.62;3;CERCADO;Unifamiliar;1;0;0;0;242000.0;26.477024070021884
SAO SEBASTIAO;SETOR HABITACIONAL JARDIM BOTANICO;60214;2024;2024-11;63;580000;0.05;950000.0;1200.0;1200.0;800.0;14;VAGO;Unifamiliar;1;0;0;0;370000.0;63.793103448275865
LAGO NORTE;SETOR HABITACIONAL TAQUARI;60219;2024;2024-11;64;2240000;0.05;2912000.0;1863.936;1863.936;2329.92;1;OBSTRUIDO;Mista;1;1;1;1;672000.0;30.0
PLANALTINA;EXPANSÃO DO SETOR RESIDENCIAL LESTE;60216;2024;2024-11;65;87400;0.05;90000.0;200.0;200.0;100.0;2;VAGO;Mista;1;1;1;1;2600.0;2.9748283752860414
RECANTO DAS EMAS;RECANTO DAS EMAS;60216;2024;2024-11;66;240000;0.05;325500.0;502.36;452.124;251.18;1;VAGO;Mista;1;1;1;1;85500.0;35.625
RECANTO DAS EMAS;RECANTO DAS EMAS;60217;2024;2024-11;68;147000;0.05;160000.0;359.766;281.556;156.42;1;CONSTRUIDO;Mista;1;1;1;1;13000.0;8.843537414965986
SAMAMBAIA;QN-SAMAMBAIA;60217;2024;2024-11;76;786000;0.05;1741000.0;2975.0;1487.5;743.75;7;VAGO;Mista;1;1;1;1;955000.0;121.50127226463103
SAMAMBAIA;QN-SAMAMBAIA;60217;2024;2024-11;77;2010000;0.05;2615000.0;5926.2;3486.0;1743.0;3;OCUPADO;Mista;1;1;1;1;605000.0;30.09950248756219
SAMAMBAIA;QN-SAMAMBAIA;60219;2024;2024-11;84;73100;0.05;73100.0;300.0;200.0;100.0;1;OBSTRUIDO;Mista;1;1;1;1;0.0;0.0
SAMAMBAIA;QN-SAMAMBAIA;60219;2024;2024-11;86;163000;0.05;174586.16;450.0;300.0;150.0;2;VAGO;Mista;1;1;1;1;11586.160000000003;7.108073619631903
SAMAMBAIA;QN-SAMAMBAIA;60219;2024;2024-11;87;176000;0.05;200000.0;495.0;330.0;165.0;2;VAGO;Mista;1;1;1;1;24000.0;13.636363636363635
SAMAMBAIA;QN-SAMAMBAIA;60219;2024;2024-11;88;146000;0.05;164000.0;300.0;200.0;100.0;2;VAGO;Mista;1;1;1;1;18000.0;12.32876712328767
SAMAMBAIA;QN-SAMAMBAIA;60219;2024;2024-11;91;146000;0.05;153000.0;300.0;200.0;100.0;1;VAGO;Mista;1;1;1;1;7000.0;4.794520547945205
SAMAMBAIA;QR-SAMAMBAIA;60219;2024;2024-11;94;99900;0.05;100580.0;150.0;100.0;50.0;1;VAGO;Mista;1;1;1;1;680.0;0.6806806806806807
SAMAMBAIA;QS-SAMAMBAIA;60219;2024;2024-11;95;178000;0.05;192000.0;900.0;600.0;300.0;1;VAGO;Mista;1;1;1;1;14000.0;7.865168539325842
SAMAMBAIA;QN-SAMAMBAIA;60220;2024;2024-11;99;1087000;0.05;1250000.0;1728.45;1152.3;576.15;2;OCUPADO;Mista;1;1;1;1;163000.0;14.995400183992642
SAMAMBAIA;QS-SAMAMBAIA;60220;2024;2024-11;101;873000;0.05;881000.0;2881.05;1920.7;960.35;1;VAGO;Mista;1;1;1;1;8000.0;0.9163802978235969
VICENTE PIRES;SETOR HABITACIONAL VICENTE PIRES - TRECHO 03;60214;2024;2024-11;113;139000;0.05;191000.0;315.46;315.46;157.73;5;OCUPADO;Unifamiliar;1;0;0;0;52000.0;37.410071942446045
BRASILIA;SETOR DE HABITACOES INDIVIDUAIS SUL          ;1000;2024;2024-13;1;124000;0.05;250000.0;6.0;6.0;6.0;4;OBSTRUIDO;Comercial;0;1;0;0;126000.0;101.61290322580645
BRAZLANDIA;SETOR NORTE                                  ;60224;2024;2024-13;4;218000;0.05;218000.0;432.0;432.0;360.0;1;OCUPADO;Mista;0;1;1;1;0.0;0.0
CEILANDIA;SETOR INDUSTRIAL I                           ;60225;2024;2024-13;8;113000;0.05;113000.0;480.375;480.375;320.25;1;OCUPADO;Mista;0;1;1;1;0.0;0.0
CEILANDIA;SETOR INDUSTRIAL I                           ;60221;2024;2024-13;9;71000;0.05;151999.99;366.0;366.0;183.0;5;OCUPADO;Mista;0;1;1;1;80999.98999999999;114.08449295774648
CEILANDIA;SETOR INDUSTRIAL I                           ;60225;2024;2024-13;10;113000;0.05;259000.0;480.375;480.375;320.25;3;OBSTRUIDO;Mista;0;1;1;1;146000.0;129.20353982300884
CEILANDIA;SETOR INDUSTRIAL I                           ;60225;2024;2024-13;12;79600;0.05;120000.0;315.0;315.0;210.0;2;OCUPADO;Mista;0;1;1;1;40400.0;50.753768844221106
CEILANDIA;SETOR INDUSTRIAL I                           ;60225;2024;2024-13;13;79600;0.05;147100.0;315.0;315.0;210.0;7;VAGO;Mista;0;1;1;1;67500.0;84.79899497487438
GAMA;SETOR SUL                                    ;60216;2024;2024-13;14;196000;0.05;217007.77;1250.0;625.0;312.5;1;VAGO;Mista;1;1;1;1;21007.76999999999;10.718249999999994
GUARA;SETOR RESID INDUSTRIA E ABASTECIMENTO        ;60214;2024;2024-13;15;287000;0.05;480001.0;387.48;387.48;161.45;6;VAGO;Unifamiliar;1;0;0;0;193001.0;67.24773519163763
GUARA;SETOR RESID INDUSTRIA E ABASTECIMENTO        ;60214;2024;2024-13;16;332000;0.05;541162.67;457.416;457.416;190.59;3;VAGO;Unifamiliar;1;0;0;0;209162.67000000004;63.00080421686748
GUARA;SETOR RESID INDUSTRIA E ABASTECIMENTO        ;60214;2024;2024-13;17;288000;0.05;405555.0;388.8;388.8;162.0;7;CERCADO;Unifamiliar;1;0;0;0;117555.0;40.817708333333336
GUARA;SETOR RESID INDUSTRIA E ABASTECIMENTO        ;60214;2024;2024-13;18;279000;0.05;435200.0;375.12;375.12;156.3;3;VAGO;Unifamiliar;1;0;0;0;156200.0;55.98566308243728
GUARA;SETOR RESID INDUSTRIA E ABASTECIMENTO        ;60214;2024;2024-13;19;264000;0.05;407224.13;350.904;350.904;146.21;6;VAGO;Unifamiliar;1;0;0;0;143224.13;54.2515643939394
GUARA;SETOR RESID INDUSTRIA E ABASTECIMENTO        ;60214;2024;2024-13;20;268000;0.05;431200.01;357.24;357.24;148.85;3;VAGO;Unifamiliar;1;0;0;0;163200.01;60.89552611940299
GUARA;SETOR RESID INDUSTRIA E ABASTECIMENTO        ;60214;2024;2024-13;21;260000;0.05;392000.99;345.6;345.6;144.0;4;OBSTRUIDO;Unifamiliar;1;0;0;0;132000.99;50.76961153846153
JARDIM BOTÂNICO;COMP. URB. ALDEIAS DO CERRADO - QR 02 - RESIDENCIAL JACARANDAS;285;2024;2024-13;26;319000;0.05;340000.0;472.65;472.65;472.65;3;VAGO;Unifamiliar;1;0;0;0;21000.0;6.583072100313479
JARDIM BOTÂNICO;COMP. URB. ALDEIAS DO CERRADO - QR 02 - RESIDENCIAL JACARANDAS;285;2024;2024-13;30;337000;0.05;338500.0;530.21;530.21;530.21;1;VAGO;Unifamiliar;1;0;0;0;1500.0;0.44510385756676557
JARDIM BOTÂNICO;COMP. URB. ALDEIAS DO CERRADO - QR 02 - RESIDENCIAL JACARANDAS;285;2024;2024-13;32;301000;0.05;311100.0;420.0;420.0;420.0;1;VAGO;Unifamiliar;1;0;0;0;10100.0;3.355481727574751
JARDIM BOTÂNICO;COMP. URB. ALDEIAS DO CERRADO - QR 02 - RESIDENCIAL JACARANDAS;285;2024;2024-13;34;301000;0.05;310500.0;420.0;420.0;420.0;1;VAGO;Unifamiliar;1;0;0;0;9500.0;3.1561461794019934
JARDIM BOTÂNICO;COMP. URB. ALDEIAS DO CERRADO - QR 02 - RESIDENCIAL JACARANDAS;285;2024;2024-13;39;328000;0.05;355100.0;499.75;499.75;499.75;1;VAGO;Unifamiliar;1;0;0;0;27100.0;8.262195121951219
JARDIM BOTÂNICO;COMP. URB. ALDEIAS DO CERRADO - QR 02 - RESIDENCIAL JACARANDAS;285;2024;2024-13;40;381000;0.05;451913.03;682.46;682.46;682.46;1;VAGO;Unifamiliar;1;0;0;0;70913.03000000003;18.612343832021004
JARDIM BOTÂNICO;COMP. URB. ALDEIAS DO CERRADO - QR 02 - RESIDENCIAL JACARANDAS;285;2024;2024-13;41;301000;0.05;302000.0;420.0;420.0;420.0;1;VAGO;Unifamiliar;1;0;0;0;1000.0;0.33222591362126247
JARDIM BOTÂNICO;COMP. URB. ALDEIAS DO CERRADO - QR 02 - RESIDENCIAL JACARANDAS;285;2024;2024-13;43;330000;0.05;340000.0;507.14;507.14;507.14;2;VAGO;Unifamiliar;1;0;0;0;10000.0;3.0303030303030303
NUCLEO BANDEIRANTE;PLACA DA MERCEDES                            ;60227;2024;2024-13;46;470000;0.05;526700.0;460.0;340.0;200.0;1;OCUPADO;Mista;1;1;1;1;56700.0;12.063829787234043
PLANALTINA;RESID. OESTE - VILA NOSSA. SENHORA DE FÁTIMA;60359;2024;2024-13;48;22300;0.05;100000.0;50.0;50.0;50.0;11;OBSTRUIDO;Comercial;0;1;0;0;77700.0;348.4304932735426
RIACHO FUNDO II;HABITACIONAL RIACHO FUNDO II;60223;2024;2024-13;62;3080000;0.05;3410000.0;8328.65;4664.044;3331.46;1;VAGO;Mista;0;1;1;1;330000.0;10.714285714285714
SAMAMBAIA;CENTRO URBANO;60217;2024;2024-13;67;464000;0.05;464000.0;750.0;500.0;250.0;1;VAGO;Mista;1;1;1;1;0.0;0.0
SAMAMBAIA;QN-SAMAMBAIA;60217;2024;2024-13;69;213000;0.05;286600.0;525.0;300.0;150.0;4;OBSTRUIDO;Mista;1;1;1;1;73600.0;34.55399061032864
SAMAMBAIA;QN-SAMAMBAIA;60217;2024;2024-13;70;213000;0.05;316600.0;525.0;300.0;150.0;3;OBSTRUIDO;Mista;1;1;1;1;103600.0;48.63849765258216
SAMAMBAIA;QS-SAMAMBAIA;60217;2024;2024-13;71;158000;0.05;174999.0;350.0;200.0;100.0;1;OCUPADO;Mista;1;1;1;1;16999.0;10.758860759493672
SAMAMBAIA;QS-SAMAMBAIA;60217;2024;2024-13;75;859000;0.05;1413000.0;2998.8;1764.0;882.0;1;VAGO;Mista;1;1;1;1;554000.0;64.49359720605355
SAMAMBAIA;QS-SAMAMBAIA;60219;2024;2024-13;84;264000;0.05;280000.0;645.0;430.0;215.0;2;OBSTRUIDO;Mista;1;1;1;1;16000.0;6.0606060606060606
SAMAMBAIA;QS-SAMAMBAIA;60220;2024;2024-13;94;73100;0.05;73200.0;300.0;200.0;100.0;1;VAGO;Mista;1;1;1;1;100.0;0.13679890560875513
SANTA MARIA;POLO DESENV/ECONOMICO JUSCELINO KUBITSCHEK INDUSTRIA COMERCIO DE APOIO;60225;2024;2024-13;100;3380000;0.05;3765000.0;16000.0;5000.0;5000.0;1;OBSTRUIDO;Mista;0;1;1;1;385000.0;11.390532544378699
SAO SEBASTIAO;BAIRRO RESIDENCIAL OESTE;60216;2024;2024-13;101;894000;0.05;929990.0;2017.611;1681.343;672.537;3;OBSTRUIDO;Mista;1;1;1;1;35990.0;4.02572706935123
SOBRADINHO;CENTRO ORIENT. E EDUC. RURAL - COER;60220;2024;2024-13;102;2140000;0.05;2230000.0;7828.132;3010.82;3010.82;1;VAGO;Mista;1;1;1;1;90000.0;4.205607476635514
ARNIQUEIRA;SETOR HABITACIONAL ARNIQUEIRA;60215;2024;2024-14;3;475000;0.05;900000.0;1524.12;609.648;762.06;6;OCUPADO;Unifamiliar;1;0;0;0;425000.0;89.47368421052632
CEILANDIA;SETOR O NORTE-QUADRA RESIDENCIAL             ;60217;2024;2024-14;9;1310000;0.05;5100000.0;8760.0;2920.0;1460.0;9;OCUPADO;Mista;1;1;1;1;3790000.0;289.31297709923666
GUARA;SETOR RESID INDUSTRIA E ABASTECIMENTO        ;60214;2024;2024-14;14;260000;0.05;312000.0;345.6;345.6;144.0;4;VAGO;Unifamiliar;1;0;0;0;52000.0;20.0
GUARA;SETOR RESID INDUSTRIA E ABASTECIMENTO        ;60214;2024;2024-14;15;295000;0.05;438500.0;399.6;399.6;166.5;4;VAGO;Unifamiliar;1;0;0;0;143500.0;48.644067796610166
GUARA;SETOR RESID INDUSTRIA E ABASTECIMENTO        ;60214;2024;2024-14;18;260000;0.05;407559.0;345.6;345.6;144.0;7;VAGO;Unifamiliar;1;0;0;0;147559.0;56.753461538461536
GUARA;SETOR RESID INDUSTRIA E ABASTECIMENTO        ;60214;2024;2024-14;19;260000;0.05;415005.14;345.6;345.6;144.0;5;VAGO;Unifamiliar;1;0;0;0;155005.14;59.617361538461545
GUARA;SETOR RESID INDUSTRIA E ABASTECIMENTO        ;60214;2024;2024-14;20;260000;0.05;417700.0;345.6;345.6;144.0;10;VAGO;Unifamiliar;1;0;0;0;157700.0;60.65384615384616
GUARA;SETOR RESID INDUSTRIA E ABASTECIMENTO        ;60214;2024;2024-14;21;295000;0.05;300200.0;399.6;399.6;166.5;1;OCUPADO;Unifamiliar;1;0;0;0;5200.0;1.7627118644067796
GUARA;SETOR RESID INDUSTRIA E ABASTECIMENTO        ;60214;2024;2024-14;22;295000;0.05;305200.0;399.6;399.6;166.5;2;OCUPADO;Unifamiliar;1;0;0;0;10200.0;3.457627118644068
JARDIM BOTÂNICO;COMP. URB. ALDEIAS DO CERRADO - QR 02 - RESIDENCIAL JACARANDAS;285;2024;2024-14;24;301000;0.05;312001.0;420.0;420.0;420.0;2;VAGO;Unifamiliar;1;0;0;0;11001.0;3.654817275747509
JARDIM BOTÂNICO;COMP. URB. ALDEIAS DO CERRADO - QR 02 - RESIDENCIAL JACARANDAS;285;2024;2024-14;25;301000;0.05;301100.0;420.0;420.0;420.0;1;VAGO;Unifamiliar;1;0;0;0;100.0;0.03322259136212625
JARDIM BOTÂNICO;COMP. URB. ALDEIAS DO CERRADO - QR 02 - RESIDENCIAL JACARANDAS;285;2024;2024-14;26;301000;0.05;301500.0;420.0;420.0;420.0;3;VAGO;Unifamiliar;1;0;0;0;500.0;0.16611295681063123
JARDIM BOTÂNICO;COMP. URB. ALDEIAS DO CERRADO - QR 02 - RESIDENCIAL JACARANDAS;285;2024;2024-14;27;301000;0.05;311650.0;420.0;420.0;420.0;1;VAGO;Unifamiliar;1;0;0;0;10650.0;3.5382059800664454
JARDIM BOTÂNICO;COMP. URB. ALDEIAS DO CERRADO - QR 02 - RESIDENCIAL JACARANDAS;285;2024;2024-14;28;301000;0.05;311650.0;420.0;420.0;420.0;1;VAGO;Unifamiliar;1;0;0;0;10650.0;3.5382059800664454
JARDIM BOTÂNICO;COMP. URB. ALDEIAS DO CERRADO - QR 02 - RESIDENCIAL JACARANDAS;285;2024;2024-14;30;313000;0.05;345900.0;454.79;454.79;454.79;3;VAGO;Unifamiliar;1;0;0;0;32900.0;10.511182108626198
JARDIM BOTÂNICO;COMP. URB. ALDEIAS DO CERRADO - QR 02 - RESIDENCIAL JACARANDAS;285;2024;2024-14;31;301000;0.05;302000.0;420.0;420.0;420.0;2;VAGO;Unifamiliar;1;0;0;0;1000.0;0.33222591362126247
JARDIM BOTÂNICO;COMP. URB. ALDEIAS DO CERRADO - QR 02 - RESIDENCIAL JACARANDAS;285;2024;2024-14;33;387000;0.05;422510.82;704.99;704.99;704.99;1;VAGO;Unifamiliar;1;0;0;0;35510.82000000001;9.175922480620157
JARDIM BOTÂNICO;COMP. URB. ALDEIAS DO CERRADO - QR 02 - RESIDENCIAL JACARANDAS;285;2024;2024-14;34;365000;0.05;366300.0;627.06;627.06;627.06;1;VAGO;Unifamiliar;1;0;0;0;1300.0;0.3561643835616438
SAO SEBASTIAO;SETOR HABITACIONAL JARDIM BOTANICO;60214;2024;2024-14;36;624000;0.05;717600.0;1241.625;1241.625;827.75;5;VAGO;Unifamiliar;1;0;0;0;93600.0;15.0
RIACHO FUNDO;QUADRA DE OFICINAS;60227;2024;2024-14;44;289000;0.05;410000.0;400.0;280.0;200.0;2;OCUPADO;Mista;1;1;1;1;121000.0;41.86851211072664
RIACHO FUNDO II;HABITACIONAL RIACHO FUNDO II;60224;2024;2024-14;54;2200000;0.05;2450000.0;3547.726;3547.726;2534.09;1;VAGO;Mista;0;1;1;1;250000.0;11.363636363636363
SAMAMBAIA;CENTRO URBANO;60217;2024;2024-14;58;395000;0.05;440000.0;620.82;413.88;206.94;1;VAGO;Mista;1;1;1;1;45000.0;11.39240506329114
SAMAMBAIA;QN-SAMAMBAIA;60217;2024;2024-14;62;1740000;0.05;3100000.0;5100.0;3000.0;1500.0;5;VAGO;Mista;1;1;1;1;1360000.0;78.16091954022988
SAMAMBAIA;QN-SAMAMBAIA;60219;2024;2024-14;64;121000;0.05;154200.0;300.0;200.0;100.0;2;OBSTRUIDO;Mista;1;1;1;1;33200.0;27.43801652892562
SAMAMBAIA;QN-SAMAMBAIA;60219;2024;2024-14;65;121000;0.05;154200.0;300.0;200.0;100.0;2;OCUPADO;Mista;1;1;1;1;33200.0;27.43801652892562
SAMAMBAIA;QN-SAMAMBAIA;60219;2024;2024-14;66;121000;0.05;154200.0;300.0;200.0;100.0;2;OCUPADO;Mista;1;1;1;1;33200.0;27.43801652892562
SAMAMBAIA;QN-SAMAMBAIA;60219;2024;2024-14;67;534000;0.05;585999.99;1412.4;941.6;470.8;1;VAGO;Mista;1;1;1;1;51999.98999999999;9.737825842696628
SAMAMBAIA;QS-SAMAMBAIA;60219;2024;2024-14;70;688000;0.05;770000.0;2250.0;1500.0;750.0;1;VAGO;Mista;1;1;1;1;82000.0;11.918604651162791
SAMAMBAIA;QN-SAMAMBAIA;60220;2024;2024-14;73;121000;0.05;125150.0;300.0;200.0;100.0;1;VAGO;Mista;1;1;1;1;4150.0;3.4297520661157024
SAMAMBAIA;QN-SAMAMBAIA;60220;2024;2024-14;76;73100;0.05;154200.0;300.0;200.0;100.0;12;VAGO;Mista;1;1;1;1;81100.0;110.94391244870042
SAMAMBAIA;QS-SAMAMBAIA;60220;2024;2024-14;79;1030000;0.05;1450000.0;3403.44;2268.96;1134.48;5;VAGO;Mista;1;1;1;1;420000.0;40.77669902912621
SANTA MARIA;SANTA MARIA                                  ;60227;2024;2024-14;82;105000;0.05;208000.0;518.616;288.12;288.12;3;OCUPADO;Mista;1;1;1;1;103000.0;98.09523809523809
SAO SEBASTIAO;BAIRRO RESIDENCIAL OESTE;60216;2024;2024-14;83;840000;0.05;864000.02;1891.503;1576.253;630.501;1;OBSTRUIDO;Mista;1;1;1;1;24000.02000000002;2.85714523809524
SOBRADINHO;CENTRO ORIENT. E EDUC. RURAL - COER;60220;2024;2024-14;88;664000;0.05;743680.0;2081.196;800.46;800.46;2;VAGO;Mista;1;1;1;1;79680.0;12.0
SOBRADINHO;CENTRO ORIENT. E EDUC. RURAL - COER;60220;2024;2024-14;89;658000;0.05;710640.0;2059.564;792.14;792.14;2;VAGO;Mista;1;1;1;1;52640.0;8.0
BRASILIA;SHCNW-SETOR DE HABITAÇÕES COLETIVAS NOROESTE;60598;2025;2025-1;9;276000;0.05;504200.0;20.0;20.0;20.0;2;OBSTRUIDO;Mista;0;1;1;1;228200.0;82.68115942028984
BRASILIA;SHCNW-SETOR DE HABITAÇÕES COLETIVAS NOROESTE;60598;2025;2025-1;10;276000;0.05;504200.0;20.0;20.0;20.0;1;VAGO;Mista;0;1;1;1;228200.0;82.68115942028984
BRASILIA;SHCNW-SETOR DE HABITAÇÕES COLETIVAS NOROESTE;60598;2025;2025-1;11;276000;0.05;504200.0;20.0;20.0;20.0;1;VAGO;Mista;0;1;1;1;228200.0;82.68115942028984
CEILANDIA;SETOR O NORTE-QUADRA RESIDENCIAL             ;60219;2025;2025-1;14;376000;0.05;380000.0;1134.0;756.0;378.0;1;OBSTRUIDO;Mista;1;1;1;1;4000.0;1.0638297872340425
CEILANDIA;SETOR INDUSTRIAL I                           ;60225;2025;2025-1;17;79600;0.05;202000.0;315.0;315.0;210.0;8;VAGO;Mista;0;1;1;1;122400.0;153.76884422110552
CEILANDIA;SETOR INDUSTRIAL I                           ;60225;2025;2025-1;18;79600;0.05;132003.91;315.0;315.0;210.0;1;CERCADO;Mista;0;1;1;1;52403.91;65.83405778894473
CEILANDIA;SETOR INDUSTRIAL I                           ;60225;2025;2025-1;19;79600;0.05;132002.91;315.0;315.0;210.0;1;OCUPADO;Mista;0;1;1;1;52402.91;65.8328015075377
CEILANDIA;SETOR INDUSTRIAL I                           ;60225;2025;2025-1;20;79600;0.05;195000.0;315.0;315.0;210.0;5;VAGO;Mista;0;1;1;1;115400.0;144.9748743718593
CEILANDIA;SETOR INDUSTRIAL I                           ;60225;2025;2025-1;21;79600;0.05;197000.0;315.0;315.0;210.0;1;OCUPADO;Mista;0;1;1;1;117400.0;147.48743718592965
GUARA;SETOR RESID INDUSTRIA E ABASTECIMENTO        ;60214;2025;2025-1;22;260000;0.05;429650.0;345.6;345.6;144.0;8;VAGO;Unifamiliar;1;0;0;0;169650.0;65.25
GUARA;SETOR RESID INDUSTRIA E ABASTECIMENTO        ;60214;2025;2025-1;23;296000;0.05;342768.0;401.232;401.232;167.18;3;VAGO;Unifamiliar;1;0;0;0;46768.0;15.8
GUARA;SETOR RESID INDUSTRIA E ABASTECIMENTO        ;60214;2025;2025-1;24;286000;0.05;447777.77;385.992;385.992;160.83;8;VAGO;Unifamiliar;1;0;0;0;161777.77000000002;56.56565384615385
GUARA;SETOR RESID INDUSTRIA E ABASTECIMENTO        ;60214;2025;2025-1;25;337000;0.05;522222.23;464.808;464.808;193.67;5;VAGO;Unifamiliar;1;0;0;0;185222.22999999998;54.96208605341246
GUARA;SETOR RESID INDUSTRIA E ABASTECIMENTO        ;60214;2025;2025-1;26;260000;0.05;415115.15;345.6;345.6;144.0;7;VAGO;Unifamiliar;1;0;0;0;155115.15000000002;59.659673076923085
GUARA;SETOR RESID INDUSTRIA E ABASTECIMENTO        ;60214;2025;2025-1;27;260000;0.05;425000.0;345.6;345.6;144.0;9;VAGO;Unifamiliar;1;0;0;0;165000.0;63.46153846153846
GUARA;SETOR RESID INDUSTRIA E ABASTECIMENTO        ;60214;2025;2025-1;28;260000;0.05;411000.0;345.6;345.6;144.0;2;VAGO;Unifamiliar;1;0;0;0;151000.0;58.07692307692308
GUARA;SETOR RESID INDUSTRIA E ABASTECIMENTO        ;60214;2025;2025-1;29;260000;0.05;288018.18;345.6;345.6;144.0;1;VAGO;Unifamiliar;1;0;0;0;28018.179999999993;10.776223076923074
GUARA;SETOR RESID INDUSTRIA E ABASTECIMENTO        ;60215;2025;2025-1;30;260000;0.05;325000.0;345.6;345.6;144.0;7;OBSTRUIDO;Unifamiliar;1;0;0;0;65000.0;25.0
GUARA;SETOR RESID INDUSTRIA E ABASTECIMENTO        ;60220;2025;2025-1;31;367000;0.05;590000.0;510.768;510.768;212.82;9;VAGO;Mista;1;1;1;1;223000.0;60.76294277929155
JARDIM BOTÂNICO;COMP. URB. ALDEIAS DO CERRADO - QR 02 - RESIDENCIAL JACARANDAS;285;2025;2025-1;36;326000;0.05;328100.0;494.44;494.44;494.44;3;VAGO;Unifamiliar;1;0;0;0;2100.0;0.6441717791411044
JARDIM BOTÂNICO;COMP. URB. ALDEIAS DO CERRADO - QR 02 - RESIDENCIAL JACARANDAS;285;2025;2025-1;37;318000;0.05;322000.05;468.91;468.91;468.91;1;VAGO;Unifamiliar;1;0;0;0;4000.0499999999884;1.2578773584905623
JARDIM BOTÂNICO;COMP. URB. ALDEIAS DO CERRADO - QR 02 - RESIDENCIAL JACARANDAS;285;2025;2025-1;38;301000;0.05;303055.0;420.0;420.0;420.0;3;VAGO;Unifamiliar;1;0;0;0;2055.0;0.6827242524916943
JARDIM BOTÂNICO;COMP. URB. ALDEIAS DO CERRADO - QR 02 - RESIDENCIAL JACARANDAS;285;2025;2025-1;39;301000;0.05;315050.0;420.0;420.0;420.0;2;VAGO;Unifamiliar;1;0;0;0;14050.0;4.667774086378738
JARDIM BOTÂNICO;COMP. URB. ALDEIAS DO CERRADO - QR 02 - RESIDENCIAL JACARANDAS;285;2025;2025-1;40;329000;0.05;331001.0;502.96;502.96;502.96;1;VAGO;Unifamiliar;1;0;0;0;2001.0;0.6082066869300912
JARDIM BOTÂNICO;COMP. URB. ALDEIAS DO CERRADO - QR 02 - RESIDENCIAL JACARANDAS;285;2025;2025-1;42;318000;0.05;326650.15;469.47;469.47;469.47;1;VAGO;Unifamiliar;1;0;0;0;8650.150000000023;2.72017295597485
JARDIM BOTÂNICO;COMP. URB. ALDEIAS DO CERRADO - QR 02 - RESIDENCIAL JACARANDAS;285;2025;2025-1;45;324000;0.05;381201.99;487.47;487.47;487.47;1;VAGO;Unifamiliar;1;0;0;0;57201.98999999999;17.654935185185185
JARDIM BOTÂNICO;COMP. URB. ALDEIAS DO CERRADO - QR 02 - RESIDENCIAL JACARANDAS;285;2025;2025-1;46;301000;0.05;321001.0;420.0;420.0;420.0;4;VAGO;Unifamiliar;1;0;0;0;20001.0;6.6448504983388705
PARANOA;SETOR HABITACIONAL SÃO BARTOLOMEU;60214;2025;2025-1;49;684000;0.05;905000.0;2039.8;2039.8;1019.9;6;OCUPADO;Unifamiliar;1;0;0;0;221000.0;32.30994152046784
RECANTO DAS EMAS;RECANTO DAS EMAS;60216;2025;2025-1;51;173000;0.05;198950.0;394.2;354.78;197.1;2;CERCADO;Mista;1;1;1;1;25950.0;15.0
RECANTO DAS EMAS;RECANTO DAS EMAS;60221;2025;2025-1;54;1140000;0.05;1237737.0;3751.25;3751.25;1500.5;1;VAGO;Mista;0;1;1;1;97737.0;8.573421052631579
RECANTO DAS EMAS;RECANTO DAS EMAS;60221;2025;2025-1;55;827000;0.05;830000.0;2968.4;2968.4;1187.36;1;VAGO;Mista;0;1;1;1;3000.0;0.36275695284159615
RIACHO FUNDO II;HABITACIONAL RIACHO FUNDO II;60217;2025;2025-1;56;427000;0.05;427000.0;935.73;436.674;311.91;1;VAGO;Mista;1;1;1;1;0.0;0.0
RIACHO FUNDO II;HABITACIONAL RIACHO FUNDO II;60224;2025;2025-1;61;2150000;0.05;2400000.0;3462.354;3462.354;2473.11;1;VAGO;Mista;0;1;1;1;250000.0;11.627906976744185
RIACHO FUNDO II;HABITACIONAL RIACHO FUNDO II;60224;2025;2025-1;62;1960000;0.05;2175000.0;3125.374;3125.374;2232.41;2;VAGO;Mista;0;1;1;1;215000.0;10.96938775510204
SAMAMBAIA;CENTRO URBANO;60217;2025;2025-1;64;607000;0.05;667959.99;1012.5;675.0;337.5;2;VAGO;Mista;1;1;1;1;60959.98999999999;10.042831960461283
SAMAMBAIA;CENTRO URBANO;60217;2025;2025-1;65;607000;0.05;657000.0;1012.5;675.0;337.5;1;VAGO;Mista;1;1;1;1;50000.0;8.237232289950576
SAMAMBAIA;QN-SAMAMBAIA;60217;2025;2025-1;71;158000;0.05;162000.0;350.0;200.0;100.0;1;VAGO;Mista;1;1;1;1;4000.0;2.5316455696202533
SAMAMBAIA;QN-SAMAMBAIA;60217;2025;2025-1;72;630000;0.05;690000.0;2358.24;1179.12;589.56;2;VAGO;Mista;1;1;1;1;60000.0;9.523809523809524
SAMAMBAIA;QN-SAMAMBAIA;60219;2025;2025-1;74;121000;0.05;195000.0;300.0;200.0;100.0;5;VAGO;Mista;1;1;1;1;74000.0;61.15702479338842
SAMAMBAIA;QS-SAMAMBAIA;60219;2025;2025-1;76;819000;0.05;917280.0;2220.0;1480.0;740.0;1;VAGO;Mista;1;1;1;1;98280.0;12.0
SAMAMBAIA;QS-SAMAMBAIA;60219;2025;2025-1;78;141000;0.05;165000.0;371.25;247.5;123.75;2;VAGO;Mista;1;1;1;1;24000.0;17.02127659574468
SAMAMBAIA;QS-SAMAMBAIA;60219;2025;2025-1;79;196000;0.05;196000.0;450.0;300.0;150.0;1;VAGO;Mista;1;1;1;1;0.0;0.0
SAMAMBAIA;QS-SAMAMBAIA;60220;2025;2025-1;82;322000;0.05;532800.0;999.36;666.24;333.12;5;VAGO;Mista;1;1;1;1;210800.0;65.46583850931677
SANTA MARIA;SANTA MARIA                                  ;60224;2025;2025-1;85;618000;0.05;750000.0;3149.42;2204.594;1574.71;2;VAGO;Mista;0;1;1;1;132000.0;21.35922330097087
SANTA MARIA;SANTA MARIA                                  ;60224;2025;2025-1;86;608000;0.05;750000.0;3077.92;2154.544;1538.96;1;CERCADO;Mista;0;1;1;1;142000.0;23.355263157894736
SANTA MARIA;SANTA MARIA                                  ;60227;2025;2025-1;87;105000;0.05;250000.0;518.4;288.0;288.0;7;OCUPADO;Mista;1;1;1;1;145000.0;138.0952380952381
SANTA MARIA;SANTA MARIA                                  ;60228;2025;2025-1;88;594000;0.05;600000.0;3607.5;1942.5;1387.5;1;VAGO;Institucional;0;0;0;1;6000.0;1.0101010101010102
SOBRADINHO;CENTRO ORIENT. E EDUC. RURAL - COER;60220;2025;2025-1;94;1500000;0.05;1620010.99;5251.844;2019.94;2019.94;1;VAGO;Mista;1;1;1;1;120010.98999999999;8.000732666666666
SOBRADINHO;CENTRO ORIENT. E EDUC. RURAL - COER;60220;2025;2025-1;95;1340000;0.05;1341000.0;4616.118;1775.43;1775.43;1;VAGO;Mista;1;1;1;1;1000.0;0.0746268656716418
ARNIQUEIRA;SETOR HABITACIONAL ARNIQUEIRA;60215;2025;2025-2;1;261000;0.05;421000.0;805.72;322.288;402.86;4;OCUPADO;Unifamiliar;1;0;0;0;160000.0;61.30268199233716
CEILANDIA;SETOR N NORTE-QUADRA RESIDENCIAL             ;60217;2025;2025-2;4;2030000;0.05;2130000.85;6000.0;2000.0;1000.0;1;VAGO;Mista;1;1;1;1;100000.8500000001;4.926150246305423
CEILANDIA;SETOR INDUSTRIAL I                           ;60225;2025;2025-2;5;79600;0.05;220000.0;315.0;315.0;210.0;12;OBSTRUIDO;Mista;0;1;1;1;140400.0;176.3819095477387
CEILANDIA;SETOR INDUSTRIAL I                           ;60225;2025;2025-2;6;79600;0.05;230000.99;315.0;315.0;210.0;9;OCUPADO;Mista;0;1;1;1;150400.99;188.9459673366834
CEILANDIA;SETOR INDUSTRIAL I                           ;60225;2025;2025-2;7;79600;0.05;215999.0;315.0;315.0;210.0;4;CERCADO;Mista;0;1;1;1;136399.0;171.35552763819095
CEILANDIA;SETOR INDUSTRIAL I                           ;60225;2025;2025-2;8;79600;0.05;165000.0;315.0;315.0;210.0;2;VAGO;Mista;0;1;1;1;85400.0;107.28643216080403
JARDIM BOTÂNICO;COMP. URB. ALDEIAS DO CERRADO - QR 04 - RESIDENCIAL SUCUPIRAS;285;2025;2025-2;10;319000;0.05;342925.0;425.1;425.1;425.1;1;VAGO;Unifamiliar;1;0;0;0;23925.0;7.5
JARDIM BOTÂNICO;COMP. URB. ALDEIAS DO CERRADO - QR 04 - RESIDENCIAL SUCUPIRAS;285;2025;2025-2;11;335000;0.05;361130.0;471.75;471.75;471.75;1;VAGO;Unifamiliar;1;0;0;0;26130.0;7.8
JARDIM BOTÂNICO;COMP. URB. ALDEIAS DO CERRADO - QR 04 - RESIDENCIAL SUCUPIRAS;285;2025;2025-2;12;320000;0.05;345280.0;428.58;428.58;428.58;2;VAGO;Unifamiliar;1;0;0;0;25280.0;7.9
JARDIM BOTÂNICO;COMP. URB. ALDEIAS DO CERRADO - QR 04 - RESIDENCIAL SUCUPIRAS;285;2025;2025-2;15;318000;0.05;337154.0;422.29;422.29;422.29;3;VAGO;Unifamiliar;1;0;0;0;19154.0;6.023270440251572
JARDIM BOTÂNICO;COMP. URB. ALDEIAS DO CERRADO - QR 04 - RESIDENCIAL SUCUPIRAS;285;2025;2025-2;16;324000;0.05;324100.1;439.07;439.07;439.07;1;VAGO;Unifamiliar;1;0;0;0;100.09999999997672;0.030895061728387876
JARDIM BOTÂNICO;COMP. URB. ALDEIAS DO CERRADO - QR 04 - RESIDENCIAL SUCUPIRAS;285;2025;2025-2;17;348000;0.05;360000.0;511.52;511.52;511.52;4;VAGO;Unifamiliar;1;0;0;0;12000.0;3.4482758620689653
JARDIM BOTÂNICO;COMP. URB. ALDEIAS DO CERRADO - QR 04 - RESIDENCIAL SUCUPIRAS;285;2025;2025-2;18;352000;0.05;358000.0;524.05;524.05;524.05;2;VAGO;Unifamiliar;1;0;0;0;6000.0;1.7045454545454544
JARDIM BOTÂNICO;COMP. URB. ALDEIAS DO CERRADO - QR 04 - RESIDENCIAL SUCUPIRAS;285;2025;2025-2;21;317000;0.05;328999.0;420.0;420.0;420.0;1;VAGO;Unifamiliar;1;0;0;0;11999.0;3.785173501577287
JARDIM BOTÂNICO;COMP. URB. ALDEIAS DO CERRADO - QR 04 - RESIDENCIAL SUCUPIRAS;285;2025;2025-2;22;382000;0.05;412258.6;618.7;618.7;618.7;1;VAGO;Unifamiliar;1;0;0;0;30258.599999999977;7.921099476439784
JARDIM BOTÂNICO;COMP. URB. ALDEIAS DO CERRADO - QR 04 - RESIDENCIAL SUCUPIRAS;285;2025;2025-2;23;329000;0.05;334526.0;453.4;453.4;453.4;1;VAGO;Unifamiliar;1;0;0;0;5526.0;1.6796352583586627
JARDIM BOTÂNICO;COMP. URB. ALDEIAS DO CERRADO - QR 04 - RESIDENCIAL SUCUPIRAS;285;2025;2025-2;26;329000;0.05;360801.0;456.0;456.0;456.0;2;VAGO;Unifamiliar;1;0;0;0;31801.0;9.66595744680851
JARDIM BOTÂNICO;COMP. URB. ALDEIAS DO CERRADO - QR 04 - RESIDENCIAL SUCUPIRAS;285;2025;2025-2;29;357000;0.05;360000.01;540.02;540.02;540.02;2;VAGO;Unifamiliar;1;0;0;0;3000.0100000000093;0.8403389355742323
JARDIM BOTÂNICO;COMP. URB. ALDEIAS DO CERRADO - QR 04 - RESIDENCIAL SUCUPIRAS;285;2025;2025-2;30;333000;0.05;341000.01;465.91;465.91;465.91;2;VAGO;Unifamiliar;1;0;0;0;8000.010000000009;2.4024054054054083
JARDIM BOTÂNICO;COMP. URB. ALDEIAS DO CERRADO - QR 04 - RESIDENCIAL SUCUPIRAS;285;2025;2025-2;31;317000;0.05;321000.0;420.0;420.0;420.0;1;VAGO;Unifamiliar;1;0;0;0;4000.0;1.2618296529968454
JARDIM BOTÂNICO;COMP. URB. ALDEIAS DO CERRADO - QR 04 - RESIDENCIAL SUCUPIRAS;285;2025;2025-2;32;317000;0.05;320999.99;420.0;420.0;420.0;1;VAGO;Unifamiliar;1;0;0;0;3999.9899999999907;1.2618264984227099
PARANOA;PARANOÁ PARQUE;60221;2025;2025-2;33;936000;0.05;1480000.0;3318.764;1843.758;1843.758;5;VAGO;Mista;0;1;1;1;544000.0;58.119658119658126
RECANTO DAS EMAS;RECANTO DAS EMAS;60216;2025;2025-2;35;178000;0.05;261000.0;363.24;326.916;181.62;2;VAGO;Mista;1;1;1;1;83000.0;46.62921348314607
RECANTO DAS EMAS;SUBCENTRO URBANO 400/600;60222;2025;2025-2;45;4700000;0.05;6800000.0;24721.53;14832.918;8240.51;5;VAGO;Mista;0;1;1;1;2100000.0;44.680851063829785
RIACHO FUNDO II;HABITACIONAL RIACHO FUNDO II;60227;2025;2025-2;51;258000;0.05;261000.0;400.0;280.0;200.0;1;VAGO;Mista;1;1;1;1;3000.0;1.1627906976744187
SAMAMBAIA;CENTRO URBANO;60217;2025;2025-2;54;505000;0.05;509000.0;825.0;550.0;275.0;1;VAGO;Mista;1;1;1;1;4000.0;0.7920792079207921
SAMAMBAIA;CENTRO URBANO;60217;2025;2025-2;58;448000;0.05;468300.0;720.0;480.0;240.0;3;OCUPADO;Mista;1;1;1;1;20300.0;4.53125
SAMAMBAIA;CENTRO URBANO;60217;2025;2025-2;59;448000;0.05;450050.99;720.0;480.0;240.0;1;VAGO;Mista;1;1;1;1;2050.9899999999907;0.4578102678571408
SAMAMBAIA;CENTRO URBANO;60217;2025;2025-2;60;448000;0.05;450050.99;720.0;480.0;240.0;1;VAGO;Mista;1;1;1;1;2050.9899999999907;0.4578102678571408
SAMAMBAIA;CENTRO URBANO;60217;2025;2025-2;61;448000;0.05;450050.99;720.0;480.0;240.0;1;VAGO;Mista;1;1;1;1;2050.9899999999907;0.4578102678571408
SAMAMBAIA;QN-SAMAMBAIA;60217;2025;2025-2;64;158000;0.05;170009.99;350.0;200.0;100.0;2;VAGO;Mista;1;1;1;1;12009.98999999999;7.60125949367088
SAMAMBAIA;QR-SAMAMBAIA;60217;2025;2025-2;66;845000;0.05;1510000.0;2460.535;1406.02;703.01;3;OCUPADO;Mista;1;1;1;1;665000.0;78.69822485207101
SAMAMBAIA;QR-SAMAMBAIA;60217;2025;2025-2;67;855000;0.05;1510000.0;2490.67;1423.24;711.62;3;OBSTRUIDO;Mista;1;1;1;1;655000.0;76.60818713450293
SAMAMBAIA;QS-SAMAMBAIA;60217;2025;2025-2;68;158000;0.05;162001.01;350.0;200.0;100.0;2;OBSTRUIDO;Mista;1;1;1;1;4001.0100000000093;2.5322848101265882
SAMAMBAIA;QS-SAMAMBAIA;60217;2025;2025-2;69;596000;0.05;1250000.0;2224.0;1112.0;556.0;3;OBSTRUIDO;Mista;1;1;1;1;654000.0;109.73154362416106
SAMAMBAIA;QN-SAMAMBAIA;60219;2025;2025-2;71;73100;0.05;82500.0;300.0;200.0;100.0;1;VAGO;Mista;1;1;1;1;9400.0;12.859097127222983
SAMAMBAIA;QS-SAMAMBAIA;60219;2025;2025-2;74;73100;0.05;100000.0;300.0;200.0;100.0;2;VAGO;Mista;1;1;1;1;26900.0;36.79890560875513
SAMAMBAIA;QS-SAMAMBAIA;60219;2025;2025-2;78;144000;0.05;144001.01;382.5;255.0;127.5;1;VAGO;Mista;1;1;1;1;1.0100000000093132;0.0007013888888953564
SAMAMBAIA;QS-SAMAMBAIA;60219;2025;2025-2;82;189000;0.05;191000.0;541.68;361.12;180.56;2;VAGO;Mista;1;1;1;1;2000.0;1.0582010582010581
SAMAMBAIA;QS-SAMAMBAIA;60219;2025;2025-2;83;1520000;0.05;1528000.0;4200.0;2800.0;1400.0;1;VAGO;Mista;1;1;1;1;8000.0;0.5263157894736842
SAMAMBAIA;QS-SAMAMBAIA;60220;2025;2025-2;88;121000;0.05;146000.0;300.0;200.0;100.0;2;VAGO;Mista;1;1;1;1;25000.0;20.66115702479339
SAMAMBAIA;QS-SAMAMBAIA;60220;2025;2025-2;89;121000;0.05;150000.0;300.0;200.0;100.0;2;VAGO;Mista;1;1;1;1;29000.0;23.96694214876033
SAMAMBAIA;QS-SAMAMBAIA;60220;2025;2025-2;90;121000;0.05;121001.0;300.0;200.0;100.0;1;VAGO;Mista;1;1;1;1;1.0;0.0008264462809917355
SAMAMBAIA;QS-SAMAMBAIA;60220;2025;2025-2;91;73100;0.05;109000.0;300.0;200.0;100.0;2;VAGO;Mista;1;1;1;1;35900.0;49.11080711354309
BRASILIA;SETOR DE OFICINAS NORTE                      ;60227;2025;2025-3;2;342000;0.05;448200.0;175.0;175.0;125.0;5;OCUPADO;Mista;1;1;1;1;106200.0;31.05263157894737
BRASILIA;SETOR DE HAB COLETIVAS SUDOESTE              ;60556;2025;2025-3;3;2530000;0.05;2760000.0;1269.435;1269.435;846.29;2;VAGO;Institucional;0;0;0;1;230000.0;9.090909090909092
BRASILIA;SHCNW-SETOR DE HABITAÇÕES COLETIVAS NOROESTE;60600;2025;2025-3;4;7580000;0.2;7960000.0;2220.0;2220.0;740.0;1;VAGO;Mista;1;1;1;1;380000.0;5.013192612137203
BRASILIA;SHCNW-SETOR DE HABITAÇÕES COLETIVAS NOROESTE;60600;2025;2025-3;5;6890000;0.2;7100000.0;2220.0;2220.0;740.0;1;VAGO;Mista;1;1;1;1;210000.0;3.0478955007256894
BRASILIA;SHCNW-SETOR DE HABITAÇÕES COLETIVAS NOROESTE;60600;2025;2025-3;6;6890000;0.2;7100000.0;2220.0;2220.0;740.0;1;VAGO;Mista;1;1;1;1;210000.0;3.0478955007256894
BRASILIA;SETOR DE HAB/COLETIVA-AREAS OCTOGONAIS;60674;2025;2025-3;9;2040000;0.05;4120000.0;1200.0;400.0;400.0;2;OBSTRUIDO;Mista;0;1;1;1;2080000.0;101.96078431372548
BRAZLANDIA;SETOR NORTE                                  ;60224;2025;2025-3;10;218000;0.05;259999.0;432.0;432.0;360.0;4;VAGO;Mista;0;1;1;1;41999.0;19.26559633027523
CEILANDIA;SETOR R NORTE-CNR;60219;2025;2025-3;11;24300;0.05;25000.0;90.0;60.0;30.0;2;OCUPADO;Mista;1;1;1;1;700.0;2.880658436213992
GUARA;SETOR RESID INDUSTRIA E ABASTECIMENTO        ;60214;2025;2025-3;14;260000;0.05;435000.0;345.6;345.6;144.0;8;VAGO;Unifamiliar;1;0;0;0;175000.0;67.3076923076923
GUARA;SETOR RESID INDUSTRIA E ABASTECIMENTO        ;60214;2025;2025-3;15;260000;0.05;415000.0;345.6;345.6;144.0;15;VAGO;Unifamiliar;1;0;0;0;155000.0;59.61538461538461
GUARA;SETOR RESID INDUSTRIA E ABASTECIMENTO        ;60214;2025;2025-3;16;260000;0.05;416728.99;345.6;345.6;144.0;15;VAGO;Unifamiliar;1;0;0;0;156728.99;60.28038076923077
GUARA;SETOR RESID INDUSTRIA E ABASTECIMENTO        ;60214;2025;2025-3;17;260000;0.05;410000.0;345.6;345.6;144.0;12;VAGO;Unifamiliar;1;0;0;0;150000.0;57.692307692307686
GUARA;SETOR RESID INDUSTRIA E ABASTECIMENTO        ;60214;2025;2025-3;18;260000;0.05;403535.94;345.6;345.6;144.0;15;VAGO;Unifamiliar;1;0;0;0;143535.94;55.20613076923077
GUARA;SETOR RESID INDUSTRIA E ABASTECIMENTO        ;60214;2025;2025-3;19;301000;0.05;479211.0;408.432;408.432;170.18;14;VAGO;Unifamiliar;1;0;0;0;178211.0;59.20631229235881
JARDIM BOTÂNICO;COMP. URB. ALDEIAS DO CERRADO - QR 04 - RESIDENCIAL SUCUPIRAS;285;2025;2025-3;21;317000;0.05;343033.43;421.2;421.2;421.2;2;VAGO;Unifamiliar;1;0;0;0;26033.429999999993;8.212438485804414
JARDIM BOTÂNICO;COMP. URB. ALDEIAS DO CERRADO - QR 04 - RESIDENCIAL SUCUPIRAS;285;2025;2025-3;22;335000;0.05;350000.0;470.6;470.6;470.6;1;VAGO;Unifamiliar;1;0;0;0;15000.0;4.477611940298507
JARDIM BOTÂNICO;COMP. URB. ALDEIAS DO CERRADO - QR 04 - RESIDENCIAL SUCUPIRAS;285;2025;2025-3;23;317000;0.05;322001.1;420.0;420.0;420.0;1;VAGO;Unifamiliar;1;0;0;0;5001.099999999977;1.5776340694006235
JARDIM BOTÂNICO;COMP. URB. ALDEIAS DO CERRADO - QR 04 - RESIDENCIAL SUCUPIRAS;285;2025;2025-3;24;335000;0.05;346600.0;472.27;472.27;472.27;2;VAGO;Unifamiliar;1;0;0;0;11600.0;3.462686567164179
JARDIM BOTÂNICO;COMP. URB. ALDEIAS DO CERRADO - QR 04 - RESIDENCIAL SUCUPIRAS;285;2025;2025-3;25;317000;0.05;322211.0;420.0;420.0;420.0;1;VAGO;Unifamiliar;1;0;0;0;5211.0;1.6438485804416405
JARDIM BOTÂNICO;COMP. URB. ALDEIAS DO CERRADO - QR 04 - RESIDENCIAL SUCUPIRAS;285;2025;2025-3;26;394000;0.05;452200.0;662.16;662.16;662.16;1;VAGO;Unifamiliar;1;0;0;0;58200.0;14.771573604060913
JARDIM BOTÂNICO;COMP. URB. ALDEIAS DO CERRADO - QR 04 - RESIDENCIAL SUCUPIRAS;285;2025;2025-3;28;317000;0.05;322000.0;420.0;420.0;420.0;3;VAGO;Unifamiliar;1;0;0;0;5000.0;1.5772870662460567
JARDIM BOTÂNICO;COMP. URB. ALDEIAS DO CERRADO - QR 04 - RESIDENCIAL SUCUPIRAS;285;2025;2025-3;30;317000;0.05;325550.0;420.0;420.0;420.0;1;VAGO;Unifamiliar;1;0;0;0;8550.0;2.697160883280757
JARDIM BOTÂNICO;COMP. URB. ALDEIAS DO CERRADO - QR 04 - RESIDENCIAL SUCUPIRAS;285;2025;2025-3;31;357000;0.05;360033.79;539.19;539.19;539.19;1;VAGO;Unifamiliar;1;0;0;0;3033.789999999979;0.8498011204481734
JARDIM BOTÂNICO;COMP. URB. ALDEIAS DO CERRADO - QR 04 - RESIDENCIAL SUCUPIRAS;285;2025;2025-3;33;370000;0.05;382111.11;578.83;578.83;578.83;1;VAGO;Unifamiliar;1;0;0;0;12111.109999999986;3.2732729729729697
JARDIM BOTÂNICO;COMP. URB. ALDEIAS DO CERRADO - QR 04 - RESIDENCIAL SUCUPIRAS;285;2025;2025-3;34;317000;0.05;317099.0;420.54;420.54;420.54;1;VAGO;Unifamiliar;1;0;0;0;99.0;0.031230283911671923
JARDIM BOTÂNICO;COMP. URB. ALDEIAS DO CERRADO - QR 04 - RESIDENCIAL SUCUPIRAS;285;2025;2025-3;41;323000;0.05;325000.0;437.34;437.34;437.34;1;VAGO;Unifamiliar;1;0;0;0;2000.0;0.6191950464396285
JARDIM BOTÂNICO;COMP. URB. ALDEIAS DO CERRADO - QR 04 - RESIDENCIAL SUCUPIRAS;285;2025;2025-3;42;324000;0.05;326500.0;440.65;440.65;440.65;1;VAGO;Unifamiliar;1;0;0;0;2500.0;0.7716049382716049
PLANALTINA;SETOR DE OFICINAS                            ;60227;2025;2025-3;46;227000;0.05;351000.0;750.0;500.0;250.0;4;OBSTRUIDO;Mista;1;1;1;1;124000.0;54.62555066079295
RECANTO DAS EMAS;RECANTO DAS EMAS;60216;2025;2025-3;48;374000;0.05;411000.0;910.96;819.864;455.48;3;VAGO;Mista;1;1;1;1;37000.0;9.893048128342247
RECANTO DAS EMAS;RECANTO DAS EMAS;60217;2025;2025-3;49;51600;0.05;102500.0;129.674;101.484;56.38;9;VAGO;Mista;1;1;1;1;50900.0;98.64341085271317
RECANTO DAS EMAS;RECANTO DAS EMAS;60217;2025;2025-3;50;763000;0.05;771100.99;2553.75;1838.7;1021.5;1;OCUPADO;Mista;1;1;1;1;8100.989999999991;1.0617287024901692
RECANTO DAS EMAS;RECANTO DAS EMAS;60217;2025;2025-3;52;189300;0.05;190000.0;115.0;90.0;50.0;2;CONSTRUIDO;Mista;1;1;1;1;700.0;0.369783412572636
RIACHO FUNDO II;HABITACIONAL RIACHO FUNDO II;60217;2025;2025-3;55;428000;0.05;451101.01;939.66;438.508;313.22;4;VAGO;Mista;1;1;1;1;23101.01000000001;5.397432242990656
RIACHO FUNDO II;HABITACIONAL RIACHO FUNDO II;60217;2025;2025-3;56;425000;0.05;432000.0;931.02;434.476;310.34;2;VAGO;Mista;1;1;1;1;7000.0;1.647058823529412
SAMAMBAIA;QR-SAMAMBAIA;60214;2025;2025-3;60;114000;0.05;131500.0;210.0;210.0;105.0;3;OCUPADO;Unifamiliar;1;0;0;0;17500.0;15.350877192982457
SAMAMBAIA;CENTRO URBANO;60217;2025;2025-3;61;448000;0.05;500000.0;720.0;480.0;240.0;3;VAGO;Mista;1;1;1;1;52000.0;11.607142857142858
SAMAMBAIA;QN-SAMAMBAIA;60217;2025;2025-3;64;927000;0.05;1457000.0;3243.6;1908.0;954.0;1;VAGO;Mista;1;1;1;1;530000.0;57.17367853290184
SAMAMBAIA;QN-SAMAMBAIA;60217;2025;2025-3;65;649000;0.05;1190000.0;2436.0;1218.0;609.0;3;VAGO;Mista;1;1;1;1;541000.0;83.35901386748844
SAMAMBAIA;QS-SAMAMBAIA;60217;2025;2025-3;67;131000;0.05;171613.0;350.0;200.0;100.0;2;VAGO;Mista;1;1;1;1;40613.0;31.002290076335875
SAMAMBAIA;QN-SAMAMBAIA;60219;2025;2025-3;71;146000;0.05;158300.0;300.0;200.0;100.0;3;VAGO;Mista;1;1;1;1;12300.0;8.424657534246576
SAMAMBAIA;QS-SAMAMBAIA;60219;2025;2025-3;72;121000;0.05;145013.13;300.0;200.0;100.0;1;VAGO;Mista;1;1;1;1;24013.130000000005;19.84556198347108
SAMAMBAIA;QS-SAMAMBAIA;60219;2025;2025-3;73;73100;0.05;115000.0;300.0;200.0;100.0;7;VAGO;Mista;1;1;1;1;41900.0;57.3187414500684
SAMAMBAIA;QS-SAMAMBAIA;60219;2025;2025-3;74;146000;0.05;206522.0;300.0;200.0;100.0;3;VAGO;Mista;1;1;1;1;60522.0;41.45342465753425
SAMAMBAIA;QN-SAMAMBAIA;60220;2025;2025-3;77;745000;0.05;761000.0;2445.0;1630.0;815.0;1;VAGO;Mista;1;1;1;1;16000.0;2.1476510067114094
SAMAMBAIA;QS-SAMAMBAIA;60220;2025;2025-3;78;341000;0.05;346000.0;1062.06;708.04;354.02;1;OBSTRUIDO;Mista;1;1;1;1;5000.0;1.466275659824047
SAMAMBAIA;QS-SAMAMBAIA;60220;2025;2025-3;79;121000;0.05;211000.0;300.0;200.0;100.0;6;VAGO;Mista;1;1;1;1;90000.0;74.3801652892562
SAMAMBAIA;QS-SAMAMBAIA;60220;2025;2025-3;80;386000;0.05;387000.0;1218.72;812.48;406.24;1;VAGO;Mista;1;1;1;1;1000.0;0.2590673575129534
SAMAMBAIA;QS-SAMAMBAIA;60220;2025;2025-3;81;641000;0.05;761000.0;2090.01;1393.34;696.67;1;VAGO;Mista;1;1;1;1;120000.0;18.720748829953198
SAMAMBAIA;QS-SAMAMBAIA;60220;2025;2025-3;82;121000;0.05;190000.0;300.0;200.0;100.0;5;VAGO;Mista;1;1;1;1;69000.0;57.02479338842975
SAO SEBASTIAO;BAIRRO RESIDENCIAL OESTE;60216;2025;2025-3;83;829000;0.05;950000.0;1866.285;1555.238;622.095;1;OCUPADO;Mista;1;1;1;1;121000.0;14.595898673100121
TAGUATINGA;DESENVOLVIMENTO  ECONOMICO  M/NORTE;60227;2025;2025-3;87;330000;0.05;380000.0;500.07;333.38;166.69;3;OCUPADO;Mista;1;1;1;1;50000.0;15.151515151515152
BRASILIA;SETOR DE HABITACOES INDIVIDUAIS NORTE        ;60211;2025;2025-5;3;1570000;0.2;1695824.0;1120.0;1120.0;800.0;1;VAGO;Unifamiliar;1;0;0;0;125824.0;8.014267515923565
BRASILIA;SHCNW-SETOR DE HABITAÇÕES COLETIVAS NOROESTE;60598;2025;2025-5;6;276000;0.05;731100.0;20.0;20.0;20.0;6;OBSTRUIDO;Mista;0;1;1;1;455100.0;164.8913043478261
CEILANDIA;SETOR O NORTE-QUADRA RESIDENCIAL             ;60219;2025;2025-5;7;376000;0.05;378000.0;1134.0;756.0;378.0;1;OBSTRUIDO;Mista;1;1;1;1;2000.0;0.5319148936170213
CEILANDIA;SETOR INDUSTRIAL I                           ;60225;2025;2025-5;9;113000;0.05;300000.01;480.375;480.375;320.25;9;EM CONSTRUCAO;Mista;0;1;1;1;187000.01;165.48673451327434
CEILANDIA;SETOR INDUSTRIAL I                           ;60221;2025;2025-5;10;70000;0.05;76999.99;360.0;360.0;180.0;2;OCUPADO;Mista;0;1;1;1;6999.990000000005;9.999985714285723
CEILANDIA;SETOR INDUSTRIAL I                           ;60225;2025;2025-5;11;79600;0.05;241999.0;315.0;315.0;210.0;5;VAGO;Mista;0;1;1;1;162399.0;204.01884422110555
CEILANDIA;SETOR INDUSTRIAL I                           ;60225;2025;2025-5;12;79600;0.05;241999.0;315.0;315.0;210.0;4;VAGO;Mista;0;1;1;1;162399.0;204.01884422110555
CEILANDIA;SETOR INDUSTRIAL I                           ;60225;2025;2025-5;13;79600;0.05;261999.0;315.0;315.0;210.0;7;VAGO;Mista;0;1;1;1;182399.0;229.14447236180905
CEILANDIA;SETOR INDUSTRIAL I                           ;60225;2025;2025-5;14;79600;0.05;261999.0;315.0;315.0;210.0;7;OBSTRUIDO;Mista;0;1;1;1;182399.0;229.14447236180905
GUARA;SETOR RESID INDUSTRIA E ABASTECIMENTO        ;60214;2025;2025-5;18;260000;0.05;440022.01;345.6;345.6;144.0;19;VAGO;Unifamiliar;1;0;0;0;180022.01;69.23923461538462
GUARA;SETOR RESID INDUSTRIA E ABASTECIMENTO        ;60214;2025;2025-5;19;260000;0.05;440000.13;345.6;345.6;144.0;18;VAGO;Unifamiliar;1;0;0;0;180000.13;69.23081923076924
GUARA;SETOR RESID INDUSTRIA E ABASTECIMENTO        ;60214;2025;2025-5;20;260000;0.05;367000.0;345.6;345.6;144.0;5;OBSTRUIDO;Unifamiliar;1;0;0;0;107000.0;41.15384615384615
GUARA;SETOR RESID INDUSTRIA E ABASTECIMENTO        ;60214;2025;2025-5;21;260000;0.05;306000.0;345.6;345.6;144.0;1;OCUPADO;Unifamiliar;1;0;0;0;46000.0;17.692307692307693
GUARA;SETOR RESID INDUSTRIA E ABASTECIMENTO        ;60214;2025;2025-5;22;260000;0.05;305100.0;345.6;345.6;144.0;2;OBSTRUIDO;Unifamiliar;1;0;0;0;45100.0;17.346153846153847
GUARA;SETOR RESID INDUSTRIA E ABASTECIMENTO        ;60214;2025;2025-5;23;260000;0.05;282100.0;345.6;345.6;144.0;1;OCUPADO;Unifamiliar;1;0;0;0;22100.0;8.5
GUARA;SETOR RESID INDUSTRIA E ABASTECIMENTO        ;60214;2025;2025-5;24;260000;0.05;271200.0;345.6;345.6;144.0;1;OCUPADO;Unifamiliar;1;0;0;0;11200.0;4.3076923076923075
GUARA;SETOR RESID INDUSTRIA E ABASTECIMENTO        ;60214;2025;2025-5;25;295000;0.05;426000.0;399.6;399.6;166.5;7;OBSTRUIDO;Unifamiliar;1;0;0;0;131000.0;44.40677966101695
GUARA;SETOR RESID INDUSTRIA E ABASTECIMENTO        ;60214;2025;2025-5;26;295000;0.05;305200.0;399.6;399.6;166.5;1;OCUPADO;Unifamiliar;1;0;0;0;10200.0;3.457627118644068
GUARA;SETOR RESID INDUSTRIA E ABASTECIMENTO        ;60214;2025;2025-5;27;260000;0.05;280000.0;345.6;345.6;144.0;2;OBSTRUIDO;Unifamiliar;1;0;0;0;20000.0;7.6923076923076925
GUARA;SETOR RESID INDUSTRIA E ABASTECIMENTO        ;60214;2025;2025-5;28;260000;0.05;331500.0;345.6;345.6;144.0;3;OCUPADO;Unifamiliar;1;0;0;0;71500.0;27.500000000000004
GUARA;SETOR RESID INDUSTRIA E ABASTECIMENTO        ;60214;2025;2025-5;29;260000;0.05;321500.0;345.6;345.6;144.0;2;OCUPADO;Unifamiliar;1;0;0;0;61500.0;23.653846153846153
JARDIM BOTÂNICO;COMP. URB. ALDEIAS DO CERRADO - QR 04 - RESIDENCIAL SUCUPIRAS;285;2025;2025-5;35;317000;0.05;317555.55;420.0;420.0;420.0;1;VAGO;Unifamiliar;1;0;0;0;555.5499999999884;0.1752523659305957
JARDIM BOTÂNICO;COMP. URB. ALDEIAS DO CERRADO - QR 04 - RESIDENCIAL SUCUPIRAS;285;2025;2025-5;36;329000;0.05;348741.11;455.36;455.36;455.36;2;VAGO;Unifamiliar;1;0;0;0;19741.109999999986;6.0003373860182325
JARDIM BOTÂNICO;COMP. URB. ALDEIAS DO CERRADO - QR 04 - RESIDENCIAL SUCUPIRAS;285;2025;2025-5;37;317000;0.05;325590.01;420.0;420.0;420.0;1;VAGO;Unifamiliar;1;0;0;0;8590.01000000001;2.709782334384861
JARDIM BOTÂNICO;COMP. URB. ALDEIAS DO CERRADO - QR 04 - RESIDENCIAL SUCUPIRAS;285;2025;2025-5;38;317000;0.05;325590.01;420.0;420.0;420.0;1;VAGO;Unifamiliar;1;0;0;0;8590.01000000001;2.709782334384861
JARDIM BOTÂNICO;COMP. URB. ALDEIAS DO CERRADO - QR 04 - RESIDENCIAL SUCUPIRAS;285;2025;2025-5;39;317000;0.05;321000.0;420.0;420.0;420.0;1;VAGO;Unifamiliar;1;0;0;0;4000.0;1.2618296529968454
JARDIM BOTÂNICO;COMP. URB. ALDEIAS DO CERRADO - QR 04 - RESIDENCIAL SUCUPIRAS;285;2025;2025-5;41;330000;0.05;340590.01;456.36;456.36;456.36;1;VAGO;Unifamiliar;1;0;0;0;10590.01000000001;3.2090939393939424
JARDIM BOTÂNICO;COMP. URB. ALDEIAS DO CERRADO - QR 04 - RESIDENCIAL SUCUPIRAS;285;2025;2025-5;42;333000;0.05;340590.01;465.53;465.53;465.53;1;VAGO;Unifamiliar;1;0;0;0;7590.010000000009;2.2792822822822854
JARDIM BOTÂNICO;COMP. URB. ALDEIAS DO CERRADO - QR 04 - RESIDENCIAL SUCUPIRAS;285;2025;2025-5;44;317000;0.05;322000.18;420.0;420.0;420.0;2;VAGO;Unifamiliar;1;0;0;0;5000.179999999993;1.5773438485804394
JARDIM BOTÂNICO;COMP. URB. ALDEIAS DO CERRADO - QR 04 - RESIDENCIAL SUCUPIRAS;285;2025;2025-5;47;357000;0.05;375100.0;538.95;538.95;538.95;1;VAGO;Unifamiliar;1;0;0;0;18100.0;5.0700280112044815
PLANALTINA;SETOR RESIDENCIAL LESTE (SRL);60216;2025;2025-5;53;44400;0.05;78500.0;120.0;120.0;60.0;3;VAGO;Mista;1;1;1;1;34100.0;76.8018018018018
RECANTO DAS EMAS;AREA DE DESENVOLVIMENTO ECONOMICO;60227;2025;2025-5;55;232000;0.05;233333.33;750.72;750.72;187.68;1;OCUPADO;Mista;1;1;1;1;1333.3299999999872;0.5747112068965462
RECANTO DAS EMAS;AREA DE DESENVOLVIMENTO ECONOMICO;60227;2025;2025-5;56;191000;0.05;232100.15;605.6;605.6;151.4;1;OCUPADO;Mista;1;1;1;1;41100.149999999994;21.518403141361254
SAMAMBAIA;QS-SAMAMBAIA;60219;2025;2025-5;71;73100;0.05;73101.0;300.0;200.0;100.0;1;VAGO;Mista;1;1;1;1;1.0;0.0013679890560875513
SAMAMBAIA;QS-SAMAMBAIA;60219;2025;2025-5;72;73100;0.05;73100.0;300.0;200.0;100.0;1;VAGO;Mista;1;1;1;1;0.0;0.0
SAMAMBAIA;QS-SAMAMBAIA;60219;2025;2025-5;73;73100;0.05;74251.0;300.0;200.0;100.0;2;VAGO;Mista;1;1;1;1;1151.0;1.5745554035567715
SAMAMBAIA;QN-SAMAMBAIA;60220;2025;2025-5;74;121000;0.05;155459.15;300.0;200.0;100.0;3;VAGO;Mista;1;1;1;1;34459.149999999994;28.47863636363636
SAMAMBAIA;QN-SAMAMBAIA;60220;2025;2025-5;76;515000;0.05;710000.0;2806.71;1871.14;935.57;2;VAGO;Mista;1;1;1;1;195000.0;37.86407766990291
SAMAMBAIA;QS-SAMAMBAIA;60220;2025;2025-5;77;176000;0.05;281250.0;494.04;329.36;164.68;9;VAGO;Mista;1;1;1;1;105250.0;59.80113636363637
SAMAMBAIA;QS-SAMAMBAIA;60220;2025;2025-5;78;121000;0.05;126999.99;300.0;200.0;100.0;2;VAGO;Mista;1;1;1;1;5999.990000000005;4.958669421487608
SAMAMBAIA;QS-SAMAMBAIA;60220;2025;2025-5;79;121000;0.05;126999.99;300.0;200.0;100.0;2;VAGO;Mista;1;1;1;1;5999.990000000005;4.958669421487608
SAMAMBAIA;QS-SAMAMBAIA;60220;2025;2025-5;80;73100;0.05;122000.0;300.0;200.0;100.0;2;VAGO;Mista;1;1;1;1;48900.0;66.89466484268127
SAMAMBAIA;QS-SAMAMBAIA;60220;2025;2025-5;81;73100;0.05;130535.5;300.0;200.0;100.0;4;VAGO;Mista;1;1;1;1;57435.5;78.57113543091656
SAMAMBAIA;QS-SAMAMBAIA;60220;2025;2025-5;82;1170000;0.05;1960000.0;3881.58;2587.72;1293.86;7;VAGO;Mista;1;1;1;1;790000.0;67.52136752136752
SAMAMBAIA;QS-SAMAMBAIA;60220;2025;2025-5;83;282000;0.05;350000.0;862.5;575.0;287.5;2;VAGO;Mista;1;1;1;1;68000.0;24.113475177304963
SAMAMBAIA;QS-SAMAMBAIA;60220;2025;2025-5;84;293000;0.05;294011.11;900.0;600.0;300.0;1;VAGO;Mista;1;1;1;1;1011.109999999986;0.3450887372013604
SAMAMBAIA;QS-SAMAMBAIA;60220;2025;2025-5;85;425000;0.05;426111.11;1350.0;900.0;450.0;1;VAGO;Mista;1;1;1;1;1111.109999999986;0.2614376470588202
SAMAMBAIA;QS-SAMAMBAIA;60220;2025;2025-5;86;82900;0.05;115000.0;150.0;100.0;50.0;2;OBSTRUIDO;Mista;1;1;1;1;32100.0;38.72135102533172
SAMAMBAIA;QS-SAMAMBAIA;60220;2025;2025-5;87;331000;0.05;480000.0;1028.88;685.92;342.96;5;VAGO;Mista;1;1;1;1;149000.0;45.01510574018127
SAMAMBAIA;QS-SAMAMBAIA;60220;2025;2025-5;88;289000;0.05;361008.0;885.09;590.06;295.03;2;OCUPADO;Mista;1;1;1;1;72008.0;24.916262975778547
SAMAMBAIA;AREA DE DESENVOLVIMENTO ECONOMICO SUL;60227;2025;2025-5;90;195300;0.05;369900.0;240.0;240.0;120.0;7;OCUPADO;Mista;1;1;1;1;174600.0;89.40092165898618
SANTA MARIA;SANTA MARIA                                  ;60217;2025;2025-5;91;1140000;0.05;1140000.0;3200.0;1120.0;800.0;1;OCUPADO;Mista;1;1;1;1;0.0;0.0
BRASILIA;SHCNW-SETOR DE HABITAÇÕES COLETIVAS NOROESTE;60600;2025;2025-6;1;6890000;0.05;6907111.0;2220.0;2220.0;740.0;1;VAGO;Mista;1;1;1;1;17111.0;0.2483454281567489
BRASILIA;SHCNW-SETOR DE HABITAÇÕES COLETIVAS NOROESTE;60600;2025;2025-6;2;7580000;0.05;7700111.0;2220.0;2220.0;740.0;1;VAGO;Mista;1;1;1;1;120111.0;1.5845778364116097
CEILANDIA;SETOR M NORTE-QUADRA RESIDENCIAL             ;60214;2025;2025-6;3;154000;0.05;185000.0;500.0;500.0;250.0;5;VAGO;Unifamiliar;1;0;0;0;31000.0;20.12987012987013
CEILANDIA;SETOR M NORTE-QUADRA RESIDENCIAL             ;60214;2025;2025-6;4;154000;0.05;185090.89;500.0;500.0;250.0;6;VAGO;Unifamiliar;1;0;0;0;31090.890000000014;20.18888961038962
CEILANDIA;SETOR M NORTE-QUADRA RESIDENCIAL             ;60214;2025;2025-6;5;154000;0.05;172599.99;500.0;500.0;250.0;5;VAGO;Unifamiliar;1;0;0;0;18599.98999999999;12.077915584415578
CEILANDIA;SETOR M NORTE-QUADRA RESIDENCIAL             ;60214;2025;2025-6;6;154000;0.05;235111.11;500.0;500.0;250.0;5;CERCADO;Unifamiliar;1;0;0;0;81111.10999999999;52.66955194805194
CEILANDIA;SETOR M NORTE-QUADRA RESIDENCIAL             ;60214;2025;2025-6;7;154000;0.05;210000.0;500.0;500.0;250.0;4;CERCADO;Unifamiliar;1;0;0;0;56000.0;36.36363636363637
CEILANDIA;SETOR M NORTE-QUADRA RESIDENCIAL             ;60219;2025;2025-6;9;273000;0.05;300000.99;750.0;500.0;250.0;2;VAGO;Mista;1;1;1;1;27000.98999999999;9.890472527472523
CEILANDIA;SETOR M NORTE-QUADRA RESIDENCIAL             ;60219;2025;2025-6;10;273000;0.05;367300.0;750.0;500.0;250.0;2;VAGO;Mista;1;1;1;1;94300.0;34.54212454212454
CEILANDIA;SETOR O NORTE-QUADRA RESIDENCIAL             ;60219;2025;2025-6;11;376000;0.05;438999.99;1134.0;756.0;378.0;3;OCUPADO;Mista;1;1;1;1;62999.98999999999;16.7553164893617
CEILANDIA;SETOR O NORTE-QUADRA RESIDENCIAL             ;60219;2025;2025-6;12;423000;0.05;483999.99;1307.25;871.5;435.75;5;VAGO;Mista;1;1;1;1;60999.98999999999;14.420801418439714
CEILANDIA;SETOR M NORTE-QUADRA RESIDENCIAL             ;60220;2025;2025-6;13;341000;0.05;401000.0;1000.0;500.0;250.0;1;VAGO;Mista;1;1;1;1;60000.0;17.595307917888565
CEILANDIA;SETOR M NORTE-QUADRA RESIDENCIAL             ;60220;2025;2025-6;19;341000;0.05;341100.0;1000.0;500.0;250.0;1;CERCADO;Mista;1;1;1;1;100.0;0.02932551319648094
CEILANDIA;SETOR DE DESENVOLVIMENTO ECONOMICO CENTRO NORTE;60227;2025;2025-6;24;144000;0.05;210000.0;300.0;300.0;150.0;3;OCUPADO;Mista;1;1;1;1;66000.0;45.83333333333333
CEILANDIA;SETOR INDUSTRIAL I                           ;60227;2025;2025-6;25;38500;0.05;51150.0;120.0;120.0;60.0;4;VAGO;Mista;1;1;1;1;12650.0;32.857142857142854
GAMA;SETOR DE MULTIPLAS ATIVIDADES;60224;2025;2025-6;29;233000;0.05;250000.0;409.92;256.2;256.2;1;VAGO;Mista;0;1;1;1;17000.0;7.296137339055794
GUARA;SETOR RESID INDUSTRIA E ABASTECIMENTO        ;60214;2025;2025-6;30;315000;0.05;329700.0;431.088;431.088;179.62;2;VAGO;Unifamiliar;1;0;0;0;14700.0;4.666666666666667
GUARA;SETOR RESID INDUSTRIA E ABASTECIMENTO        ;60214;2025;2025-6;31;298000;0.05;441022.01;404.736;404.736;168.64;7;VAGO;Unifamiliar;1;0;0;0;143022.01;47.993963087248325
GUARA;SETOR RESID INDUSTRIA E ABASTECIMENTO        ;60214;2025;2025-6;32;295000;0.05;426900.0;399.6;399.6;166.5;9;VAGO;Unifamiliar;1;0;0;0;131900.0;44.71186440677966
GUARA;SETOR RESID INDUSTRIA E ABASTECIMENTO        ;60214;2025;2025-6;33;295000;0.05;487694.99;399.6;399.6;166.5;29;VAGO;Unifamiliar;1;0;0;0;192694.99;65.32033559322034
GUARA;SETOR RESID INDUSTRIA E ABASTECIMENTO        ;60214;2025;2025-6;34;288000;0.05;491090.99;388.8;388.8;162.0;28;VAGO;Unifamiliar;1;0;0;0;203090.99;70.51770486111111
GUARA;SETOR RESID INDUSTRIA E ABASTECIMENTO        ;60220;2025;2025-6;38;533000;0.05;535000.0;432.0;432.0;144.0;1;VAGO;Mista;1;1;1;1;2000.0;0.37523452157598497
JARDIM BOTÂNICO;COMP. URB. ALDEIAS DO CERRADO - QR 04 - RESIDENCIAL SUCUPIRAS;285;2025;2025-6;41;363000;0.05;415113.94;557.99;557.99;557.99;2;VAGO;Unifamiliar;1;0;0;0;52113.94;14.356457300275483
JARDIM BOTÂNICO;COMP. URB. ALDEIAS DO CERRADO - QR 04 - RESIDENCIAL SUCUPIRAS;285;2025;2025-6;44;317000;0.05;322000.0;420.0;420.0;420.0;1;VAGO;Unifamiliar;1;0;0;0;5000.0;1.5772870662460567
JARDIM BOTÂNICO;COMP. URB. ALDEIAS DO CERRADO - QR 04 - RESIDENCIAL SUCUPIRAS;285;2025;2025-6;47;317000;0.05;319856.36;420.0;420.0;420.0;1;VAGO;Unifamiliar;1;0;0;0;2856.359999999986;0.9010599369085129
JARDIM BOTÂNICO;COMP. URB. ALDEIAS DO CERRADO - QR 04 - RESIDENCIAL SUCUPIRAS;285;2025;2025-6;48;317000;0.05;327748.79;420.0;420.0;420.0;2;VAGO;Unifamiliar;1;0;0;0;10748.789999999979;3.390785488958984
JARDIM BOTÂNICO;COMP. URB. ALDEIAS DO CERRADO - QR 04 - RESIDENCIAL SUCUPIRAS;285;2025;2025-6;51;317000;0.05;320001.0;420.0;420.0;420.0;2;VAGO;Unifamiliar;1;0;0;0;3001.0;0.9466876971608832
JARDIM BOTÂNICO;COMP. URB. ALDEIAS DO CERRADO - QR 04 - RESIDENCIAL SUCUPIRAS;285;2025;2025-6;52;317000;0.05;319836.99;420.0;420.0;420.0;1;VAGO;Unifamiliar;1;0;0;0;2836.9899999999907;0.8949495268138772
JARDIM BOTÂNICO;COMP. URB. ALDEIAS DO CERRADO - QR 04 - RESIDENCIAL SUCUPIRAS;285;2025;2025-6;57;342000;0.05;345510.33;493.96;493.96;493.96;1;VAGO;Unifamiliar;1;0;0;0;3510.3300000000163;1.0264122807017593
JARDIM BOTÂNICO;COMP. URB. ALDEIAS DO CERRADO - QR 04 - RESIDENCIAL SUCUPIRAS;285;2025;2025-6;60;324000;0.05;327500.0;440.65;440.65;440.65;1;VAGO;Unifamiliar;1;0;0;0;3500.0;1.0802469135802468
SAO SEBASTIAO;SETOR HABITACIONAL JARDIM BOTANICO;60221;2025;2025-6;61;2010000;0.05;2123999.89;3600.0;3600.0;1000.0;1;VAGO;Mista;0;1;1;1;113999.89000000013;5.671636318407967
PARANOA;PARANOÁ PARQUE;60221;2025;2025-6;64;1230000;0.05;1242500.0;4364.406;2424.67;2424.67;1;VAGO;Mista;0;1;1;1;12500.0;1.0162601626016259
RECANTO DAS EMAS;RECANTO DAS EMAS;60217;2025;2025-6;74;616000;0.05;710000.0;1805.875;1300.23;722.35;1;VAGO;Mista;1;1;1;1;94000.0;15.259740259740258
RIACHO FUNDO;QUADRA DE OFICINAS;60227;2025;2025-6;76;289000;0.05;411111.11;400.0;280.0;200.0;4;CONSTRUIDO;Mista;1;1;1;1;122111.10999999999;42.25297923875432
RIACHO FUNDO II;HABITACIONAL RIACHO FUNDO II;60222;2025;2025-6;77;120000;0.05;190000.01;183.3;128.31;91.65;4;OCUPADO;Mista;0;1;1;1;70000.01000000001;58.33334166666667
SAMAMBAIA;QN-SAMAMBAIA;60217;2025;2025-6;82;447300;0.05;587000.0;525.0;300.0;150.0;2;OCUPADO;Mista;1;1;1;1;139700.0;31.231835457187568
SAMAMBAIA;QS-SAMAMBAIA;60219;2025;2025-6;84;121000;0.05;125005.1;300.0;200.0;100.0;1;VAGO;Mista;1;1;1;1;4005.100000000006;3.3100000000000045
SAMAMBAIA;QS-SAMAMBAIA;60219;2025;2025-6;85;744000;0.05;890010.0;2007.75;1338.5;669.25;1;OCUPADO;Mista;1;1;1;1;146010.0;19.625
SAMAMBAIA;QN-SAMAMBAIA;60220;2025;2025-6;86;122940;0.05;123000.0;225.0;150.0;75.0;1;OCUPADO;Mista;1;1;1;1;60.0;0.04880429477794046
SAMAMBAIA;QN-SAMAMBAIA;60220;2025;2025-6;87;288000;0.05;351000.0;883.2;588.8;294.4;4;VAGO;Mista;1;1;1;1;63000.0;21.875
SAMAMBAIA;QN-SAMAMBAIA;60220;2025;2025-6;90;602000;0.05;803000.33;1956.0;1304.0;652.0;3;VAGO;Mista;1;1;1;1;201000.32999999996;33.38875913621262
SAMAMBAIA;QN-SAMAMBAIA;60220;2025;2025-6;91;1190000;0.05;2000001.0;3975.18;2650.12;1325.06;3;VAGO;Mista;1;1;1;1;810001.0;68.06731092436975
SAMAMBAIA;QN-SAMAMBAIA;60220;2025;2025-6;92;664000;0.05;1163000.33;2167.77;1445.18;722.59;3;VAGO;Mista;1;1;1;1;499000.3300000001;75.15065210843375
SAMAMBAIA;QS-SAMAMBAIA;60220;2025;2025-6;94;73100;0.05;100000.0;300.0;200.0;100.0;9;VAGO;Mista;1;1;1;1;26900.0;36.79890560875513
SOBRADINHO;CENTRO ORIENT. E EDUC. RURAL - COER;60220;2025;2025-6;98;750000;0.05;755000.0;2390.622;919.47;919.47;1;OBSTRUIDO;Mista;1;1;1;1;5000.0;0.6666666666666667
SOBRADINHO;CENTRO ORIENT. E EDUC. RURAL - COER;60220;2025;2025-6;99;1900000;0.05;2120000.0;6863.454;2639.79;2639.79;3;VAGO;Mista;1;1;1;1;220000.0;11.578947368421053
CEILANDIA;SETOR N NORTE-QUADRA RESIDENCIAL             ;60214;2025;2025-8;2;153000;0.05;225950.0;500.0;500.0;250.0;6;OCUPADO;Unifamiliar;1;0;0;0;72950.0;47.67973856209151
CEILANDIA;SETOR O NORTE-QUADRA RESIDENCIAL             ;60219;2025;2025-8;11;376000;0.05;385000.0;1134.0;756.0;378.0;5;VAGO;Mista;1;1;1;1;9000.0;2.393617021276596
CEILANDIA;SETOR O NORTE-QUADRA RESIDENCIAL             ;60219;2025;2025-8;12;402000;0.05;515999.99;1228.5;819.0;409.5;1;OBSTRUIDO;Mista;1;1;1;1;113999.98999999999;28.358206467661688
GAMA;SETOR SUL                                    ;60215;2025;2025-8;13;149000;0.05;150200.0;625.0;625.0;312.5;2;OCUPADO;Unifamiliar;1;0;0;0;1200.0;0.8053691275167786
GAMA;SETOR DE MULTIPLAS ATIVIDADES;60224;2025;2025-8;17;233000;0.05;251250.0;409.92;256.2;256.2;1;VAGO;Mista;0;1;1;1;18250.0;7.832618025751073
GUARA;SETOR RESID INDUSTRIA E ABASTECIMENTO        ;60214;2025;2025-8;18;260000;0.05;325520.0;345.6;345.6;144.0;6;VAGO;Unifamiliar;1;0;0;0;65520.0;25.2
GUARA;SETOR RESID INDUSTRIA E ABASTECIMENTO        ;60214;2025;2025-8;19;260000;0.05;417300.0;345.6;345.6;144.0;9;VAGO;Unifamiliar;1;0;0;0;157300.0;60.5
GUARA;SETOR RESID INDUSTRIA E ABASTECIMENTO        ;60214;2025;2025-8;20;260000;0.05;389000.77;345.6;345.6;144.0;8;VAGO;Unifamiliar;1;0;0;0;129000.77000000002;49.61568076923078
GUARA;SETOR RESID INDUSTRIA E ABASTECIMENTO        ;60214;2025;2025-8;21;260000;0.05;399000.99;345.6;345.6;144.0;17;VAGO;Unifamiliar;1;0;0;0;139000.99;53.461919230769226
GUARA;SETOR RESID INDUSTRIA E ABASTECIMENTO        ;60214;2025;2025-8;22;260000;0.05;433000.0;345.6;345.6;144.0;18;VAGO;Unifamiliar;1;0;0;0;173000.0;66.53846153846153
GUARA;SETOR RESID INDUSTRIA E ABASTECIMENTO        ;60214;2025;2025-8;23;295000;0.05;495990.0;399.336;399.336;166.39;6;EM CONSTRUCAO;Unifamiliar;1;0;0;0;200990.0;68.13220338983051
GUARA;SETOR RESID INDUSTRIA E ABASTECIMENTO        ;60214;2025;2025-8;24;299000;0.05;492990.0;405.696;405.696;169.04;6;VAGO;Unifamiliar;1;0;0;0;193990.0;64.87959866220736
GUARA;SETOR RESID INDUSTRIA E ABASTECIMENTO        ;60214;2025;2025-8;25;265000;0.05;445111.99;352.8;352.8;147.0;16;VAGO;Unifamiliar;1;0;0;0;180111.99;67.96678867924528
JARDIM BOTÂNICO;COMP. URB. ALDEIAS DO CERRADO - QR 04 - RESIDENCIAL SUCUPIRAS;285;2025;2025-8;26;318000;0.05;357999.0;424.23;424.23;424.23;3;VAGO;Unifamiliar;1;0;0;0;39999.0;12.578301886792453
JARDIM BOTÂNICO;COMP. URB. ALDEIAS DO CERRADO - QR 04 - RESIDENCIAL SUCUPIRAS;285;2025;2025-8;30;338000;0.05;371999.0;479.47;479.47;479.47;1;VAGO;Unifamiliar;1;0;0;0;33999.0;10.058875739644972
JARDIM BOTÂNICO;COMP. URB. ALDEIAS DO CERRADO - QR 04 - RESIDENCIAL SUCUPIRAS;285;2025;2025-8;32;317000;0.05;318100.0;420.0;420.0;420.0;1;VAGO;Unifamiliar;1;0;0;0;1100.0;0.3470031545741325
JARDIM BOTÂNICO;COMP. URB. ALDEIAS DO CERRADO - QR 04 - RESIDENCIAL SUCUPIRAS;285;2025;2025-8;38;317000;0.05;318000.0;420.0;420.0;420.0;1;VAGO;Unifamiliar;1;0;0;0;1000.0;0.31545741324921134
JARDIM BOTÂNICO;COMP. URB. ALDEIAS DO CERRADO - QR 04 - RESIDENCIAL SUCUPIRAS;285;2025;2025-8;39;345000;0.05;360000.0;501.705;501.705;501.705;2;VAGO;Unifamiliar;1;0;0;0;15000.0;4.3478260869565215
JARDIM BOTÂNICO;COMP. URB. ALDEIAS DO CERRADO - QR 04 - RESIDENCIAL SUCUPIRAS;285;2025;2025-8;40;355000;0.05;357200.0;533.05;533.05;533.05;2;VAGO;Unifamiliar;1;0;0;0;2200.0;0.6197183098591549
JARDIM BOTÂNICO;COMP. URB. ALDEIAS DO CERRADO - QR 04 - RESIDENCIAL SUCUPIRAS;285;2025;2025-8;41;360000;0.05;378468.0;549.01;549.01;549.01;3;VAGO;Unifamiliar;1;0;0;0;18468.0;5.13
JARDIM BOTÂNICO;COMP. URB. ALDEIAS DO CERRADO - QR 04 - RESIDENCIAL SUCUPIRAS;285;2025;2025-8;42;336000;0.05;336253.0;474.17;474.17;474.17;1;VAGO;Unifamiliar;1;0;0;0;253.0;0.07529761904761906
JARDIM BOTÂNICO;COMP. URB. ALDEIAS DO CERRADO - QR 04 - RESIDENCIAL SUCUPIRAS;285;2025;2025-8;52;343000;0.05;350099.0;496.41;496.41;496.41;1;VAGO;Unifamiliar;1;0;0;0;7099.0;2.0696793002915452
RECANTO DAS EMAS;RECANTO DAS EMAS;60217;2025;2025-8;59;160000;0.05;200000.0;394.289;308.574;171.43;2;VAGO;Mista;1;1;1;1;40000.0;25.0
RECANTO DAS EMAS;RECANTO DAS EMAS;60221;2025;2025-8;66;238000;0.05;239000.0;666.06;599.454;333.03;1;VAGO;Mista;0;1;1;1;1000.0;0.42016806722689076
RIACHO FUNDO II;HABITACIONAL RIACHO FUNDO II;60217;2025;2025-8;70;150000;0.05;155100.0;273.0;127.4;91.0;2;VAGO;Mista;1;1;1;1;5100.0;3.4000000000000004
RIACHO FUNDO II;HABITACIONAL RIACHO FUNDO II;60223;2025;2025-8;79;1480000;0.05;1631000.0;3713.175;2079.378;1485.27;1;VAGO;Mista;0;1;1;1;151000.0;10.202702702702702
SAMAMBAIA;CENTRO URBANO;60217;2025;2025-8;82;464000;0.05;481000.0;750.0;500.0;250.0;1;VAGO;Mista;1;1;1;1;17000.0;3.6637931034482754
SAMAMBAIA;QN-SAMAMBAIA;60217;2025;2025-8;85;158000;0.05;162740.0;350.0;200.0;100.0;1;OBSTRUIDO;Mista;1;1;1;1;4740.0;3.0
SAMAMBAIA;QN-SAMAMBAIA;60217;2025;2025-8;86;158000;0.05;160000.0;350.0;200.0;100.0;1;OBSTRUIDO;Mista;1;1;1;1;2000.0;1.2658227848101267
SAMAMBAIA;QN-SAMAMBAIA;60217;2025;2025-8;90;1240000;0.05;2401000.0;3604.0;2120.0;1060.0;3;VAGO;Mista;1;1;1;1;1161000.0;93.62903225806451
SAMAMBAIA;QS-SAMAMBAIA;60219;2025;2025-8;95;121000;0.05;122020.0;300.0;200.0;100.0;1;VAGO;Mista;1;1;1;1;1020.0;0.8429752066115702
SAMAMBAIA;QN-SAMAMBAIA;60220;2025;2025-8;99;1030000;0.05;2161000.0;3406.5;2271.0;1135.5;3;VAGO;Mista;1;1;1;1;1131000.0;109.80582524271844
SAMAMBAIA;QS-SAMAMBAIA;60220;2025;2025-8;100;121000;0.05;145103.3;300.0;200.0;100.0;1;VAGO;Mista;1;1;1;1;24103.29999999999;19.92008264462809
SAMAMBAIA;QS-SAMAMBAIA;60220;2025;2025-8;101;121000;0.05;165103.4;300.0;200.0;100.0;1;VAGO;Mista;1;1;1;1;44103.399999999994;36.449090909090906
SAMAMBAIA;QS-SAMAMBAIA;60220;2025;2025-8;102;121000;0.05;165103.4;300.0;200.0;100.0;2;VAGO;Mista;1;1;1;1;44103.399999999994;36.449090909090906
SAMAMBAIA;QS-SAMAMBAIA;60220;2025;2025-8;103;381000;0.05;521000.0;1200.0;800.0;400.0;3;OBSTRUIDO;Mista;1;1;1;1;140000.0;36.74540682414698
SAMAMBAIA;QS-SAMAMBAIA;60220;2025;2025-8;104;381000;0.05;466990.0;1200.0;800.0;400.0;2;VAGO;Mista;1;1;1;1;85990.0;22.569553805774277
SANTA MARIA;SANTA MARIA                                  ;60218;2025;2025-8;110;119000;0.05;130000.0;500.0;280.0;200.0;2;OCUPADO;Mista;1;1;1;1;11000.0;9.243697478991598
SANTA MARIA;SANTA MARIA                                  ;60224;2025;2025-8;111;265000;0.05;270000.0;1440.0;840.0;600.0;2;OCUPADO;Mista;0;1;1;1;5000.0;1.8867924528301887
SAO SEBASTIAO;BAIRRO CRIXÁ;60217;2025;2025-8;113;1940000;0.05;1988500.0;4551.753;1517.251;1517.251;1;VAGO;Mista;1;1;1;1;48500.0;2.5
BRASILIA;SETOR DE HABITACOES INDIVIDUAIS SUL          ;60211;2025;2025-9;12;3760000;1.0;6659999.0;1120.0;1120.0;800.0;12;OCUPADO;Unifamiliar;1;0;0;0;2899999.0;77.1276329787234
BRASILIA;SETOR DE OFICINAS NORTE                      ;60227;2025;2025-9;16;354000;0.05;494550.0;175.0;175.0;125.0;2;OCUPADO;Mista;1;1;1;1;140550.0;39.70338983050847
BRASILIA;SHCNW-SETOR DE HABITAÇÕES COLETIVAS NOROESTE;60598;2025;2025-9;18;233000;0.05;261000.0;15.0;15.0;15.0;2;OBSTRUIDO;Mista;0;1;1;1;28000.0;12.017167381974248
GAMA;SETOR SUL                                    ;60216;2025;2025-9;21;201000;0.05;207777.77;1250.0;625.0;312.5;1;VAGO;Mista;1;1;1;1;6777.7699999999895;3.3720248756218854
GUARA;SETOR RESID INDUSTRIA E ABASTECIMENTO        ;60214;2025;2025-9;22;360000;0.05;594720.0;500.928;500.928;208.72;10;VAGO;Unifamiliar;1;0;0;0;234720.0;65.2
GUARA;SETOR RESID INDUSTRIA E ABASTECIMENTO        ;60214;2025;2025-9;23;260000;0.05;357200.0;345.6;345.6;144.0;4;OBSTRUIDO;Unifamiliar;1;0;0;0;97200.0;37.38461538461538
GUARA;SETOR RESID INDUSTRIA E ABASTECIMENTO        ;60214;2025;2025-9;24;288000;0.05;513311.2;388.8;388.8;162.0;15;VAGO;Unifamiliar;1;0;0;0;225311.2;78.23305555555557
GUARA;SETOR RESID INDUSTRIA E ABASTECIMENTO        ;60214;2025;2025-9;25;260000;0.05;435000.0;345.6;345.6;144.0;13;VAGO;Unifamiliar;1;0;0;0;175000.0;67.3076923076923
GUARA;SETOR RESID INDUSTRIA E ABASTECIMENTO        ;60214;2025;2025-9;26;260000;0.05;433233.95;345.6;345.6;144.0;12;OBSTRUIDO;Unifamiliar;1;0;0;0;173233.95;66.62844230769231
GUARA;SETOR RESID INDUSTRIA E ABASTECIMENTO        ;60214;2025;2025-9;27;260000;0.05;352561.0;345.6;345.6;144.0;11;EM CONSTRUCAO;Unifamiliar;1;0;0;0;92561.0;35.60038461538462
GUARA;SETOR RESID INDUSTRIA E ABASTECIMENTO        ;60214;2025;2025-9;28;260000;0.05;442312.0;345.6;345.6;144.0;10;OBSTRUIDO;Unifamiliar;1;0;0;0;182312.0;70.12
GUARA;SETOR RESID INDUSTRIA E ABASTECIMENTO        ;60214;2025;2025-9;29;260000;0.05;401000.0;345.6;345.6;144.0;10;EM CONSTRUCAO;Unifamiliar;1;0;0;0;141000.0;54.230769230769226
GUARA;SETOR RESID INDUSTRIA E ABASTECIMENTO        ;60214;2025;2025-9;30;260000;0.05;335999.99;345.6;345.6;144.0;5;EM CONSTRUCAO;Unifamiliar;1;0;0;0;75999.98999999999;29.23076538461538
JARDIM BOTÂNICO;COMP. URB. ALDEIAS DO CERRADO - QR 04 - RESIDENCIAL SUCUPIRAS;285;2025;2025-9;34;317000;0.05;335450.0;421.78;421.78;421.78;1;VAGO;Unifamiliar;1;0;0;0;18450.0;5.82018927444795
JARDIM BOTÂNICO;COMP. URB. ALDEIAS DO CERRADO - QR 04 - RESIDENCIAL SUCUPIRAS;285;2025;2025-9;42;317000;0.05;323000.0;420.0;420.0;420.0;3;VAGO;Unifamiliar;1;0;0;0;6000.0;1.8927444794952681
JARDIM BOTÂNICO;COMP. URB. ALDEIAS DO CERRADO - QR 04 - RESIDENCIAL SUCUPIRAS;285;2025;2025-9;43;317000;0.05;317591.12;420.0;420.0;420.0;1;VAGO;Unifamiliar;1;0;0;0;591.1199999999953;0.18647318611987235
JARDIM BOTÂNICO;COMP. URB. ALDEIAS DO CERRADO - QR 04 - RESIDENCIAL SUCUPIRAS;285;2025;2025-9;47;331000;0.05;336211.0;460.84;460.84;460.84;1;VAGO;Unifamiliar;1;0;0;0;5211.0;1.5743202416918427
JARDIM BOTÂNICO;COMP. URB. ALDEIAS DO CERRADO - QR 04 - RESIDENCIAL SUCUPIRAS;285;2025;2025-9;48;331000;0.05;332000.0;461.01;461.01;461.01;1;VAGO;Unifamiliar;1;0;0;0;1000.0;0.3021148036253776
JARDIM BOTÂNICO;COMP. URB. ALDEIAS DO CERRADO - QR 04 - RESIDENCIAL SUCUPIRAS;285;2025;2025-9;52;376000;0.05;383312.89;600.49;600.49;600.49;1;VAGO;Unifamiliar;1;0;0;0;7312.890000000014;1.944917553191493
SAMAMBAIA;QN-SAMAMBAIA;60217;2025;2025-9;64;689000;0.05;2100000.0;2592.0;1296.0;648.0;13;VAGO;Mista;1;1;1;1;1411000.0;204.78955007256894
SAMAMBAIA;QN-SAMAMBAIA;60217;2025;2025-9;65;158000;0.05;158100.0;350.0;200.0;100.0;1;EM CONSTRUCAO;Mista;1;1;1;1;100.0;0.06329113924050633
SAMAMBAIA;QS-SAMAMBAIA;60217;2025;2025-9;70;158000;0.05;205000.0;350.0;200.0;100.0;4;VAGO;Mista;1;1;1;1;47000.0;29.746835443037973
SAMAMBAIA;QS-SAMAMBAIA;60217;2025;2025-9;71;158000;0.05;161999.99;350.0;200.0;100.0;1;CERCADO;Mista;1;1;1;1;3999.9899999999907;2.5316392405063235
SAMAMBAIA;QS-SAMAMBAIA;60217;2025;2025-9;72;158000;0.05;158010.0;350.0;200.0;100.0;1;OCUPADO;Mista;1;1;1;1;10.0;0.006329113924050634
SAMAMBAIA;QS-SAMAMBAIA;60217;2025;2025-9;73;2500000;0.05;5410000.0;7391.43;4347.9;2173.95;5;VAGO;Mista;1;1;1;1;2910000.0;116.39999999999999
SAMAMBAIA;QS-SAMAMBAIA;60217;2025;2025-9;74;131000;0.05;175550.0;350.0;200.0;100.0;1;VAGO;Mista;1;1;1;1;44550.0;34.00763358778626
SAMAMBAIA;QS-SAMAMBAIA;60217;2025;2025-9;75;158000;0.05;159900.0;350.0;200.0;100.0;1;OCUPADO;Mista;1;1;1;1;1900.0;1.2025316455696202
SAMAMBAIA;QS-SAMAMBAIA;60218;2025;2025-9;76;70200;0.05;70200.0;280.0;200.0;100.0;1;OBSTRUIDO;Mista;1;1;1;1;0.0;0.0
SAMAMBAIA;QN-SAMAMBAIA;60219;2025;2025-9;82;116000;0.05;153000.0;300.0;200.0;100.0;3;OBSTRUIDO;Mista;1;1;1;1;37000.0;31.896551724137932
SAMAMBAIA;QN-SAMAMBAIA;60219;2025;2025-9;83;688000;0.05;815000.0;2250.0;1500.0;750.0;3;VAGO;Mista;1;1;1;1;127000.0;18.459302325581394
SAMAMBAIA;QN-SAMAMBAIA;60219;2025;2025-9;84;688000;0.05;815500.0;2250.0;1500.0;750.0;3;VAGO;Mista;1;1;1;1;127500.0;18.531976744186046
SAMAMBAIA;QS-SAMAMBAIA;60219;2025;2025-9;86;819000;0.05;825000.0;2220.0;1480.0;740.0;1;OBSTRUIDO;Mista;1;1;1;1;6000.0;0.7326007326007326
SAMAMBAIA;QS-SAMAMBAIA;60219;2025;2025-9;87;441000;0.05;441778.77;1407.0;938.0;469.0;1;OBSTRUIDO;Mista;1;1;1;1;778.7700000000186;0.17659183673469808
SAMAMBAIA;QS-SAMAMBAIA;60219;2025;2025-9;95;121000;0.05;155555.55;300.0;200.0;100.0;2;VAGO;Mista;1;1;1;1;34555.54999999999;28.558305785123956
SAMAMBAIA;QS-SAMAMBAIA;60219;2025;2025-9;96;202000;0.05;316875.0;585.0;390.0;195.0;1;VAGO;Mista;1;1;1;1;114875.0;56.86881188118812
SAMAMBAIA;QS-SAMAMBAIA;60219;2025;2025-9;98;202000;0.05;205000.0;585.0;390.0;195.0;1;VAGO;Mista;1;1;1;1;3000.0;1.4851485148514851
SAMAMBAIA;QS-SAMAMBAIA;60219;2025;2025-9;100;202000;0.05;230000.0;585.0;390.0;195.0;1;VAGO;Mista;1;1;1;1;28000.0;13.861386138613863
SAMAMBAIA;QN-SAMAMBAIA;60220;2025;2025-9;103;73100;0.05;75000.0;300.0;200.0;100.0;1;VAGO;Mista;1;1;1;1;1900.0;2.5991792065663475
SAMAMBAIA;QS-SAMAMBAIA;60220;2025;2025-9;104;73100;0.05;110000.0;300.0;200.0;100.0;7;VAGO;Mista;1;1;1;1;36900.0;50.47879616963065
SOBRADINHO;EXPANSAO ECONOMICA                           ;60227;2025;2025-9;110;284000;0.05;371912.0;588.0;420.0;210.0;2;OCUPADO;Mista;1;1;1;1;87912.0;30.95492957746479
TAGUATINGA;BAIRRO AGUAS CLARAS;60217;2025;2025-11;1;4340000;0.05;12000100.0;4500.0;2700.0;900.0;8;VAGO;Mista;1;1;1;1;7660100.0;176.5
ARNIQUEIRA;SETOR HABITACIONAL ARNIQUEIRA;60214;2025;2025-11;2;771000;0.05;1087000.0;2448.9;979.56;1224.45;2;CERCADO;Unifamiliar;1;0;0;0;316000.0;40.985732814526585
ARNIQUEIRA;SETOR HABITACIONAL ARNIQUEIRA;60215;2025;2025-11;4;547000;0.05;700000.0;1687.74;675.096;843.87;4;CONSTRUIDO;Unifamiliar;1;0;0;0;153000.0;27.97074954296161
BRASILIA;SETOR DE HABITACOES INDIVIDUAIS NORTE        ;60211;2025;2025-11;7;1420000;0.2;1551000.0;934.738;934.738;667.67;1;CONSTRUIDO;Unifamiliar;1;0;0;0;131000.0;9.225352112676056
BRASILIA;SHCNW-SETOR DE HABITAÇÕES COLETIVAS NOROESTE;60598;2025;2025-11;9;276000;0.05;614200.0;20.0;20.0;20.0;2;OBSTRUIDO;Mista;0;1;1;1;338200.0;122.53623188405798
CEILANDIA;SETOR P NORTE-ENTREQUADRA                    ;60216;2025;2025-11;12;64700;0.05;81000.0;160.0;80.0;40.0;7;VAGO;Mista;1;1;1;1;16300.0;25.19319938176198
CEILANDIA;SETOR INDUSTRIAL I                           ;60225;2025;2025-11;15;113000;0.05;350000.0;480.375;480.375;320.25;6;OCUPADO;Mista;0;1;1;1;237000.0;209.73451327433628
CEILANDIA;SETOR INDUSTRIAL I                           ;60225;2025;2025-11;16;496000;0.05;610000.0;480.375;480.375;320.25;1;OCUPADO;Mista;0;1;1;1;114000.0;22.983870967741936
GUARA;SETOR RESID INDUSTRIA E ABASTECIMENTO        ;60214;2025;2025-11;20;260000;0.05;451013.13;345.6;345.6;144.0;18;VAGO;Unifamiliar;1;0;0;0;191013.13;73.46658846153846
GUARA;SETOR RESID INDUSTRIA E ABASTECIMENTO        ;60214;2025;2025-11;21;260000;0.05;451013.13;345.6;345.6;144.0;15;OBSTRUIDO;Unifamiliar;1;0;0;0;191013.13;73.46658846153846
JARDIM BOTÂNICO;COMP. URB. ALDEIAS DO CERRADO - QR 04 - RESIDENCIAL SUCUPIRAS;285;2025;2025-11;25;340000;0.05;392200.5;487.37;487.37;487.37;1;VAGO;Unifamiliar;1;0;0;0;52200.5;15.353088235294118
JARDIM BOTÂNICO;COMP. URB. ALDEIAS DO CERRADO - QR 04 - RESIDENCIAL SUCUPIRAS;285;2025;2025-11;33;317000;0.05;318405.33;420.0;420.0;420.0;1;VAGO;Unifamiliar;1;0;0;0;1405.3300000000163;0.4433217665615194
JARDIM BOTÂNICO;COMP. URB. ALDEIAS DO CERRADO - QR 04 - RESIDENCIAL SUCUPIRAS;285;2025;2025-11;35;317000;0.05;320200.13;420.0;420.0;420.0;1;VAGO;Unifamiliar;1;0;0;0;3200.1300000000047;1.0095047318612003
JARDIM BOTÂNICO;COMP. URB. ALDEIAS DO CERRADO - QR 04 - RESIDENCIAL SUCUPIRAS;285;2025;2025-11;37;332000;0.05;338640.0;462.29;462.29;462.29;1;VAGO;Unifamiliar;1;0;0;0;6640.0;2.0
JARDIM BOTÂNICO;COMP. URB. ALDEIAS DO CERRADO - QR 04 - RESIDENCIAL SUCUPIRAS;285;2025;2025-11;43;317000;0.05;321101.01;420.0;420.0;420.0;1;VAGO;Unifamiliar;1;0;0;0;4101.010000000009;1.2936940063091513
SAO SEBASTIAO;SETOR HABITACIONAL JARDIM BOTANICO;60214;2025;2025-11;48;858000;0.05;873780.0;1591.2;1591.2;1060.8;1;VAGO;Unifamiliar;1;0;0;0;15780.0;1.8391608391608392
RIACHO FUNDO II;HABITACIONAL RIACHO FUNDO II;60217;2025;2025-11;58;354000;0.05;839600.0;752.46;351.148;250.82;10;CERCADO;Mista;1;1;1;1;485600.0;137.17514124293785
SAMAMBAIA;QR-SAMAMBAIA;60213;2025;2025-11;59;933000;0.05;953000.0;3150.0;1800.0;900.0;1;VAGO;Multifamiliar;1;0;0;0;20000.0;2.1436227224008575
SAMAMBAIA;CENTRO URBANO;60217;2025;2025-11;60;471000;0.05;887000.0;721.32;480.88;240.44;3;VAGO;Mista;1;1;1;1;416000.0;88.32271762208069
SAMAMBAIA;CENTRO URBANO;60217;2025;2025-11;61;3260000;0.05;3600000.0;6027.77;3444.44;1722.22;3;OBSTRUIDO;Mista;1;1;1;1;340000.0;10.429447852760736
SAMAMBAIA;QS-SAMAMBAIA;60218;2025;2025-11;64;83600;0.05;90600.0;140.0;100.0;50.0;1;VAGO;Mista;1;1;1;1;7000.0;8.373205741626794
SAMAMBAIA;QN-SAMAMBAIA;60219;2025;2025-11;66;216000;0.05;273000.0;600.0;400.0;200.0;2;VAGO;Mista;1;1;1;1;57000.0;26.38888888888889
SAMAMBAIA;QN-SAMAMBAIA;60219;2025;2025-11;77;87000;0.05;110000.0;150.0;100.0;50.0;2;VAGO;Mista;1;1;1;1;23000.0;26.436781609195403
SAMAMBAIA;QN-SAMAMBAIA;60220;2025;2025-11;79;1080000;0.05;1361000.0;3421.95;2281.3;1140.65;4;VAGO;Mista;1;1;1;1;281000.0;26.01851851851852
SAMAMBAIA;QN-SAMAMBAIA;60220;2025;2025-11;81;563000;0.05;565000.0;2926.2;1950.8;975.4;1;VAGO;Mista;1;1;1;1;2000.0;0.3552397868561279
SAMAMBAIA;QN-SAMAMBAIA;60220;2025;2025-11;82;331000;0.05;413313.13;1680.0;1120.0;560.0;1;VAGO;Mista;1;1;1;1;82313.13;24.86801510574018
SAMAMBAIA;QS-SAMAMBAIA;60220;2025;2025-11;84;127000;0.05;127109.91;300.0;200.0;100.0;2;VAGO;Mista;1;1;1;1;109.91000000000349;0.08654330708661692
SAMAMBAIA;QS-SAMAMBAIA;60220;2025;2025-11;86;127000;0.05;127109.91;300.0;200.0;100.0;1;VAGO;Mista;1;1;1;1;109.91000000000349;0.08654330708661692
SAMAMBAIA;QS-SAMAMBAIA;60220;2025;2025-11;87;127000;0.05;127721.73;300.0;200.0;100.0;1;VAGO;Mista;1;1;1;1;721.7299999999959;0.568291338582674
SAMAMBAIA;QS-SAMAMBAIA;60220;2025;2025-11;89;669000;0.05;691000.0;2075.04;1383.36;691.68;1;VAGO;Mista;1;1;1;1;22000.0;3.288490284005979
SAMAMBAIA;QS-SAMAMBAIA;60220;2025;2025-11;90;127000;0.05;151000.11;300.0;200.0;100.0;3;VAGO;Mista;1;1;1;1;24000.109999999986;18.897724409448806
SAMAMBAIA;QS-SAMAMBAIA;60220;2025;2025-11;93;127000;0.05;180000.0;300.0;200.0;100.0;3;VAGO;Mista;1;1;1;1;53000.0;41.732283464566926
BRASILIA;QUADRAS ECONOMICAS DA EPTG                   ;60213;2025;2025-12;3;1940000;0.05;1952000.0;2153.97;2153.97;717.99;1;VAGO;Multifamiliar;1;0;0;0;12000.0;0.6185567010309279
BRASILIA;SETOR DE OFICINAS NORTE                      ;60227;2025;2025-12;4;544000;0.05;761000.0;282.45;282.45;201.75;3;OCUPADO;Mista;1;1;1;1;217000.0;39.88970588235294
BRASILIA;SETOR DE OFICINAS NORTE                      ;60227;2025;2025-12;5;398000;0.05;398000.0;199.5;199.5;142.5;1;OCUPADO;Mista;1;1;1;1;0.0;0.0
BRASILIA;SHCNW-SETOR DE HABITAÇÕES COLETIVAS NOROESTE;60602;2025;2025-12;6;5250000;0.05;8804200.0;300.0;300.0;1200.0;2;VAGO;Comercial;0;1;0;0;3554200.0;67.69904761904762
CEILANDIA;SETOR N NORTE-QUADRA COMERCIAL               ;60217;2025;2025-12;7;494000;0.05;711900.0;1300.0;520.0;260.0;3;OCUPADO;Mista;1;1;1;1;217900.0;44.10931174089069
CEILANDIA;SETOR DE DESENVOLVIMENTO ECONOMICO CENTRO NORTE;60224;2025;2025-12;8;434000;0.05;434000.0;400.0;400.0;200.0;1;OCUPADO;Mista;0;1;1;1;0.0;0.0
CEILANDIA;SETOR DE DESENVOLVIMENTO ECONOMICO CENTRO NORTE;60227;2025;2025-12;11;153000;0.05;300050.0;300.0;300.0;150.0;4;OCUPADO;Mista;1;1;1;1;147050.0;96.11111111111111
CEILANDIA;SETOR DE DESENVOLVIMENTO ECONOMICO CENTRO NORTE;60227;2025;2025-12;12;153000;0.05;183600.0;300.0;300.0;150.0;1;OCUPADO;Mista;1;1;1;1;30600.0;20.0
GUARA;SETOR RESID INDUSTRIA E ABASTECIMENTO        ;60214;2025;2025-12;13;273000;0.05;391200.0;345.6;345.6;144.0;6;OCUPADO;Unifamiliar;1;0;0;0;118200.0;43.2967032967033
GUARA;SETOR RESID INDUSTRIA E ABASTECIMENTO        ;60214;2025;2025-12;14;273000;0.05;451160.6;345.6;345.6;144.0;11;OBSTRUIDO;Unifamiliar;1;0;0;0;178160.59999999998;65.26029304029302
GUARA;SETOR RESID INDUSTRIA E ABASTECIMENTO        ;60215;2025;2025-12;15;273000;0.05;517000.0;345.6;345.6;144.0;8;OBSTRUIDO;Unifamiliar;1;0;0;0;244000.0;89.37728937728939
GUARA;SETOR RESID INDUSTRIA E ABASTECIMENTO        ;60220;2025;2025-12;17;559000;0.05;571200.0;432.0;432.0;144.0;1;VAGO;Mista;1;1;1;1;12200.0;2.1824686940966007
JARDIM BOTÂNICO;COMP. URB. ALDEIAS DO CERRADO - QR 04 - RESIDENCIAL SUCUPIRAS;285;2025;2025-12;28;317000;0.05;317501.0;420.0;420.0;420.0;1;VAGO;Unifamiliar;1;0;0;0;501.0;0.1580441640378549
JARDIM BOTÂNICO;COMP. URB. ALDEIAS DO CERRADO - QR 04 - RESIDENCIAL SUCUPIRAS;285;2025;2025-12;29;317000;0.05;317107.07;420.0;420.0;420.0;2;VAGO;Unifamiliar;1;0;0;0;107.07000000000698;0.03377602523659526
JARDIM BOTÂNICO;COMP. URB. ALDEIAS DO CERRADO - QR 04 - RESIDENCIAL SUCUPIRAS;285;2025;2025-12;30;350000;0.05;353000.0;515.68;515.68;515.68;2;VAGO;Unifamiliar;1;0;0;0;3000.0;0.8571428571428572
JARDIM BOTÂNICO;COMP. URB. ALDEIAS DO CERRADO - QR 04 - RESIDENCIAL SUCUPIRAS;285;2025;2025-12;33;346000;0.05;347524.33;504.54;504.54;504.54;1;VAGO;Unifamiliar;1;0;0;0;1524.3300000000163;0.4405578034682128
JARDIM BOTÂNICO;COMP. URB. ALDEIAS DO CERRADO - QR 04 - RESIDENCIAL SUCUPIRAS;285;2025;2025-12;35;326000;0.05;326503.99;447.16;447.16;447.16;1;VAGO;Unifamiliar;1;0;0;0;503.9899999999907;0.15459815950919958
JARDIM BOTÂNICO;COMP. URB. ALDEIAS DO CERRADO - QR 04 - RESIDENCIAL SUCUPIRAS;285;2025;2025-12;36;352000;0.05;355000.0;523.32;523.32;523.32;1;VAGO;Unifamiliar;1;0;0;0;3000.0;0.8522727272727272
SAO SEBASTIAO;SETOR HABITACIONAL JARDIM BOTANICO;60214;2025;2025-12;40;621000;0.05;721000.0;1167.465;1167.465;778.31;6;CONSTRUIDO;Unifamiliar;1;0;0;0;100000.0;16.10305958132045
RECANTO DAS EMAS;RECANTO DAS EMAS;60216;2025;2025-12;52;183000;0.05;187100.0;403.48;363.132;201.74;3;VAGO;Mista;1;1;1;1;4100.0;2.2404371584699456
RECANTO DAS EMAS;AREA DE DESENVOLVIMENTO ECONOMICO;60227;2025;2025-12;56;184000;0.05;300000.0;562.8;562.8;140.7;3;OCUPADO;Mista;1;1;1;1;116000.0;63.04347826086957
SAMAMBAIA;QR-SAMAMBAIA;60213;2025;2025-12;57;323000;0.05;323000.0;1750.0;1000.0;500.0;1;OBSTRUIDO;Multifamiliar;1;0;0;0;0.0;0.0
SAMAMBAIA;CENTRO URBANO;60217;2025;2025-12;59;471000;0.05;817000.0;721.32;480.88;240.44;4;VAGO;Mista;1;1;1;1;346000.0;73.46072186836517
SAMAMBAIA;CENTRO URBANO;60217;2025;2025-12;60;471000;0.05;511001.59;720.66;480.44;240.22;1;VAGO;Mista;1;1;1;1;40001.590000000026;8.492906581740982
SAMAMBAIA;CENTRO URBANO;60217;2025;2025-12;61;487000;0.05;491001.59;750.0;500.0;250.0;1;VAGO;Mista;1;1;1;1;4001.5900000000256;0.8216817248460011
SAMAMBAIA;CENTRO URBANO;60217;2025;2025-12;62;487000;0.05;491001.59;750.0;500.0;250.0;1;VAGO;Mista;1;1;1;1;4001.5900000000256;0.8216817248460011
SAMAMBAIA;QN-SAMAMBAIA;60217;2025;2025-12;63;166000;0.05;167501.0;350.0;200.0;100.0;1;VAGO;Mista;1;1;1;1;1501.0;0.9042168674698795
SAMAMBAIA;QN-SAMAMBAIA;60217;2025;2025-12;64;166000;0.05;166000.0;350.0;200.0;100.0;1;VAGO;Mista;1;1;1;1;0.0;0.0
SAMAMBAIA;QN-SAMAMBAIA;60217;2025;2025-12;65;166000;0.05;194227.77;350.0;200.0;100.0;1;VAGO;Mista;1;1;1;1;28227.76999999999;17.00468072289156
SAMAMBAIA;QN-SAMAMBAIA;60217;2025;2025-12;68;166000;0.05;175000.0;350.0;200.0;100.0;1;OCUPADO;Mista;1;1;1;1;9000.0;5.421686746987952
SAMAMBAIA;QS-SAMAMBAIA;60217;2025;2025-12;69;902000;0.05;950000.0;2998.8;1764.0;882.0;1;OCUPADO;Mista;1;1;1;1;48000.0;5.321507760532151
SAMAMBAIA;QN-SAMAMBAIA;60219;2025;2025-12;74;153000;0.05;155000.0;300.0;200.0;100.0;1;VAGO;Mista;1;1;1;1;2000.0;1.3071895424836601
SAMAMBAIA;QN-SAMAMBAIA;60219;2025;2025-12;75;153000;0.05;155000.0;300.0;200.0;100.0;1;VAGO;Mista;1;1;1;1;2000.0;1.3071895424836601
SAMAMBAIA;QN-SAMAMBAIA;60220;2025;2025-12;82;794000;0.05;990000.0;2483.46;1655.64;827.82;1;VAGO;Mista;1;1;1;1;196000.0;24.68513853904282
SAMAMBAIA;QN-SAMAMBAIA;60220;2025;2025-12;83;1030000;0.05;1081000.0;3245.16;2163.44;1081.72;1;VAGO;Mista;1;1;1;1;51000.0;4.951456310679612
SAMAMBAIA;QS-SAMAMBAIA;60220;2025;2025-12;84;908000;0.05;1428000.0;2854.35;1902.9;951.45;4;VAGO;Mista;1;1;1;1;520000.0;57.268722466960355
SAMAMBAIA;QS-SAMAMBAIA;60220;2025;2025-12;85;203000;0.05;251000.0;556.5;371.0;185.5;1;VAGO;Mista;1;1;1;1;48000.0;23.645320197044335
SAMAMBAIA;QS-SAMAMBAIA;60220;2025;2025-12;87;198000;0.05;215000.0;540.0;360.0;180.0;3;OBSTRUIDO;Mista;1;1;1;1;17000.0;8.585858585858585
SOBRADINHO;SOBRADINHO                                   ;60214;2025;2025-12;89;374000;0.05;476000.0;735.0;735.0;350.0;7;VAGO;Unifamiliar;1;0;0;0;102000.0;27.27272727272727
CEILANDIA;SETOR M NORTE-QUADRA RESIDENCIAL             ;60219;2025;2025-13;2;289000;0.05;376800.0;750.0;500.0;250.0;4;CERCADO;Mista;1;1;1;1;87800.0;30.38062283737024
CEILANDIA;SETOR N NORTE-QUADRA RESIDENCIAL             ;60219;2025;2025-13;3;286000;0.05;291500.0;750.0;500.0;250.0;1;OCUPADO;Mista;1;1;1;1;5500.0;1.9230769230769231
CEILANDIA;SETOR M NORTE-QUADRA RESIDENCIAL             ;60220;2025;2025-13;5;361000;0.05;364971.0;1000.0;500.0;250.0;1;CERCADO;Mista;1;1;1;1;3971.0;1.0999999999999999
CEILANDIA;SETOR M NORTE-QUADRA RESIDENCIAL             ;60220;2025;2025-13;8;361000;0.05;373000.0;1000.0;500.0;250.0;1;CERCADO;Mista;1;1;1;1;12000.0;3.32409972299169
GUARA;SETOR RESID INDUSTRIA E ABASTECIMENTO        ;60214;2025;2025-13;9;310000;0.05;523011.19;399.6;399.6;166.5;15;VAGO;Unifamiliar;1;0;0;0;213011.19;68.7132870967742
GUARA;SETOR RESID INDUSTRIA E ABASTECIMENTO        ;60214;2025;2025-13;10;310000;0.05;511527.0;399.6;399.6;166.5;9;VAGO;Unifamiliar;1;0;0;0;201527.0;65.00870967741935
GUARA;SETOR RESID INDUSTRIA E ABASTECIMENTO        ;60214;2025;2025-13;11;298000;0.05;497000.0;381.456;381.456;158.94;6;VAGO;Unifamiliar;1;0;0;0;199000.0;66.77852348993288
JARDIM BOTÂNICO;COMP. URB. ALDEIAS DO CERRADO - QR 04 - RESIDENCIAL SUCUPIRAS;285;2025;2025-13;21;328000;0.05;330000.0;452.96;452.96;452.96;1;VAGO;Unifamiliar;1;0;0;0;2000.0;0.6097560975609756
JARDIM BOTÂNICO;COMP. URB. ALDEIAS DO CERRADO - QR 04 - RESIDENCIAL SUCUPIRAS;285;2025;2025-13;24;335000;0.05;337777.77;472.27;472.27;472.27;1;VAGO;Unifamiliar;1;0;0;0;2777.7700000000186;0.8291850746268712
JARDIM BOTÂNICO;COMP. URB. ALDEIAS DO CERRADO - QR 04 - RESIDENCIAL SUCUPIRAS;285;2025;2025-13;31;317000;0.05;318200.0;420.0;420.0;420.0;1;VAGO;Unifamiliar;1;0;0;0;1200.0;0.3785488958990536
JARDIM BOTÂNICO;COMP. URB. ALDEIAS DO CERRADO - QR 04 - RESIDENCIAL SUCUPIRAS;285;2025;2025-13;34;335000;0.05;335102.0;472.27;472.27;472.27;1;VAGO;Unifamiliar;1;0;0;0;102.0;0.03044776119402985
JARDIM BOTÂNICO;COMP. URB. ALDEIAS DO CERRADO - QR 04 - RESIDENCIAL SUCUPIRAS;285;2025;2025-13;35;362000;0.05;380000.2;554.58;554.58;554.58;3;VAGO;Unifamiliar;1;0;0;0;18000.20000000001;4.9724309392265225
SAO SEBASTIAO;SETOR HABITACIONAL JARDIM BOTANICO;60214;2025;2025-13;37;636000;0.05;809999.99;1199.475;1199.475;799.65;7;VAGO;Unifamiliar;1;0;0;0;173999.99;27.35848899371069
SAO SEBASTIAO;SETOR HABITACIONAL JARDIM BOTANICO;60214;2025;2025-13;38;961000;0.05;962000.0;1200.0;1200.0;800.0;1;OCUPADO;Unifamiliar;1;0;0;0;1000.0;0.10405827263267431
PARANOA;PARANOÁ PARQUE;60221;2025;2025-13;39;948000;0.05;1050000.0;3237.541;1798.634;1798.634;2;VAGO;Mista;0;1;1;1;102000.0;10.759493670886076
RECANTO DAS EMAS;RECANTO DAS EMAS;60216;2025;2025-13;40;237000;0.05;255100.0;535.82;482.238;267.91;1;VAGO;Mista;1;1;1;1;18100.0;7.637130801687764
RECANTO DAS EMAS;RECANTO DAS EMAS;60216;2025;2025-13;41;139000;0.05;141000.99;300.0;270.0;150.0;2;VAGO;Mista;1;1;1;1;2000.9899999999907;1.43956115107913
RECANTO DAS EMAS;RECANTO DAS EMAS;60216;2025;2025-13;42;201000;0.05;205000.0;448.32;403.488;224.16;1;OBSTRUIDO;Mista;1;1;1;1;4000.0;1.9900497512437811
RECANTO DAS EMAS;RECANTO DAS EMAS;60216;2025;2025-13;43;186000;0.05;186000.0;409.98;368.982;204.99;1;VAGO;Mista;1;1;1;1;0.0;0.0
RIACHO FUNDO II;HABITACIONAL RIACHO FUNDO II;60217;2025;2025-13;51;586000;0.05;588000.0;1350.0;630.0;450.0;1;VAGO;Mista;1;1;1;1;2000.0;0.3412969283276451
RIACHO FUNDO II;HABITACIONAL RIACHO FUNDO II;60217;2025;2025-13;52;586000;0.05;716600.0;1350.0;630.0;450.0;1;VAGO;Mista;1;1;1;1;130600.0;22.286689419795223
RIACHO FUNDO II;HABITACIONAL RIACHO FUNDO II;60217;2025;2025-13;53;586000;0.05;716660.0;1350.0;630.0;450.0;2;VAGO;Mista;1;1;1;1;130660.0;22.296928327645052
RIACHO FUNDO II;HABITACIONAL RIACHO FUNDO II;60222;2025;2025-13;56;631000;0.05;700010.0;1620.0;756.0;540.0;2;VAGO;Mista;0;1;1;1;69010.0;10.936608557844691
RIACHO FUNDO II;HABITACIONAL RIACHO FUNDO II;60227;2025;2025-13;61;78500;0.05;82000.01;100.0;70.0;50.0;1;VAGO;Mista;1;1;1;1;3500.0099999999948;4.458611464968146
RIACHO FUNDO II;HABITACIONAL RIACHO FUNDO II;60227;2025;2025-13;62;78500;0.05;85000.0;100.0;70.0;50.0;2;VAGO;Mista;1;1;1;1;6500.0;8.280254777070063
RIACHO FUNDO II;HABITACIONAL RIACHO FUNDO II;60227;2025;2025-13;63;78500;0.05;100000.0;100.0;70.0;50.0;4;VAGO;Mista;1;1;1;1;21500.0;27.388535031847134
RIACHO FUNDO II;HABITACIONAL RIACHO FUNDO II;60227;2025;2025-13;64;117000;0.05;193660.0;160.0;112.0;80.0;5;VAGO;Mista;1;1;1;1;76660.0;65.52136752136752
SAMAMBAIA;QN-SAMAMBAIA;60217;2025;2025-13;67;223000;0.05;386660.0;525.0;300.0;150.0;7;VAGO;Mista;1;1;1;1;163660.0;73.39013452914797
SAMAMBAIA;QS-SAMAMBAIA;60217;2025;2025-13;68;3050000;0.05;5551000.0;8619.68;5070.4;2535.2;1;VAGO;Mista;1;1;1;1;2501000.0;82.0
SAMAMBAIA;QS-SAMAMBAIA;60217;2025;2025-13;69;925000;0.05;1440000.0;2760.0;1380.0;690.0;4;VAGO;Mista;1;1;1;1;515000.0;55.67567567567567
SAMAMBAIA;QS-SAMAMBAIA;60217;2025;2025-13;70;830000;0.05;861000.0;2463.44;1231.72;615.86;2;VAGO;Mista;1;1;1;1;31000.0;3.734939759036145
SAMAMBAIA;QS-SAMAMBAIA;60217;2025;2025-13;71;1700000;0.05;1820000.0;4763.094;2801.82;1400.91;1;VAGO;Mista;1;1;1;1;120000.0;7.0588235294117645
SAMAMBAIA;QS-SAMAMBAIA;60217;2025;2025-13;72;166000;0.05;600000.0;350.0;200.0;100.0;10;OCUPADO;Mista;1;1;1;1;434000.0;261.44578313253015
SAMAMBAIA;QS-SAMAMBAIA;60218;2025;2025-13;73;83600;0.05;105000.0;140.0;100.0;50.0;1;VAGO;Mista;1;1;1;1;21400.0;25.598086124401913
SAMAMBAIA;QS-SAMAMBAIA;60219;2025;2025-13;79;1220000;0.05;1251000.0;3199.2;2132.8;1066.4;1;VAGO;Mista;1;1;1;1;31000.0;2.540983606557377
SAMAMBAIA;QS-SAMAMBAIA;60219;2025;2025-13;80;1240000;0.05;1351000.0;3243.6;2162.4;1081.2;1;VAGO;Mista;1;1;1;1;111000.0;8.951612903225808
SAMAMBAIA;QS-SAMAMBAIA;60219;2025;2025-13;82;186000;0.05;223290.0;900.0;600.0;300.0;6;VAGO;Mista;1;1;1;1;37290.0;20.048387096774192
SAMAMBAIA;QN-SAMAMBAIA;60220;2025;2025-13;84;127000;0.05;161000.0;300.0;200.0;100.0;8;VAGO;Mista;1;1;1;1;34000.0;26.77165354330709
SAMAMBAIA;QN-SAMAMBAIA;60220;2025;2025-13;86;1170000;0.05;1507000.0;3688.5;2459.0;1229.5;3;VAGO;Mista;1;1;1;1;337000.0;28.8034188034188
SAMAMBAIA;QS-SAMAMBAIA;60220;2025;2025-13;87;1060000;0.05;1707000.0;3353.25;2235.5;1117.75;1;OBSTRUIDO;Mista;1;1;1;1;647000.0;61.03773584905661
SAMAMBAIA;QS-SAMAMBAIA;60220;2025;2025-13;88;216000;0.05;263013.13;600.0;400.0;200.0;2;VAGO;Mista;1;1;1;1;47013.130000000005;21.765337962962967
SAMAMBAIA;QS-SAMAMBAIA;60220;2025;2025-13;89;216000;0.05;263013.13;600.0;400.0;200.0;1;VAGO;Mista;1;1;1;1;47013.130000000005;21.765337962962967
SAMAMBAIA;QS-SAMAMBAIA;60220;2025;2025-13;90;216000;0.05;263013.0;600.0;400.0;200.0;1;VAGO;Mista;1;1;1;1;47013.0;21.76527777777778
SAMAMBAIA;QS-SAMAMBAIA;60220;2025;2025-13;91;237000;0.05;260790.0;1170.0;780.0;390.0;2;VAGO;Mista;1;1;1;1;23790.0;10.037974683544304
SANTA MARIA;SANTA MARIA                                  ;60217;2025;2025-13;92;1240000;0.05;1250000.0;3552.28;1243.298;888.07;1;OCUPADO;Mista;1;1;1;1;10000.0;0.8064516129032258
SOBRADINHO;SETOR INDUSTRIAL                             ;60224;2025;2025-13;94;578000;0.05;600010.0;1400.0;1400.0;700.0;2;OBSTRUIDO;Mista;0;1;1;1;22010.0;3.807958477508651
CEILANDIA;SETOR O NORTE-QUADRA RESIDENCIAL             ;60219;2025;2025-14;2;448000;0.05;586600.0;1307.25;871.5;435.75;2;OCUPADO;Mista;1;1;1;1;138600.0;30.9375
CEILANDIA;SETOR INDUSTRIAL I                           ;60225;2025;2025-14;4;243000;0.05;751900.0;1400.0;1400.0;700.0;8;VAGO;Mista;0;1;1;1;508900.0;209.4238683127572
GAMA;SETOR DE MULTIPLAS ATIVIDADES;60224;2025;2025-14;5;221000;0.05;350000.0;352.0;220.0;220.0;3;VAGO;Mista;0;1;1;1;129000.0;58.371040723981906
GAMA;SETOR DE MULTIPLAS ATIVIDADES;60224;2025;2025-14;6;218000;0.05;241000.0;340.16;212.6;212.6;1;VAGO;Mista;0;1;1;1;23000.0;10.550458715596331
GUARA;SETOR RESID INDUSTRIA E ABASTECIMENTO        ;1000;2025;2025-14;7;192000;0.05;1001000.0;45.0;45.0;45.0;4;OCUPADO;Comercial;0;1;0;0;809000.0;421.3541666666667
GUARA;SETOR RESID INDUSTRIA E ABASTECIMENTO        ;60220;2025;2025-14;9;559000;0.05;571000.0;432.0;432.0;144.0;1;VAGO;Mista;1;1;1;1;12000.0;2.146690518783542
GUARA;SETOR RESID INDUSTRIA E ABASTECIMENTO        ;60220;2025;2025-14;10;559000;0.05;571000.0;432.0;432.0;144.0;1;VAGO;Mista;1;1;1;1;12000.0;2.146690518783542
JARDIM BOTÂNICO;COMP. URB. ALDEIAS DO CERRADO - QR 04 - RESIDENCIAL SUCUPIRAS;285;2025;2025-14;13;317000;0.05;330500.0;420.0;420.0;420.0;2;VAGO;Unifamiliar;1;0;0;0;13500.0;4.2586750788643535
JARDIM BOTÂNICO;COMP. URB. ALDEIAS DO CERRADO - QR 04 - RESIDENCIAL SUCUPIRAS;285;2025;2025-14;14;317000;0.05;318000.0;420.0;420.0;420.0;1;VAGO;Unifamiliar;1;0;0;0;1000.0;0.31545741324921134
JARDIM BOTÂNICO;COMP. URB. ALDEIAS DO CERRADO - QR 04 - RESIDENCIAL SUCUPIRAS;285;2025;2025-14;15;317000;0.05;325000.0;420.0;420.0;420.0;1;VAGO;Unifamiliar;1;0;0;0;8000.0;2.5236593059936907
JARDIM BOTÂNICO;COMP. URB. ALDEIAS DO CERRADO - QR 04 - RESIDENCIAL SUCUPIRAS;285;2025;2025-14;24;330000;0.05;333333.99;456.63;456.63;456.63;1;VAGO;Unifamiliar;1;0;0;0;3333.9899999999907;1.010299999999997
PARANOA;PARANOÁ PARQUE;60221;2025;2025-14;33;969000;0.05;1060000.0;3318.763;1843.757;1843.757;1;OBSTRUIDO;Mista;0;1;1;1;91000.0;9.39112487100103
RECANTO DAS EMAS;RECANTO DAS EMAS;60217;2025;2025-14;35;238200;0.05;240200.0;132.25;103.5;57.5;1;OCUPADO;Mista;1;1;1;1;2000.0;0.8396305625524769
RECANTO DAS EMAS;RECANTO DAS EMAS;60217;2025;2025-14;37;146000;0.05;151000.0;345.0;270.0;150.0;1;VAGO;Mista;1;1;1;1;5000.0;3.4246575342465753
RECANTO DAS EMAS;RECANTO DAS EMAS;60217;2025;2025-14;38;146000;0.05;151000.0;345.0;270.0;150.0;1;VAGO;Mista;1;1;1;1;5000.0;3.4246575342465753
RECANTO DAS EMAS;RECANTO DAS EMAS;60217;2025;2025-14;39;146000;0.05;151000.0;345.0;270.0;150.0;1;VAGO;Mista;1;1;1;1;5000.0;3.4246575342465753
RECANTO DAS EMAS;RECANTO DAS EMAS;60217;2025;2025-14;41;1170000;0.05;1401100.0;3510.0;2527.2;1404.0;1;VAGO;Mista;1;1;1;1;231100.0;19.75213675213675
RECANTO DAS EMAS;AREA DE DESENVOLVIMENTO ECONOMICO;60227;2025;2025-14;45;149000;0.05;160000.0;446.4;446.4;111.6;1;OCUPADO;Mista;1;1;1;1;11000.0;7.38255033557047
RECANTO DAS EMAS;AREA DE DESENVOLVIMENTO ECONOMICO;60227;2025;2025-14;46;149000;0.05;149500.0;446.4;446.4;111.6;1;OCUPADO;Mista;1;1;1;1;500.0;0.33557046979865773
RECANTO DAS EMAS;AREA DE DESENVOLVIMENTO ECONOMICO;60227;2025;2025-14;47;154000;0.05;160000.0;463.36;463.36;115.84;1;OCUPADO;Mista;1;1;1;1;6000.0;3.896103896103896
RIACHO FUNDO II;HABITACIONAL RIACHO FUNDO II;60217;2025;2025-14;48;150000;0.05;220000.0;273.0;127.4;91.0;4;VAGO;Mista;1;1;1;1;70000.0;46.666666666666664
RIACHO FUNDO II;HABITACIONAL RIACHO FUNDO II;60224;2025;2025-14;50;2070000;0.05;2070100.0;3307.5;3307.5;2362.5;1;VAGO;Mista;0;1;1;1;100.0;0.004830917874396135
SAMAMBAIA;QN-SAMAMBAIA;60217;2025;2025-14;58;166000;0.05;250000.0;350.0;200.0;100.0;1;VAGO;Mista;1;1;1;1;84000.0;50.602409638554214
SAMAMBAIA;QN-SAMAMBAIA;60217;2025;2025-14;59;166000;0.05;240000.0;350.0;200.0;100.0;3;VAGO;Mista;1;1;1;1;74000.0;44.57831325301205
SAMAMBAIA;QS-SAMAMBAIA;60217;2025;2025-14;66;166000;0.05;167100.0;350.0;200.0;100.0;1;VAGO;Mista;1;1;1;1;1100.0;0.6626506024096386
SAMAMBAIA;QN-SAMAMBAIA;60219;2025;2025-14;68;127000;0.05;141700.0;300.0;200.0;100.0;1;VAGO;Mista;1;1;1;1;14700.0;11.5748031496063
SAMAMBAIA;QN-SAMAMBAIA;60219;2025;2025-14;69;670000;0.05;900900.0;2079.0;1386.0;693.0;1;VAGO;Mista;1;1;1;1;230900.0;34.462686567164184
SAMAMBAIA;QN-SAMAMBAIA;60219;2025;2025-14;70;838000;0.05;851000.0;2625.0;1750.0;875.0;1;VAGO;Mista;1;1;1;1;13000.0;1.5513126491646778
SAMAMBAIA;QN-SAMAMBAIA;60219;2025;2025-14;72;153000;0.05;153000.0;390.0;260.0;130.0;1;OBSTRUIDO;Mista;1;1;1;1;0.0;0.0
SAMAMBAIA;QS-SAMAMBAIA;60219;2025;2025-14;73;746000;0.05;756000.0;2325.0;1550.0;775.0;1;VAGO;Mista;1;1;1;1;10000.0;1.3404825737265416
SAMAMBAIA;QS-SAMAMBAIA;60219;2025;2025-14;74;617000;0.05;628000.0;1906.5;1271.0;635.5;1;VAGO;Mista;1;1;1;1;11000.0;1.7828200972447326
SAMAMBAIA;QN-SAMAMBAIA;60220;2025;2025-14;75;1230000;0.05;1552000.0;3903.6;2602.4;1301.2;1;VAGO;Mista;1;1;1;1;322000.0;26.178861788617887
SAMAMBAIA;QN-SAMAMBAIA;60220;2025;2025-14;76;603000;0.05;716013.09;1861.98;1241.32;620.66;1;VAGO;Mista;1;1;1;1;113013.08999999997;18.741805970149247
SAMAMBAIA;QN-SAMAMBAIA;60220;2025;2025-14;79;855000;0.05;863599.0;2681.7;1787.8;893.9;1;VAGO;Mista;1;1;1;1;8599.0;1.0057309941520467
SAMAMBAIA;QN-SAMAMBAIA;60220;2025;2025-14;80;127000;0.05;210000.0;300.0;200.0;100.0;6;VAGO;Mista;1;1;1;1;83000.0;65.35433070866141
SAMAMBAIA;QS-SAMAMBAIA;60220;2025;2025-14;84;216000;0.05;436660.0;600.0;400.0;200.0;5;VAGO;Mista;1;1;1;1;220660.0;102.15740740740739
SAMAMBAIA;QS-SAMAMBAIA;60220;2025;2025-14;88;87000;0.05;90000.0;150.0;100.0;50.0;1;VAGO;Mista;1;1;1;1;3000.0;3.4482758620689653
SANTA MARIA;SANTA MARIA                                  ;60217;2025;2025-14;98;2640000;0.1;2715000.0;9811.6;3434.06;2452.9;1;OBSTRUIDO;Mista;1;1;1;1;75000.0;2.840909090909091
VICENTE PIRES;SETOR HABITACIONAL VICENTE PIRES - TRECHO 03;60214;2025;2025-14;101;249000;0.05;571100.0;687.24;687.24;343.62;22;OBSTRUIDO;Unifamiliar;1;0;0;0;322100.0;129.3574297188755
ARNIQUEIRA;SETOR HABITACIONAL ARNIQUEIRA;60215;2025;2025-16;3;625000;0.05;1010000.0;1978.34;791.336;989.17;3;OCUPADO;Unifamiliar;1;0;0;0;385000.0;61.6
ARNIQUEIRA;SETOR HABITACIONAL ARNIQUEIRA;60219;2025;2025-16;6;296000;0.05;701000.0;781.38;390.69;390.69;11;CONSTRUIDO;Mista;1;1;1;1;405000.0;136.82432432432432
ARNIQUEIRA;SETOR HABITACIONAL ARNIQUEIRA;60220;2025;2025-16;7;327000;0.05;331500.0;866.9;433.45;433.45;2;OCUPADO;Mista;1;1;1;1;4500.0;1.3761467889908259
CEILANDIA;SETOR INDUSTRIAL I                           ;60225;2025;2025-16;15;118000;0.05;357000.0;472.5;472.5;315.0;7;OBSTRUIDO;Mista;0;1;1;1;239000.0;202.54237288135593
CEILANDIA;SETOR INDUSTRIAL I                           ;60225;2025;2025-16;18;84300;0.05;125200.0;315.0;315.0;210.0;2;OCUPADO;Mista;0;1;1;1;40900.0;48.517200474495844
JARDIM BOTÂNICO;COMP. URB. ALDEIAS DO CERRADO - QR 04 - RESIDENCIAL SUCUPIRAS;285;2025;2025-16;24;317000;0.05;317499.0;420.0;420.0;420.0;1;VAGO;Unifamiliar;1;0;0;0;499.0;0.15741324921135647
JARDIM BOTÂNICO;COMP. URB. ALDEIAS DO CERRADO - QR 04 - RESIDENCIAL SUCUPIRAS;285;2025;2025-16;29;344000;0.05;365500.0;498.8;498.8;498.8;3;VAGO;Unifamiliar;1;0;0;0;21500.0;6.25
JARDIM BOTÂNICO;COMP. URB. ALDEIAS DO CERRADO - QR 04 - RESIDENCIAL SUCUPIRAS;285;2025;2025-16;41;335000;0.05;337500.0;472.27;472.27;472.27;1;VAGO;Unifamiliar;1;0;0;0;2500.0;0.7462686567164178
SAO SEBASTIAO;SETOR HABITACIONAL JARDIM BOTANICO;60214;2025;2025-16;45;861000;0.05;1073737.0;1597.665;1597.665;1065.11;4;VAGO;Unifamiliar;1;0;0;0;212737.0;24.708130081300812
RECANTO DAS EMAS;SUBCENTRO URBANO 400/600;60222;2025;2025-16;50;3990000;0.05;8851000.0;19978.2;11986.92;6659.4;3;VAGO;Mista;0;1;1;1;4861000.0;121.82957393483709
SAMAMBAIA;QN-SAMAMBAIA;60213;2025;2025-16;53;771000;0.05;850000.0;2582.265;1475.58;737.79;1;VAGO;Multifamiliar;1;0;0;0;79000.0;10.246433203631646
SAMAMBAIA;QN-SAMAMBAIA;60217;2025;2025-16;60;137000;0.05;155407.0;350.0;200.0;100.0;1;VAGO;Mista;1;1;1;1;18407.0;13.435766423357665
SAMAMBAIA;QN-SAMAMBAIA;60217;2025;2025-16;61;1360000;0.05;1911000.0;3784.2;2226.0;1113.0;5;VAGO;Mista;1;1;1;1;551000.0;40.51470588235294
SAMAMBAIA;QN-SAMAMBAIA;60217;2025;2025-16;62;1300000;0.05;1909000.0;3604.0;2120.0;1060.0;4;VAGO;Mista;1;1;1;1;609000.0;46.84615384615385
SAMAMBAIA;QN-SAMAMBAIA;60220;2025;2025-16;71;127000;0.05;152600.0;300.0;200.0;100.0;4;VAGO;Mista;1;1;1;1;25600.0;20.15748031496063
SAMAMBAIA;QN-SAMAMBAIA;60220;2025;2025-16;72;127000;0.05;233000.0;300.0;200.0;100.0;1;CONSTRUIDO;Mista;1;1;1;1;106000.0;83.46456692913385
SAMAMBAIA;QN-SAMAMBAIA;60220;2025;2025-16;73;127000;0.05;233000.0;300.0;200.0;100.0;2;VAGO;Mista;1;1;1;1;106000.0;83.46456692913385
SAMAMBAIA;QS-SAMAMBAIA;60220;2025;2025-16;74;198000;0.05;235101.0;540.0;360.0;180.0;1;VAGO;Mista;1;1;1;1;37101.0;18.73787878787879
SAMAMBAIA;QS-SAMAMBAIA;60220;2025;2025-16;76;682000;0.05;701050.0;2118.54;1412.36;706.18;1;VAGO;Mista;1;1;1;1;19050.0;2.793255131964809
SETOR DE INDUSTRIA E ABASTECIMENTO;SETOR DE TRANSPORTE RODOVIARIO DE CARGAS;60224;2025;2025-16;87;11000000;0.05;11057000.0;13064.525;5225.81;5225.81;1;OBSTRUIDO;Mista;0;1;1;1;57000.0;0.5181818181818182
VICENTE PIRES;SETOR HABITACIONAL VICENTE PIRES - TRECHO 03;60214;2025;2025-16;89;673000;0.05;703000.0;2767.74;2767.74;1383.87;1;OCUPADO;Unifamiliar;1;0;0;0;30000.0;4.457652303120357
VICENTE PIRES;SETOR HABITACIONAL VICENTE PIRES - TRECHO 03;60214;2025;2025-16;90;283000;0.05;450000.0;827.64;827.64;413.82;4;OCUPADO;Unifamiliar;1;0;0;0;167000.0;59.01060070671378
VICENTE PIRES;SETOR HABITACIONAL VICENTE PIRES - TRECHO 03;60214;2025;2025-16;93;863000;0.05;1050100.01;3863.86;3863.86;1931.93;1;OCUPADO;Unifamiliar;1;0;0;0;187100.01;21.680186558516805
VICENTE PIRES;SETOR HABITACIONAL VICENTE PIRES - TRECHO 03;60214;2025;2025-16;94;553000;0.05;750000.0;2121.48;2121.48;1060.74;1;OCUPADO;Unifamiliar;1;0;0;0;197000.0;35.62386980108499
ARNIQUEIRA;SETOR HABITACIONAL ARNIQUEIRA;60214;2025;2025-18;1;206000;0.05;288888.88;601.54;300.77;300.77;4;OCUPADO;Unifamiliar;1;0;0;0;82888.88;40.23732038834952
ARNIQUEIRA;SETOR HABITACIONAL ARNIQUEIRA;60214;2025;2025-18;2;260000;0.05;368888.88;766.32;383.16;383.16;3;OCUPADO;Unifamiliar;1;0;0;0;108888.88;41.880338461538464
ARNIQUEIRA;SETOR HABITACIONAL ARNIQUEIRA;60215;2025;2025-18;4;689000;0.05;852000.0;2203.64;881.456;1101.82;1;OCUPADO;Unifamiliar;1;0;0;0;163000.0;23.657474600870827
ARNIQUEIRA;SETOR HABITACIONAL ARNIQUEIRA;60219;2025;2025-18;5;1570000;0.05;5340000.0;4816.2;2408.1;2408.1;6;OCUPADO;Mista;1;1;1;1;3770000.0;240.12738853503186
ARNIQUEIRA;SETOR HABITACIONAL ARNIQUEIRA;60219;2025;2025-18;6;1530000;0.05;5340000.0;4676.46;2338.23;2338.23;6;CERCADO;Mista;1;1;1;1;3810000.0;249.01960784313727
ARNIQUEIRA;SETOR HABITACIONAL ARNIQUEIRA;60219;2025;2025-18;7;322000;0.05;611011.11;852.0;426.0;426.0;4;OCUPADO;Mista;1;1;1;1;289011.11;89.75500310559006
BRASILIA;SETOR DE HABITACOES INDIVIDUAIS NORTE        ;60221;2025;2025-18;12;1540000;0.05;4100000.0;480.7;480.7;1045.0;9;VAGO;Mista;0;1;1;1;2560000.0;166.23376623376623
BRASILIA;SETOR DE HABITACOES INDIVIDUAIS NORTE        ;60221;2025;2025-18;13;1540000;0.05;4100000.0;480.7;480.7;1045.0;9;VAGO;Mista;0;1;1;1;2560000.0;166.23376623376623
BRASILIA;SHCNW-SETOR DE HABITAÇÕES COLETIVAS NOROESTE;60598;2025;2025-18;15;233000;0.05;555000.0;15.0;15.0;15.0;3;VAGO;Mista;0;1;1;1;322000.0;138.19742489270385
GUARA;SETOR RESID INDUSTRIA E ABASTECIMENTO        ;60214;2025;2025-18;19;543000;0.05;655000.0;742.56;742.56;309.4;3;OCUPADO;Unifamiliar;1;0;0;0;112000.0;20.626151012891345
GUARA;SETOR RESID INDUSTRIA E ABASTECIMENTO        ;60214;2025;2025-18;20;273000;0.05;485026.1;345.6;345.6;144.0;6;OCUPADO;Unifamiliar;1;0;0;0;212026.09999999998;77.66523809523808
GUARA;SETOR RESID INDUSTRIA E ABASTECIMENTO        ;60214;2025;2025-18;21;273000;0.05;485026.1;345.6;345.6;144.0;11;VAGO;Unifamiliar;1;0;0;0;212026.09999999998;77.66523809523808
GUARA;SETOR RESID INDUSTRIA E ABASTECIMENTO        ;60220;2025;2025-18;23;559000;0.05;579999.99;432.0;432.0;144.0;1;VAGO;Mista;1;1;1;1;20999.98999999999;3.7567066189624314
JARDIM BOTÂNICO;COMP. URB. ALDEIAS DO CERRADO - QR 04 - RESIDENCIAL SUCUPIRAS;285;2025;2025-18;25;319000;0.05;321500.0;426.92;426.92;426.92;2;VAGO;Unifamiliar;1;0;0;0;2500.0;0.7836990595611284
JARDIM BOTÂNICO;COMP. URB. ALDEIAS DO CERRADO - QR 04 - RESIDENCIAL SUCUPIRAS;285;2025;2025-18;28;341000;0.05;347500.0;490.56;490.56;490.56;1;VAGO;Unifamiliar;1;0;0;0;6500.0;1.906158357771261
JARDIM BOTÂNICO;COMP. URB. ALDEIAS DO CERRADO - QR 04 - RESIDENCIAL SUCUPIRAS;285;2025;2025-18;32;317000;0.05;317840.0;420.0;420.0;420.0;1;VAGO;Unifamiliar;1;0;0;0;840.0;0.2649842271293375
JARDIM BOTÂNICO;COMP. URB. ALDEIAS DO CERRADO - QR 04 - RESIDENCIAL SUCUPIRAS;285;2025;2025-18;33;351000;0.05;361000.0;520.63;520.63;520.63;1;VAGO;Unifamiliar;1;0;0;0;10000.0;2.849002849002849
JARDIM BOTÂNICO;COMP. URB. ALDEIAS DO CERRADO - QR 04 - RESIDENCIAL SUCUPIRAS;285;2025;2025-18;34;327000;0.05;328000.0;449.34;449.34;449.34;1;VAGO;Unifamiliar;1;0;0;0;1000.0;0.3058103975535168
JARDIM BOTÂNICO;COMP. URB. ALDEIAS DO CERRADO - QR 04 - RESIDENCIAL SUCUPIRAS;285;2025;2025-18;40;357000;0.05;361101.99;537.36;537.36;537.36;1;VAGO;Unifamiliar;1;0;0;0;4101.989999999991;1.1490168067226865
JARDIM BOTÂNICO;COMP. URB. ALDEIAS DO CERRADO - QR 04 - RESIDENCIAL SUCUPIRAS;285;2025;2025-18;41;317000;0.05;329500.0;420.0;420.0;420.0;2;VAGO;Unifamiliar;1;0;0;0;12500.0;3.943217665615142
PLANALTINA;SETOR RESIDENCIAL LESTE (SRL);60216;2025;2025-18;51;51000;0.05;52099.99;120.0;120.0;60.0;1;VAGO;Mista;1;1;1;1;1099.989999999998;2.156843137254898
PLANALTINA;SETOR RESIDENCIAL LESTE (SRL);60216;2025;2025-18;53;43600;0.05;47333.33;102.5;102.5;51.25;3;VAGO;Mista;1;1;1;1;3733.3300000000017;8.562683486238535
RIACHO FUNDO II;HABITACIONAL RIACHO FUNDO II;60217;2025;2025-18;56;586000;0.05;616600.0;1350.0;630.0;450.0;1;VAGO;Mista;1;1;1;1;30600.0;5.221843003412969
RIACHO FUNDO II;HABITACIONAL RIACHO FUNDO II;60217;2025;2025-18;57;586000;0.05;587300.0;1350.0;630.0;450.0;1;VAGO;Mista;1;1;1;1;1300.0;0.2218430034129693
RIACHO FUNDO II;HABITACIONAL RIACHO FUNDO II;60227;2025;2025-18;60;78500;0.05;85000.11;100.0;70.0;50.0;2;VAGO;Mista;1;1;1;1;6500.110000000001;8.2803949044586
RIACHO FUNDO II;HABITACIONAL RIACHO FUNDO II;60227;2025;2025-18;61;78500;0.05;85001.11;100.0;70.0;50.0;3;VAGO;Mista;1;1;1;1;6501.110000000001;8.281668789808919
SAMAMBAIA;QS-SAMAMBAIA;60219;2025;2025-18;70;1360000;0.05;1860000.0;3570.0;2380.0;1190.0;1;VAGO;Mista;1;1;1;1;500000.0;36.76470588235294
SAMAMBAIA;QN-SAMAMBAIA;60220;2025;2025-18;71;503000;0.05;650000.0;1536.0;1024.0;512.0;1;VAGO;Mista;1;1;1;1;147000.0;29.22465208747515
SAMAMBAIA;QN-SAMAMBAIA;60220;2025;2025-18;74;385000;0.05;436600.0;1152.0;768.0;384.0;1;VAGO;Mista;1;1;1;1;51600.0;13.402597402597403
SAMAMBAIA;QS-SAMAMBAIA;60220;2025;2025-18;78;968000;0.05;968400.0;5096.52;3397.68;1698.84;1;VAGO;Mista;1;1;1;1;400.0;0.04132231404958678
VICENTE PIRES;SETOR HABITACIONAL VICENTE PIRES - TRECHO 03;60214;2025;2025-18;83;542000;0.05;672300.99;2062.1;2062.1;1031.05;1;OCUPADO;Unifamiliar;1;0;0;0;130300.98999999999;24.040773062730626
VICENTE PIRES;SETOR HABITACIONAL VICENTE PIRES - TRECHO 03;60214;2025;2025-18;84;311000;0.05;380000.0;951.24;951.24;475.62;2;OCUPADO;Unifamiliar;1;0;0;0;69000.0;22.186495176848876
VICENTE PIRES;SETOR HABITACIONAL VICENTE PIRES - TRECHO 03;60214;2025;2025-18;86;362000;0.05;401000.0;1178.74;1178.74;589.37;1;OCUPADO;Unifamiliar;1;0;0;0;39000.0;10.773480662983426
BRASILIA;SHCNW-SETOR DE HABITAÇÕES COLETIVAS NOROESTE;60600;2025;2025-20;7;7850000;0.05;8088888.88;2340.0;2340.0;780.0;1;VAGO;Mista;1;1;1;1;238888.8799999999;3.043170445859871
CEILANDIA;SETOR INDUSTRIAL I                           ;60225;2025;2025-20;8;120000;0.05;377000.0;480.375;480.375;320.25;3;CERCADO;Mista;0;1;1;1;257000.0;214.16666666666666
CEILANDIA;SETOR INDUSTRIAL I                           ;60225;2025;2025-20;9;84300;0.05;88900.0;315.0;315.0;210.0;2;CERCADO;Mista;0;1;1;1;4600.0;5.456702253855279
CEILANDIA;SETOR INDUSTRIAL I                           ;60227;2025;2025-20;10;40700;0.05;62733.33;120.0;120.0;60.0;7;VAGO;Mista;1;1;1;1;22033.33;54.13594594594595
GAMA;SETOR SUL                                    ;60216;2025;2025-20;11;201000;0.05;252515.0;1250.0;625.0;312.5;1;VAGO;Mista;1;1;1;1;51515.0;25.629353233830848
JARDIM BOTÂNICO;COMP. URB. ALDEIAS DO CERRADO - QR 04 - RESIDENCIAL SUCUPIRAS;285;2025;2025-20;22;323000;0.05;327477.0;436.17;436.17;436.17;1;VAGO;Unifamiliar;1;0;0;0;4477.0;1.3860681114551083
JARDIM BOTÂNICO;COMP. URB. ALDEIAS DO CERRADO - QR 04 - RESIDENCIAL SUCUPIRAS;285;2025;2025-20;24;350000;0.05;360000.0;518.13;518.13;518.13;1;VAGO;Unifamiliar;1;0;0;0;10000.0;2.857142857142857
JARDIM BOTÂNICO;COMP. URB. ALDEIAS DO CERRADO - QR 04 - RESIDENCIAL SUCUPIRAS;285;2025;2025-20;25;352000;0.05;391952.0;523.59;523.59;523.59;2;VAGO;Unifamiliar;1;0;0;0;39952.0;11.35
JARDIM BOTÂNICO;COMP. URB. ALDEIAS DO CERRADO - QR 04 - RESIDENCIAL SUCUPIRAS;285;2025;2025-20;26;335000;0.05;352100.0;472.27;472.27;472.27;1;VAGO;Unifamiliar;1;0;0;0;17100.0;5.104477611940299
JARDIM BOTÂNICO;COMP. URB. ALDEIAS DO CERRADO - QR 04 - RESIDENCIAL SUCUPIRAS;285;2025;2025-20;28;317000;0.05;322254.73;420.0;420.0;420.0;1;VAGO;Unifamiliar;1;0;0;0;5254.729999999981;1.6576435331230224
PARANOA;PARANOÁ PARQUE;60221;2025;2025-20;29;969000;0.05;1100000.0;3318.768;1843.76;1843.76;1;VAGO;Mista;0;1;1;1;131000.0;13.519091847265221
RIACHO FUNDO II;HABITACIONAL RIACHO FUNDO II;60227;2025;2025-20;41;354000;0.05;415500.0;575.0;402.5;287.5;1;CERCADO;Mista;1;1;1;1;61500.0;17.372881355932204
RIACHO FUNDO II;HABITACIONAL RIACHO FUNDO II;60227;2025;2025-20;42;157000;0.05;201000.0;225.0;157.5;112.5;1;CERCADO;Mista;1;1;1;1;44000.0;28.02547770700637
RIACHO FUNDO II;HABITACIONAL RIACHO FUNDO II;60227;2025;2025-20;43;157000;0.05;191000.0;225.0;157.5;112.5;1;CERCADO;Mista;1;1;1;1;34000.0;21.656050955414013
RIACHO FUNDO II;HABITACIONAL RIACHO FUNDO II;60227;2025;2025-20;46;157000;0.05;225300.0;225.0;157.5;112.5;1;CERCADO;Mista;1;1;1;1;68300.0;43.503184713375795
RIACHO FUNDO II;HABITACIONAL RIACHO FUNDO II;60227;2025;2025-20;47;157000;0.05;225300.0;225.0;157.5;112.5;2;CERCADO;Mista;1;1;1;1;68300.0;43.503184713375795
SAMAMBAIA;CENTRO URBANO;60217;2025;2025-20;50;487000;0.05;602000.0;750.0;500.0;250.0;2;VAGO;Mista;1;1;1;1;115000.0;23.613963039014372
SAMAMBAIA;QN-SAMAMBAIA;60219;2025;2025-20;53;127000;0.05;150000.0;300.0;200.0;100.0;3;VAGO;Mista;1;1;1;1;23000.0;18.11023622047244
SAMAMBAIA;QN-SAMAMBAIA;60219;2025;2025-20;55;127000;0.05;130000.0;300.0;200.0;100.0;1;VAGO;Mista;1;1;1;1;3000.0;2.3622047244094486
SAMAMBAIA;QN-SAMAMBAIA;60220;2025;2025-20;56;268000;0.05;280000.0;768.0;512.0;256.0;1;VAGO;Mista;1;1;1;1;12000.0;4.477611940298507
SAMAMBAIA;QN-SAMAMBAIA;60220;2025;2025-20;62;127000;0.05;150999.99;300.0;200.0;100.0;2;VAGO;Mista;1;1;1;1;23999.98999999999;18.897629921259835
SAMAMBAIA;QN-SAMAMBAIA;60220;2025;2025-20;66;127000;0.05;160511.84;300.0;200.0;100.0;1;VAGO;Mista;1;1;1;1;33511.84;26.38727559055118
SAMAMBAIA;QN-SAMAMBAIA;60220;2025;2025-20;70;127000;0.05;166999.99;300.0;200.0;100.0;1;VAGO;Mista;1;1;1;1;39999.98999999999;31.496055118110228
SAMAMBAIA;QN-SAMAMBAIA;60220;2025;2025-20;71;127000;0.05;166999.99;300.0;200.0;100.0;2;VAGO;Mista;1;1;1;1;39999.98999999999;31.496055118110228
SAMAMBAIA;QS-SAMAMBAIA;60220;2025;2025-20;72;841000;0.05;1009953.0;2634.66;1756.44;878.22;3;VAGO;Mista;1;1;1;1;168953.0;20.089536266349583
SAMAMBAIA;QS-SAMAMBAIA;60220;2025;2025-20;74;862000;0.05;946000.0;2703.12;1802.08;901.04;3;VAGO;Mista;1;1;1;1;84000.0;9.744779582366588
SAMAMBAIA;QS-SAMAMBAIA;60220;2025;2025-20;77;308000;0.05;308500.0;900.0;600.0;300.0;1;VAGO;Mista;1;1;1;1;500.0;0.16233766233766234
SAMAMBAIA;QS-SAMAMBAIA;60220;2025;2025-20;81;216000;0.05;300000.0;600.0;400.0;200.0;1;VAGO;Mista;1;1;1;1;84000.0;38.88888888888889
SAMAMBAIA;QS-SAMAMBAIA;60220;2025;2025-20;82;174000;0.05;174000.0;832.5;555.0;277.5;1;VAGO;Mista;1;1;1;1;0.0;0.0
VICENTE PIRES;SETOR HABITACIONAL VICENTE PIRES - TRECHO 03;60214;2025;2025-20;89;285000;0.05;425000.0;838.98;838.98;419.49;3;OCUPADO;Unifamiliar;1;0;0;0;140000.0;49.122807017543856
VICENTE PIRES;SETOR HABITACIONAL VICENTE PIRES - TRECHO 03;60214;2025;2025-20;90;143000;0.05;418000.0;296.96;296.96;148.48;8;OCUPADO;Unifamiliar;1;0;0;0;275000.0;192.30769230769232
ARNIQUEIRA;SETOR HABITACIONAL ARNIQUEIRA;60215;2025;2025-21;2;483000;0.05;630000.0;1493.34;597.336;746.67;7;CONSTRUIDO;Unifamiliar;1;0;0;0;147000.0;30.434782608695656
BRASILIA;SHCNW-SETOR DE HABITAÇÕES COLETIVAS NOROESTE;60604;2025;2025-21;3;7870000;0.05;11151790.0;3793.24;3793.24;1724.2;5;VAGO;Mista;0;1;1;1;3281790.0;41.699999999999996
CEILANDIA;SETOR INDUSTRIAL I                           ;60225;2025;2025-21;5;84300;0.05;220000.0;315.0;315.0;210.0;3;OCUPADO;Mista;0;1;1;1;135700.0;160.97271648873073
CEILANDIA;SETOR INDUSTRIAL I                           ;60225;2025;2025-21;7;84300;0.05;100000.0;315.0;315.0;210.0;1;CONSTRUIDO;Mista;0;1;1;1;15700.0;18.62396204033215
CEILANDIA;SETOR INDUSTRIAL I                           ;60227;2025;2025-21;8;40700;0.05;70050.0;120.0;120.0;60.0;2;OBSTRUIDO;Mista;1;1;1;1;29350.0;72.11302211302211
CEILANDIA;SETOR INDUSTRIAL I                           ;60227;2025;2025-21;15;40700;0.05;48000.0;120.0;120.0;60.0;1;OBSTRUIDO;Mista;1;1;1;1;7300.0;17.936117936117938
CEILANDIA;SETOR INDUSTRIAL I                           ;60227;2025;2025-21;16;40700;0.05;66533.33;120.0;120.0;60.0;2;OBSTRUIDO;Mista;1;1;1;1;25833.33;63.47255528255529
CEILANDIA;SETOR INDUSTRIAL I                           ;60227;2025;2025-21;17;40700;0.05;76533.33;120.0;120.0;60.0;2;OBSTRUIDO;Mista;1;1;1;1;35833.33;88.04257985257986
CEILANDIA;SETOR INDUSTRIAL I                           ;60227;2025;2025-21;18;40700;0.05;76533.33;120.0;120.0;60.0;4;OBSTRUIDO;Mista;1;1;1;1;35833.33;88.04257985257986
CEILANDIA;SETOR INDUSTRIAL I                           ;60227;2025;2025-21;19;40700;0.05;66533.33;120.0;120.0;60.0;2;OBSTRUIDO;Mista;1;1;1;1;25833.33;63.47255528255529
CEILANDIA;SETOR INDUSTRIAL I                           ;60227;2025;2025-21;20;40700;0.05;46991.0;120.0;120.0;60.0;1;OBSTRUIDO;Mista;1;1;1;1;6291.0;15.457002457002458
CEILANDIA;SETOR INDUSTRIAL I                           ;60227;2025;2025-21;27;40700;0.05;51550.0;120.0;120.0;60.0;1;VAGO;Mista;1;1;1;1;10850.0;26.65847665847666
CEILANDIA;SETOR INDUSTRIAL I                           ;60227;2025;2025-21;28;40700;0.05;55550.0;120.0;120.0;60.0;1;VAGO;Mista;1;1;1;1;14850.0;36.486486486486484
GAMA;SETOR CENTRAL                                ;60217;2025;2025-21;29;5480000;0.05;8201000.0;14000.0;10500.0;2500.0;7;CERCADO;Mista;1;1;1;1;2721000.0;49.65328467153285
GUARA;SETOR RESID INDUSTRIA E ABASTECIMENTO        ;60220;2025;2025-21;30;559000;0.05;586950.0;432.0;432.0;144.0;2;VAGO;Mista;1;1;1;1;27950.0;5.0
JARDIM BOTÂNICO;COMP. URB. ALDEIAS DO CERRADO - QR 04 - RESIDENCIAL SUCUPIRAS;285;2025;2025-21;31;317000;0.05;317777.77;420.0;420.0;420.0;1;VAGO;Unifamiliar;1;0;0;0;777.7700000000186;0.245353312302845
JARDIM BOTÂNICO;COMP. URB. ALDEIAS DO CERRADO - QR 04 - RESIDENCIAL SUCUPIRAS;285;2025;2025-21;32;317000;0.05;317050.0;420.0;420.0;420.0;1;VAGO;Unifamiliar;1;0;0;0;50.0;0.01577287066246057
JARDIM BOTÂNICO;COMP. URB. ALDEIAS DO CERRADO - QR 04 - RESIDENCIAL SUCUPIRAS;285;2025;2025-21;33;317000;0.05;319000.0;420.0;420.0;420.0;1;VAGO;Unifamiliar;1;0;0;0;2000.0;0.6309148264984227
JARDIM BOTÂNICO;COMP. URB. ALDEIAS DO CERRADO - QR 04 - RESIDENCIAL SUCUPIRAS;285;2025;2025-21;37;317000;0.05;317200.0;421.4;421.4;421.4;1;VAGO;Unifamiliar;1;0;0;0;200.0;0.06309148264984228
JARDIM BOTÂNICO;COMP. URB. ALDEIAS DO CERRADO - QR 04 - RESIDENCIAL SUCUPIRAS;285;2025;2025-21;40;338000;0.05;341000.0;480.86;480.86;480.86;1;VAGO;Unifamiliar;1;0;0;0;3000.0;0.8875739644970414
JARDIM BOTÂNICO;COMP. URB. ALDEIAS DO CERRADO - QR 04 - RESIDENCIAL SUCUPIRAS;285;2025;2025-21;41;339000;0.05;365000.0;482.76;482.76;482.76;3;VAGO;Unifamiliar;1;0;0;0;26000.0;7.669616519174041
JARDIM BOTÂNICO;COMP. URB. ALDEIAS DO CERRADO - QR 04 - RESIDENCIAL SUCUPIRAS;285;2025;2025-21;45;365000;0.05;389389.0;564.73;564.73;564.73;2;VAGO;Unifamiliar;1;0;0;0;24389.0;6.681917808219177
JARDIM BOTÂNICO;COMP. URB. ALDEIAS DO CERRADO - QR 04 - RESIDENCIAL SUCUPIRAS;285;2025;2025-21;46;317000;0.05;320000.0;420.0;420.0;420.0;1;VAGO;Unifamiliar;1;0;0;0;3000.0;0.9463722397476341
RECANTO DAS EMAS;RECANTO DAS EMAS;60216;2025;2025-21;47;634000;0.05;1215000.0;1560.0;1404.0;780.0;2;VAGO;Mista;1;1;1;1;581000.0;91.6403785488959
RECANTO DAS EMAS;RECANTO DAS EMAS;60217;2025;2025-21;54;325000;0.05;325000.0;345.0;270.0;150.0;1;OCUPADO;Mista;1;1;1;1;0.0;0.0
RIACHO FUNDO II;HABITACIONAL RIACHO FUNDO II;60227;2025;2025-21;65;78500;0.05;85141.44;100.0;70.0;50.0;1;VAGO;Mista;1;1;1;1;6641.440000000002;8.460433121019111
RIACHO FUNDO II;HABITACIONAL RIACHO FUNDO II;60227;2025;2025-21;66;78500;0.05;85141.44;100.0;70.0;50.0;3;VAGO;Mista;1;1;1;1;6641.440000000002;8.460433121019111
RIACHO FUNDO II;HABITACIONAL RIACHO FUNDO II;60227;2025;2025-21;67;248000;0.05;260000.0;382.5;267.75;191.25;2;OBSTRUIDO;Mista;1;1;1;1;12000.0;4.838709677419355
RIACHO FUNDO II;HABITACIONAL RIACHO FUNDO II;60227;2025;2025-21;68;342000;0.05;380000.0;552.5;386.75;276.25;2;VAGO;Mista;1;1;1;1;38000.0;11.11111111111111
SAMAMBAIA;QN-SAMAMBAIA;60217;2025;2025-21;79;137000;0.05;142000.0;350.0;200.0;100.0;1;VAGO;Mista;1;1;1;1;5000.0;3.64963503649635
SAMAMBAIA;QS-SAMAMBAIA;60219;2025;2025-21;91;228000;0.05;246000.99;1125.0;750.0;375.0;1;VAGO;Mista;1;1;1;1;18000.98999999999;7.895171052631575
VICENTE PIRES;SETOR HABITACIONAL VICENTE PIRES - TRECHO 03;60214;2025;2025-21;99;306000;0.05;421000.99;928.0;928.0;464.0;2;OCUPADO;Unifamiliar;1;0;0;0;115000.98999999999;37.58202287581699
CEILANDIA;SETOR R NORTE-CNR;60215;2026;2026-1;6;22100;0.05;23000.01;60.0;60.0;25.0;2;OCUPADO;Unifamiliar;1;0;0;0;900.0099999999984;4.07244343891402
CEILANDIA;SETOR INDUSTRIAL I                           ;60225;2026;2026-1;11;84300;0.05;151580.0;315.0;315.0;210.0;4;CERCADO;Mista;0;1;1;1;67280.0;79.81020166073547
JARDIM BOTÂNICO;COMP. URB. ALDEIAS DO CERRADO - QR 04 - RESIDENCIAL SUCUPIRAS;285;2026;2026-1;18;317000;0.05;325501.99;420.0;420.0;420.0;1;VAGO;Unifamiliar;1;0;0;0;8501.98999999999;2.6820157728706597
JARDIM BOTÂNICO;COMP. URB. ALDEIAS DO CERRADO - QR 04 - RESIDENCIAL SUCUPIRAS;285;2026;2026-1;22;335000;0.05;339101.33;472.07;472.07;472.07;1;VAGO;Unifamiliar;1;0;0;0;4101.330000000016;1.2242776119403034
JARDIM BOTÂNICO;COMP. URB. ALDEIAS DO CERRADO - QR 04 - RESIDENCIAL SUCUPIRAS;285;2026;2026-1;24;317000;0.05;317500.0;420.0;420.0;420.0;1;VAGO;Unifamiliar;1;0;0;0;500.0;0.15772870662460567
JARDIM BOTÂNICO;COMP. URB. ALDEIAS DO CERRADO - QR 04 - RESIDENCIAL SUCUPIRAS;285;2026;2026-1;25;335000;0.05;340010.1;472.27;472.27;472.27;4;VAGO;Unifamiliar;1;0;0;0;5010.099999999977;1.4955522388059632
JARDIM BOTÂNICO;COMP. URB. ALDEIAS DO CERRADO - QR 04 - RESIDENCIAL SUCUPIRAS;285;2026;2026-1;27;317000;0.05;318000.0;420.0;420.0;420.0;1;VAGO;Unifamiliar;1;0;0;0;1000.0;0.31545741324921134
SAO SEBASTIAO;SETOR HABITACIONAL JARDIM BOTANICO;60214;2026;2026-1;30;731000;0.05;881001.01;1200.0;1200.0;800.0;7;OBSTRUIDO;Unifamiliar;1;0;0;0;150001.01;20.519974008207935
NUCLEO BANDEIRANTE;AVENIDA CENTRAL                              ;1000;2026;2026-1;32;49700;0.05;50000.0;4.0;4.0;4.0;1;OBSTRUIDO;Comercial;0;1;0;0;300.0;0.6036217303822937
RECANTO DAS EMAS;RECANTO DAS EMAS;60217;2026;2026-1;41;169000;0.05;211999.99;405.03;316.98;176.1;1;VAGO;Mista;1;1;1;1;42999.98999999999;25.44378106508875
RECANTO DAS EMAS;RECANTO DAS EMAS;60217;2026;2026-1;42;248000;0.05;310000.0;615.756;481.896;267.72;1;VAGO;Mista;1;1;1;1;62000.0;25.0
RECANTO DAS EMAS;RECANTO DAS EMAS;60217;2026;2026-1;43;358000;0.05;360010.0;916.32;717.12;398.4;1;VAGO;Mista;1;1;1;1;2010.0;0.5614525139664804
RECANTO DAS EMAS;RECANTO DAS EMAS;60217;2026;2026-1;49;411000;0.05;411000.0;376.671;294.786;163.77;1;OCUPADO;Mista;1;1;1;1;0.0;0.0
RIACHO FUNDO II;HABITACIONAL RIACHO FUNDO II;60227;2026;2026-1;59;258000;0.05;261654.0;400.0;280.0;200.0;1;VAGO;Mista;1;1;1;1;3654.0;1.416279069767442
SAMAMBAIA;QS-SAMAMBAIA;60217;2026;2026-1;67;137000;0.05;180100.0;350.0;200.0;100.0;2;VAGO;Mista;1;1;1;1;43100.0;31.45985401459854
SAMAMBAIA;QS-SAMAMBAIA;60217;2026;2026-1;68;137000;0.05;180100.0;350.0;200.0;100.0;2;VAGO;Mista;1;1;1;1;43100.0;31.45985401459854
SAMAMBAIA;QS-SAMAMBAIA;60217;2026;2026-1;69;166000;0.05;172000.0;350.0;200.0;100.0;3;VAGO;Mista;1;1;1;1;6000.0;3.614457831325301
SAMAMBAIA;QN-SAMAMBAIA;60219;2026;2026-1;71;271000;0.05;272000.99;780.0;520.0;260.0;1;OBSTRUIDO;Mista;1;1;1;1;1000.9899999999907;0.36936900369003345
SAMAMBAIA;QS-SAMAMBAIA;60220;2026;2026-1;80;518000;0.05;777000.0;2681.7;1787.8;893.9;2;VAGO;Mista;1;1;1;1;259000.0;50.0
SAMAMBAIA;QS-SAMAMBAIA;60220;2026;2026-1;81;563000;0.05;777000.0;2926.2;1950.8;975.4;3;VAGO;Mista;1;1;1;1;214000.0;38.01065719360569
SOBRADINHO;EXPANSAO ECONOMICA                           ;60227;2026;2026-1;84;293000;0.05;293010.0;588.0;420.0;210.0;1;OBSTRUIDO;Mista;1;1;1;1;10.0;0.0034129692832764505
CEILANDIA;SETOR O NORTE-QUADRA RESIDENCIAL             ;60219;2026;2026-2;6;453000;0.05;488200.0;1323.0;882.0;441.0;1;OBSTRUIDO;Mista;1;1;1;1;35200.0;7.770419426048565
CEILANDIA;SETOR M NORTE-QUADRA RESIDENCIAL             ;60220;2026;2026-2;7;361000;0.05;405000.0;1000.0;500.0;250.0;1;CERCADO;Mista;1;1;1;1;44000.0;12.18836565096953
CEILANDIA;SETOR M NORTE-QUADRA RESIDENCIAL             ;60220;2026;2026-2;8;361000;0.05;372999.99;1000.0;500.0;250.0;1;OBSTRUIDO;Mista;1;1;1;1;11999.98999999999;3.324096952908585
CEILANDIA;SETOR M NORTE-QUADRA RESIDENCIAL             ;60220;2026;2026-2;10;361000;0.05;525000.0;1000.0;500.0;250.0;2;CERCADO;Mista;1;1;1;1;164000.0;45.42936288088642
CEILANDIA;SETOR M NORTE-QUADRA RESIDENCIAL             ;60220;2026;2026-2;11;361000;0.05;525000.0;1000.0;500.0;250.0;2;CERCADO;Mista;1;1;1;1;164000.0;45.42936288088642
CEILANDIA;SETOR M NORTE-QUADRA RESIDENCIAL             ;60220;2026;2026-2;12;361000;0.05;380000.0;1000.0;500.0;250.0;1;CERCADO;Mista;1;1;1;1;19000.0;5.263157894736842
CEILANDIA;SETOR INDUSTRIAL I                           ;60225;2026;2026-2;13;84300;0.05;221800.0;315.0;315.0;210.0;3;OCUPADO;Mista;0;1;1;1;137500.0;163.1079478054567
CEILANDIA;SETOR INDUSTRIAL I                           ;60225;2026;2026-2;14;84300;0.05;125900.0;315.0;315.0;210.0;4;OCUPADO;Mista;0;1;1;1;41600.0;49.34756820877818
CEILANDIA;SETOR INDUSTRIAL I                           ;60227;2026;2026-2;15;40700;0.05;45700.0;120.0;120.0;60.0;2;VAGO;Mista;1;1;1;1;5000.0;12.285012285012286
CEILANDIA;SETOR INDUSTRIAL I                           ;60227;2026;2026-2;16;40700;0.05;53000.0;120.0;120.0;60.0;2;VAGO;Mista;1;1;1;1;12300.0;30.22113022113022
CEILANDIA;SETOR INDUSTRIAL I                           ;60227;2026;2026-2;17;40700;0.05;47700.0;120.0;120.0;60.0;2;VAGO;Mista;1;1;1;1;7000.0;17.1990171990172
CEILANDIA;SETOR INDUSTRIAL I                           ;60227;2026;2026-2;20;40700;0.05;48511.0;120.0;120.0;60.0;4;OBSTRUIDO;Mista;1;1;1;1;7811.0;19.191646191646193
CEILANDIA;SETOR INDUSTRIAL I                           ;60227;2026;2026-2;21;40700;0.05;55337.0;120.0;120.0;60.0;3;OBSTRUIDO;Mista;1;1;1;1;14637.0;35.96314496314496
CEILANDIA;SETOR INDUSTRIAL I                           ;60227;2026;2026-2;22;40700;0.05;48511.0;120.0;120.0;60.0;1;OBSTRUIDO;Mista;1;1;1;1;7811.0;19.191646191646193
CEILANDIA;SETOR INDUSTRIAL I                           ;60227;2026;2026-2;23;40700;0.05;48511.0;120.0;120.0;60.0;1;OBSTRUIDO;Mista;1;1;1;1;7811.0;19.191646191646193
CEILANDIA;SETOR INDUSTRIAL I                           ;60227;2026;2026-2;24;40700;0.05;48511.0;120.0;120.0;60.0;1;OBSTRUIDO;Mista;1;1;1;1;7811.0;19.191646191646193
CEILANDIA;SETOR INDUSTRIAL I                           ;60227;2026;2026-2;25;40700;0.05;48511.0;120.0;120.0;60.0;1;OBSTRUIDO;Mista;1;1;1;1;7811.0;19.191646191646193
CEILANDIA;SETOR INDUSTRIAL I                           ;60227;2026;2026-2;26;40700;0.05;49500.0;120.0;120.0;60.0;1;OBSTRUIDO;Mista;1;1;1;1;8800.0;21.62162162162162
CEILANDIA;SETOR INDUSTRIAL I                           ;60227;2026;2026-2;27;40700;0.05;51550.0;120.0;120.0;60.0;1;OBSTRUIDO;Mista;1;1;1;1;10850.0;26.65847665847666
JARDIM BOTÂNICO;COMP. URB. ALDEIAS DO CERRADO - QR 04 - RESIDENCIAL SUCUPIRAS;285;2026;2026-2;30;317000;0.05;322555.55;420.0;420.0;420.0;1;VAGO;Unifamiliar;1;0;0;0;5555.549999999988;1.7525394321766525
JARDIM BOTÂNICO;COMP. URB. ALDEIAS DO CERRADO - QR 04 - RESIDENCIAL SUCUPIRAS;285;2026;2026-2;34;336000;0.05;351123.45;475.77;475.77;475.77;4;VAGO;Unifamiliar;1;0;0;0;15123.450000000012;4.501026785714289
JARDIM BOTÂNICO;COMP. URB. ALDEIAS DO CERRADO - QR 04 - RESIDENCIAL SUCUPIRAS;285;2026;2026-2;38;334000;0.05;338860.4;469.97;469.97;469.97;1;VAGO;Unifamiliar;1;0;0;0;4860.400000000023;1.4552095808383303
JARDIM BOTÂNICO;COMP. URB. ALDEIAS DO CERRADO - QR 04 - RESIDENCIAL SUCUPIRAS;285;2026;2026-2;39;355000;0.05;370000.0;532.25;532.25;532.25;2;VAGO;Unifamiliar;1;0;0;0;15000.0;4.225352112676056
RECANTO DAS EMAS;RECANTO DAS EMAS;60217;2026;2026-2;45;668000;0.05;670000.0;684.825;535.95;297.75;2;OCUPADO;Mista;1;1;1;1;2000.0;0.29940119760479045
RIACHO FUNDO II;HABITACIONAL RIACHO FUNDO II;60217;2026;2026-2;47;150000;0.05;166200.0;273.0;127.4;91.0;2;VAGO;Mista;1;1;1;1;16200.0;10.8
RIACHO FUNDO II;HABITACIONAL RIACHO FUNDO II;60217;2026;2026-2;48;150000;0.05;185500.0;273.0;127.4;91.0;4;VAGO;Mista;1;1;1;1;35500.0;23.666666666666668
RIACHO FUNDO II;HABITACIONAL RIACHO FUNDO II;60227;2026;2026-2;61;157000;0.05;164850.0;225.0;157.5;112.5;1;CERCADO;Mista;1;1;1;1;7850.0;5.0
RIACHO FUNDO II;HABITACIONAL RIACHO FUNDO II;60227;2026;2026-2;62;157000;0.05;164850.0;225.0;157.5;112.5;1;CERCADO;Mista;1;1;1;1;7850.0;5.0
SAMAMBAIA;CENTRO URBANO;60217;2026;2026-2;65;3480000;0.05;3900050.0;6426.0;3672.0;1836.0;1;OBSTRUIDO;Mista;1;1;1;1;420050.0;12.070402298850574
SAMAMBAIA;QS-SAMAMBAIA;60218;2026;2026-2;67;194600;0.05;207999.99;140.0;100.0;50.0;1;OCUPADO;Mista;1;1;1;1;13399.98999999999;6.885914696813973
SAMAMBAIA;QN-SAMAMBAIA;60219;2026;2026-2;71;1640000;0.05;1805000.0;5228.88;3485.92;1742.96;1;VAGO;Mista;1;1;1;1;165000.0;10.060975609756099
SAMAMBAIA;QN-SAMAMBAIA;60219;2026;2026-2;80;477000;0.05;486500.0;1450.02;966.68;483.34;1;VAGO;Mista;1;1;1;1;9500.0;1.9916142557651992
SAMAMBAIA;QN-SAMAMBAIA;60220;2026;2026-2;97;308000;0.05;325000.0;900.0;600.0;300.0;3;VAGO;Mista;1;1;1;1;17000.0;5.51948051948052
SAMAMBAIA;QS-SAMAMBAIA;60220;2026;2026-2;101;403500;0.05;403500.0;900.0;600.0;300.0;1;OCUPADO;Mista;1;1;1;1;0.0;0.0
SAMAMBAIA;QS-SAMAMBAIA;60220;2026;2026-2;103;127000;0.05;137000.0;300.0;200.0;100.0;1;VAGO;Mista;1;1;1;1;10000.0;7.874015748031496
SAMAMBAIA;QS-SAMAMBAIA;60220;2026;2026-2;105;127000;0.05;215000.0;300.0;200.0;100.0;2;VAGO;Mista;1;1;1;1;88000.0;69.29133858267717
SAMAMBAIA;QS-SAMAMBAIA;60220;2026;2026-2;108;127000;0.05;128299.0;300.0;200.0;100.0;1;VAGO;Mista;1;1;1;1;1299.0;1.0228346456692914
SAMAMBAIA;QS-SAMAMBAIA;60220;2026;2026-2;109;127000;0.05;131000.0;300.0;200.0;100.0;2;VAGO;Mista;1;1;1;1;4000.0;3.149606299212598
BRASILIA;SHCNW-SETOR DE HABITAÇÕES COLETIVAS NOROESTE;60600;2026;2026-3;2;7150000;0.05;7211111.12;2340.0;2340.0;780.0;1;VAGO;Mista;1;1;1;1;61111.12000000011;0.8547009790209805
GUARA;SETOR RESID INDUSTRIA E ABASTECIMENTO        ;60220;2026;2026-3;7;633000;0.05;633100.01;499.5;499.5;166.5;1;VAGO;Mista;1;1;1;1;100.01000000000931;0.015799368088469084
JARDIM BOTÂNICO;COMP. URB. ALDEIAS DO CERRADO - QR 04 - RESIDENCIAL SUCUPIRAS;285;2026;2026-3;8;317000;0.05;351100.0;420.0;420.0;420.0;2;VAGO;Unifamiliar;1;0;0;0;34100.0;10.757097791798108
JARDIM BOTÂNICO;COMP. URB. ALDEIAS DO CERRADO - QR 04 - RESIDENCIAL SUCUPIRAS;285;2026;2026-3;12;335000;0.05;342700.0;472.27;472.27;472.27;3;VAGO;Unifamiliar;1;0;0;0;7700.0;2.298507462686567
JARDIM BOTÂNICO;COMP. URB. ALDEIAS DO CERRADO - QR 04 - RESIDENCIAL SUCUPIRAS;285;2026;2026-3;19;338000;0.05;338501.0;481.64;481.64;481.64;1;VAGO;Unifamiliar;1;0;0;0;501.0;0.1482248520710059
JARDIM BOTÂNICO;COMP. URB. ALDEIAS DO CERRADO - QR 04 - RESIDENCIAL SUCUPIRAS;285;2026;2026-3;20;342000;0.05;351000.0;493.96;493.96;493.96;1;VAGO;Unifamiliar;1;0;0;0;9000.0;2.631578947368421
SAO SEBASTIAO;SETOR HABITACIONAL JARDIM BOTANICO;60214;2026;2026-3;23;705000;0.05;865000.0;1350.0;1350.0;900.0;7;VAGO;Unifamiliar;1;0;0;0;160000.0;22.69503546099291
PLANALTINA;SETOR RESIDENCIAL LESTE (SRL);60216;2026;2026-3;24;51000;0.05;65100.0;120.0;120.0;60.0;1;VAGO;Mista;1;1;1;1;14100.0;27.647058823529413
RECANTO DAS EMAS;RECANTO DAS EMAS;60217;2026;2026-3;40;146000;0.05;160000.0;345.0;270.0;150.0;2;VAGO;Mista;1;1;1;1;14000.0;9.58904109589041
RIACHO FUNDO II;HABITACIONAL RIACHO FUNDO II;60217;2026;2026-3;46;150000;0.05;158560.0;273.0;127.4;91.0;1;VAGO;Mista;1;1;1;1;8560.0;5.706666666666667
RIACHO FUNDO II;HABITACIONAL RIACHO FUNDO II;60217;2026;2026-3;50;169000;0.05;190970.7;315.0;147.0;105.0;1;VAGO;Mista;1;1;1;1;21970.70000000001;13.000414201183439
RIACHO FUNDO II;HABITACIONAL RIACHO FUNDO II;60217;2026;2026-3;51;322000;0.05;367080.8;675.0;315.0;225.0;1;VAGO;Mista;1;1;1;1;45080.79999999999;14.000248447204966
RIACHO FUNDO II;HABITACIONAL RIACHO FUNDO II;60217;2026;2026-3;52;169000;0.05;184210.7;315.0;147.0;105.0;1;VAGO;Mista;1;1;1;1;15210.700000000012;9.000414201183439
RIACHO FUNDO II;HABITACIONAL RIACHO FUNDO II;60217;2026;2026-3;53;150000;0.05;152000.0;273.0;127.4;91.0;1;VAGO;Mista;1;1;1;1;2000.0;1.3333333333333335
RIACHO FUNDO II;HABITACIONAL RIACHO FUNDO II;60217;2026;2026-3;55;150000;0.05;191000.0;273.0;127.4;91.0;1;VAGO;Mista;1;1;1;1;41000.0;27.333333333333332
RIACHO FUNDO II;HABITACIONAL RIACHO FUNDO II;60227;2026;2026-3;70;258000;0.05;260777.0;400.0;280.0;200.0;1;VAGO;Mista;1;1;1;1;2777.0;1.0763565891472868
RIACHO FUNDO II;HABITACIONAL RIACHO FUNDO II;60227;2026;2026-3;73;258000;0.05;260200.0;400.0;280.0;200.0;1;VAGO;Mista;1;1;1;1;2200.0;0.8527131782945736
RIACHO FUNDO II;HABITACIONAL RIACHO FUNDO II;60227;2026;2026-3;74;258000;0.05;259200.0;400.0;280.0;200.0;1;VAGO;Mista;1;1;1;1;1200.0;0.46511627906976744
SAMAMBAIA;CENTRO URBANO;60217;2026;2026-3;78;470000;0.05;521000.0;720.0;480.0;240.0;2;VAGO;Mista;1;1;1;1;51000.0;10.851063829787234
SAMAMBAIA;QS-SAMAMBAIA;60217;2026;2026-3;79;189000;0.05;240300.0;539.0;308.0;154.0;3;VAGO;Mista;1;1;1;1;51300.0;27.142857142857142
SAMAMBAIA;QN-SAMAMBAIA;60219;2026;2026-3;84;1330000;0.05;1528233.11;4235.76;2823.84;1411.92;1;VAGO;Mista;1;1;1;1;198233.1100000001;14.904745112781962
SAMAMBAIA;QS-SAMAMBAIA;60219;2026;2026-3;87;812000;0.05;815000.1;2539.5;1693.0;846.5;1;VAGO;Mista;1;1;1;1;3000.0999999999767;0.3694704433497508
SAMAMBAIA;QS-SAMAMBAIA;60220;2026;2026-3;99;127000;0.05;130000.0;300.0;200.0;100.0;1;VAGO;Mista;1;1;1;1;3000.0;2.3622047244094486
SAMAMBAIA;QS-SAMAMBAIA;60220;2026;2026-3;100;127000;0.05;136500.0;300.0;200.0;100.0;1;VAGO;Mista;1;1;1;1;9500.0;7.480314960629922
SAMAMBAIA;QS-SAMAMBAIA;60220;2026;2026-3;102;127000;0.05;137430.0;300.0;200.0;100.0;1;VAGO;Mista;1;1;1;1;10430.0;8.21259842519685
SAMAMBAIA;QS-SAMAMBAIA;60220;2026;2026-3;103;127000;0.05;138905.0;300.0;200.0;100.0;2;VAGO;Mista;1;1;1;1;11905.0;9.374015748031496
SAMAMBAIA;QS-SAMAMBAIA;60220;2026;2026-3;104;127000;0.05;138900.0;300.0;200.0;100.0;3;VAGO;Mista;1;1;1;1;11900.0;9.370078740157481
SAMAMBAIA;QS-SAMAMBAIA;60220;2026;2026-3;105;127000;0.05;161500.0;300.0;200.0;100.0;3;VAGO;Mista;1;1;1;1;34500.0;27.165354330708663
SETOR DE INDUSTRIA E ABASTECIMENTO;SETOR DE TRANSPORTE RODOVIARIO DE CARGAS;60225;2026;2026-3;117;6700000;0.05;7012345.68;5759.728;3599.83;3599.83;2;VAGO;Mista;0;1;1;1;312345.6799999997;4.661875820895518
SETOR DE INDUSTRIA E ABASTECIMENTO;SETOR DE TRANSPORTE RODOVIARIO DE CARGAS;60225;2026;2026-3;118;7500000;0.05;7510000.0;6686.912;4179.32;4179.32;2;VAGO;Mista;0;1;1;1;10000.0;0.13333333333333333
SETOR DE INDUSTRIA E ABASTECIMENTO;SETOR DE TRANSPORTE RODOVIARIO DE CARGAS;60225;2026;2026-3;119;7260000;0.05;7861000.0;6400.0;4000.0;4000.0;2;VAGO;Mista;0;1;1;1;601000.0;8.278236914600551
