DS_SETOR;DS_CIDADE;COD_DESTINACAO_IMOVEL;EDITAL_VENDA;ITEM_EDITAL;VALOR_LAUDO;VALOR_VENDA;AREA_MAX_CONSTR;AREA_BASE;AREA;QTD_OFERTAS;SITUACAO_VISTORIA;AGIO_ABSOLUTO;AGIO_PERCENTUAL
SHCNW-SETOR DE HABITAÇÕES COLETIVAS NOROESTE;BRASILIA;1893;01/2020;1;13860000;14523091.0;5670.0;5670.0;900.0;2;VAGO;663091.0;4.784206349206349
SETOR DE DESENVOLVIMENTO ECONOMICO CENTRO NORTE;CEILANDIA;60227;01/2020;9;190000;190000.0;600.0;600.0;300.0;1;OCUPADO;0.0;0.0
SETOR RESID INDUSTRIA E ABASTECIMENTO        ;GUARA;60214;01/2020;11;189000;310000.99;324.552;324.552;135.23;14;OCUPADO;121000.98999999999;64.02168783068782
PRACA CENTRAL                                ;NUCLEO BANDEIRANTE;60222;01/2020;17;2252340;11554160.77;3300.0;1650.0;1650.0;13;OCUPADO;9301820.77;412.9847523020503
RECANTO DAS EMAS;RECANTO DAS EMAS;60216;01/2020;22;153000;155000.0;369.68;332.712;184.84;1;VAGO;2000.0;1.3071895424836601
QN-SAMAMBAIA;SAMAMBAIA;60217;01/2020;26;580000;617777.77;2260.0;1130.0;565.0;2;OBSTRUIDO;37777.77000000002;6.513408620689658
QN-SAMAMBAIA;SAMAMBAIA;60217;01/2020;27;149000;152000.0;350.0;200.0;100.0;1;VAGO;3000.0;2.013422818791946
QN-SAMAMBAIA;SAMAMBAIA;60220;01/2020;40;93200;100100.0;225.0;150.0;75.0;1;VAGO;6900.0;7.4034334763948495
QN-SAMAMBAIA;SAMAMBAIA;60220;01/2020;49;466000;485000.0;1620.0;1080.0;540.0;2;OCUPADO;19000.0;4.07725321888412
QN-SAMAMBAIA;SAMAMBAIA;60220;01/2020;50;865000;901000.0;3092.4;2061.6;1030.8;1;OCUPADO;36000.0;4.161849710982659
BAIRRO AGUAS CLARAS;TAGUATINGA;60220;02/2020;3;12020000;12300111.0;14932.95;8959.77;2986.59;1;CERCADO;280111.0;2.3303743760399334
AREA DES/ECONOMICO-AGUAS CLARAS;TAGUATINGA;60224;02/2020;4;796000;796000.0;1600.0;1600.0;800.0;1;OCUPADO;0.0;0.0
SHCNW-SETOR DE HABITAÇÕES COLETIVAS NOROESTE;BRASILIA;60599;02/2020;7;5770000;5900000.0;750.0;750.0;750.0;1;VAGO;130000.0;2.2530329289428077
SETOR DE MULTIPLAS ATIVIDADES SUL;BRASILIA;60572;02/2020;8;18650000;19407100.0;16115.984;16115.984;10072.49;1;VAGO;757100.0;4.059517426273458
SETOR DE MATERIAL DE CONSTRUCAO              ;CEILANDIA;60225;02/2020;10;274000;340000.0;1800.0;1800.0;900.0;2;OCUPADO;66000.0;24.087591240875913
SETOR INDUSTRIAL I                           ;CEILANDIA;60225;02/2020;11;105000;130250.0;472.5;472.5;315.0;2;OCUPADO;25250.0;24.047619047619047
SETOR INDUSTRIAL I                           ;CEILANDIA;60225;02/2020;12;105000;140000.0;472.5;472.5;315.0;3;OCUPADO;35000.0;33.33333333333333
SETOR RESID INDUSTRIA E ABASTECIMENTO        ;GUARA;60214;02/2020;14;224000;241000.0;388.8;388.8;162.0;2;VAGO;17000.0;7.5892857142857135
SETOR RESID INDUSTRIA E ABASTECIMENTO        ;GUARA;60214;02/2020;15;230000;301010.0;399.6;399.6;166.5;3;VAGO;71010.0;30.87391304347826
SETOR RESID INDUSTRIA E ABASTECIMENTO        ;GUARA;60214;02/2020;16;283000;351500.0;504.072;504.072;210.03;6;VAGO;68500.0;24.204946996466433
SETOR RESID INDUSTRIA E ABASTECIMENTO        ;GUARA;60214;02/2020;17;224000;333200.0;388.8;388.8;162.0;1;VAGO;109200.0;48.75
SETOR RESID INDUSTRIA E ABASTECIMENTO        ;GUARA;60214;02/2020;18;230000;335100.0;399.6;399.6;166.5;7;OCUPADO;105100.0;45.69565217391304
SETOR RESID INDUSTRIA E ABASTECIMENTO        ;GUARA;60214;02/2020;19;230000;334000.0;399.6;399.6;166.5;4;EM CONSTRUCAO;104000.0;45.21739130434783
SETOR RESID INDUSTRIA E ABASTECIMENTO        ;GUARA;60214;02/2020;20;224000;334000.0;388.8;388.8;162.0;4;EM CONSTRUCAO;110000.0;49.107142857142854
SETOR RESID INDUSTRIA E ABASTECIMENTO        ;GUARA;60214;02/2020;21;224000;331200.0;388.8;388.8;162.0;7;VAGO;107200.0;47.85714285714286
SETOR RESID INDUSTRIA E ABASTECIMENTO        ;GUARA;60214;02/2020;22;230000;340000.0;399.6;399.6;166.5;2;VAGO;110000.0;47.82608695652174
SETOR RESID INDUSTRIA E ABASTECIMENTO        ;GUARA;60214;02/2020;23;230000;335200.0;399.6;399.6;166.5;2;VAGO;105200.0;45.73913043478261
SETOR RESID INDUSTRIA E ABASTECIMENTO        ;GUARA;60214;02/2020;24;224000;335200.0;388.8;388.8;162.0;3;VAGO;111200.0;49.642857142857146
SETOR RESID INDUSTRIA E ABASTECIMENTO        ;GUARA;60220;02/2020;25;264000;375550.0;465.696;465.696;194.04;3;VAGO;111550.0;42.25378787878788
POLO DE MODAS - SRIA/GUARA;GUARA;60216;02/2020;27;414000;521005.0;772.72;579.54;193.18;3;VAGO;107005.0;25.846618357487923
POLO DE MODAS - SRIA/GUARA;GUARA;60216;02/2020;28;412000;481010.0;768.0;576.0;192.0;1;CERCADO;69010.0;16.75
POLO DE MODAS - SRIA/GUARA;GUARA;60216;02/2020;29;1188180;1455010.0;768.0;576.0;192.0;1;OCUPADO;266830.0;22.457035129357507
SETOR RESID INDUSTRIA E ABASTECIMENTO        ;GUARA;60217;02/2020;30;4257000;4485105.98;5058.87;5058.87;1686.29;1;VAGO;228105.98000000045;5.358373972280959
SETOR COMPLEMENTAR INDUSTRIA E ABASTECIMENTO;GUARA;60225;02/2020;33;10720000;10720000.0;28993.46;21745.095;14496.73;1;OCUPADO;0.0;0.0
SETOR HABITACIONAL JARDIM BOTANICO;SAO SEBASTIAO;60214;02/2020;35;414000;442354.76;1200.0;1200.0;800.0;4;VAGO;28354.76000000001;6.848975845410631
SETOR HABITACIONAL JARDIM BOTANICO;SAO SEBASTIAO;60221;02/2020;36;489000;500000.0;600.0;600.0;400.0;1;VAGO;11000.0;2.2494887525562373
SETOR HOSPITALAR;RECANTO DAS EMAS;60217;02/2020;41;377000;377000.77;920.0;720.0;400.0;1;OCUPADO;0.7700000000186265;0.00020424403183517945
HABITACIONAL RIACHO FUNDO II;RIACHO FUNDO II;60217;02/2020;45;306000;462000.0;931.02;434.476;310.34;3;VAGO;156000.0;50.98039215686274
HABITACIONAL RIACHO FUNDO II;RIACHO FUNDO II;60217;02/2020;46;105000;151100.0;273.0;127.4;91.0;6;VAGO;46100.0;43.904761904761905
HABITACIONAL RIACHO FUNDO II;RIACHO FUNDO II;60217;02/2020;47;105000;131327.92;273.0;127.4;91.0;3;VAGO;26327.920000000013;25.074209523809536
HABITACIONAL RIACHO FUNDO II;RIACHO FUNDO II;60217;02/2020;48;105000;127500.0;273.0;127.4;91.0;3;OBSTRUIDO;22500.0;21.428571428571427
HABITACIONAL RIACHO FUNDO II;RIACHO FUNDO II;60217;02/2020;49;105000;125950.0;273.0;127.4;91.0;2;VAGO;20950.0;19.952380952380953
HABITACIONAL RIACHO FUNDO II;RIACHO FUNDO II;60217;02/2020;50;105000;106000.0;273.0;127.4;91.0;1;OCUPADO;1000.0;0.9523809523809524
HABITACIONAL RIACHO FUNDO II;RIACHO FUNDO II;60217;02/2020;51;105000;116900.0;273.0;127.4;91.0;2;VAGO;11900.0;11.333333333333332
HABITACIONAL RIACHO FUNDO II;RIACHO FUNDO II;60217;02/2020;52;105000;125100.0;273.0;127.4;91.0;2;VAGO;20100.0;19.142857142857142
HABITACIONAL RIACHO FUNDO II;RIACHO FUNDO II;60217;02/2020;53;105000;130100.0;273.0;127.4;91.0;3;VAGO;25100.0;23.904761904761905
HABITACIONAL RIACHO FUNDO II;RIACHO FUNDO II;60217;02/2020;54;105000;130100.0;273.0;127.4;91.0;2;VAGO;25100.0;23.904761904761905
HABITACIONAL RIACHO FUNDO II;RIACHO FUNDO II;60217;02/2020;55;105000;130100.0;273.0;127.4;91.0;4;VAGO;25100.0;23.904761904761905
HABITACIONAL RIACHO FUNDO II;RIACHO FUNDO II;60222;02/2020;56;54500;130000.0;95.0;66.5;47.5;2;VAGO;75500.0;138.5321100917431
HABITACIONAL RIACHO FUNDO II;RIACHO FUNDO II;60222;02/2020;57;56500;60500.0;98.92;69.244;49.46;1;VAGO;4000.0;7.079646017699115
HABITACIONAL RIACHO FUNDO II;RIACHO FUNDO II;60222;02/2020;58;81000;122500.0;149.62;104.734;74.81;1;VAGO;41500.0;51.23456790123457
HABITACIONAL RIACHO FUNDO II;RIACHO FUNDO II;60222;02/2020;59;56900;101000.0;99.8;69.86;49.9;4;VAGO;44100.0;77.50439367311071
HABITACIONAL RIACHO FUNDO II;RIACHO FUNDO II;60222;02/2020;60;54500;130000.0;95.0;66.5;47.5;3;VAGO;75500.0;138.5321100917431
QS-SAMAMBAIA;SAMAMBAIA;60217;02/2020;63;149000;194150.0;350.0;200.0;100.0;1;VAGO;45150.0;30.302013422818792
QS-SAMAMBAIA;SAMAMBAIA;60217;02/2020;64;149000;175000.0;350.0;200.0;100.0;2;VAGO;26000.0;17.449664429530202
QI-SAMAMBAIA;SAMAMBAIA;60218;02/2020;65;3540000;3600100.0;9675.0;6450.0;3225.0;1;VAGO;60100.0;1.6977401129943503
QN-SAMAMBAIA;SAMAMBAIA;60219;02/2020;66;401000;510100.0;1125.0;750.0;375.0;3;VAGO;109100.0;27.206982543640894
QS-SAMAMBAIA;SAMAMBAIA;60219;02/2020;68;147000;147450.0;433.5;289.0;144.5;1;VAGO;450.0;0.30612244897959184
AREA DE DESENVOLVIMENTO ECONOMICO SUL;SAMAMBAIA;60225;02/2020;72;163000;165500.99;560.0;560.0;280.0;1;OCUPADO;2500.9899999999907;1.534349693251528
AREA DE DESENVOLVIMENTO ECONOMICO SUL;SAMAMBAIA;60225;02/2020;73;211000;279950.0;747.0;747.0;373.5;2;VAGO;68950.0;32.677725118483416
BAIRRO SÃO BARTOLOMEU;SAO SEBASTIAO;60217;02/2020;80;292000;292015.0;779.619;714.651;259.873;1;VAGO;15.0;0.005136986301369864
BAIRRO SÃO BARTOLOMEU;SAO SEBASTIAO;60217;02/2020;81;343000;346900.0;900.486;825.446;300.162;2;VAGO;3900.0;1.1370262390670554
BAIRRO SÃO BARTOLOMEU;SAO SEBASTIAO;60217;02/2020;82;343000;345009.0;901.191;826.092;300.397;2;VAGO;2009.0;0.5857142857142856
BAIRRO SÃO BARTOLOMEU;SAO SEBASTIAO;60217;02/2020;83;559000;567500.0;1457.406;1335.956;485.802;4;VAGO;8500.0;1.520572450805009
BAIRRO SÃO BARTOLOMEU;SAO SEBASTIAO;60217;02/2020;84;418000;426000.0;1087.944;997.282;362.648;1;VAGO;8000.0;1.9138755980861244
SHCNW-SETOR DE HABITAÇÕES COLETIVAS NOROESTE;BRASILIA;1894;03/2020;3;6290000;6322000.0;2286.0;2286.0;900.0;1;VAGO;32000.0;0.5087440381558028
SETOR DE HABITACOES INDIVIDUAIS SUL          ;BRASILIA;60212;03/2020;5;6220000;7221000.0;7680.0;7680.0;9600.0;3;OBSTRUIDO;1001000.0;16.093247588424436
SETOR M NORTE-QUADRA COMERCIAL               ;CEILANDIA;60217;03/2020;6;393300;4511000.0;1113.75;445.5;222.75;17;OBSTRUIDO;4117700.0;1046.9616069158403
SETOR N NORTE-QUADRA COMERCIAL               ;CEILANDIA;60217;03/2020;7;643000;651000.0;2000.0;800.0;400.0;2;OCUPADO;8000.0;1.244167962674961
SETOR O NORTE-QUADRA RESIDENCIAL             ;CEILANDIA;60219;03/2020;8;381000;541100.0;1212.75;808.5;404.25;2;OCUPADO;160100.0;42.020997375328086
SETOR DE DESENVOLVIMENTO ECONOMICO CENTRO NORTE;CEILANDIA;60227;03/2020;9;217000;231000.0;700.0;700.0;350.0;1;OCUPADO;14000.0;6.451612903225806
SETOR INDUSTRIAL I                           ;CEILANDIA;60225;03/2020;10;74600;97850.0;315.0;315.0;210.0;2;OCUPADO;23250.0;31.16621983914209
SETOR INDUSTRIAL I                           ;CEILANDIA;60225;03/2020;11;74600;100500.0;315.0;315.0;210.0;3;OCUPADO;25900.0;34.71849865951743
SETOR INDUSTRIAL I                           ;CEILANDIA;60225;03/2020;12;74600;100500.0;315.0;315.0;210.0;3;CERCADO;25900.0;34.71849865951743
SETOR INDUSTRIAL I                           ;CEILANDIA;60225;03/2020;13;74600;97850.0;315.0;315.0;210.0;2;OCUPADO;23250.0;31.16621983914209
SETOR INDUSTRIAL I                           ;CEILANDIA;60225;03/2020;14;74600;97850.0;315.0;315.0;210.0;2;OCUPADO;23250.0;31.16621983914209
SETOR DE MULTIPLAS ATIVIDADES;GAMA;60224;03/2020;17;183000;190100.9;305.616;191.01;191.01;1;VAGO;7100.899999999994;3.8802732240437128
SETOR RESID INDUSTRIA E ABASTECIMENTO        ;GUARA;60214;03/2020;18;319000;326900.0;580.248;580.248;241.77;1;VAGO;7900.0;2.4764890282131664
SETOR RESID INDUSTRIA E ABASTECIMENTO        ;GUARA;60214;03/2020;19;245000;265010.0;427.944;427.944;178.31;1;VAGO;20010.0;8.16734693877551
SETOR RESID INDUSTRIA E ABASTECIMENTO        ;GUARA;60214;03/2020;20;245000;265500.5;427.944;427.944;178.31;2;VAGO;20500.5;8.367551020408163
SETOR RESID INDUSTRIA E ABASTECIMENTO        ;GUARA;60214;03/2020;21;201000;301777.77;345.6;345.6;144.0;5;VAGO;100777.77000000002;50.13819402985076
SETOR RESID INDUSTRIA E ABASTECIMENTO        ;GUARA;60214;03/2020;22;224000;245000.0;388.8;388.8;162.0;4;VAGO;21000.0;9.375
SETOR RESID INDUSTRIA E ABASTECIMENTO        ;GUARA;60214;03/2020;23;230000;267000.0;399.6;399.6;166.5;2;VAGO;37000.0;16.08695652173913
SETOR RESID INDUSTRIA E ABASTECIMENTO        ;GUARA;60214;03/2020;24;230000;268770.0;399.6;399.6;166.5;2;VAGO;38770.0;16.856521739130432
SETOR RESID INDUSTRIA E ABASTECIMENTO        ;GUARA;60214;03/2020;25;224000;249000.0;388.8;388.8;162.0;2;VAGO;25000.0;11.160714285714286
SETOR RESID INDUSTRIA E ABASTECIMENTO        ;GUARA;60215;03/2020;26;201000;345000.96;345.648;345.648;144.02;2;VAGO;144000.96000000002;71.64226865671642
SETOR RESID INDUSTRIA E ABASTECIMENTO        ;GUARA;60217;03/2020;27;4189000;4377000.0;5018.22;5018.22;1672.74;1;VAGO;188000.0;4.487944616853665
SETOR HABITACIONAL JARDIM BOTANICO;SAO SEBASTIAO;60214;03/2020;30;400000;451100.0;1287.465;1287.465;858.31;9;VAGO;51100.0;12.775
SETOR HABITACIONAL JARDIM BOTANICO;SAO SEBASTIAO;60214;03/2020;31;381000;441100.0;1200.0;1200.0;800.0;9;VAGO;60100.0;15.774278215223097
SETOR HABITACIONAL JARDIM BOTANICO;SAO SEBASTIAO;60214;03/2020;32;491000;601000.3;1260.705;1260.705;840.47;1;VAGO;110000.30000000005;22.403319755600823
PARANOÁ PARQUE;PARANOA;60221;03/2020;38;946000;1000100.0;3240.013;1800.007;1800.007;1;VAGO;54100.0;5.718816067653277
PARANOÁ PARQUE;PARANOA;60221;03/2020;39;888000;888000.0;3240.009;1800.005;1800.005;1;VAGO;0.0;0.0
PARANOÁ PARQUE;PARANOA;60221;03/2020;40;888000;888000.0;3240.009;1800.005;1800.005;1;VAGO;0.0;0.0
AREA DE DESENVOLVIMENTO ECONOMICO;RECANTO DAS EMAS;60227;03/2020;48;143000;143770.0;451.8;451.8;112.95;1;OCUPADO;770.0;0.5384615384615384
AREA DE DESENVOLVIMENTO ECONOMICO;RECANTO DAS EMAS;60227;03/2020;49;245070;301000.5;451.8;451.8;112.95;3;CONSTRUIDO;55930.5;22.822254865956666
HABITACIONAL RIACHO FUNDO II;RIACHO FUNDO II;60217;03/2020;55;308000;360000.0;940.02;438.676;313.34;1;VAGO;52000.0;16.883116883116884
HABITACIONAL RIACHO FUNDO II;RIACHO FUNDO II;60217;03/2020;56;309000;356000.0;941.97;439.586;313.99;1;VAGO;47000.0;15.210355987055015
HABITACIONAL RIACHO FUNDO II;RIACHO FUNDO II;60217;03/2020;65;432000;701000.0;1386.93;647.234;462.31;6;OBSTRUIDO;269000.0;62.268518518518526
HABITACIONAL RIACHO FUNDO II;RIACHO FUNDO II;60217;03/2020;66;432000;901000.0;1383.45;645.61;461.15;8;VAGO;469000.0;108.56481481481481
HABITACIONAL RIACHO FUNDO II;RIACHO FUNDO II;60217;03/2020;67;105000;107000.0;273.0;127.4;91.0;1;VAGO;2000.0;1.9047619047619049
HABITACIONAL RIACHO FUNDO II;RIACHO FUNDO II;60217;03/2020;69;105000;105000.0;273.0;127.4;91.0;1;VAGO;0.0;0.0
HABITACIONAL RIACHO FUNDO II;RIACHO FUNDO II;60222;03/2020;70;80800;131499.0;149.18;104.426;74.59;3;VAGO;50699.0;62.74628712871287
HABITACIONAL RIACHO FUNDO II;RIACHO FUNDO II;60222;03/2020;72;61500;115000.0;108.96;76.272;54.48;4;VAGO;53500.0;86.99186991869918
HABITACIONAL RIACHO FUNDO II;RIACHO FUNDO II;60222;03/2020;73;55100;57000.0;96.12;67.284;48.06;1;VAGO;1900.0;3.4482758620689653
HABITACIONAL RIACHO FUNDO II;RIACHO FUNDO II;60222;03/2020;74;57000;80000.0;100.0;70.0;50.0;4;VAGO;23000.0;40.35087719298245
HABITACIONAL RIACHO FUNDO II;RIACHO FUNDO II;60223;03/2020;75;1870000;2108000.0;6474.975;3625.986;2589.99;2;OCUPADO;238000.0;12.727272727272727
QS-SAMAMBAIA;SAMAMBAIA;60219;03/2020;79;166000;171923.0;900.0;600.0;300.0;1;VAGO;5923.0;3.5680722891566266
QS-SAMAMBAIA;SAMAMBAIA;60219;03/2020;80;166000;176329.0;900.0;600.0;300.0;1;VAGO;10329.0;6.2222891566265055
QN-SAMAMBAIA;SAMAMBAIA;60220;03/2020;81;151000;163013.0;450.0;300.0;150.0;1;VAGO;12013.0;7.9556291390728475
QN-SAMAMBAIA;SAMAMBAIA;60220;03/2020;89;846000;948799.0;3022.5;2015.0;1007.5;2;VAGO;102799.0;12.151182033096926
AREA DE DESENVOLVIMENTO ECONOMICO SUL;SAMAMBAIA;60225;03/2020;93;150000;160000.0;560.0;560.0;280.0;1;OCUPADO;10000.0;6.666666666666667
AREA DE DESENVOLVIMENTO ECONOMICO SUL;SAMAMBAIA;60225;03/2020;94;112000;223000.0;400.0;400.0;200.0;11;VAGO;111000.0;99.10714285714286
AREA DE DESENVOLVIMENTO ECONOMICO SUL;SAMAMBAIA;60225;03/2020;95;112000;178000.0;400.0;400.0;200.0;2;OBSTRUIDO;66000.0;58.92857142857143
SOBRADINHO                                   ;SOBRADINHO;60214;03/2020;100;328600;331000.0;735.0;735.0;350.0;1;OCUPADO;2400.0;0.7303712720632989
BAIRRO AGUAS CLARAS-QS;TAGUATINGA;60213;04/2020;1;805000;806000.0;1440.0;1440.0;480.0;2;CERCADO;1000.0;0.12422360248447205
SETOR DE HABITACOES INDIVIDUAIS NORTE        ;BRASILIA;60211;04/2020;7;841000;850100.0;1037.862;1037.862;741.33;3;OBSTRUIDO;9100.0;1.0820451843043997
SETOR DE HABITACOES INDIVIDUAIS NORTE        ;BRASILIA;60219;04/2020;8;3740000;5319999.0;14582.592;9721.728;12152.16;1;OBSTRUIDO;1579999.0;42.245962566844916
SETOR DE DESENVOLVIMENTO ECONOMICO CENTRO NORTE;CEILANDIA;60227;04/2020;15;135000;171000.0;300.0;300.0;150.0;2;OBSTRUIDO;36000.0;26.666666666666668
SETOR CENTRAL                                ;GAMA;60213;04/2020;16;910000;1351000.0;4160.0;4160.0;520.0;2;VAGO;441000.0;48.46153846153846
SETOR CENTRAL                                ;GAMA;60213;04/2020;17;910000;1311000.0;4160.0;4160.0;520.0;2;VAGO;401000.0;44.065934065934066
SETOR CENTRAL                                ;GAMA;60213;04/2020;18;910000;2101000.0;4160.0;4160.0;520.0;5;OBSTRUIDO;1191000.0;130.87912087912088
SETOR CENTRAL                                ;GAMA;60213;04/2020;19;910000;1715000.0;4160.0;4160.0;520.0;4;VAGO;805000.0;88.46153846153845
SETOR LESTE                                  ;GAMA;60214;04/2020;20;58000;152500.0;550.0;550.0;275.0;52;CERCADO;94500.0;162.93103448275863
SETOR CENTRAL                                ;GAMA;60216;04/2020;21;230000;463000.0;432.0;216.0;108.0;10;CONSTRUIDO;233000.0;101.30434782608695
SETOR RESID INDUSTRIA E ABASTECIMENTO        ;GUARA;60213;04/2020;28;8785000;9051000.0;9450.0;8100.0;2700.0;2;VAGO;266000.0;3.0278884462151394
SETOR RESID INDUSTRIA E ABASTECIMENTO        ;GUARA;60213;04/2020;29;10347000;10616000.0;11130.0;9540.0;3180.0;2;OBSTRUIDO;269000.0;2.5997873779839566
SETOR RESID INDUSTRIA E ABASTECIMENTO        ;GUARA;60214;04/2020;30;201000;251000.0;345.6;345.6;144.0;8;CERCADO;50000.0;24.875621890547265
SETOR HABITACIONAL JARDIM BOTANICO;SAO SEBASTIAO;60214;04/2020;33;410000;480000.0;1350.0;1350.0;900.0;10;VAGO;70000.0;17.073170731707318
SETOR HABITACIONAL JARDIM BOTANICO;SAO SEBASTIAO;60214;04/2020;34;463000;537100.0;1200.0;1200.0;800.0;3;VAGO;74100.0;16.004319654427647
SETOR HABITACIONAL JARDIM BOTANICO;SAO SEBASTIAO;60214;04/2020;36;555000;585160.27;1752.57;1752.57;1168.38;1;OCUPADO;30160.27000000002;5.434282882882886
PLACA DA MERCEDES                            ;NUCLEO BANDEIRANTE;60227;04/2020;40;413000;413500.0;431.825;319.175;187.75;1;OCUPADO;500.0;0.12106537530266344
SETOR RESIDENCIAL LESTE (SRL);PLANALTINA;60216;04/2020;46;40600;62770.0;120.0;120.0;60.0;3;VAGO;22170.0;54.60591133004926
SETOR RESIDENCIAL LESTE (SRL);PLANALTINA;60216;04/2020;47;40600;62770.0;120.0;120.0;60.0;3;VAGO;22170.0;54.60591133004926
SETOR RESIDENCIAL LESTE (SRL);PLANALTINA;60216;04/2020;48;40600;62770.0;120.0;120.0;60.0;3;VAGO;22170.0;54.60591133004926
SETOR RESIDENCIAL LESTE (SRL);PLANALTINA;60216;04/2020;49;40600;43010.0;120.0;120.0;60.0;3;VAGO;2410.0;5.935960591133005
SETOR RESIDENCIAL LESTE (SRL);PLANALTINA;60216;04/2020;50;40600;42010.0;120.0;120.0;60.0;2;VAGO;1410.0;3.472906403940887
SETOR RESIDENCIAL LESTE (SRL);PLANALTINA;60216;04/2020;51;40600;42010.0;120.0;120.0;60.0;2;VAGO;1410.0;3.472906403940887
SETOR RESIDENCIAL LESTE (SRL);PLANALTINA;60216;04/2020;52;40600;45010.0;120.0;120.0;60.0;3;VAGO;4410.0;10.86206896551724
RECANTO DAS EMAS;RECANTO DAS EMAS;60317;04/2020;57;4458000;6600100.0;498.605;498.605;997.21;4;OBSTRUIDO;2142100.0;48.05069537909377
CENTRO URBANO;RECANTO DAS EMAS;60222;04/2020;58;6333000;7501000.0;41240.16;18558.072;10310.04;2;VAGO;1168000.0;18.443075951365863
QN-SAMAMBAIA;SAMAMBAIA;60217;04/2020;70;118000;163389.87;350.0;200.0;100.0;3;OBSTRUIDO;45389.869999999995;38.465991525423725
QS-SAMAMBAIA;SAMAMBAIA;60217;04/2020;73;143000;148056.78;350.0;200.0;100.0;2;VAGO;5056.779999999999;3.536209790209789
QS-SAMAMBAIA;SAMAMBAIA;60217;04/2020;74;143000;180001.0;350.0;200.0;100.0;5;VAGO;37001.0;25.874825174825173
QS-SAMAMBAIA;SAMAMBAIA;60217;04/2020;75;143000;179000.0;350.0;200.0;100.0;3;VAGO;36000.0;25.174825174825177
QN-SAMAMBAIA;SAMAMBAIA;60219;04/2020;79;109000;141013.0;300.0;200.0;100.0;2;EM CONSTRUCAO;32013.0;29.369724770642204
QN-SAMAMBAIA;SAMAMBAIA;60219;04/2020;80;109000;136013.0;300.0;200.0;100.0;2;VAGO;27013.0;24.78256880733945
QN-SAMAMBAIA;SAMAMBAIA;60219;04/2020;91;179000;195000.0;450.0;300.0;150.0;2;EM CONSTRUCAO;16000.0;8.938547486033519
QS-SAMAMBAIA;SAMAMBAIA;60220;04/2020;116;113000;115000.0;600.0;400.0;200.0;1;VAGO;2000.0;1.7699115044247788
QS-SAMAMBAIA;SAMAMBAIA;60220;04/2020;117;89500;89500.0;450.0;300.0;150.0;1;VAGO;0.0;0.0
AREA DE DESENVOLVIMENTO ECONOMICO SUL;SAMAMBAIA;60227;04/2020;120;87000;96291.3;210.0;210.0;105.0;1;VAGO;9291.300000000003;10.679655172413796
SETOR INDUSTRIAL                             ;TAGUATINGA;60220;04/2020;128;818000;820000.0;1650.0;1100.0;550.0;1;VAGO;2000.0;0.24449877750611246
SETOR INDUSTRIAL                             ;TAGUATINGA;60220;04/2020;131;818000;818000.0;1650.0;1100.0;550.0;1;VAGO;0.0;0.0
SETOR M NORTE-QUADRA RESIDENCIAL             ;TAGUATINGA;60220;04/2020;132;1300000;1310000.0;3600.0;2400.0;1200.0;1;OBSTRUIDO;10000.0;0.7692307692307693
BAIRRO AGUAS CLARAS-QS;TAGUATINGA;60219;05/2020;2;1250000;1306000.0;2240.0;2240.0;1120.0;1;CERCADO;56000.0;4.4799999999999995
SHCNW-SETOR DE HABITAÇÕES COLETIVAS NOROESTE;BRASILIA;1894;05/2020;3;6200000;6512012.0;2286.0;2286.0;900.0;1;VAGO;312012.0;5.032451612903226
SETOR DE HAB COLETIVAS SUDOESTE              ;BRASILIA;60066;05/2020;5;673000;776581.12;149.3;149.3;149.3;6;CONSTRUIDO;103581.12;15.390953937592865
SETOR N NORTE-QUADRA RESIDENCIAL             ;CEILANDIA;60217;05/2020;8;3000000;3012100.0;10337.1;3445.7;1722.85;1;OBSTRUIDO;12100.0;0.4033333333333333
SETOR N NORTE-QUADRA RESIDENCIAL             ;CEILANDIA;60214;05/2020;9;142000;142000.0;500.0;500.0;250.0;1;OCUPADO;0.0;0.0
SETOR N NORTE-QUADRA RESIDENCIAL             ;CEILANDIA;60216;05/2020;10;786000;851550.0;2898.0;1932.0;966.0;1;VAGO;65550.0;8.33969465648855
SETOR N NORTE-QUADRA RESIDENCIAL             ;CEILANDIA;60217;05/2020;12;2000000;2017100.0;6353.22;2117.74;1058.87;1;OBSTRUIDO;17100.0;0.855
SETOR N NORTE-QUADRA RESIDENCIAL             ;CEILANDIA;60217;05/2020;13;2140000;2152100.0;6884.22;2294.74;1147.37;1;OBSTRUIDO;12100.0;0.5654205607476636
SETOR DE DESENVOLVIMENTO ECONOMICO CENTRO NORTE;CEILANDIA;60224;05/2020;15;330000;402347.49;1200.0;1200.0;600.0;5;VAGO;72347.48999999999;21.923481818181813
SETOR INDUSTRIAL I                           ;CEILANDIA;60225;05/2020;17;207000;266999.99;1400.0;1400.0;700.0;1;VAGO;59999.98999999999;28.98550241545893
SETOR INDUSTRIAL I                           ;CEILANDIA;60225;05/2020;19;207000;238999.99;1400.0;1400.0;700.0;1;VAGO;31999.98999999999;15.458932367149755
SETOR INDUSTRIAL I                           ;CEILANDIA;60225;05/2020;20;207000;217350.0;1400.0;1400.0;700.0;1;VAGO;10350.0;5.0
SETOR INDUSTRIAL I                           ;CEILANDIA;60225;05/2020;21;207000;241999.99;1400.0;1400.0;700.0;1;CERCADO;34999.98999999999;16.908207729468593
SETOR INDUSTRIAL I                           ;CEILANDIA;60225;05/2020;22;207000;217350.0;1400.0;1400.0;700.0;1;VAGO;10350.0;5.0
SETOR INDUSTRIAL I                           ;CEILANDIA;60225;05/2020;23;207000;238999.99;1400.0;1400.0;700.0;1;VAGO;31999.98999999999;15.458932367149755
SETOR INDUSTRIAL I                           ;CEILANDIA;60225;05/2020;24;207000;230000.0;1400.0;1400.0;700.0;2;VAGO;23000.0;11.11111111111111
SETOR INDUSTRIAL I                           ;CEILANDIA;60225;05/2020;25;207000;239999.99;1400.0;1400.0;700.0;1;VAGO;32999.98999999999;15.942024154589369
SETOR INDUSTRIAL I                           ;CEILANDIA;60225;05/2020;26;207000;230000.0;1400.0;1400.0;700.0;2;VAGO;23000.0;11.11111111111111
SETOR INDUSTRIAL I                           ;CEILANDIA;60225;05/2020;27;207000;241999.99;1400.0;1400.0;700.0;1;VAGO;34999.98999999999;16.908207729468593
SETOR INDUSTRIAL I                           ;CEILANDIA;60225;05/2020;28;207000;230000.0;1400.0;1400.0;700.0;1;VAGO;23000.0;11.11111111111111
SETOR DE DESENVOLVIMENTO ECONOMICO CENTRO NORTE;CEILANDIA;60227;05/2020;30;135000;161100.0;300.0;300.0;150.0;2;VAGO;26100.0;19.333333333333332
SETOR DE MATERIAL DE CONSTRUCAO              ;CEILANDIA;60227;05/2020;31;39400;42000.0;140.0;140.0;70.0;3;OCUPADO;2600.0;6.598984771573605
SETOR HABITACIONAL JARDIM BOTANICO;SAO SEBASTIAO;60214;05/2020;36;426000;503167.0;1417.11;1417.11;944.74;7;VAGO;77167.0;18.11431924882629
SETOR HABITACIONAL JARDIM BOTANICO;SAO SEBASTIAO;60214;05/2020;37;463000;471500.0;1200.0;1200.0;800.0;2;VAGO;8500.0;1.8358531317494602
SETOR HABITACIONAL JARDIM BOTANICO;SAO SEBASTIAO;60214;05/2020;38;419000;447000.0;1260.0;1260.0;840.0;4;VAGO;28000.0;6.682577565632458
SETOR HABITACIONAL JARDIM BOTANICO;SAO SEBASTIAO;60214;05/2020;40;374000;451000.0;1200.0;1200.0;800.0;7;VAGO;77000.0;20.588235294117645
SETOR HABITACIONAL TAQUARI;LAGO NORTE;60211;05/2020;42;412000;505000.99;636.4;636.4;795.5;12;VAGO;93000.98999999999;22.573055825242715
SETOR HABITACIONAL TAQUARI;LAGO NORTE;60211;05/2020;43;450000;623000.0;724.576;724.576;905.72;12;VAGO;173000.0;38.44444444444444
PARANOÁ PARQUE;PARANOA;60221;05/2020;44;1840000;1850000.0;6156.023;3420.013;3420.013;1;VAGO;10000.0;0.5434782608695652
RECANTO DAS EMAS;RECANTO DAS EMAS;60217;05/2020;52;226000;236000.0;621.897;486.702;270.39;1;OCUPADO;10000.0;4.424778761061947
AREA DE DESENVOLVIMENTO ECONOMICO;RECANTO DAS EMAS;60227;05/2020;55;311000;333891.71;1060.0;1060.0;265.0;1;OCUPADO;22891.71000000002;7.360678456591646
HABITACIONAL RIACHO FUNDO II;RIACHO FUNDO II;60217;05/2020;57;157000;311000.0;453.24;211.512;151.08;6;OCUPADO;154000.0;98.08917197452229
QN-SAMAMBAIA;SAMAMBAIA;60217;05/2020;59;1220000;1700010.0;3931.454;2312.62;1156.31;1;EM CONSTRUCAO;480010.0;39.34508196721311
QN-SAMAMBAIA;SAMAMBAIA;60220;05/2020;66;109000;140000.0;300.0;200.0;100.0;2;VAGO;31000.0;28.440366972477065
QN-SAMAMBAIA;SAMAMBAIA;60220;05/2020;67;109000;136000.0;300.0;200.0;100.0;5;VAGO;27000.0;24.770642201834864
QN-SAMAMBAIA;SAMAMBAIA;60220;05/2020;69;109000;135100.0;300.0;200.0;100.0;1;VAGO;26100.0;23.94495412844037
SETOR E SUL-QUADRA COMERCIAL                 ;TAGUATINGA;60217;05/2020;81;203000;203000.0;400.0;200.0;100.0;1;OBSTRUIDO;0.0;0.0
BAIRRO AGUAS CLARAS;TAGUATINGA;60219;08/2020;1;6950000;14109999.0;20000.0;12000.0;4000.0;8;CERCADO;7159999.0;103.02156834532374
BAIRRO AGUAS CLARAS-QS;TAGUATINGA;60225;08/2020;4;596000;712965.89;1250.0;1250.0;625.0;5;VAGO;116965.89000000001;19.625149328859063
SETOR P NORTE-ENTREQUADRA                    ;CEILANDIA;60216;08/2020;12;923000;923000.0;4247.0;2123.5;1061.75;1;OCUPADO;0.0;0.0
SETOR O NORTE                                ;CEILANDIA;60217;08/2020;16;1740000;2158000.0;7650.0;5100.0;2550.0;2;VAGO;418000.0;24.022988505747126
SETOR O NORTE-QUADRA RESIDENCIAL             ;CEILANDIA;60219;08/2020;19;343000;401865.0;1095.0;730.0;365.0;1;CERCADO;58865.0;17.161807580174926
SETOR INDUSTRIAL I                           ;CEILANDIA;60225;08/2020;20;207000;286262.0;1400.0;1400.0;700.0;5;CERCADO;79262.0;38.29082125603865
SETOR INDUSTRIAL I                           ;CEILANDIA;60225;08/2020;21;207000;262220.0;1400.0;1400.0;700.0;3;CERCADO;55220.0;26.67632850241546
SETOR INDUSTRIAL I                           ;CEILANDIA;60225;08/2020;22;207000;237560.0;1400.0;1400.0;700.0;1;OCUPADO;30560.0;14.763285024154591
SETOR NORTE                                  ;GAMA;60228;08/2020;28;1050000;1208000.0;7000.0;7000.0;3500.0;2;OBSTRUIDO;158000.0;15.04761904761905
SETOR RESID INDUSTRIA E ABASTECIMENTO        ;GUARA;60216;08/2020;29;5283000;6010000.0;4000.0;3000.0;1000.0;1;OCUPADO;727000.0;13.761120575430628
SETOR HABITACIONAL JARDIM BOTANICO;SAO SEBASTIAO;60214;08/2020;33;551000;635555.99;1738.41;1738.41;1158.94;8;VAGO;84555.98999999999;15.345914700544464
SETOR HABITACIONAL JARDIM BOTANICO;SAO SEBASTIAO;60222;08/2020;34;3530000;3539990.0;7636.224;7636.224;6363.52;1;VAGO;9990.0;0.2830028328611898
SETOR HABITACIONAL JARDIM BOTANICO;SAO SEBASTIAO;60228;08/2020;35;1810000;1820000.0;3276.0;3276.0;2730.0;1;VAGO;10000.0;0.5524861878453038
AREA DE DESENVOLVIMENTO ECONOMICO;RECANTO DAS EMAS;60227;08/2020;46;151000;176670.0;488.4;488.4;122.1;2;OBSTRUIDO;25670.0;17.0
HABITACIONAL RIACHO FUNDO II;RIACHO FUNDO II;60217;08/2020;50;405000;410000.0;1350.0;630.0;450.0;1;SITUACAO NAO CADASTRADA;5000.0;1.2345679012345678
HABITACIONAL RIACHO FUNDO II;RIACHO FUNDO II;60217;08/2020;53;102000;155000.0;273.0;127.4;91.0;10;VAGO;53000.0;51.9607843137255
HABITACIONAL RIACHO FUNDO II;RIACHO FUNDO II;60222;08/2020;54;387000;483750.0;1440.9;672.42;480.3;3;VAGO;96750.0;25.0
QN-SAMAMBAIA;SAMAMBAIA;60217;08/2020;56;118000;118050.0;350.0;200.0;100.0;1;VAGO;50.0;0.0423728813559322
QR-SAMAMBAIA;SAMAMBAIA;60217;08/2020;58;766000;766500.0;2812.04;1406.02;703.01;1;VAGO;500.0;0.06527415143603134
QN-SAMAMBAIA;SAMAMBAIA;60219;08/2020;60;1830000;2602000.0;5610.0;3740.0;1870.0;4;VAGO;772000.0;42.185792349726775
QN-SAMAMBAIA;SAMAMBAIA;60219;08/2020;61;1320000;1325990.0;4006.656;2671.104;1335.552;1;VAGO;5990.0;0.4537878787878788
QN-SAMAMBAIA;SAMAMBAIA;60219;08/2020;62;1090000;1100000.0;3300.0;2200.0;1100.0;1;VAGO;10000.0;0.9174311926605505
QN-SAMAMBAIA;SAMAMBAIA;60219;08/2020;63;133000;189599.0;300.0;200.0;100.0;9;VAGO;56599.0;42.55563909774436
QS-SAMAMBAIA;SAMAMBAIA;60219;08/2020;77;133000;145000.0;300.0;200.0;100.0;2;VAGO;12000.0;9.022556390977442
QS-SAMAMBAIA;SAMAMBAIA;60219;08/2020;78;133000;145000.0;300.0;200.0;100.0;1;VAGO;12000.0;9.022556390977442
QS-SAMAMBAIA;SAMAMBAIA;60219;08/2020;79;133000;145000.0;300.0;200.0;100.0;2;VAGO;12000.0;9.022556390977442
QS-SAMAMBAIA;SAMAMBAIA;60219;08/2020;80;133000;145000.0;300.0;200.0;100.0;5;VAGO;12000.0;9.022556390977442
QS-SAMAMBAIA;SAMAMBAIA;60220;08/2020;84;66400;86149.99;300.0;200.0;100.0;6;VAGO;19749.990000000005;29.7439608433735
QS-SAMAMBAIA;SAMAMBAIA;60220;08/2020;85;66400;81100.0;300.0;200.0;100.0;2;VAGO;14700.0;22.13855421686747
AREA DE DESENVOLVIMENTO ECONOMICO SUL;SAMAMBAIA;60225;08/2020;87;332000;611025.0;1311.0;1311.0;655.5;2;OCUPADO;279025.0;84.04367469879517
AREA DE DESENVOLVIMENTO ECONOMICO SUL;SAMAMBAIA;60225;08/2020;88;151000;220000.0;556.5;556.5;278.25;2;OCUPADO;69000.0;45.6953642384106
SANTA MARIA                                  ;SANTA MARIA;60217;08/2020;89;149000;155010.0;200.0;70.0;50.0;1;OBSTRUIDO;6010.0;4.033557046979866
SOBRADINHO                                   ;SOBRADINHO;60213;08/2020;91;2341323;2601000.0;5400.0;5400.0;900.0;2;OBSTRUIDO;259677.0;11.09103699062453
SETOR E SUL-QUADRA COMERCIAL                 ;TAGUATINGA;60217;08/2020;99;123570;161000.0;200.0;100.0;50.0;8;OCUPADO;37430.0;30.29052358986809
BAIRRO AGUAS CLARAS;TAGUATINGA;60217;11/2020;1;33700000;42200000.0;42412.48;25447.488;21206.24;3;OBSTRUIDO;8500000.0;25.222551928783382
BAIRRO AGUAS CLARAS;TAGUATINGA;60219;11/2020;2;21700000;31200000.0;29692.7;17815.62;5938.54;2;CERCADO;9500000.0;43.77880184331797
SETOR DE CLUBES ESPORTIVOS SUL               ;BRASILIA;1768;11/2020;6;13400000;13412000.0;10200.0;10200.0;17000.0;1;VAGO;12000.0;0.08955223880597014
SHCNW-SETOR DE HABITAÇÕES COLETIVAS NOROESTE;BRASILIA;1893;11/2020;7;14900000;23107823.0;5796.0;5796.0;920.0;5;VAGO;8207823.0;55.086060402684566
SHCNW-SETOR DE HABITAÇÕES COLETIVAS NOROESTE;BRASILIA;1893;11/2020;8;14900000;21801018.0;5796.0;5796.0;920.0;8;VAGO;6901018.0;46.31555704697987
SHCNW-SETOR DE HABITAÇÕES COLETIVAS NOROESTE;BRASILIA;1893;11/2020;9;14900000;22451000.0;5796.0;5796.0;920.0;9;VAGO;7551000.0;50.67785234899329
SHCNW-SETOR DE HABITAÇÕES COLETIVAS NOROESTE;BRASILIA;1893;11/2020;10;14900000;20552000.0;5796.0;5796.0;920.0;7;VAGO;5652000.0;37.93288590604027
SHCNW-SETOR DE HABITAÇÕES COLETIVAS NOROESTE;BRASILIA;1893;11/2020;11;14900000;20552000.0;5796.0;5796.0;920.0;5;VAGO;5652000.0;37.93288590604027
SHCNW-SETOR DE HABITAÇÕES COLETIVAS NOROESTE;BRASILIA;1893;11/2020;12;14900000;23151000.0;5796.0;5796.0;920.0;9;VAGO;8251000.0;55.375838926174495
SHCNW-SETOR DE HABITAÇÕES COLETIVAS NOROESTE;BRASILIA;1893;11/2020;13;14900000;22812477.0;5796.0;5796.0;920.0;7;VAGO;7912477.0;53.10387248322148
SHCNW-SETOR DE HABITAÇÕES COLETIVAS NOROESTE;BRASILIA;1893;11/2020;14;14900000;20552000.0;5796.0;5796.0;920.0;5;VAGO;5652000.0;37.93288590604027
SHCNW-SETOR DE HABITAÇÕES COLETIVAS NOROESTE;BRASILIA;1893;11/2020;15;14900000;21604012.0;5796.0;5796.0;920.0;6;OBSTRUIDO;6704012.0;44.99336912751678
SETOR P NORTE-ENTREQUADRA                    ;CEILANDIA;60216;11/2020;19;59600;150000.0;160.0;80.0;40.0;2;VAGO;90400.0;151.6778523489933
SETOR N NORTE                                ;CEILANDIA;60222;11/2020;20;283000;316300.0;1200.0;600.0;300.0;1;CERCADO;33300.0;11.76678445229682
SETOR OESTE                                  ;GAMA;60214;11/2020;22;147000;212000.0;550.0;550.0;275.0;7;CERCADO;65000.0;44.21768707482993
SETOR DE MULTIPLAS ATIVIDADES;GAMA;60224;11/2020;24;282000;352000.0;960.0;600.0;600.0;7;OBSTRUIDO;70000.0;24.822695035460992
SETOR RESID INDUSTRIA E ABASTECIMENTO        ;GUARA;60214;11/2020;28;226000;297101.0;388.8;388.8;162.0;27;VAGO;71101.0;31.460619469026547
SETOR RESID INDUSTRIA E ABASTECIMENTO        ;GUARA;60214;11/2020;29;232000;290622.09;399.6;399.6;166.5;19;VAGO;58622.090000000026;25.268142241379323
SETOR RESID INDUSTRIA E ABASTECIMENTO        ;GUARA;60214;11/2020;30;232000;302000.0;399.6;399.6;166.5;15;VAGO;70000.0;30.17241379310345
SETOR RESID INDUSTRIA E ABASTECIMENTO        ;GUARA;60214;11/2020;31;226000;281200.0;388.8;388.8;162.0;14;VAGO;55200.0;24.424778761061948
SETOR RESID INDUSTRIA E ABASTECIMENTO        ;GUARA;60214;11/2020;32;277000;331000.0;486.456;486.456;202.69;16;VAGO;54000.0;19.494584837545126
SETOR RESID INDUSTRIA E ABASTECIMENTO        ;GUARA;60214;11/2020;33;226000;268254.77;388.8;388.8;162.0;7;VAGO;42254.77000000002;18.69680088495576
SETOR RESID INDUSTRIA E ABASTECIMENTO        ;GUARA;60214;11/2020;34;232000;321500.0;399.6;399.6;166.5;11;VAGO;89500.0;38.577586206896555
SETOR RESID INDUSTRIA E ABASTECIMENTO        ;GUARA;60214;11/2020;35;232000;279980.0;399.6;399.6;166.5;9;VAGO;47980.0;20.68103448275862
SETOR RESID INDUSTRIA E ABASTECIMENTO        ;GUARA;60214;11/2020;36;226000;315100.0;388.8;388.8;162.0;12;VAGO;89100.0;39.424778761061944
SETOR RESID INDUSTRIA E ABASTECIMENTO        ;GUARA;60215;11/2020;37;254000;310000.0;441.0;441.0;183.75;21;VAGO;56000.0;22.04724409448819
SETOR RESID INDUSTRIA E ABASTECIMENTO        ;GUARA;60222;11/2020;39;1390000;1737500.0;3600.0;2700.0;900.0;1;VAGO;347500.0;25.0
SETOR RESID INDUSTRIA E ABASTECIMENTO        ;GUARA;60222;11/2020;40;1390000;1737500.0;3600.0;2700.0;900.0;1;VAGO;347500.0;25.0
SETOR HABITACIONAL JARDIM BOTANICO;SAO SEBASTIAO;60214;11/2020;42;511000;582471.59;1344.825;1344.825;896.55;6;VAGO;71471.58999999997;13.986612524461833
SETOR HABITACIONAL JARDIM BOTANICO;SAO SEBASTIAO;60214;11/2020;43;506000;543000.0;1329.0;1329.0;886.0;3;VAGO;37000.0;7.312252964426877
SETOR HABITACIONAL JARDIM BOTANICO;SAO SEBASTIAO;60214;11/2020;44;403000;551000.0;1200.0;1200.0;800.0;13;VAGO;148000.0;36.72456575682382
SETOR HABITACIONAL JARDIM BOTANICO;SAO SEBASTIAO;60214;11/2020;45;599000;629000.0;1907.715;1907.715;1271.81;3;VAGO;30000.0;5.008347245409015
SETOR HABITACIONAL JARDIM BOTANICO;SAO SEBASTIAO;60214;11/2020;46;431000;562031.5;1304.94;1304.94;869.96;19;VAGO;131031.5;30.401740139211135
SETOR HABITACIONAL TAQUARI;LAGO NORTE;60211;11/2020;48;397000;553300.0;600.0;600.0;750.0;3;OCUPADO;156300.0;39.37027707808564
PARANOÁ PARQUE;PARANOA;60221;11/2020;54;888000;890001.0;3240.009;1800.005;1800.005;1;VAGO;2001.0;0.22533783783783784
RECANTO DAS EMAS;RECANTO DAS EMAS;60217;11/2020;68;271000;301000.0;866.272;677.952;376.64;1;VAGO;30000.0;11.07011070110701
RECANTO DAS EMAS;RECANTO DAS EMAS;60217;11/2020;70;89300;91501.0;230.0;180.0;100.0;1;VAGO;2201.0;2.4647256438969767
AREA DE DESENVOLVIMENTO ECONOMICO;RECANTO DAS EMAS;60224;11/2020;72;565000;565500.0;2162.368;2162.368;675.74;1;CERCADO;500.0;0.08849557522123894
AREA DE DESENVOLVIMENTO ECONOMICO;RECANTO DAS EMAS;60224;11/2020;73;666000;667000.0;2576.704;2576.704;805.22;1;OCUPADO;1000.0;0.15015015015015015
HABITACIONAL RIACHO FUNDO II;RIACHO FUNDO II;60217;11/2020;75;292000;332000.0;935.76;436.688;311.92;2;VAGO;40000.0;13.698630136986301
HABITACIONAL RIACHO FUNDO II;RIACHO FUNDO II;60222;11/2020;76;60400;136000.0;109.58;76.706;54.79;8;VAGO;75600.0;125.16556291390728
HABITACIONAL RIACHO FUNDO II;RIACHO FUNDO II;60222;11/2020;77;78900;101501.0;151.92;106.344;75.96;1;VAGO;22601.0;28.64512040557668
HABITACIONAL RIACHO FUNDO II;RIACHO FUNDO II;60222;11/2020;78;60300;178000.0;109.42;76.594;54.71;6;VAGO;117700.0;195.19071310116087
HABITACIONAL RIACHO FUNDO II;RIACHO FUNDO II;60222;11/2020;79;59200;83608.0;107.06;74.942;53.53;3;VAGO;24408.0;41.22972972972973
HABITACIONAL RIACHO FUNDO II;RIACHO FUNDO II;60222;11/2020;81;79100;106320.0;152.24;106.568;76.12;1;OBSTRUIDO;27220.0;34.41213653603034
HABITACIONAL RIACHO FUNDO II;RIACHO FUNDO II;60222;11/2020;82;59400;79380.0;107.46;75.222;53.73;3;VAGO;19980.0;33.63636363636363
HABITACIONAL RIACHO FUNDO II;RIACHO FUNDO II;60222;11/2020;85;59400;95000.0;107.36;75.152;53.68;5;VAGO;35600.0;59.93265993265994
HABITACIONAL RIACHO FUNDO II;RIACHO FUNDO II;60222;11/2020;86;78100;111000.0;149.94;104.958;74.97;2;VAGO;32900.0;42.12548015364917
HABITACIONAL RIACHO FUNDO II;RIACHO FUNDO II;60222;11/2020;90;63500;138000.0;116.6;81.62;58.3;5;VAGO;74500.0;117.32283464566929
HABITACIONAL RIACHO FUNDO II;RIACHO FUNDO II;60222;11/2020;91;78100;131000.0;150.0;105.0;75.0;2;OCUPADO;52900.0;67.73367477592829
QS-SAMAMBAIA;SAMAMBAIA;60217;11/2020;98;143000;200100.0;350.0;200.0;100.0;4;VAGO;57100.0;39.930069930069926
QS-SAMAMBAIA;SAMAMBAIA;60217;11/2020;99;143000;190000.0;350.0;200.0;100.0;2;VAGO;47000.0;32.86713286713287
QS-SAMAMBAIA;SAMAMBAIA;60217;11/2020;100;143000;190000.0;350.0;200.0;100.0;2;OBSTRUIDO;47000.0;32.86713286713287
QS-SAMAMBAIA;SAMAMBAIA;60217;11/2020;101;143000;150500.0;350.0;200.0;100.0;1;VAGO;7500.0;5.244755244755245
QS-SAMAMBAIA;SAMAMBAIA;60217;11/2020;102;143000;150500.0;350.0;200.0;100.0;3;VAGO;7500.0;5.244755244755245
QS-SAMAMBAIA;SAMAMBAIA;60217;11/2020;103;143000;160000.0;350.0;200.0;100.0;3;VAGO;17000.0;11.888111888111888
QN-SAMAMBAIA;SAMAMBAIA;60219;11/2020;105;982000;1083000.0;3623.7;2415.8;1207.9;2;OBSTRUIDO;101000.0;10.285132382892057
QN-SAMAMBAIA;SAMAMBAIA;60219;11/2020;106;722000;801500.0;2638.14;1758.76;879.38;1;OBSTRUIDO;79500.0;11.011080332409973
QN-SAMAMBAIA;SAMAMBAIA;60219;11/2020;108;203000;210000.0;525.0;350.0;175.0;2;VAGO;7000.0;3.4482758620689653
QN-SAMAMBAIA;SAMAMBAIA;60220;11/2020;112;147000;168000.0;450.0;300.0;150.0;4;OCUPADO;21000.0;14.285714285714285
QN-SAMAMBAIA;SAMAMBAIA;60220;11/2020;115;113000;160000.0;600.0;400.0;200.0;5;VAGO;47000.0;41.5929203539823
QS-SAMAMBAIA;SAMAMBAIA;60220;11/2020;120;109000;121000.0;300.0;200.0;100.0;1;VAGO;12000.0;11.009174311926607
QS-SAMAMBAIA;SAMAMBAIA;60220;11/2020;121;109000;120000.0;300.0;200.0;100.0;1;VAGO;11000.0;10.091743119266056
QS-SAMAMBAIA;SAMAMBAIA;60220;11/2020;122;306000;315199.99;1059.96;706.64;353.32;1;VAGO;9199.98999999999;3.006532679738559
AREA DE DESENVOLVIMENTO ECONOMICO SUL;SAMAMBAIA;60225;11/2020;126;151000;277000.0;556.5;556.5;278.25;3;OCUPADO;126000.0;83.44370860927152
SANTA MARIA                                  ;SANTA MARIA;60217;11/2020;129;1020000;1021000.0;2992.0;1047.2;748.0;2;OBSTRUIDO;1000.0;0.09803921568627451
SETOR HOTELEIRO;SOBRADINHO;60217;11/2020;133;561000;1137540.0;900.0;720.0;300.0;4;OBSTRUIDO;576540.0;102.77005347593582
SETOR M NORTE-QUADRA RESIDENCIAL             ;TAGUATINGA;60214;11/2020;134;143000;143000.0;256.0;256.0;128.0;1;CONSTRUIDO;0.0;0.0
SETOR M NORTE-QUADRA RESIDENCIAL             ;TAGUATINGA;60214;11/2020;135;143000;143000.0;256.0;256.0;128.0;1;CONSTRUIDO;0.0;0.0
SHCNW-SETOR DE HABITAÇÕES COLETIVAS NOROESTE;BRASILIA;60598;12/2020;4;155000;205267.23;15.0;15.0;15.0;3;VAGO;50267.23000000001;32.43047096774194
SHCNW-SETOR DE HABITAÇÕES COLETIVAS NOROESTE;BRASILIA;1000;12/2020;5;155000;157501.5;15.0;15.0;15.0;2;VAGO;2501.5;1.6138709677419354
SHCNW-SETOR DE HABITAÇÕES COLETIVAS NOROESTE;BRASILIA;1894;12/2020;6;6200000;6588000.0;2286.0;2286.0;900.0;4;OBSTRUIDO;388000.0;6.258064516129032
SHCNW-SETOR DE HABITAÇÕES COLETIVAS NOROESTE;BRASILIA;1894;12/2020;7;6200000;6570000.0;2286.0;2286.0;900.0;2;VAGO;370000.0;5.967741935483871
SHCNW-SETOR DE HABITAÇÕES COLETIVAS NOROESTE;BRASILIA;1894;12/2020;8;5670000;6152000.0;1905.0;1905.0;750.0;2;VAGO;482000.0;8.500881834215168
CANDANGOLANDIA                               ;BRASILIA;60578;12/2020;10;1130000;1190999.99;2890.275;963.425;963.425;2;OCUPADO;60999.98999999999;5.398229203539822
SHCNW-SETOR DE HABITAÇÕES COLETIVAS NOROESTE;BRASILIA;60602;12/2020;15;5460000;7428562.38;300.0;300.0;1200.0;2;VAGO;1968562.38;36.05425604395604
SHCNW-SETOR DE HABITAÇÕES COLETIVAS NOROESTE;BRASILIA;60038;12/2020;16;2940000;3157121.0;1096.0;1096.0;800.0;2;VAGO;217121.0;7.385068027210884
SHCNW-SETOR DE HABITAÇÕES COLETIVAS NOROESTE;BRASILIA;60038;12/2020;17;2940000;3158121.0;1096.0;1096.0;800.0;1;VAGO;218121.0;7.419081632653062
SETOR DE ARMAZENAGEM E ABASTECIMENTO         ;BRASILIA;60225;12/2020;20;849000;1350000.0;1000.0;1000.0;500.0;1;OCUPADO;501000.0;59.01060070671378
SETOR M NORTE-QUADRA RESIDENCIAL             ;CEILANDIA;60214;12/2020;23;143000;220000.1;500.0;500.0;250.0;12;OCUPADO;77000.1;53.84622377622378
SETOR DE DESENVOLVIMENTO ECONOMICO CENTRO NORTE;CEILANDIA;60227;12/2020;24;135000;135000.0;300.0;300.0;150.0;1;OCUPADO;0.0;0.0
SETOR LESTE                                  ;GAMA;60214;12/2020;25;148000;149000.0;550.0;550.0;275.0;1;VAGO;1000.0;0.6756756756756757
SETOR LESTE                                  ;GAMA;60214;12/2020;26;148000;156983.0;550.0;550.0;275.0;1;OCUPADO;8983.0;6.069594594594594
SETOR OESTE                                  ;GAMA;60214;12/2020;27;147000;157000.0;550.0;550.0;275.0;2;OCUPADO;10000.0;6.802721088435375
SETOR OESTE (COM);GAMA;60216;12/2020;30;156000;165000.0;900.0;450.0;225.0;1;OCUPADO;9000.0;5.769230769230769
SETOR SUL                                    ;GAMA;60216;12/2020;31;193000;195000.0;1250.0;625.0;312.5;2;OCUPADO;2000.0;1.0362694300518136
SETOR SUL                                    ;GAMA;60216;12/2020;34;193000;202508.08;1250.0;625.0;312.5;1;EM CONSTRUCAO;9508.079999999987;4.926466321243517
SETOR RESID INDUSTRIA E ABASTECIMENTO        ;GUARA;60214;12/2020;37;226000;351000.0;388.8;388.8;162.0;20;VAGO;125000.0;55.309734513274336
SETOR RESID INDUSTRIA E ABASTECIMENTO        ;GUARA;60220;12/2020;38;297000;391101.03;527.664;527.664;219.86;24;VAGO;94101.03000000003;31.683848484848493
SETOR RESID INDUSTRIA E ABASTECIMENTO        ;GUARA;60217;12/2020;39;4800000;5177000.0;6049.68;6049.68;2016.56;1;VAGO;377000.0;7.854166666666666
SETOR HABITACIONAL JARDIM BOTANICO;SAO SEBASTIAO;60214;12/2020;42;503000;623500.0;1320.0;1320.0;880.0;10;VAGO;120500.0;23.956262425447317
SETOR HABITACIONAL JARDIM BOTANICO;SAO SEBASTIAO;60214;12/2020;43;513000;592000.0;1350.0;1350.0;900.0;2;VAGO;79000.0;15.39961013645224
SETOR HABITACIONAL JARDIM BOTANICO;SAO SEBASTIAO;60214;12/2020;44;452000;610700.0;1380.0;1380.0;920.0;17;OCUPADO;158700.0;35.11061946902655
SETOR HABITACIONAL JARDIM BOTANICO;SAO SEBASTIAO;60214;12/2020;45;568000;630500.0;1795.605;1795.605;1197.07;7;VAGO;62500.0;11.003521126760564
SETOR HABITACIONAL JARDIM BOTANICO;SAO SEBASTIAO;60214;12/2020;46;428000;583100.0;1293.0;1293.0;862.0;17;VAGO;155100.0;36.23831775700935
SETOR HABITACIONAL JARDIM BOTANICO;SAO SEBASTIAO;60214;12/2020;47;546000;601000.0;1720.125;1720.125;1146.75;3;VAGO;55000.0;10.073260073260073
SETOR HABITACIONAL JARDIM BOTANICO;SAO SEBASTIAO;60222;12/2020;48;2090000;2127102.7;3743.22;3743.22;3119.35;2;CERCADO;37102.700000000186;1.77524880382776
SETOR HABITACIONAL TAQUARI;LAGO NORTE;60211;12/2020;50;413000;475550.0;640.0;640.0;800.0;1;OCUPADO;62550.0;15.145278450363195
SETOR HABITACIONAL TAQUARI;LAGO NORTE;60211;12/2020;52;412000;523000.02;636.4;636.4;795.5;2;OCUPADO;111000.02000000002;26.941752427184472
AVENIDA CENTRAL                              ;NUCLEO BANDEIRANTE;60214;12/2020;53;197000;363000.0;288.0;288.0;120.0;45;VAGO;166000.0;84.26395939086294
PLACA DA MERCEDES                            ;NUCLEO BANDEIRANTE;60224;12/2020;54;897000;1321000.0;2100.0;1700.0;1000.0;6;CONSTRUIDO;424000.0;47.26867335562987
PARANOÁ PARQUE;PARANOA;60221;12/2020;55;4070000;4555000.0;18117.988;10065.549;10065.549;1;VAGO;485000.0;11.916461916461916
RECANTO DAS EMAS;RECANTO DAS EMAS;60217;12/2020;62;370000;400000.0;1207.5;945.0;525.0;1;VAGO;30000.0;8.108108108108109
RECANTO DAS EMAS;RECANTO DAS EMAS;60217;12/2020;63;46800;46800.0;115.0;90.0;50.0;1;OCUPADO;0.0;0.0
HABITACIONAL RIACHO FUNDO II;RIACHO FUNDO II;60217;12/2020;73;115000;179500.0;315.0;147.0;105.0;12;VAGO;64500.0;56.086956521739125
HABITACIONAL RIACHO FUNDO II;RIACHO FUNDO II;60217;12/2020;74;115000;141100.0;315.0;147.0;105.0;3;VAGO;26100.0;22.695652173913043
HABITACIONAL RIACHO FUNDO II;RIACHO FUNDO II;60217;12/2020;75;115000;145850.0;315.0;147.0;105.0;3;VAGO;30850.0;26.82608695652174
HABITACIONAL RIACHO FUNDO II;RIACHO FUNDO II;60222;12/2020;78;56000;125000.1;100.0;70.0;50.0;4;OBSTRUIDO;69000.1;123.2144642857143
HABITACIONAL RIACHO FUNDO II;RIACHO FUNDO II;60222;12/2020;79;56000;70000.0;100.0;70.0;50.0;2;VAGO;14000.0;25.0
HABITACIONAL RIACHO FUNDO II;RIACHO FUNDO II;60222;12/2020;80;56000;57501.0;100.0;70.0;50.0;1;VAGO;1501.0;2.680357142857143
HABITACIONAL RIACHO FUNDO II;RIACHO FUNDO II;60222;12/2020;81;55800;69200.0;99.5;69.65;49.75;4;VAGO;13400.0;24.014336917562723
HABITACIONAL RIACHO FUNDO II;RIACHO FUNDO II;60222;12/2020;82;56000;69900.0;100.0;70.0;50.0;2;VAGO;13900.0;24.821428571428573
HABITACIONAL RIACHO FUNDO II;RIACHO FUNDO II;60222;12/2020;83;56000;76000.0;100.0;70.0;50.0;2;VAGO;20000.0;35.714285714285715
HABITACIONAL RIACHO FUNDO II;RIACHO FUNDO II;60222;12/2020;84;55900;88360.9;99.8;69.86;49.9;1;VAGO;32460.899999999994;58.06958855098389
HABITACIONAL RIACHO FUNDO II;RIACHO FUNDO II;60222;12/2020;85;54300;80000.0;96.24;67.368;48.12;3;OBSTRUIDO;25700.0;47.32965009208103
HABITACIONAL RIACHO FUNDO II;RIACHO FUNDO II;60222;12/2020;86;55700;55700.0;99.28;69.496;49.64;1;OCUPADO;0.0;0.0
QN-SAMAMBAIA;SAMAMBAIA;60217;12/2020;87;143000;250100.0;350.0;200.0;100.0;4;OCUPADO;107100.0;74.8951048951049
QS-SAMAMBAIA;SAMAMBAIA;60217;12/2020;88;143000;173000.0;350.0;200.0;100.0;3;VAGO;30000.0;20.97902097902098
QS-SAMAMBAIA;SAMAMBAIA;60219;12/2020;95;1300000;1350000.0;3931.2;2620.8;1310.4;1;VAGO;50000.0;3.8461538461538463
QS-SAMAMBAIA;SAMAMBAIA;60219;12/2020;96;133000;158350.0;396.75;264.5;132.25;3;VAGO;25350.0;19.06015037593985
QS-SAMAMBAIA;SAMAMBAIA;60219;12/2020;97;133000;152000.0;300.0;200.0;100.0;2;VAGO;19000.0;14.285714285714285
QS-SAMAMBAIA;SAMAMBAIA;60219;12/2020;98;133000;140000.0;300.0;200.0;100.0;1;VAGO;7000.0;5.263157894736842
QN-SAMAMBAIA;SAMAMBAIA;60220;12/2020;99;109000;130000.0;300.0;200.0;100.0;2;VAGO;21000.0;19.26605504587156
QN-SAMAMBAIA;SAMAMBAIA;60220;12/2020;100;147000;191013.0;450.0;300.0;150.0;3;VAGO;44013.0;29.940816326530612
QS-SAMAMBAIA;SAMAMBAIA;60220;12/2020;103;66400;73040.0;300.0;200.0;100.0;3;VAGO;6640.0;10.0
QS-SAMAMBAIA;SAMAMBAIA;60220;12/2020;103;66400;73040.0;300.0;200.0;100.0;3;VAGO;6640.0;10.0
QS-SAMAMBAIA;SAMAMBAIA;60220;12/2020;104;66400;81300.0;300.0;200.0;100.0;3;VAGO;14900.0;22.439759036144576
QS-SAMAMBAIA;SAMAMBAIA;60220;12/2020;105;113000;114300.0;600.0;400.0;200.0;1;VAGO;1300.0;1.1504424778761062
QS-SAMAMBAIA;SAMAMBAIA;60220;12/2020;106;66400;81000.0;300.0;200.0;100.0;4;VAGO;14600.0;21.987951807228914
BAIRRO SÃO BARTOLOMEU;SAO SEBASTIAO;60217;12/2020;110;350000;360500.0;901.563;826.433;300.521;2;VAGO;10500.0;3.0
SETOR INDUSTRIAL                             ;SOBRADINHO;60224;12/2020;118;512000;520000.0;1400.0;1400.0;700.0;2;VAGO;8000.0;1.5625
SETOR INDUSTRIAL                             ;TAGUATINGA;60220;12/2020;119;818000;901000.0;1650.0;1100.0;550.0;1;VAGO;83000.0;10.146699266503667
SETOR INDUSTRIAL                             ;TAGUATINGA;60220;12/2020;120;818000;901000.0;1650.0;1100.0;550.0;1;VAGO;83000.0;10.146699266503667
SETOR INDUSTRIAL                             ;TAGUATINGA;60220;12/2020;121;818000;901000.0;1650.0;1100.0;550.0;2;VAGO;83000.0;10.146699266503667
DESENVOLVIMENTO  ECONOMICO  M/NORTE;TAGUATINGA;60227;12/2020;122;274410;306000.0;545.28;363.52;181.76;3;OCUPADO;31590.0;11.511971138078058
BAIRRO AGUAS CLARAS;TAGUATINGA;60220;15/2020;4;13500000;21151000.0;18000.0;10800.0;3600.0;6;OCUPADO;7651000.0;56.67407407407408
SETOR INDUSTRIAL I                           ;CEILANDIA;60225;15/2020;8;102000;153200.0;480.375;480.375;320.25;4;OCUPADO;51200.0;50.19607843137255
SETOR INDUSTRIAL I                           ;CEILANDIA;60225;15/2020;9;102000;153200.0;480.375;480.375;320.25;4;OCUPADO;51200.0;50.19607843137255
SETOR DE MULTIPLAS ATIVIDADES;GAMA;60224;15/2020;11;235000;242600.0;624.0;390.0;390.0;1;VAGO;7600.0;3.234042553191489
SETOR RESID INDUSTRIA E ABASTECIMENTO        ;GUARA;60214;15/2020;13;226000;397468.05;388.8;388.8;162.0;18;VAGO;171468.05;75.87081858407079
SETOR HABITACIONAL JARDIM BOTANICO;SAO SEBASTIAO;60214;15/2020;16;463000;605217.27;1200.0;1200.0;800.0;8;VAGO;142217.27000000002;30.716473002159834
SETOR HABITACIONAL JARDIM BOTANICO;SAO SEBASTIAO;60214;15/2020;17;403000;601100.0;1200.0;1200.0;800.0;7;VAGO;198100.0;49.15632754342432
SETOR HABITACIONAL JARDIM BOTANICO;SAO SEBASTIAO;60214;15/2020;18;439000;650000.01;1331.94;1331.94;887.96;14;VAGO;211000.01;48.063783599088836
SETOR HABITACIONAL JARDIM BOTANICO;SAO SEBASTIAO;60214;15/2020;19;436000;630070.0;1320.0;1320.0;880.0;7;VAGO;194070.0;44.51146788990826
SETOR HABITACIONAL TAQUARI;LAGO NORTE;60211;15/2020;24;404000;675500.0;616.84;616.84;771.05;32;OBSTRUIDO;271500.0;67.20297029702971
PARANOÁ PARQUE;PARANOA;60221;15/2020;29;1960000;2101000.99;6480.025;3600.014;3600.014;2;VAGO;141000.99000000022;7.193928061224502
PARANOÁ PARQUE;PARANOA;60221;15/2020;35;895000;901000.0;3666.742;2037.079;2037.079;1;VAGO;6000.0;0.6703910614525139
SETOR RESIDENCIAL LESTE (SRL);PLANALTINA;60216;15/2020;37;35400;42200.0;102.5;102.5;51.25;2;VAGO;6800.0;19.2090395480226
SETOR RESIDENCIAL LESTE (SRL);PLANALTINA;60216;15/2020;38;41400;48900.0;120.0;120.0;60.0;3;OBSTRUIDO;7500.0;18.115942028985508
RECANTO DAS EMAS;RECANTO DAS EMAS;60217;15/2020;44;126000;136000.0;333.5;261.0;145.0;2;VAGO;10000.0;7.936507936507936
RECANTO DAS EMAS;RECANTO DAS EMAS;60217;15/2020;46;130000;130000.0;345.0;270.0;150.0;1;VAGO;0.0;0.0
HABITACIONAL RIACHO FUNDO II;RIACHO FUNDO II;60217;15/2020;53;430000;761200.0;1440.0;672.0;480.0;12;VAGO;331200.0;77.02325581395348
HABITACIONAL RIACHO FUNDO II;RIACHO FUNDO II;60217;15/2020;54;141000;161000.0;400.92;187.096;133.64;1;OCUPADO;20000.0;14.184397163120568
HABITACIONAL RIACHO FUNDO II;RIACHO FUNDO II;60217;15/2020;55;147000;200000.0;421.23;196.574;140.41;1;OCUPADO;53000.0;36.054421768707485
HABITACIONAL RIACHO FUNDO II;RIACHO FUNDO II;60217;15/2020;66;220000;232000.0;675.0;315.0;225.0;1;VAGO;12000.0;5.454545454545454
HABITACIONAL RIACHO FUNDO II;RIACHO FUNDO II;60222;15/2020;69;120000;161000.0;151.96;106.372;75.98;1;OBSTRUIDO;41000.0;34.166666666666664
HABITACIONAL RIACHO FUNDO II;RIACHO FUNDO II;60224;15/2020;71;2270000;2338100.0;4702.376;4702.376;3358.84;1;EM CONSTRUCAO;68100.0;3.0
HABITACIONAL RIACHO FUNDO II;RIACHO FUNDO II;60224;15/2020;78;2060000;2125000.0;4241.398;4241.398;3029.57;1;CERCADO;65000.0;3.1553398058252426
QR-SAMAMBAIA;SAMAMBAIA;60213;15/2020;81;971000;1325000.0;3150.0;1800.0;900.0;2;VAGO;354000.0;36.4572605561277
QR-SAMAMBAIA;SAMAMBAIA;60213;15/2020;82;971000;1068100.0;3150.0;1800.0;900.0;1;VAGO;97100.0;10.0
QN-SAMAMBAIA;SAMAMBAIA;60217;15/2020;90;118000;150000.0;350.0;200.0;100.0;2;VAGO;32000.0;27.11864406779661
QN-SAMAMBAIA;SAMAMBAIA;60217;15/2020;91;118000;150000.0;350.0;200.0;100.0;1;VAGO;32000.0;27.11864406779661
QN-SAMAMBAIA;SAMAMBAIA;60217;15/2020;92;118000;150000.0;350.0;200.0;100.0;1;VAGO;32000.0;27.11864406779661
QN-SAMAMBAIA;SAMAMBAIA;60217;15/2020;93;265000;270000.0;771.75;441.0;220.5;1;VAGO;5000.0;1.8867924528301887
QS-SAMAMBAIA;SAMAMBAIA;60217;15/2020;94;143000;145005.0;350.0;200.0;100.0;1;OCUPADO;2005.0;1.402097902097902
QS-SAMAMBAIA;SAMAMBAIA;60217;15/2020;95;118000;210000.0;350.0;200.0;100.0;11;OCUPADO;92000.0;77.96610169491525
QS-SAMAMBAIA;SAMAMBAIA;60219;15/2020;105;1290000;1419000.0;4790.1;3193.4;1596.7;2;VAGO;129000.0;10.0
QN-SAMAMBAIA;SAMAMBAIA;60220;15/2020;111;147000;198000.0;450.0;300.0;150.0;6;VAGO;51000.0;34.69387755102041
QS-SAMAMBAIA;SAMAMBAIA;60220;15/2020;113;956000;1203500.0;3525.3;2350.2;1175.1;1;OBSTRUIDO;247500.0;25.889121338912137
QS-SAMAMBAIA;SAMAMBAIA;60220;15/2020;114;952000;1203500.0;3510.45;2340.3;1170.15;1;VAGO;251500.0;26.418067226890756
QS-SAMAMBAIA;SAMAMBAIA;60220;15/2020;117;66400;100000.0;300.0;200.0;100.0;4;OCUPADO;33600.0;50.602409638554214
QS-SAMAMBAIA;SAMAMBAIA;60220;15/2020;119;257000;260000.0;1500.0;1000.0;500.0;1;VAGO;3000.0;1.1673151750972763
AREA DE DESENVOLVIMENTO ECONOMICO SUL;SAMAMBAIA;60225;15/2020;125;137000;313013.0;500.0;500.0;250.0;6;OCUPADO;176013.0;128.47664233576643
SANTA MARIA                                  ;SANTA MARIA;60217;15/2020;128;2340000;2360990.0;8544.48;2990.568;2136.12;1;VAGO;20990.0;0.8970085470085469
SANTA MARIA                                  ;SANTA MARIA;60227;15/2020;131;105000;200020.0;518.616;288.12;288.12;4;OCUPADO;95020.0;90.4952380952381
POLO DESENV/ECONOMICO JUSCELINO KUBITSCHEK INDUSTRIA COMERCIO DE APOIO;SANTA MARIA;60225;15/2020;132;3270000;3270000.0;16000.0;5000.0;5000.0;1;OBSTRUIDO;0.0;0.0
BAIRRO SÃO BARTOLOMEU;SAO SEBASTIAO;60217;15/2020;133;485000;528000.0;1270.977;1165.062;423.659;1;VAGO;43000.0;8.8659793814433
SETOR P NORTE-QUADRA RESIDENCIAL             ;CEILANDIA;60214;16/2020;8;72900;161100.0;266.5;266.5;133.25;29;VAGO;88200.0;120.98765432098766
SETOR DE MULTIPLAS ATIVIDADES;GAMA;60224;16/2020;14;226000;250090.0;561.568;350.98;350.98;3;VAGO;24090.0;10.659292035398229
SETOR RESID INDUSTRIA E ABASTECIMENTO        ;GUARA;60214;16/2020;15;267000;403160.92;438.576;438.576;182.74;7;VAGO;136160.91999999998;50.99659925093633
SETOR RESID INDUSTRIA E ABASTECIMENTO        ;GUARA;60217;16/2020;16;4070000;4107000.0;5017.29;5017.29;1672.43;1;VAGO;37000.0;0.9090909090909091
RECANTO DAS EMAS;RECANTO DAS EMAS;60216;16/2020;27;159000;159000.0;450.0;405.0;225.0;1;OBSTRUIDO;0.0;0.0
RECANTO DAS EMAS;RECANTO DAS EMAS;60217;16/2020;28;46800;46800.0;115.0;90.0;50.0;1;VAGO;0.0;0.0
HABITACIONAL RIACHO FUNDO II;RIACHO FUNDO II;60217;16/2020;29;100000;168000.0;273.0;127.4;91.0;4;VAGO;68000.0;68.0
HABITACIONAL RIACHO FUNDO II;RIACHO FUNDO II;60217;16/2020;30;100000;115000.0;273.0;127.4;91.0;1;OBSTRUIDO;15000.0;15.0
HABITACIONAL RIACHO FUNDO II;RIACHO FUNDO II;60217;16/2020;31;100000;126000.0;273.0;127.4;91.0;3;OBSTRUIDO;26000.0;26.0
HABITACIONAL RIACHO FUNDO II;RIACHO FUNDO II;60217;16/2020;32;100000;168000.0;273.0;127.4;91.0;7;VAGO;68000.0;68.0
HABITACIONAL RIACHO FUNDO II;RIACHO FUNDO II;60217;16/2020;33;113000;189400.0;315.0;147.0;105.0;7;VAGO;76400.0;67.61061946902655
HABITACIONAL RIACHO FUNDO II;RIACHO FUNDO II;60217;16/2020;34;113000;170000.0;315.0;147.0;105.0;7;VAGO;57000.0;50.442477876106196
HABITACIONAL RIACHO FUNDO II;RIACHO FUNDO II;60217;16/2020;35;217000;260000.0;675.0;315.0;225.0;4;VAGO;43000.0;19.81566820276498
HABITACIONAL RIACHO FUNDO II;RIACHO FUNDO II;60217;16/2020;36;113000;120000.0;315.0;147.0;105.0;1;VAGO;7000.0;6.1946902654867255
HABITACIONAL RIACHO FUNDO II;RIACHO FUNDO II;60217;16/2020;37;113000;120000.0;315.0;147.0;105.0;1;OCUPADO;7000.0;6.1946902654867255
HABITACIONAL RIACHO FUNDO II;RIACHO FUNDO II;60217;16/2020;38;113000;141000.0;315.0;147.0;105.0;3;VAGO;28000.0;24.778761061946902
HABITACIONAL RIACHO FUNDO II;RIACHO FUNDO II;60217;16/2020;39;113000;121000.0;315.0;147.0;105.0;3;VAGO;8000.0;7.079646017699115
HABITACIONAL RIACHO FUNDO II;RIACHO FUNDO II;60217;16/2020;40;217000;217001.0;675.0;315.0;225.0;1;VAGO;1.0;0.0004608294930875576
HABITACIONAL RIACHO FUNDO II;RIACHO FUNDO II;60217;16/2020;41;113000;125010.0;315.0;147.0;105.0;1;VAGO;12010.0;10.628318584070797
HABITACIONAL RIACHO FUNDO II;RIACHO FUNDO II;60217;16/2020;42;113000;142510.0;315.0;147.0;105.0;1;VAGO;29510.0;26.115044247787612
QN-SAMAMBAIA;SAMAMBAIA;60219;16/2020;43;109000;128304.15;300.0;200.0;100.0;1;VAGO;19304.149999999994;17.71022935779816
QS-SAMAMBAIA;SAMAMBAIA;60219;16/2020;44;66400;75000.01;300.0;200.0;100.0;3;VAGO;8600.009999999995;12.95182228915662
QN-SAMAMBAIA;SAMAMBAIA;60220;16/2020;45;109000;127000.0;300.0;200.0;100.0;4;VAGO;18000.0;16.51376146788991
QN-SAMAMBAIA;SAMAMBAIA;60220;16/2020;46;109000;130200.0;300.0;200.0;100.0;1;VAGO;21200.0;19.449541284403672
QN-SAMAMBAIA;SAMAMBAIA;60220;16/2020;48;109000;110000.0;300.0;200.0;100.0;1;VAGO;1000.0;0.9174311926605505
QS-SAMAMBAIA;SAMAMBAIA;60220;16/2020;49;343000;360010.0;1200.0;800.0;400.0;1;OBSTRUIDO;17010.0;4.959183673469387
QS-SAMAMBAIA;SAMAMBAIA;60220;16/2020;52;109000;110000.0;300.0;200.0;100.0;2;VAGO;1000.0;0.9174311926605505
QS-SAMAMBAIA;SAMAMBAIA;60220;16/2020;54;101000;127270.0;525.0;350.0;175.0;1;VAGO;26270.0;26.009900990099013
QS-SAMAMBAIA;SAMAMBAIA;60220;16/2020;55;113000;142390.0;600.0;400.0;200.0;1;VAGO;29390.0;26.008849557522122
QS-SAMAMBAIA;SAMAMBAIA;60220;16/2020;56;113000;142390.0;600.0;400.0;200.0;1;VAGO;29390.0;26.008849557522122
QS-SAMAMBAIA;SAMAMBAIA;60220;16/2020;58;89500;110000.0;450.0;300.0;150.0;2;VAGO;20500.0;22.905027932960895
QS-SAMAMBAIA;SAMAMBAIA;60220;16/2020;59;89500;96328.3;450.0;300.0;150.0;2;EM CONSTRUCAO;6828.300000000003;7.629385474860338
QS-SAMAMBAIA;SAMAMBAIA;60220;16/2020;61;66400;67000.0;300.0;200.0;100.0;1;VAGO;600.0;0.9036144578313252
AREA DE DESENVOLVIMENTO ECONOMICO SUL;SAMAMBAIA;60227;16/2020;62;87000;101000.0;210.0;210.0;105.0;2;VAGO;14000.0;16.091954022988507
SETOR DE AREAS ISOLADAS SUDOESTE             ;BRASILIA;50;01/2021;3;19400000;19410000.0;16000.0;16000.0;10000.0;1;VAGO;10000.0;0.051546391752577324
SHCNW-SETOR DE HABITAÇÕES COLETIVAS NOROESTE;BRASILIA;1000;01/2021;4;157000;172015.0;15.0;15.0;15.0;1;VAGO;15015.0;9.563694267515924
SHCNW-SETOR DE HABITAÇÕES COLETIVAS NOROESTE;BRASILIA;60598;01/2021;5;157000;192000.0;15.0;15.0;15.0;4;OCUPADO;35000.0;22.29299363057325
SHCNW-SETOR DE HABITAÇÕES COLETIVAS NOROESTE;BRASILIA;60598;01/2021;6;157000;212000.0;15.0;15.0;15.0;3;OCUPADO;55000.0;35.03184713375796
SHCNW-SETOR DE HABITAÇÕES COLETIVAS NOROESTE;BRASILIA;1893;01/2021;7;17300000;25525000.0;5796.0;5796.0;920.0;4;OBSTRUIDO;8225000.0;47.543352601156066
SHCNW-SETOR DE HABITAÇÕES COLETIVAS NOROESTE;BRASILIA;60595;01/2021;8;17300000;25525000.0;920.0;920.0;920.0;7;VAGO;8225000.0;47.543352601156066
SHCNW-SETOR DE HABITAÇÕES COLETIVAS NOROESTE;BRASILIA;60595;01/2021;9;17300000;25525000.0;920.0;920.0;920.0;5;OBSTRUIDO;8225000.0;47.543352601156066
SHCNW-SETOR DE HABITAÇÕES COLETIVAS NOROESTE;BRASILIA;1893;01/2021;10;17300000;23888000.0;5796.0;5796.0;920.0;7;OBSTRUIDO;6588000.0;38.080924855491325
SHCNW-SETOR DE HABITAÇÕES COLETIVAS NOROESTE;BRASILIA;1893;01/2021;11;17300000;22501012.0;5796.0;5796.0;920.0;3;OBSTRUIDO;5201012.0;30.06365317919075
SETOR DE MANSOES SUBURBANAS PARK WAY SUL     ;BRASILIA;60212;01/2021;13;5050000;5050001.0;9000.0;9000.0;20000.0;1;OCUPADO;1.0;1.9801980198019803e-05
SETOR DE MANSOES DOM BOSCO;BRASILIA;60228;01/2021;14;6870000;7790000.0;4971.547;4971.547;7102.21;3;VAGO;920000.0;13.39155749636099
SETOR O NORTE-QUADRA RESIDENCIAL             ;CEILANDIA;60219;01/2021;17;353000;353000.0;1134.0;756.0;378.0;1;OCUPADO;0.0;0.0
SETOR INDUSTRIAL I                           ;CEILANDIA;60225;01/2021;20;207000;251000.0;1400.0;1400.0;700.0;1;VAGO;44000.0;21.256038647342994
SETOR INDUSTRIAL I                           ;CEILANDIA;60225;01/2021;21;207000;215000.0;1400.0;1400.0;700.0;1;OBSTRUIDO;8000.0;3.864734299516908
SETOR COMPLEMENTAR INDUSTRIA E ABASTECIMENTO;GUARA;60224;01/2021;25;1650000;1677777.77;2100.0;1800.0;1000.0;1;CERCADO;27777.77000000002;1.6835012121212134
SETOR HABITACIONAL JARDIM BOTANICO;SAO SEBASTIAO;60214;01/2021;26;415000;691050.78;1281.9;1281.9;854.6;19;VAGO;276050.78;66.51826024096387
SETOR HABITACIONAL JARDIM BOTANICO;SAO SEBASTIAO;60214;01/2021;27;489000;650000.0;1200.0;1200.0;800.0;6;VAGO;161000.0;32.92433537832311
SETOR HABITACIONAL JARDIM BOTANICO;SAO SEBASTIAO;60214;01/2021;28;489000;605000.0;1200.0;1200.0;800.0;5;VAGO;116000.0;23.721881390593047
SETOR HABITACIONAL JARDIM BOTANICO;SAO SEBASTIAO;60214;01/2021;29;489000;610000.0;1200.0;1200.0;800.0;4;VAGO;121000.0;24.74437627811861
SETOR HABITACIONAL JARDIM BOTANICO;SAO SEBASTIAO;60214;01/2021;30;489000;603500.0;1200.0;1200.0;800.0;4;VAGO;114500.0;23.415132924335378
SETOR HABITACIONAL JARDIM BOTANICO;SAO SEBASTIAO;60214;01/2021;31;567000;667454.29;1423.08;1423.08;948.72;3;VAGO;100454.29000000004;17.71680599647267
SETOR HABITACIONAL JARDIM BOTANICO;SAO SEBASTIAO;60214;01/2021;32;534000;606000.0;1575.6;1575.6;1050.4;2;VAGO;72000.0;13.48314606741573
PARANOÁ PARQUE;PARANOA;60221;01/2021;36;888000;1110000.0;3240.009;1800.005;1800.005;1;VAGO;222000.0;25.0
PARANOÁ PARQUE;PARANOA;60221;01/2021;37;888000;1110000.0;3240.009;1800.005;1800.005;1;VAGO;222000.0;25.0
PARANOÁ PARQUE;PARANOA;60221;01/2021;38;888000;1110000.0;3240.009;1800.005;1800.005;2;VAGO;222000.0;25.0
PARANOÁ PARQUE;PARANOA;60221;01/2021;39;888000;1110000.0;3240.009;1800.005;1800.005;2;VAGO;222000.0;25.0
RECANTO DAS EMAS;RECANTO DAS EMAS;60217;01/2021;40;283000;356500.0;905.625;708.75;393.75;2;OBSTRUIDO;73500.0;25.97173144876325
RECANTO DAS EMAS;RECANTO DAS EMAS;60217;01/2021;41;194000;200000.0;603.75;472.5;262.5;2;OCUPADO;6000.0;3.0927835051546393
AREA DE DESENVOLVIMENTO ECONOMICO;RECANTO DAS EMAS;60227;01/2021;45;139000;154050.5;446.4;446.4;111.6;2;OCUPADO;15050.5;10.82769784172662
CENTRO URBANO;RECANTO DAS EMAS;60222;01/2021;46;5300000;5310000.0;31785.6;14303.52;7946.4;1;OBSTRUIDO;10000.0;0.18867924528301888
SETOR HABITACIONAL RIACHO FUNDO              ;RIACHO FUNDO;60228;01/2021;47;429000;1101000.99;2160.0;2160.0;900.0;3;OCUPADO;672000.99;156.6435874125874
HABITACIONAL RIACHO FUNDO II;RIACHO FUNDO II;60217;01/2021;48;304000;324000.0;930.18;434.084;310.06;2;VAGO;20000.0;6.578947368421052
HABITACIONAL RIACHO FUNDO II;RIACHO FUNDO II;60217;01/2021;49;301000;316100.0;920.4;429.52;306.8;1;VAGO;15100.0;5.016611295681063
HABITACIONAL RIACHO FUNDO II;RIACHO FUNDO II;60217;01/2021;50;304000;342000.0;931.29;434.602;310.43;3;VAGO;38000.0;12.5
HABITACIONAL RIACHO FUNDO II;RIACHO FUNDO II;60217;01/2021;51;304000;361000.0;932.85;435.33;310.95;3;VAGO;57000.0;18.75
HABITACIONAL RIACHO FUNDO II;RIACHO FUNDO II;60217;01/2021;52;302000;351000.0;925.29;431.802;308.43;4;VAGO;49000.0;16.225165562913908
HABITACIONAL RIACHO FUNDO II;RIACHO FUNDO II;60217;01/2021;53;431000;1710000.0;1390.02;648.676;463.34;15;VAGO;1279000.0;296.75174013921117
HABITACIONAL RIACHO FUNDO II;RIACHO FUNDO II;60217;01/2021;54;106000;156450.0;273.0;127.4;91.0;3;VAGO;50450.0;47.594339622641506
HABITACIONAL RIACHO FUNDO II;RIACHO FUNDO II;60217;01/2021;55;106000;150250.0;273.0;127.4;91.0;2;VAGO;44250.0;41.74528301886792
HABITACIONAL RIACHO FUNDO II;RIACHO FUNDO II;60217;01/2021;56;106000;173550.0;273.0;127.4;91.0;2;VAGO;67550.0;63.72641509433963
HABITACIONAL RIACHO FUNDO II;RIACHO FUNDO II;60217;01/2021;57;106000;169550.0;273.0;127.4;91.0;2;VAGO;63550.0;59.95283018867924
HABITACIONAL RIACHO FUNDO II;RIACHO FUNDO II;60217;01/2021;58;106000;172950.0;273.0;127.4;91.0;5;VAGO;66950.0;63.16037735849057
QN-SAMAMBAIA;SAMAMBAIA;60217;01/2021;59;2412;3800.0;2786.8;1393.4;696.7;3;OCUPADO;1388.0;57.54560530679934
QN-SAMAMBAIA;SAMAMBAIA;60217;01/2021;60;2907;4010.0;3096.72;1821.6;910.8;3;OCUPADO;1103.0;37.94289645682834
QN-SAMAMBAIA;SAMAMBAIA;60217;01/2021;61;698000;915000.0;2400.0;1200.0;600.0;1;VAGO;217000.0;31.088825214899714
QS-SAMAMBAIA;SAMAMBAIA;60217;01/2021;62;143000;211999.99;350.0;200.0;100.0;2;VAGO;68999.98999999999;48.251741258741255
QS-SAMAMBAIA;SAMAMBAIA;60217;01/2021;63;143000;180000.0;350.0;200.0;100.0;2;OBSTRUIDO;37000.0;25.874125874125873
QS-SAMAMBAIA;SAMAMBAIA;60217;01/2021;65;143000;143000.0;350.0;200.0;100.0;1;VAGO;0.0;0.0
QN-SAMAMBAIA;SAMAMBAIA;60219;01/2021;66;66400;70101.5;300.0;200.0;100.0;2;VAGO;3701.5;5.5745481927710845
QN-SAMAMBAIA;SAMAMBAIA;60219;01/2021;67;66400;70101.5;300.0;200.0;100.0;1;VAGO;3701.5;5.5745481927710845
QR-SAMAMBAIA;SAMAMBAIA;60219;01/2021;71;91400;122999.99;150.0;100.0;50.0;1;VAGO;31599.990000000005;34.573293216630205
QN-SAMAMBAIA;SAMAMBAIA;60220;01/2021;79;109000;130000.0;300.0;200.0;100.0;2;VAGO;21000.0;19.26605504587156
QN-SAMAMBAIA;SAMAMBAIA;60220;01/2021;80;109000;113013.07;300.0;200.0;100.0;1;VAGO;4013.070000000007;3.6817155963302817
QN-SAMAMBAIA;SAMAMBAIA;60220;01/2021;81;66400;75000.0;300.0;200.0;100.0;3;VAGO;8600.0;12.951807228915662
QN-SAMAMBAIA;SAMAMBAIA;60220;01/2021;85;66400;68400.0;300.0;200.0;100.0;1;VAGO;2000.0;3.0120481927710845
QN-SAMAMBAIA;SAMAMBAIA;60220;01/2021;86;66400;66500.0;300.0;200.0;100.0;1;VAGO;100.0;0.15060240963855423
QN-SAMAMBAIA;SAMAMBAIA;60220;01/2021;88;66400;69000.0;300.0;200.0;100.0;1;VAGO;2600.0;3.91566265060241
QS-SAMAMBAIA;SAMAMBAIA;60220;01/2021;89;109000;150000.0;300.0;200.0;100.0;7;VAGO;41000.0;37.61467889908257
QS-SAMAMBAIA;SAMAMBAIA;60220;01/2021;90;109000;138900.0;300.0;200.0;100.0;5;VAGO;29900.0;27.431192660550458
QS-SAMAMBAIA;SAMAMBAIA;60220;01/2021;91;66400;76440.0;300.0;200.0;100.0;5;VAGO;10040.0;15.120481927710843
QS-SAMAMBAIA;SAMAMBAIA;60220;01/2021;92;66400;76510.0;300.0;200.0;100.0;4;VAGO;10110.0;15.225903614457831
QS-SAMAMBAIA;SAMAMBAIA;60220;01/2021;93;66400;76440.0;300.0;200.0;100.0;3;VAGO;10040.0;15.120481927710843
QS-SAMAMBAIA;SAMAMBAIA;60220;01/2021;94;66400;76440.0;300.0;200.0;100.0;3;VAGO;10040.0;15.120481927710843
QS-SAMAMBAIA;SAMAMBAIA;60220;01/2021;95;66400;76410.0;300.0;200.0;100.0;1;VAGO;10010.0;15.075301204819278
QS-SAMAMBAIA;SAMAMBAIA;60220;01/2021;96;66400;80100.0;300.0;200.0;100.0;5;VAGO;13700.0;20.632530120481928
QS-SAMAMBAIA;SAMAMBAIA;60220;01/2021;97;66400;80000.0;300.0;200.0;100.0;4;VAGO;13600.0;20.481927710843372
QS-SAMAMBAIA;SAMAMBAIA;60220;01/2021;98;66400;80000.0;300.0;200.0;100.0;3;VAGO;13600.0;20.481927710843372
SANTA MARIA                                  ;SANTA MARIA;60222;01/2021;104;1410000;1815000.0;7580.17;4081.63;2915.45;1;VAGO;405000.0;28.723404255319153
SANTA MARIA                                  ;SANTA MARIA;60222;01/2021;105;343000;400000.0;2288.0;1232.0;880.0;3;OCUPADO;57000.0;16.61807580174927
BAIRRO RESIDENCIAL OESTE;SAO SEBASTIAO;60216;01/2021;107;728000;731000.99;1927.503;1606.253;642.501;1;OBSTRUIDO;3000.9899999999907;0.41222390109889984
BAIRRO RESIDENCIAL OESTE;SAO SEBASTIAO;60216;01/2021;108;684000;724065.44;1806.339;1505.283;602.113;2;OBSTRUIDO;40065.439999999944;5.857520467836249
BAIRRO RESIDENCIAL OESTE;SAO SEBASTIAO;60216;01/2021;109;687000;701000.99;1816.551;1513.793;605.517;1;OBSTRUIDO;14000.98999999999;2.0379898107714687
SETOR INDUSTRIAL                             ;SOBRADINHO;60224;01/2021;115;512000;531000.0;1400.0;1400.0;700.0;1;CERCADO;19000.0;3.7109375
SETOR INDUSTRIAL                             ;SOBRADINHO;60224;01/2021;116;512000;531000.0;1400.0;1400.0;700.0;1;EM CONSTRUCAO;19000.0;3.7109375
SETOR INDUSTRIAL                             ;SOBRADINHO;60224;01/2021;117;512000;561000.0;1400.0;1400.0;700.0;1;EM CONSTRUCAO;49000.0;9.5703125
SETOR M NORTE-QUADRA RESIDENCIAL             ;TAGUATINGA;60214;01/2021;118;143000;204100.0;256.0;256.0;128.0;5;VAGO;61100.0;42.72727272727273
SETOR M NORTE-QUADRA RESIDENCIAL             ;TAGUATINGA;60214;01/2021;119;143000;150000.0;256.0;256.0;128.0;1;OCUPADO;7000.0;4.895104895104895
SHCNW-SETOR DE HABITAÇÕES COLETIVAS NOROESTE;BRASILIA;60598;02/2021;2;157000;180000.0;15.0;15.0;15.0;2;OCUPADO;23000.0;14.64968152866242
SHCNW-SETOR DE HABITAÇÕES COLETIVAS NOROESTE;BRASILIA;60598;02/2021;3;157000;180000.0;15.0;15.0;15.0;4;OCUPADO;23000.0;14.64968152866242
SETOR M NORTE-QUADRA RESIDENCIAL             ;CEILANDIA;60217;02/2021;5;2410000;2508000.0;7862.28;2620.76;1310.38;1;OBSTRUIDO;98000.0;4.066390041493776
SETOR O NORTE-QUADRA RESIDENCIAL             ;CEILANDIA;60219;02/2021;6;418000;501000.5;1386.0;924.0;462.0;3;VAGO;83000.5;19.856578947368423
SETOR O NORTE-QUADRA RESIDENCIAL             ;CEILANDIA;60219;02/2021;7;353000;401000.5;1134.0;756.0;378.0;2;OBSTRUIDO;48000.5;13.59787535410765
SETOR O NORTE-QUADRA RESIDENCIAL             ;CEILANDIA;60219;02/2021;8;353000;382990.0;1134.0;756.0;378.0;1;OCUPADO;29990.0;8.495750708215297
SETOR RESID INDUSTRIA E ABASTECIMENTO        ;GUARA;60214;02/2021;9;234000;350000.0;380.76;380.76;158.65;32;VAGO;116000.0;49.572649572649574
SETOR RESID INDUSTRIA E ABASTECIMENTO        ;GUARA;60214;02/2021;10;245000;351900.0;399.6;399.6;166.5;34;VAGO;106900.0;43.63265306122449
SETOR RESID INDUSTRIA E ABASTECIMENTO        ;GUARA;60214;02/2021;11;214000;358213.0;345.6;345.6;144.0;38;VAGO;144213.0;67.3892523364486
SETOR RESID INDUSTRIA E ABASTECIMENTO        ;GUARA;60221;02/2021;15;1390000;1603000.0;3600.0;2700.0;900.0;1;VAGO;213000.0;15.323741007194243
SETOR RESID INDUSTRIA E ABASTECIMENTO        ;GUARA;60222;02/2021;17;1390000;1603000.0;3600.0;2700.0;900.0;1;VAGO;213000.0;15.323741007194243
SETOR COMPLEMENTAR INDUSTRIA E ABASTECIMENTO;GUARA;60224;02/2021;18;1910000;1911000.0;2352.0;2016.0;1120.0;1;OCUPADO;1000.0;0.052356020942408384
SETOR HABITACIONAL JARDIM BOTANICO;SAO SEBASTIAO;60214;02/2021;20;489000;635000.0;1200.0;1200.0;800.0;9;VAGO;146000.0;29.85685071574642
SETOR HABITACIONAL JARDIM BOTANICO;SAO SEBASTIAO;60214;02/2021;21;489000;713713.13;1200.0;1200.0;800.0;6;VAGO;224713.13;45.953605316973416
SETOR HABITACIONAL JARDIM BOTANICO;SAO SEBASTIAO;60214;02/2021;22;489000;687370.0;1200.0;1200.0;800.0;9;VAGO;198370.0;40.56646216768916
SETOR HABITACIONAL JARDIM BOTANICO;SAO SEBASTIAO;60214;02/2021;23;489000;706000.0;1200.0;1200.0;800.0;7;VAGO;217000.0;44.376278118609406
SETOR HABITACIONAL JARDIM BOTANICO;SAO SEBASTIAO;60214;02/2021;24;489000;571510.5;1200.0;1200.0;800.0;2;VAGO;82510.5;16.87331288343558
SETOR HABITACIONAL JARDIM BOTANICO;SAO SEBASTIAO;60214;02/2021;25;489000;706370.0;1200.0;1200.0;800.0;13;VAGO;217370.0;44.4519427402863
SETOR HABITACIONAL JARDIM BOTANICO;SAO SEBASTIAO;60214;02/2021;26;501000;657000.0;1461.42;1461.42;974.28;3;VAGO;156000.0;31.137724550898206
SETOR HABITACIONAL JARDIM BOTANICO;SAO SEBASTIAO;60214;02/2021;27;492000;543910.0;1432.545;1432.545;955.03;3;VAGO;51910.0;10.550813008130081
SETOR HABITACIONAL JARDIM BOTANICO;SAO SEBASTIAO;60214;02/2021;28;426000;687370.0;1200.0;1200.0;800.0;13;EM CONSTRUCAO;261370.0;61.35446009389671
SETOR HABITACIONAL JARDIM BOTANICO;SAO SEBASTIAO;60214;02/2021;29;465000;616500.0;1337.94;1337.94;891.96;6;VAGO;151500.0;32.58064516129032
PARANOÁ PARQUE;PARANOA;60221;02/2021;32;787000;842000.0;2993.407;1663.004;1663.004;1;VAGO;55000.0;6.98856416772554
PARANOÁ PARQUE;PARANOA;60221;02/2021;33;795000;850000.0;3037.511;1687.506;1687.506;1;VAGO;55000.0;6.918238993710692
PARANOÁ PARQUE;PARANOA;60221;02/2021;35;787000;799990.0;2993.411;1663.006;1663.006;1;VAGO;12990.0;1.6505717916137232
SETOR RESIDENCIAL LESTE (URB-040/2015);PLANALTINA;60216;02/2021;36;124000;521101.99;480.0;360.0;200.0;8;OCUPADO;397101.99;320.24354032258066
EXPANSÃO DO SETOR RESIDENCIAL LESTE;PLANALTINA;60216;02/2021;37;69000;70000.0;200.0;200.0;100.0;1;VAGO;1000.0;1.4492753623188406
EXPANSÃO DO SETOR RESIDENCIAL LESTE;PLANALTINA;60216;02/2021;38;69000;78901.99;200.0;200.0;100.0;4;VAGO;9901.990000000005;14.350710144927545
SETOR RESIDENCIAL LESTE (SRL);PLANALTINA;60216;02/2021;39;28500;41106.0;82.5;82.5;41.25;5;SITUACAO NAO CADASTRADA;12606.0;44.23157894736842
HABITACIONAL RIACHO FUNDO II;RIACHO FUNDO II;60217;02/2021;47;308000;508500.0;944.37;440.706;314.79;13;VAGO;200500.0;65.09740259740259
HABITACIONAL RIACHO FUNDO II;RIACHO FUNDO II;60217;02/2021;48;120000;165000.0;315.0;147.0;105.0;7;VAGO;45000.0;37.5
HABITACIONAL RIACHO FUNDO II;RIACHO FUNDO II;60217;02/2021;49;120000;135000.0;315.0;147.0;105.0;3;OBSTRUIDO;15000.0;12.5
HABITACIONAL RIACHO FUNDO II;RIACHO FUNDO II;60217;02/2021;50;230000;235990.0;675.0;315.0;225.0;1;OCUPADO;5990.0;2.6043478260869564
HABITACIONAL RIACHO FUNDO II;RIACHO FUNDO II;60217;02/2021;51;120000;221000.0;315.0;147.0;105.0;3;OCUPADO;101000.0;84.16666666666667
CENTRO URBANO;SAMAMBAIA;60217;02/2021;56;7350000;7361000.0;15939.525;9108.3;4554.15;1;VAGO;11000.0;0.14965986394557823
QN-SAMAMBAIA;SAMAMBAIA;60219;02/2021;68;109000;126440.0;300.0;200.0;100.0;1;VAGO;17440.0;16.0
QN-SAMAMBAIA;SAMAMBAIA;60220;02/2021;75;147000;251117.0;450.0;300.0;150.0;2;VAGO;104117.0;70.82789115646258
QS-SAMAMBAIA;SAMAMBAIA;60220;02/2021;76;137000;200000.0;750.0;500.0;250.0;1;VAGO;63000.0;45.98540145985402
QS-SAMAMBAIA;SAMAMBAIA;60220;02/2021;77;137000;161900.0;750.0;500.0;250.0;2;VAGO;24900.0;18.175182481751825
QS-SAMAMBAIA;SAMAMBAIA;60220;02/2021;78;66400;101301.0;300.0;200.0;100.0;5;EM CONSTRUCAO;34901.0;52.56174698795181
QS-SAMAMBAIA;SAMAMBAIA;60220;02/2021;79;66400;81202.0;300.0;200.0;100.0;3;VAGO;14802.0;22.292168674698797
QS-SAMAMBAIA;SAMAMBAIA;60220;02/2021;80;66400;81550.0;300.0;200.0;100.0;2;VAGO;15150.0;22.816265060240966
QS-SAMAMBAIA;SAMAMBAIA;60220;02/2021;81;66400;81550.0;300.0;200.0;100.0;2;VAGO;15150.0;22.816265060240966
QS-SAMAMBAIA;SAMAMBAIA;60220;02/2021;82;257000;262040.0;1500.0;1000.0;500.0;1;VAGO;5040.0;1.961089494163424
QS-SAMAMBAIA;SAMAMBAIA;60220;02/2021;89;67500;68300.0;307.5;205.0;102.5;1;VAGO;800.0;1.1851851851851851
QS-SAMAMBAIA;SAMAMBAIA;60220;02/2021;92;113000;115900.0;600.0;400.0;200.0;1;VAGO;2900.0;2.566371681415929
QS-SAMAMBAIA;SAMAMBAIA;60220;02/2021;93;113000;121200.0;600.0;400.0;200.0;1;VAGO;8200.0;7.256637168141593
QS-SAMAMBAIA;SAMAMBAIA;60220;02/2021;94;113000;117990.0;600.0;400.0;200.0;1;VAGO;4990.0;4.4159292035398225
AREA DE DESENVOLVIMENTO ECONOMICO SUL;SAMAMBAIA;60225;02/2021;95;367000;375000.0;1457.0;1457.0;728.5;2;OCUPADO;8000.0;2.17983651226158
AREA DE DESENVOLVIMENTO ECONOMICO SUL;SAMAMBAIA;60225;02/2021;96;186000;276599.0;705.5;705.5;352.75;3;CONSTRUIDO;90599.0;48.70913978494624
SANTA MARIA                                  ;SANTA MARIA;60216;02/2021;97;62600;85003.31;182.25;94.5;67.5;3;OCUPADO;22403.309999999998;35.78803514376997
SANTA MARIA                                  ;SANTA MARIA;60227;02/2021;99;105000;123302.8;518.4;288.0;288.0;1;OCUPADO;18302.800000000003;17.431238095238097
BAIRRO AGUAS CLARAS;TAGUATINGA;60222;03/2021;1;5350000;17373897.26;7200.0;2160.0;3600.0;7;OCUPADO;12023897.260000002;224.74574317757012
SETOR N NORTE-QUADRA COMERCIAL               ;CEILANDIA;60217;03/2021;6;383000;2350100.0;1113.75;445.5;222.75;15;OBSTRUIDO;1967100.0;513.603133159269
SETOR O NORTE-ENTREQUADRA                    ;CEILANDIA;60222;03/2021;15;156000;234000.0;600.0;300.0;150.0;2;VAGO;78000.0;50.0
SETOR COMPLEMENTAR INDUSTRIA E ABASTECIMENTO;GUARA;60224;03/2021;16;1170000;1174200.0;1368.57;1173.06;651.7;2;OCUPADO;4200.0;0.358974358974359
SETOR HABITACIONAL TAQUARI;LAGO NORTE;60211;03/2021;17;435000;721058.51;640.0;640.0;800.0;32;SITUACAO NAO CADASTRADA;286058.51;65.76057701149426
SETOR DE OFICINAS E PEQUENAS INDUSTRIAS      ;NUCLEO BANDEIRANTE;60227;03/2021;19;289080;502000.0;575.0;425.0;250.0;10;CONSTRUIDO;212920.0;73.65435173654352
PARANOÁ PARQUE;PARANOA;60221;03/2021;20;1820000;2421000.0;6083.118;3379.51;3379.51;4;VAGO;601000.0;33.02197802197802
EXPANSÃO DO SETOR RESIDENCIAL LESTE;PLANALTINA;60216;03/2021;21;69000;80000.0;200.0;200.0;100.0;2;VAGO;11000.0;15.942028985507244
EXPANSÃO DO SETOR RESIDENCIAL LESTE;PLANALTINA;60216;03/2021;22;69000;80000.0;200.0;200.0;100.0;2;VAGO;11000.0;15.942028985507244
SETOR RESIDENCIAL LESTE (SRL);PLANALTINA;60216;03/2021;23;41400;48201.1;120.0;120.0;60.0;3;VAGO;6801.0999999999985;16.427777777777774
SETOR RESIDENCIAL LESTE (SRL);PLANALTINA;60216;03/2021;24;41400;50010.0;120.0;120.0;60.0;2;VAGO;8610.0;20.797101449275363
SETOR RESIDENCIAL LESTE (SRL);PLANALTINA;60216;03/2021;25;41400;60000.0;120.0;120.0;60.0;5;VAGO;18600.0;44.927536231884055
SETOR RESIDENCIAL LESTE (SRL);PLANALTINA;60216;03/2021;26;41400;44000.0;120.0;120.0;60.0;3;VAGO;2600.0;6.280193236714976
SETOR RESIDENCIAL LESTE (SRL);PLANALTINA;60216;03/2021;27;41400;41400.0;120.0;120.0;60.0;1;VAGO;0.0;0.0
RECANTO DAS EMAS;RECANTO DAS EMAS;60216;03/2021;29;163000;210000.0;352.0;316.8;176.0;6;VAGO;47000.0;28.834355828220858
HABITACIONAL RIACHO FUNDO II;RIACHO FUNDO II;60217;03/2021;30;403000;511000.0;1125.0;525.0;375.0;2;VAGO;108000.0;26.799007444168733
HABITACIONAL RIACHO FUNDO II;RIACHO FUNDO II;60217;03/2021;31;342000;473322.41;929.97;433.986;309.99;3;OBSTRUIDO;131322.40999999997;38.398365497076014
HABITACIONAL RIACHO FUNDO II;RIACHO FUNDO II;60217;03/2021;32;344000;568980.0;935.16;436.408;311.72;4;VAGO;224980.0;65.40116279069767
HABITACIONAL RIACHO FUNDO II;RIACHO FUNDO II;60217;03/2021;33;341000;451100.0;928.68;433.384;309.56;3;VAGO;110100.0;32.287390029325515
HABITACIONAL RIACHO FUNDO II;RIACHO FUNDO II;60217;03/2021;34;344000;490000.0;935.43;436.534;311.81;3;VAGO;146000.0;42.44186046511628
HABITACIONAL RIACHO FUNDO II;RIACHO FUNDO II;60217;03/2021;35;343000;521000.0;933.96;435.848;311.32;7;VAGO;178000.0;51.89504373177842
HABITACIONAL RIACHO FUNDO II;RIACHO FUNDO II;60222;03/2021;36;131000;155000.0;99.34;69.538;49.67;1;OBSTRUIDO;24000.0;18.3206106870229
CENTRO URBANO;SAMAMBAIA;60217;03/2021;48;436000;480000.0;779.19;519.46;259.73;1;VAGO;44000.0;10.091743119266056
CENTRO URBANO;SAMAMBAIA;60217;03/2021;49;433000;480000.0;772.92;515.28;257.64;1;VAGO;47000.0;10.854503464203233
QS-SAMAMBAIA;SAMAMBAIA;60218;03/2021;53;239000;261600.0;1600.0;800.0;400.0;2;VAGO;22600.0;9.456066945606695
QN-SAMAMBAIA;SAMAMBAIA;60219;03/2021;54;358000;368100.0;1012.17;674.78;337.39;1;OBSTRUIDO;10100.0;2.82122905027933
QN-SAMAMBAIA;SAMAMBAIA;60220;03/2021;61;90900;90900.0;225.0;150.0;75.0;2;VAGO;0.0;0.0
QS-SAMAMBAIA;SAMAMBAIA;60220;03/2021;65;109000;143008.17;300.0;200.0;100.0;2;VAGO;34008.17000000001;31.200155963302763
QS-SAMAMBAIA;SAMAMBAIA;60220;03/2021;66;109000;143008.17;300.0;200.0;100.0;3;VAGO;34008.17000000001;31.200155963302763
QS-SAMAMBAIA;SAMAMBAIA;60220;03/2021;67;109000;143008.17;300.0;200.0;100.0;2;VAGO;34008.17000000001;31.200155963302763
QS-SAMAMBAIA;SAMAMBAIA;60220;03/2021;68;109000;135050.0;300.0;200.0;100.0;3;VAGO;26050.0;23.89908256880734
QS-SAMAMBAIA;SAMAMBAIA;60220;03/2021;69;66400;102513.13;300.0;200.0;100.0;4;VAGO;36113.130000000005;54.38724397590362
QS-SAMAMBAIA;SAMAMBAIA;60220;03/2021;70;66400;102513.13;300.0;200.0;100.0;5;VAGO;36113.130000000005;54.38724397590362
QS-SAMAMBAIA;SAMAMBAIA;60220;03/2021;71;66400;102513.13;300.0;200.0;100.0;7;VAGO;36113.130000000005;54.38724397590362
QS-SAMAMBAIA;SAMAMBAIA;60220;03/2021;72;89500;94000.1;450.0;300.0;150.0;1;OBSTRUIDO;4500.100000000006;5.028044692737437
QI-SAMAMBAIA;SAMAMBAIA;60227;03/2021;74;117000;125027.99;200.0;200.0;100.0;2;OBSTRUIDO;8027.990000000005;6.861529914529919
QI-SAMAMBAIA;SAMAMBAIA;60227;03/2021;75;117000;120000.0;200.0;200.0;100.0;1;OCUPADO;3000.0;2.564102564102564
BAIRRO AGUAS CLARAS;TAGUATINGA;60219;04/2021;1;800000;919900.0;816.0;408.0;408.0;2;OCUPADO;119900.0;14.9875
SETOR P NORTE-ENTREQUADRA                    ;CEILANDIA;60216;04/2021;5;65700;75570.0;180.0;90.0;45.0;2;VAGO;9870.0;15.02283105022831
SETOR O NORTE-QUADRA RESIDENCIAL             ;CEILANDIA;60219;04/2021;10;353000;354000.0;1134.0;756.0;378.0;1;OBSTRUIDO;1000.0;0.28328611898017
SETOR DE DESENVOLVIMENTO ECONOMICO CENTRO NORTE;CEILANDIA;60224;04/2021;14;185000;252000.0;600.0;600.0;300.0;4;OCUPADO;67000.0;36.21621621621622
SETOR DE MATERIAL DE CONSTRUCAO              ;CEILANDIA;60225;04/2021;15;291000;438855.0;2100.0;2100.0;1050.0;4;CERCADO;147855.0;50.80927835051546
SETOR DE MATERIAL DE CONSTRUCAO              ;CEILANDIA;60225;04/2021;16;256000;431800.0;1800.0;1800.0;900.0;1;OCUPADO;175800.0;68.671875
SETOR RESID INDUSTRIA E ABASTECIMENTO        ;GUARA;60214;04/2021;17;225000;370000.0;345.6;345.6;144.0;13;OCUPADO;145000.0;64.44444444444444
SETOR RESID INDUSTRIA E ABASTECIMENTO        ;GUARA;60214;04/2021;18;225000;375750.0;345.6;345.6;144.0;14;VAGO;150750.0;67.0
SETOR RESID INDUSTRIA E ABASTECIMENTO        ;GUARA;60214;04/2021;19;274000;415200.0;427.944;427.944;178.31;9;OCUPADO;141200.0;51.53284671532846
SETOR RESID INDUSTRIA E ABASTECIMENTO        ;GUARA;60214;04/2021;20;238000;361000.0;366.552;366.552;152.73;10;VAGO;123000.0;51.68067226890757
SETOR RESID INDUSTRIA E ABASTECIMENTO        ;GUARA;60215;04/2021;21;225000;401999.0;345.6;345.6;144.0;11;VAGO;176999.0;78.66622222222223
SETOR HABITACIONAL JARDIM BOTANICO;SAO SEBASTIAO;60214;04/2021;23;422000;633339.0;1223.64;1223.64;815.76;21;CONSTRUIDO;211339.0;50.08033175355451
SETOR HABITACIONAL JARDIM BOTANICO;SAO SEBASTIAO;60214;04/2021;24;498000;628300.0;1365.255;1365.255;910.17;6;VAGO;130300.0;26.164658634538153
SETOR HABITACIONAL JARDIM BOTANICO;SAO SEBASTIAO;60214;04/2021;25;485000;751100.0;1323.27;1323.27;882.18;18;VAGO;266100.0;54.865979381443296
SETOR HABITACIONAL JARDIM BOTANICO;SAO SEBASTIAO;60221;04/2021;26;1770000;2010000.0;3600.0;3600.0;1000.0;1;VAGO;240000.0;13.559322033898304
SETOR HABITACIONAL JARDIM BOTANICO;SAO SEBASTIAO;60221;04/2021;28;496000;525910.99;600.0;600.0;400.0;3;VAGO;29910.98999999999;6.030441532258063
SETOR HABITACIONAL TAQUARI;LAGO NORTE;60211;04/2021;29;507000;677000.0;696.464;696.464;870.58;3;OCUPADO;170000.0;33.53057199211045
SETOR HABITACIONAL TAQUARI;LAGO NORTE;60211;04/2021;30;574000;575000.0;823.4;823.4;1029.25;1;OCUPADO;1000.0;0.17421602787456447
SETOR HABITACIONAL TAQUARI;LAGO NORTE;60211;04/2021;31;477000;582000.0;636.4;636.4;795.5;6;OCUPADO;105000.0;22.0125786163522
SETOR INDUSTRIAL BERNARDO SAYAO              ;NUCLEO BANDEIRANTE;60224;04/2021;32;1350000;1691000.0;2100.0;2100.0;1000.0;3;CERCADO;341000.0;25.25925925925926
HABITACIONAL RIACHO FUNDO II;RIACHO FUNDO II;60217;04/2021;35;490000;571975.0;1350.0;630.0;450.0;2;VAGO;81975.0;16.729591836734695
HABITACIONAL RIACHO FUNDO II;RIACHO FUNDO II;60217;04/2021;39;490000;550000.0;1350.0;630.0;450.0;1;VAGO;60000.0;12.244897959183673
HABITACIONAL RIACHO FUNDO II;RIACHO FUNDO II;60217;04/2021;41;122000;155000.0;273.0;127.4;91.0;3;VAGO;33000.0;27.049180327868854
HABITACIONAL RIACHO FUNDO II;RIACHO FUNDO II;60217;04/2021;42;122000;140000.0;273.0;127.4;91.0;1;VAGO;18000.0;14.754098360655737
HABITACIONAL RIACHO FUNDO II;RIACHO FUNDO II;60217;04/2021;44;122000;123550.0;273.0;127.4;91.0;2;VAGO;1550.0;1.2704918032786885
HABITACIONAL RIACHO FUNDO II;RIACHO FUNDO II;60217;04/2021;48;122000;122000.0;273.0;127.4;91.0;2;VAGO;0.0;0.0
HABITACIONAL RIACHO FUNDO II;RIACHO FUNDO II;60217;04/2021;50;122000;160001.99;273.0;127.4;91.0;4;VAGO;38001.98999999999;31.149172131147534
HABITACIONAL RIACHO FUNDO II;RIACHO FUNDO II;60217;04/2021;51;122000;147300.0;273.0;127.4;91.0;2;VAGO;25300.0;20.737704918032787
HABITACIONAL RIACHO FUNDO II;RIACHO FUNDO II;60217;04/2021;52;122000;143000.0;273.0;127.4;91.0;2;VAGO;21000.0;17.21311475409836
HABITACIONAL RIACHO FUNDO II;RIACHO FUNDO II;60217;04/2021;53;122000;143000.0;273.0;127.4;91.0;1;VAGO;21000.0;17.21311475409836
HABITACIONAL RIACHO FUNDO II;RIACHO FUNDO II;60217;04/2021;54;122000;171000.0;273.0;127.4;91.0;3;VAGO;49000.0;40.16393442622951
HABITACIONAL RIACHO FUNDO II;RIACHO FUNDO II;60222;04/2021;59;63000;71000.09;103.66;72.562;51.83;3;VAGO;8000.0899999999965;12.698555555555549
HABITACIONAL RIACHO FUNDO II;RIACHO FUNDO II;60224;04/2021;62;952000;1001095.87;1599.5;1599.5;1142.5;1;VAGO;49095.869999999995;5.1571292016806725
ADE OESTE - EXPANSÃO RESIDENCIAL OESTE DE SAMAMBAIA;SAMAMBAIA;60215;04/2021;63;70800;123800.0;256.14;256.14;128.07;1;OCUPADO;53000.0;74.85875706214689
ADE OESTE - EXPANSÃO RESIDENCIAL OESTE DE SAMAMBAIA;SAMAMBAIA;60215;04/2021;66;68900;128950.08;247.14;247.14;123.57;3;OCUPADO;60050.08;87.15541364296081
QS-SAMAMBAIA;SAMAMBAIA;60217;04/2021;67;143000;201223.0;350.0;200.0;100.0;4;OBSTRUIDO;58223.0;40.715384615384615
QS-SAMAMBAIA;SAMAMBAIA;60217;04/2021;68;143000;172035.0;350.0;200.0;100.0;3;OBSTRUIDO;29035.0;20.304195804195803
QS-SAMAMBAIA;SAMAMBAIA;60217;04/2021;69;143000;153000.0;350.0;200.0;100.0;1;VAGO;10000.0;6.993006993006993
QS-SAMAMBAIA;SAMAMBAIA;60219;04/2021;75;133000;150556.25;300.0;200.0;100.0;2;VAGO;17556.25;13.200187969924812
QS-SAMAMBAIA;SAMAMBAIA;60219;04/2021;81;109000;130440.0;300.0;200.0;100.0;3;VAGO;21440.0;19.6697247706422
QN-SAMAMBAIA;SAMAMBAIA;60220;04/2021;82;66400;86320.1;300.0;200.0;100.0;1;VAGO;19920.100000000006;30.000150602409647
QN-SAMAMBAIA;SAMAMBAIA;60220;04/2021;83;66400;86320.1;300.0;200.0;100.0;1;VAGO;19920.100000000006;30.000150602409647
QN-SAMAMBAIA;SAMAMBAIA;60220;04/2021;85;66400;86320.0;300.0;200.0;100.0;1;VAGO;19920.0;30.0
QN-SAMAMBAIA;SAMAMBAIA;60220;04/2021;86;66400;86320.0;300.0;200.0;100.0;2;VAGO;19920.0;30.0
QS-SAMAMBAIA;SAMAMBAIA;60220;04/2021;87;109000;153600.0;300.0;200.0;100.0;4;VAGO;44600.0;40.91743119266055
AREA DE DESENVOLVIMENTO ECONOMICO SUL;SAMAMBAIA;60227;04/2021;88;113000;123000.0;300.0;300.0;150.0;2;CERCADO;10000.0;8.849557522123893
QR-SAMAMBAIA;SAMAMBAIA;60230;04/2021;89;2220000;2713100.0;225.0;225.0;900.0;2;OCUPADO;493100.0;22.21171171171171
BAIRRO SÃO BARTOLOMEU;SAO SEBASTIAO;60217;04/2021;93;352000;402034.34;916.926;840.516;305.642;4;VAGO;50034.340000000026;14.214301136363645
BAIRRO SÃO BARTOLOMEU;SAO SEBASTIAO;60217;04/2021;94;352000;365000.0;915.87;839.548;305.29;2;VAGO;13000.0;3.6931818181818183
BAIRRO AGUAS CLARAS-QS;TAGUATINGA;60217;06/2021;1;7410000;10117000.0;16266.47;8561.3;4280.65;1;VAGO;2707000.0;36.53171390013495
BAIRRO AGUAS CLARAS-QS;TAGUATINGA;60219;06/2021;2;3790000;4103000.0;7440.0;7440.0;3720.0;1;OCUPADO;313000.0;8.258575197889181
BAIRRO AGUAS CLARAS-QS;TAGUATINGA;60219;06/2021;3;3760000;4103000.0;7376.0;7376.0;3688.0;1;CERCADO;343000.0;9.122340425531915
AREA DES/ECONOMICO-AGUAS CLARAS;TAGUATINGA;60227;06/2021;4;305000;371501.99;520.0;520.0;260.0;5;OCUPADO;66501.98999999999;21.803931147540982
SETOR DE RESIDENCIAS ECONOMICAS SUL          ;BRASILIA;1641;06/2021;5;1430000;1509990.0;1200.0;1200.0;1000.0;1;OCUPADO;79990.0;5.593706293706294
SHCNW-SETOR DE HABITAÇÕES COLETIVAS NOROESTE;BRASILIA;60033;06/2021;8;7980000;8179500.0;2635.36;2635.36;728.0;2;VAGO;199500.0;2.5
SHCNW-SETOR DE HABITAÇÕES COLETIVAS NOROESTE;BRASILIA;60033;06/2021;9;7270000;7450000.0;2766.4;2766.4;728.0;1;VAGO;180000.0;2.4759284731774414
SETOR R NORTE-CNR;CEILANDIA;60215;06/2021;10;36800;42000.0;132.0;132.0;55.0;2;OCUPADO;5200.0;14.130434782608695
SETOR M NORTE-ENTREQUADRA                    ;CEILANDIA;60216;06/2021;11;83200;161101.01;200.0;100.0;50.0;4;OCUPADO;77901.01000000001;93.6310216346154
SETOR N NORTE-ENTREQUADRA                    ;CEILANDIA;60216;06/2021;12;82600;131101.01;200.0;100.0;50.0;3;OCUPADO;48501.01000000001;58.71792978208234
SETOR RESID INDUSTRIA E ABASTECIMENTO        ;GUARA;60221;06/2021;19;1440000;2110000.0;3600.0;2700.0;900.0;4;VAGO;670000.0;46.52777777777778
SETOR HABITACIONAL JARDIM BOTANICO;SAO SEBASTIAO;60214;06/2021;20;719000;832028.59;1751.97;1751.97;1167.98;1;VAGO;113028.58999999997;15.720248956884559
SETOR HABITACIONAL JARDIM BOTANICO;SAO SEBASTIAO;60214;06/2021;21;515000;810000.0;1200.0;1200.0;800.0;8;VAGO;295000.0;57.28155339805825
SETOR HABITACIONAL JARDIM BOTANICO;SAO SEBASTIAO;60214;06/2021;22;596000;728999.99;1423.08;1423.08;948.72;8;VAGO;132999.99;22.315434563758387
SETOR HABITACIONAL JARDIM BOTANICO;SAO SEBASTIAO;60214;06/2021;23;484000;677600.0;1320.0;1320.0;880.0;8;VAGO;193600.0;40.0
SETOR HABITACIONAL TAQUARI;LAGO NORTE;60211;06/2021;24;1181970;1350000.0;1575.232;1575.232;1969.04;3;CONSTRUIDO;168030.0;14.216096855250132
RECANTO DAS EMAS;RECANTO DAS EMAS;60216;06/2021;26;186000;190550.0;465.5;418.95;232.75;1;VAGO;4550.0;2.446236559139785
RECANTO DAS EMAS;RECANTO DAS EMAS;60217;06/2021;27;108000;109000.0;282.233;220.878;122.71;1;VAGO;1000.0;0.9259259259259258
RECANTO DAS EMAS;RECANTO DAS EMAS;60217;06/2021;28;80700;81700.0;206.034;161.244;89.58;1;VAGO;1000.0;1.2391573729863694
RECANTO DAS EMAS;RECANTO DAS EMAS;60217;06/2021;29;51800;58700.0;128.202;100.332;55.74;1;VAGO;6900.0;13.320463320463322
RECANTO DAS EMAS;RECANTO DAS EMAS;60217;06/2021;30;51000;68000.0;126.04;98.64;54.8;1;EM CONSTRUCAO;17000.0;33.33333333333333
SETOR HOSPITALAR;RECANTO DAS EMAS;60217;06/2021;32;267000;275000.0;649.658;508.428;282.46;1;VAGO;8000.0;2.9962546816479403
SETOR HOSPITALAR;RECANTO DAS EMAS;60217;06/2021;33;267000;275000.0;649.658;508.428;282.46;1;VAGO;8000.0;2.9962546816479403
AREA DE DESENVOLVIMENTO ECONOMICO;RECANTO DAS EMAS;60227;06/2021;34;144000;145000.0;463.36;463.36;115.84;2;VAGO;1000.0;0.6944444444444444
QR-SAMAMBAIA;SAMAMBAIA;60213;06/2021;40;485000;503111.11;3150.0;1800.0;900.0;2;VAGO;18111.109999999986;3.73424948453608
CENTRO URBANO;SAMAMBAIA;60217;06/2021;41;29200000;35069200.0;74049.75;32911.0;16455.5;2;EM CONSTRUCAO;5869200.0;20.1
CENTRO URBANO;SAMAMBAIA;60217;06/2021;42;6860000;6902000.0;14870.205;8497.26;4248.63;1;VAGO;42000.0;0.6122448979591837
QS-SAMAMBAIA;SAMAMBAIA;60217;06/2021;43;1570000;1733010.0;5088.1;2993.0;1496.5;2;OBSTRUIDO;163010.0;10.3828025477707
QR-SAMAMBAIA;SAMAMBAIA;60218;06/2021;44;450000;493110.0;2700.0;1800.0;900.0;1;VAGO;43110.0;9.58
QN-SAMAMBAIA;SAMAMBAIA;60219;06/2021;48;377000;452110.0;2250.0;1500.0;750.0;1;VAGO;75110.0;19.923076923076923
QS-SAMAMBAIA;SAMAMBAIA;60219;06/2021;50;233000;265000.0;781.5;521.0;260.5;2;VAGO;32000.0;13.733905579399142
QS-SAMAMBAIA;SAMAMBAIA;60219;06/2021;54;582000;641000.0;2105.73;1403.82;701.91;1;OBSTRUIDO;59000.0;10.137457044673539
QS-SAMAMBAIA;SAMAMBAIA;60219;06/2021;55;133000;180000.0;396.75;264.5;132.25;5;VAGO;47000.0;35.338345864661655
QS-SAMAMBAIA;SAMAMBAIA;60219;06/2021;56;133000;172112.0;396.75;264.5;132.25;4;VAGO;39112.0;29.407518796992484
QS-SAMAMBAIA;SAMAMBAIA;60219;06/2021;58;133000;191952.01;300.0;200.0;100.0;4;VAGO;58952.01000000001;44.324819548872185
QS-SAMAMBAIA;SAMAMBAIA;60219;06/2021;59;133000;145000.0;300.0;200.0;100.0;1;VAGO;12000.0;9.022556390977442
QS-SAMAMBAIA;SAMAMBAIA;60220;06/2021;64;209000;240100.0;1200.0;800.0;400.0;1;VAGO;31100.0;14.880382775119616
QS-SAMAMBAIA;SAMAMBAIA;60220;06/2021;69;66400;110300.0;300.0;200.0;100.0;7;VAGO;43900.0;66.1144578313253
QS-SAMAMBAIA;SAMAMBAIA;60220;06/2021;70;66400;87300.0;300.0;200.0;100.0;2;VAGO;20900.0;31.475903614457827
QS-SAMAMBAIA;SAMAMBAIA;60220;06/2021;71;66400;85544.0;300.0;200.0;100.0;1;VAGO;19144.0;28.831325301204817
QS-SAMAMBAIA;SAMAMBAIA;60220;06/2021;72;89500;95000.0;450.0;300.0;150.0;1;VAGO;5500.0;6.145251396648044
SANTA MARIA                                  ;SANTA MARIA;60224;06/2021;80;225000;225000.0;1296.0;756.0;540.0;2;OCUPADO;0.0;0.0
SHCNW-SETOR DE HABITAÇÕES COLETIVAS NOROESTE;BRASILIA;1893;07/2021;1;17300000;22612000.0;5796.0;5796.0;920.0;2;OBSTRUIDO;5312000.0;30.70520231213873
SHCNW-SETOR DE HABITAÇÕES COLETIVAS NOROESTE;BRASILIA;1893;07/2021;2;17300000;22612000.0;5796.0;5796.0;920.0;2;VAGO;5312000.0;30.70520231213873
SHCNW-SETOR DE HABITAÇÕES COLETIVAS NOROESTE;BRASILIA;1893;07/2021;3;15300000;23112000.0;5670.0;5670.0;900.0;2;OBSTRUIDO;7812000.0;51.05882352941177
SHCNW-SETOR DE HABITAÇÕES COLETIVAS NOROESTE;BRASILIA;1893;07/2021;4;17300000;27051000.0;5796.0;5796.0;920.0;5;OBSTRUIDO;9751000.0;56.36416184971098
SHCNW-SETOR DE HABITAÇÕES COLETIVAS NOROESTE;BRASILIA;1893;07/2021;5;17300000;26340000.0;5796.0;5796.0;920.0;4;OBSTRUIDO;9040000.0;52.2543352601156
SHCNW-SETOR DE HABITAÇÕES COLETIVAS NOROESTE;BRASILIA;1893;07/2021;6;17300000;27340000.0;5796.0;5796.0;920.0;6;OBSTRUIDO;10040000.0;58.03468208092486
BAIRRO AGUAS CLARAS;TAGUATINGA;60217;08/2021;1;11600000;15151051.0;13625.66;8175.396;6812.83;4;CERCADO;3551051.0;30.612508620689656
VILA TELEBRASILIA - SETOR DE CLUBES ESPORTIVOS SUL - SCE/SUL;BRASILIA;289;08/2021;3;163000;254000.0;100.0;100.0;100.0;3;VAGO;91000.0;55.828220858895705
SETOR P NORTE-ENTREQUADRA                    ;CEILANDIA;60216;08/2021;7;59700;93100.0;160.0;80.0;40.0;4;OBSTRUIDO;33400.0;55.9463986599665
SETOR O NORTE-QUADRA RESIDENCIAL             ;CEILANDIA;60219;08/2021;13;342000;350000.0;1096.5;731.0;365.5;1;VAGO;8000.0;2.3391812865497075
SETOR HABITACIONAL JARDIM BOTANICO;SAO SEBASTIAO;60214;08/2021;15;606000;909000.0;1800.0;1800.0;1200.0;10;VAGO;303000.0;50.0
PARANOÁ PARQUE;PARANOA;60221;08/2021;20;725000;739000.0;2449.654;1360.919;1360.919;1;VAGO;14000.0;1.9310344827586208
PARANOÁ PARQUE;PARANOA;60221;08/2021;21;643000;659000.0;2127.296;1181.831;1181.831;1;VAGO;16000.0;2.488335925349922
EXPANSÃO DO SETOR RESIDENCIAL LESTE;PLANALTINA;60216;08/2021;24;75100;90000.0;200.0;200.0;100.0;1;VAGO;14900.0;19.840213049267643
HABITACIONAL RIACHO FUNDO II;RIACHO FUNDO II;60217;08/2021;25;358000;393500.0;943.95;440.51;314.65;1;VAGO;35500.0;9.916201117318437
HABITACIONAL RIACHO FUNDO II;RIACHO FUNDO II;60217;08/2021;26;358000;401025.0;944.52;440.776;314.84;1;OBSTRUIDO;43025.0;12.018156424581006
HABITACIONAL RIACHO FUNDO II;RIACHO FUNDO II;60217;08/2021;27;361000;453100.0;954.06;445.228;318.02;1;VAGO;92100.0;25.51246537396122
HABITACIONAL RIACHO FUNDO II;RIACHO FUNDO II;60217;08/2021;28;358000;485000.0;944.07;440.566;314.69;2;VAGO;127000.0;35.47486033519553
HABITACIONAL RIACHO FUNDO II;RIACHO FUNDO II;60217;08/2021;29;358000;512660.0;943.26;440.188;314.42;5;VAGO;154660.0;43.201117318435756
HABITACIONAL RIACHO FUNDO II;RIACHO FUNDO II;60217;08/2021;30;358000;516660.0;944.88;440.944;314.96;4;VAGO;158660.0;44.31843575418994
HABITACIONAL RIACHO FUNDO II;RIACHO FUNDO II;60222;08/2021;31;87500;161000.0;150.98;105.686;75.49;5;OCUPADO;73500.0;84.0
QS-SAMAMBAIA;SAMAMBAIA;60213;08/2021;41;971000;1262100.0;3150.0;1800.0;900.0;4;VAGO;291100.0;29.979402677651905
CENTRO URBANO;SAMAMBAIA;60217;08/2021;42;9050000;9101000.0;21133.24;10566.62;5283.31;1;OBSTRUIDO;51000.0;0.56353591160221
QS-SAMAMBAIA;SAMAMBAIA;60217;08/2021;49;143000;160500.0;350.0;200.0;100.0;1;VAGO;17500.0;12.237762237762238
QS-SAMAMBAIA;SAMAMBAIA;60217;08/2021;51;1180000;1510000.0;3785.56;2226.8;1113.4;1;OBSTRUIDO;330000.0;27.966101694915253
QN-SAMAMBAIA;SAMAMBAIA;60219;08/2021;53;133000;137000.0;300.0;200.0;100.0;5;OBSTRUIDO;4000.0;3.007518796992481
QS-SAMAMBAIA;SAMAMBAIA;60219;08/2021;57;133000;133000.0;300.0;200.0;100.0;1;VAGO;0.0;0.0
QS-SAMAMBAIA;SAMAMBAIA;60219;08/2021;66;851000;851100.0;2550.0;1700.0;850.0;1;OCUPADO;100.0;0.011750881316098707
QS-SAMAMBAIA;SAMAMBAIA;60219;08/2021;67;179000;259770.0;450.0;300.0;150.0;1;VAGO;80770.0;45.122905027932966
QS-SAMAMBAIA;SAMAMBAIA;60219;08/2021;68;179000;190000.0;450.0;300.0;150.0;2;VAGO;11000.0;6.145251396648044
QS-SAMAMBAIA;SAMAMBAIA;60219;08/2021;70;179000;179500.0;450.0;300.0;150.0;1;VAGO;500.0;0.27932960893854747
QN-SAMAMBAIA;SAMAMBAIA;60220;08/2021;72;109000;126000.0;300.0;200.0;100.0;1;VAGO;17000.0;15.59633027522936
QN-SAMAMBAIA;SAMAMBAIA;60220;08/2021;78;109000;111000.0;300.0;200.0;100.0;1;VAGO;2000.0;1.834862385321101
QS-SAMAMBAIA;SAMAMBAIA;60220;08/2021;80;109000;126002.0;300.0;200.0;100.0;1;VAGO;17002.0;15.598165137614679
QS-SAMAMBAIA;SAMAMBAIA;60220;08/2021;84;109000;160000.0;300.0;200.0;100.0;2;VAGO;51000.0;46.788990825688074
QS-SAMAMBAIA;SAMAMBAIA;60220;08/2021;85;374000;394759.99;1312.5;875.0;437.5;1;OBSTRUIDO;20759.98999999999;5.550799465240639
QS-SAMAMBAIA;SAMAMBAIA;60220;08/2021;88;109000;130600.0;300.0;200.0;100.0;1;OBSTRUIDO;21600.0;19.816513761467892
BAIRRO SÃO BARTOLOMEU;SAO SEBASTIAO;60217;08/2021;103;381000;400000.0;912.216;836.198;304.072;3;VAGO;19000.0;4.986876640419948
SETOR DE HABITACOES INDIVIDUAIS SUL          ;BRASILIA;60222;09/2021;1;1680000;1751100.0;882.0;882.0;294.0;1;OBSTRUIDO;71100.0;4.232142857142858
SETOR DE HABITACOES INDIVIDUAIS SUL          ;BRASILIA;60228;09/2021;2;6470000;6501000.0;3430.0;3430.0;4900.0;1;OBSTRUIDO;31000.0;0.4791344667697064
SETOR HABITACIONAL TAQUARI;LAGO NORTE;60211;09/2021;15;1250000;1300100.0;1920.0;1920.0;2400.0;1;OCUPADO;50100.0;4.008
PARANOÁ PARQUE;PARANOA;60221;09/2021;18;852000;855100.0;3237.532;1798.629;1798.629;1;VAGO;3100.0;0.363849765258216
PARANOÁ PARQUE;PARANOA;60221;09/2021;20;807000;807500.0;2993.407;1663.004;1663.004;1;OCUPADO;500.0;0.061957868649318466
RECANTO DAS EMAS;RECANTO DAS EMAS;60216;09/2021;29;96900;99000.0;201.58;181.422;100.79;1;VAGO;2100.0;2.1671826625387
RECANTO DAS EMAS;RECANTO DAS EMAS;60216;09/2021;30;101000;103000.0;210.84;189.756;105.42;1;VAGO;2000.0;1.9801980198019802
RECANTO DAS EMAS;RECANTO DAS EMAS;60216;09/2021;31;97200;120000.0;202.12;181.908;101.06;2;VAGO;22800.0;23.456790123456788
RECANTO DAS EMAS;RECANTO DAS EMAS;60216;09/2021;33;725000;725100.0;2289.2;2060.28;1144.6;1;OCUPADO;100.0;0.013793103448275862
AREA DE DESENVOLVIMENTO ECONOMICO;RECANTO DAS EMAS;60227;09/2021;36;311000;350000.0;1060.0;1060.0;265.0;1;OCUPADO;39000.0;12.540192926045016
HABITACIONAL RIACHO FUNDO II;RIACHO FUNDO II;60217;09/2021;37;418000;536600.0;1125.0;525.0;375.0;2;VAGO;118600.0;28.373205741626794
HABITACIONAL RIACHO FUNDO II;RIACHO FUNDO II;60217;09/2021;38;122000;147100.0;273.0;127.4;91.0;3;VAGO;25100.0;20.573770491803277
HABITACIONAL RIACHO FUNDO II;RIACHO FUNDO II;60217;09/2021;39;122000;122500.0;273.0;127.4;91.0;1;VAGO;500.0;0.4098360655737705
HABITACIONAL RIACHO FUNDO II;RIACHO FUNDO II;60217;09/2021;40;122000;151100.0;273.0;127.4;91.0;2;VAGO;29100.0;23.852459016393443
HABITACIONAL RIACHO FUNDO II;RIACHO FUNDO II;60223;09/2021;41;2250000;2861000.0;6779.325;3796.422;2711.73;2;VAGO;611000.0;27.155555555555555
CENTRO URBANO;SAMAMBAIA;60217;09/2021;43;10200000;10580000.0;23887.88;11943.94;5971.97;2;OCUPADO;380000.0;3.7254901960784315
QS-SAMAMBAIA;SAMAMBAIA;60217;09/2021;44;143000;160000.0;350.0;200.0;100.0;1;VAGO;17000.0;11.888111888111888
QS-SAMAMBAIA;SAMAMBAIA;60217;09/2021;45;143000;160000.0;350.0;200.0;100.0;1;VAGO;17000.0;11.888111888111888
QS-SAMAMBAIA;SAMAMBAIA;60218;09/2021;55;44100;50000.0;140.0;100.0;50.0;1;VAGO;5900.0;13.378684807256235
QS-SAMAMBAIA;SAMAMBAIA;60218;09/2021;56;44100;44100.0;140.0;100.0;50.0;1;VAGO;0.0;0.0
QN-SAMAMBAIA;SAMAMBAIA;60219;09/2021;63;1360000;1414400.0;5020.5;3347.0;1673.5;1;VAGO;54400.0;4.0
QN-SAMAMBAIA;SAMAMBAIA;60219;09/2021;64;391000;640000.0;2323.125;1548.75;774.375;3;VAGO;249000.0;63.68286445012787
QS-SAMAMBAIA;SAMAMBAIA;60219;09/2021;66;143000;181515.17;433.5;289.0;144.5;1;VAGO;38515.17000000001;26.933685314685324
QS-SAMAMBAIA;SAMAMBAIA;60219;09/2021;68;140000;180000.0;768.75;512.5;256.25;4;EM CONSTRUCAO;40000.0;28.57142857142857
QN-SAMAMBAIA;SAMAMBAIA;60220;09/2021;72;109000;109401.0;300.0;200.0;100.0;1;VAGO;401.0;0.3678899082568807
QN-SAMAMBAIA;SAMAMBAIA;60220;09/2021;74;109000;130000.0;300.0;200.0;100.0;1;VAGO;21000.0;19.26605504587156
QN-SAMAMBAIA;SAMAMBAIA;60220;09/2021;75;66600;71500.0;300.0;200.0;100.0;1;VAGO;4900.0;7.3573573573573565
QN-SAMAMBAIA;SAMAMBAIA;60220;09/2021;78;66600;82900.0;300.0;200.0;100.0;2;VAGO;16300.0;24.474474474474476
QR-SAMAMBAIA;SAMAMBAIA;60220;09/2021;79;386000;465000.0;1356.93;904.62;452.31;1;VAGO;79000.0;20.466321243523318
QR-SAMAMBAIA;SAMAMBAIA;60220;09/2021;80;386000;465000.0;1356.63;904.42;452.21;1;VAGO;79000.0;20.466321243523318
QS-SAMAMBAIA;SAMAMBAIA;60220;09/2021;81;109000;120000.0;300.0;200.0;100.0;1;VAGO;11000.0;10.091743119266056
QS-SAMAMBAIA;SAMAMBAIA;60220;09/2021;83;308000;350101.0;1063.14;708.76;354.38;3;VAGO;42101.0;13.669155844155846
QS-SAMAMBAIA;SAMAMBAIA;60220;09/2021;85;109000;109430.0;300.0;200.0;100.0;1;VAGO;430.0;0.3944954128440367
QS-SAMAMBAIA;SAMAMBAIA;60220;09/2021;89;109000;110000.0;300.0;200.0;100.0;1;VAGO;1000.0;0.9174311926605505
EXPANSAO ECONOMICA                           ;SOBRADINHO;60224;09/2021;91;460000;787659.87;990.0;742.5;990.0;7;VAGO;327659.87;71.23040652173913
BAIRRO AGUAS CLARAS;TAGUATINGA;60217;11/2021;1;9250000;13025000.0;11900.0;8500.0;1700.0;3;CERCADO;3775000.0;40.81081081081081
SHCNW-SETOR DE HABITAÇÕES COLETIVAS NOROESTE;BRASILIA;60033;11/2021;5;7870000;8103300.0;2635.36;2635.36;728.0;2;VAGO;233300.0;2.9644218551461243
SETOR DE INDUSTRIA E ABASTECIMENTO           ;BRASILIA;60223;11/2021;12;16651000;18101000.0;7908.68;7908.68;7908.68;1;OCUPADO;1450000.0;8.70818569455288
SETOR O NORTE-QUADRA RESIDENCIAL             ;CEILANDIA;60219;11/2021;14;352000;482600.0;1134.0;756.0;378.0;1;OCUPADO;130600.0;37.10227272727273
SETOR RESID INDUSTRIA E ABASTECIMENTO        ;GUARA;60222;11/2021;19;1440000;1710000.0;3600.0;2700.0;900.0;1;VAGO;270000.0;18.75
SETOR HABITACIONAL TAQUARI;LAGO NORTE;60211;11/2021;21;679000;805700.0;879.144;879.144;1098.93;7;OBSTRUIDO;126700.0;18.65979381443299
HABITACIONAL RIACHO FUNDO II;RIACHO FUNDO II;60217;11/2021;25;566000;748300.0;1587.6;740.88;529.2;1;VAGO;182300.0;32.20848056537102
HABITACIONAL RIACHO FUNDO II;RIACHO FUNDO II;60217;11/2021;30;122000;169920.0;273.0;127.4;91.0;3;VAGO;47920.0;39.278688524590166
HABITACIONAL RIACHO FUNDO II;RIACHO FUNDO II;60217;11/2021;31;122000;163920.0;273.0;127.4;91.0;2;OBSTRUIDO;41920.0;34.36065573770492
CENTRO URBANO;SAMAMBAIA;60217;11/2021;46;538000;640900.0;983.88;655.92;327.96;2;VAGO;102900.0;19.12639405204461
CENTRO URBANO;SAMAMBAIA;60217;11/2021;47;515000;18320000.0;937.5;625.0;312.5;1;VAGO;17805000.0;3457.281553398058
CENTRO URBANO;SAMAMBAIA;60217;11/2021;47;515000;18320000.0;937.5;625.0;312.5;1;VAGO;17805000.0;3457.281553398058
CENTRO URBANO;SAMAMBAIA;60217;11/2021;47;515000;18320000.0;937.5;625.0;312.5;1;VAGO;17805000.0;3457.281553398058
CENTRO URBANO;SAMAMBAIA;60217;11/2021;47;515000;18320000.0;937.5;625.0;312.5;1;VAGO;17805000.0;3457.281553398058
CENTRO URBANO;SAMAMBAIA;60217;11/2021;47;515000;18320000.0;937.5;625.0;312.5;1;VAGO;17805000.0;3457.281553398058
CENTRO URBANO;SAMAMBAIA;60217;11/2021;47;515000;18320000.0;937.5;625.0;312.5;1;VAGO;17805000.0;3457.281553398058
CENTRO URBANO;SAMAMBAIA;60217;11/2021;47;515000;18320000.0;937.5;625.0;312.5;1;VAGO;17805000.0;3457.281553398058
CENTRO URBANO;SAMAMBAIA;60217;11/2021;47;515000;18320000.0;937.5;625.0;312.5;1;VAGO;17805000.0;3457.281553398058
CENTRO URBANO;SAMAMBAIA;60217;11/2021;47;515000;18320000.0;937.5;625.0;312.5;1;VAGO;17805000.0;3457.281553398058
CENTRO URBANO;SAMAMBAIA;60217;11/2021;47;515000;18320000.0;937.5;625.0;312.5;1;VAGO;17805000.0;3457.281553398058
CENTRO URBANO;SAMAMBAIA;60217;11/2021;47;537000;18320000.0;983.64;655.76;327.88;1;VAGO;17783000.0;3311.5456238361267
CENTRO URBANO;SAMAMBAIA;60217;11/2021;47;537000;18320000.0;983.64;655.76;327.88;1;VAGO;17783000.0;3311.5456238361267
CENTRO URBANO;SAMAMBAIA;60217;11/2021;47;537000;18320000.0;983.64;655.76;327.88;1;VAGO;17783000.0;3311.5456238361267
CENTRO URBANO;SAMAMBAIA;60217;11/2021;47;537000;18320000.0;983.64;655.76;327.88;1;VAGO;17783000.0;3311.5456238361267
CENTRO URBANO;SAMAMBAIA;60217;11/2021;47;537000;18320000.0;983.64;655.76;327.88;1;VAGO;17783000.0;3311.5456238361267
CENTRO URBANO;SAMAMBAIA;60217;11/2021;47;490000;18320000.0;886.83;591.22;295.61;1;VAGO;17830000.0;3638.7755102040815
CENTRO URBANO;SAMAMBAIA;60217;11/2021;47;2010000;18320000.0;4262.37;2435.64;1217.82;1;VAGO;16310000.0;811.4427860696518
CENTRO URBANO;SAMAMBAIA;60217;11/2021;47;2000000;18320000.0;4251.205;2429.26;1214.63;1;VAGO;16320000.0;816.0
CENTRO URBANO;SAMAMBAIA;60217;11/2021;47;2000000;18320000.0;4239.41;2422.52;1211.26;1;VAGO;16320000.0;816.0
CENTRO URBANO;SAMAMBAIA;60217;11/2021;47;1990000;18320000.0;4228.28;2416.16;1208.08;1;VAGO;16330000.0;820.6030150753769
CENTRO URBANO;SAMAMBAIA;60217;11/2021;47;1990000;18320000.0;4217.78;2410.16;1205.08;1;VAGO;16330000.0;820.6030150753769
CENTRO URBANO;SAMAMBAIA;60217;11/2021;48;1660000;2500000.0;3500.0;2000.0;1000.0;4;VAGO;840000.0;50.602409638554214
QN-SAMAMBAIA;SAMAMBAIA;60217;11/2021;49;159000;216600.6;525.0;300.0;150.0;6;OBSTRUIDO;57600.600000000006;36.22679245283019
QN-SAMAMBAIA;SAMAMBAIA;60217;11/2021;50;143000;207350.0;350.0;200.0;100.0;5;VAGO;64350.0;45.0
QN-SAMAMBAIA;SAMAMBAIA;60218;11/2021;59;128000;128000.0;280.0;200.0;100.0;2;OCUPADO;0.0;0.0
QN-SAMAMBAIA;SAMAMBAIA;60219;11/2021;62;109000;141600.0;300.0;200.0;100.0;4;VAGO;32600.0;29.908256880733948
QN-SAMAMBAIA;SAMAMBAIA;60219;11/2021;63;75300;82000.0;150.0;100.0;50.0;1;VAGO;6700.0;8.897742363877823
QN-SAMAMBAIA;SAMAMBAIA;60219;11/2021;64;75300;80000.0;150.0;100.0;50.0;1;VAGO;4700.0;6.241699867197875
QR-SAMAMBAIA;SAMAMBAIA;60219;11/2021;71;91200;97000.0;150.0;100.0;50.0;1;VAGO;5800.0;6.359649122807018
QR-SAMAMBAIA;SAMAMBAIA;60219;11/2021;72;91200;91200.0;150.0;100.0;50.0;2;OBSTRUIDO;0.0;0.0
QS-SAMAMBAIA;SAMAMBAIA;60219;11/2021;77;66600;72000.0;300.0;200.0;100.0;1;OCUPADO;5400.0;8.108108108108109
QN-SAMAMBAIA;SAMAMBAIA;60220;11/2021;87;109000;120050.0;300.0;200.0;100.0;1;VAGO;11050.0;10.137614678899084
QN-SAMAMBAIA;SAMAMBAIA;60220;11/2021;88;91300;115000.32;225.0;150.0;75.0;2;VAGO;23700.320000000007;25.958729463307783
QN-SAMAMBAIA;SAMAMBAIA;60220;11/2021;91;66600;150000.0;300.0;200.0;100.0;5;VAGO;83400.0;125.22522522522523
QS-SAMAMBAIA;SAMAMBAIA;60220;11/2021;93;148000;211330.0;450.0;300.0;150.0;3;VAGO;63330.0;42.79054054054054
QS-SAMAMBAIA;SAMAMBAIA;60220;11/2021;94;148000;195500.0;450.0;300.0;150.0;1;VAGO;47500.0;32.0945945945946
QS-SAMAMBAIA;SAMAMBAIA;60220;11/2021;95;162000;224500.0;900.0;600.0;300.0;2;VAGO;62500.0;38.58024691358025
QS-SAMAMBAIA;SAMAMBAIA;60220;11/2021;96;162000;162000.0;900.0;600.0;300.0;1;VAGO;0.0;0.0
QS-SAMAMBAIA;SAMAMBAIA;60220;11/2021;97;89800;157800.0;450.0;300.0;150.0;1;VAGO;68000.0;75.7238307349666
AREA DE DESENVOLVIMENTO ECONOMICO SUL;SAMAMBAIA;60227;11/2021;98;87000;88000.0;210.0;210.0;105.0;1;OCUPADO;1000.0;1.1494252873563218
AREA DE DESENVOLVIMENTO ECONOMICO SUL;SAMAMBAIA;60227;11/2021;99;87000;88000.0;210.0;210.0;105.0;1;OCUPADO;1000.0;1.1494252873563218
POLO DESENV/ECONOMICO JUSCELINO KUBITSCHEK INDUSTRIA COMERCIO DE APOIO;SANTA MARIA;60225;11/2021;103;2960000;2960000.0;16000.0;5000.0;5000.0;1;OCUPADO;0.0;0.0
BAIRRO AGUAS CLARAS-QS;TAGUATINGA;60219;12/2021;1;2590000;3081099.58;5000.0;5000.0;2500.0;2;EM CONSTRUCAO;491099.5800000001;18.96137374517375
BAIRRO AGUAS CLARAS-QS;TAGUATINGA;60225;12/2021;4;480000;480000.0;1000.0;1000.0;500.0;1;VAGO;0.0;0.0
SHCNW-SETOR DE HABITAÇÕES COLETIVAS NOROESTE;BRASILIA;60033;12/2021;8;7650000;7804000.0;2964.0;2964.0;780.0;1;VAGO;154000.0;2.0130718954248366
SHCNW-SETOR DE HABITAÇÕES COLETIVAS NOROESTE;BRASILIA;60033;12/2021;9;7650000;7804000.0;2964.0;2964.0;780.0;1;VAGO;154000.0;2.0130718954248366
SHCNW-SETOR DE HABITAÇÕES COLETIVAS NOROESTE;BRASILIA;60033;12/2021;10;8230000;8313000.0;2831.4;2831.4;780.0;1;VAGO;83000.0;1.008505467800729
SETOR DE HABITACOES INDIVIDUAIS SUL          ;BRASILIA;60211;12/2021;11;2400000;3101000.0;1086.4;1086.4;776.0;2;OCUPADO;701000.0;29.208333333333332
SETOR O NORTE                                ;CEILANDIA;60217;12/2021;20;3070000;4129777.77;15300.0;10200.0;5100.0;2;VAGO;1059777.77;34.520448534201954
SETOR HABITACIONAL SOL NASCENTE TRECHO 01 ETAPA I;CEILANDIA;60219;12/2021;21;52300;165100.0;370.74;370.74;185.37;10;VAGO;112800.0;215.67877629063096
SETOR R NORTE - QNR;CEILANDIA;60221;12/2021;23;34100;50000.0;88.0;88.0;44.0;1;VAGO;15900.0;46.62756598240469
SETOR R NORTE - QNR;CEILANDIA;60221;12/2021;24;34100;50000.0;88.0;88.0;44.0;2;VAGO;15900.0;46.62756598240469
SETOR HABITACIONAL JARDIM BOTANICO;SAO SEBASTIAO;60214;12/2021;31;468000;765999.0;1200.0;1200.0;800.0;20;VAGO;297999.0;63.675000000000004
SETOR RESIDENCIAL LESTE (SRL);PLANALTINA;60216;12/2021;32;29300;35301.99;82.5;82.5;41.25;1;VAGO;6001.989999999998;20.484607508532417
SETOR RESIDENCIAL LESTE (SRL);PLANALTINA;60216;12/2021;33;35500;35500.0;100.0;100.0;50.0;1;VAGO;0.0;0.0
SETOR RESIDENCIAL LESTE (SRL);PLANALTINA;60216;12/2021;34;35500;35500.0;100.0;100.0;50.0;1;VAGO;0.0;0.0
SETOR RESIDENCIAL LESTE (SRL);PLANALTINA;60216;12/2021;35;35500;35800.0;100.0;100.0;50.0;2;VAGO;300.0;0.8450704225352111
SETOR RESIDENCIAL LESTE (SRL);PLANALTINA;60216;12/2021;36;35500;36155.0;100.0;100.0;50.0;1;VAGO;655.0;1.8450704225352115
RECANTO DAS EMAS;RECANTO DAS EMAS;60217;12/2021;37;77700;80100.0;227.424;177.984;98.88;1;VAGO;2400.0;3.088803088803089
RECANTO DAS EMAS;RECANTO DAS EMAS;60217;12/2021;40;236000;301020.0;672.543;526.338;292.41;3;VAGO;65020.0;27.55084745762712
HABITACIONAL RIACHO FUNDO II;RIACHO FUNDO II;60217;12/2021;41;418000;470830.9;1125.0;525.0;375.0;2;VAGO;52830.90000000002;12.638971291866033
HABITACIONAL RIACHO FUNDO II;RIACHO FUNDO II;60217;12/2021;43;490000;581000.0;1350.0;630.0;450.0;1;VAGO;91000.0;18.571428571428573
HABITACIONAL RIACHO FUNDO II;RIACHO FUNDO II;60217;12/2021;44;357000;541000.0;940.95;439.11;313.65;4;VAGO;184000.0;51.540616246498594
HABITACIONAL RIACHO FUNDO II;RIACHO FUNDO II;60217;12/2021;45;356000;512880.0;937.2;437.36;312.4;3;CERCADO;156880.0;44.067415730337075
HABITACIONAL RIACHO FUNDO II;RIACHO FUNDO II;60217;12/2021;46;122000;162500.0;273.0;127.4;91.0;6;VAGO;40500.0;33.19672131147541
HABITACIONAL RIACHO FUNDO II;RIACHO FUNDO II;60217;12/2021;47;122000;162100.0;273.0;127.4;91.0;4;VAGO;40100.0;32.868852459016395
HABITACIONAL RIACHO FUNDO II;RIACHO FUNDO II;60217;12/2021;48;122000;162100.0;273.0;127.4;91.0;4;VAGO;40100.0;32.868852459016395
HABITACIONAL RIACHO FUNDO II;RIACHO FUNDO II;60217;12/2021;49;122000;162100.0;273.0;127.4;91.0;2;VAGO;40100.0;32.868852459016395
HABITACIONAL RIACHO FUNDO II;RIACHO FUNDO II;60217;12/2021;50;122000;163000.0;273.0;127.4;91.0;4;VAGO;41000.0;33.60655737704918
HABITACIONAL RIACHO FUNDO II;RIACHO FUNDO II;60217;12/2021;51;122000;156600.0;273.0;127.4;91.0;2;VAGO;34600.0;28.36065573770492
HABITACIONAL RIACHO FUNDO II;RIACHO FUNDO II;60217;12/2021;52;122000;153360.0;273.0;127.4;91.0;2;VAGO;31360.0;25.704918032786882
HABITACIONAL RIACHO FUNDO II;RIACHO FUNDO II;60217;12/2021;53;122000;161000.0;273.0;127.4;91.0;3;VAGO;39000.0;31.967213114754102
QN-SAMAMBAIA;SAMAMBAIA;60219;12/2021;63;75300;90000.01;150.0;100.0;50.0;1;EM CONSTRUCAO;14700.009999999995;19.521925630810085
QS-SAMAMBAIA;SAMAMBAIA;60219;12/2021;69;66600;72000.0;300.0;200.0;100.0;2;VAGO;5400.0;8.108108108108109
QS-SAMAMBAIA;SAMAMBAIA;60219;12/2021;70;66600;67200.0;300.0;200.0;100.0;1;VAGO;600.0;0.9009009009009009
QS-SAMAMBAIA;SAMAMBAIA;60219;12/2021;71;66600;68600.0;300.0;200.0;100.0;1;VAGO;2000.0;3.003003003003003
QS-SAMAMBAIA;SAMAMBAIA;60219;12/2021;72;66600;68790.0;300.0;200.0;100.0;1;VAGO;2190.0;3.288288288288288
QS-SAMAMBAIA;SAMAMBAIA;60219;12/2021;73;187000;215800.0;600.0;400.0;200.0;3;VAGO;28800.0;15.401069518716579
QN-SAMAMBAIA;SAMAMBAIA;60220;12/2021;78;89800;100190.0;450.0;300.0;150.0;2;VAGO;10390.0;11.570155902004455
QN-SAMAMBAIA;SAMAMBAIA;60220;12/2021;80;438000;501000.3;1552.5;1035.0;517.5;3;VAGO;63000.29999999999;14.383630136986298
QN-SAMAMBAIA;SAMAMBAIA;60220;12/2021;81;438000;492300.0;1552.5;1035.0;517.5;1;VAGO;54300.0;12.397260273972604
QN-SAMAMBAIA;SAMAMBAIA;60220;12/2021;82;438000;485300.0;1552.5;1035.0;517.5;1;VAGO;47300.0;10.799086757990867
QS-SAMAMBAIA;SAMAMBAIA;60220;12/2021;83;287000;317400.0;983.67;655.78;327.89;2;VAGO;30400.0;10.59233449477352
QS-SAMAMBAIA;SAMAMBAIA;60220;12/2021;85;1050000;1148670.56;3853.44;2568.96;1284.48;1;VAGO;98670.56000000006;9.397196190476196
QI-SAMAMBAIA;SAMAMBAIA;60227;12/2021;87;150030;171000.0;200.0;200.0;100.0;2;OCUPADO;20970.0;13.977204559088182
SANTA MARIA                                  ;SANTA MARIA;60223;12/2021;89;2076500;8685973.09;3000.0;2100.0;1500.0;2;OCUPADO;6609473.09;318.2987281483265
SANTA MARIA                                  ;SANTA MARIA;60223;12/2021;89;2076500;8685973.09;3000.0;2100.0;1500.0;2;OCUPADO;6609473.09;318.2987281483265
SANTA MARIA                                  ;SANTA MARIA;60223;12/2021;89;2076500;8685973.09;3000.0;2100.0;1500.0;2;OCUPADO;6609473.09;318.2987281483265
SANTA MARIA                                  ;SANTA MARIA;60223;12/2021;89;2076500;8685973.09;3000.0;2100.0;1500.0;2;OCUPADO;6609473.09;318.2987281483265
POLO DESENV/ECONOMICO JUSCELINO KUBITSCHEK INDUSTRIA COMERCIO DE APOIO;SANTA MARIA;60225;12/2021;91;23700000;24000003.5;181131.6;75471.5;75471.5;1;VAGO;300003.5;1.265837552742616
BAIRRO SÃO BARTOLOMEU;SAO SEBASTIAO;60217;12/2021;92;447000;510000.0;1074.834;985.265;358.278;2;OBSTRUIDO;63000.0;14.093959731543624
BAIRRO SÃO BARTOLOMEU;SAO SEBASTIAO;60217;12/2021;93;405000;460000.0;971.691;890.717;323.897;3;OBSTRUIDO;55000.0;13.580246913580247
BAIRRO SÃO BARTOLOMEU;SAO SEBASTIAO;60217;12/2021;94;344000;365000.0;823.896;755.238;274.632;1;OBSTRUIDO;21000.0;6.104651162790697
BAIRRO AGUAS CLARAS;TAGUATINGA;60213;13/2021;1;6210000;6401000.5;7260.0;4356.0;2904.0;1;CERCADO;191000.5;3.075692431561997
BAIRRO AGUAS CLARAS;TAGUATINGA;60217;13/2021;2;9250000;13552000.0;11900.0;8500.0;1700.0;4;OBSTRUIDO;4302000.0;46.50810810810811
SHCNW-SETOR DE HABITAÇÕES COLETIVAS NOROESTE;BRASILIA;1893;13/2021;4;17700000;30652000.0;5796.0;5796.0;920.0;5;VAGO;12952000.0;73.17514124293785
SHCNW-SETOR DE HABITAÇÕES COLETIVAS NOROESTE;BRASILIA;1893;13/2021;5;19000000;31652000.0;6300.0;6300.0;1000.0;4;VAGO;12652000.0;66.58947368421053
SHCNW-SETOR DE HABITAÇÕES COLETIVAS NOROESTE;BRASILIA;1893;13/2021;6;19000000;27652000.0;6300.0;6300.0;1000.0;5;VAGO;8652000.0;45.53684210526316
SETOR P NORTE-ENTREQUADRA                    ;CEILANDIA;60216;13/2021;11;59700;100000.0;160.0;80.0;40.0;3;CERCADO;40300.0;67.50418760469012
SETOR P NORTE-ENTREQUADRA                    ;CEILANDIA;60216;13/2021;12;59700;66100.0;160.0;80.0;40.0;4;VAGO;6400.0;10.720268006700168
SETOR O NORTE-QUADRA RESIDENCIAL             ;CEILANDIA;60219;13/2021;15;352000;379000.0;1134.0;756.0;378.0;1;VAGO;27000.0;7.670454545454546
SETOR RESID INDUSTRIA E ABASTECIMENTO        ;GUARA;60214;13/2021;20;323000;381000.0;487.488;487.488;203.12;3;CERCADO;58000.0;17.956656346749224
SETOR RESID INDUSTRIA E ABASTECIMENTO        ;GUARA;60214;13/2021;21;216000;331000.0;313.704;313.704;130.71;5;EM CONSTRUCAO;115000.0;53.24074074074075
SETOR RESID INDUSTRIA E ABASTECIMENTO        ;GUARA;60220;13/2021;23;211000;310999.99;306.096;306.096;127.54;10;CERCADO;99999.98999999999;47.39336018957346
SETOR RESID INDUSTRIA E ABASTECIMENTO        ;GUARA;60220;13/2021;24;211000;270000.0;306.024;306.024;127.51;6;CERCADO;59000.0;27.96208530805687
SETOR RESID INDUSTRIA E ABASTECIMENTO        ;GUARA;60220;13/2021;25;330000;413000.0;498.552;498.552;207.73;6;CERCADO;83000.0;25.151515151515152
SETOR DE AREAS ISOLADAS SUDOESTE;GUARA;60299;13/2021;33;353000000;406670000.0;328168.0;328168.0;164084.0;2;CERCADO;53670000.0;15.203966005665723
RECANTO DAS EMAS;RECANTO DAS EMAS;60222;13/2021;36;2860000;2897000.0;12558.65;9042.228;5023.46;2;VAGO;37000.0;1.2937062937062938
AREA DE DESENVOLVIMENTO ECONOMICO;RECANTO DAS EMAS;60227;13/2021;37;137000;137600.0;463.36;463.36;115.84;1;VAGO;600.0;0.43795620437956206
HABITACIONAL RIACHO FUNDO II;RIACHO FUNDO II;60217;13/2021;38;356000;586600.0;938.52;437.976;312.84;6;VAGO;230600.0;64.7752808988764
ADE OESTE - EXPANSÃO RESIDENCIAL OESTE DE SAMAMBAIA;SAMAMBAIA;60216;13/2021;42;157000;203100.0;834.84;417.42;208.71;3;VAGO;46100.0;29.363057324840764
CENTRO URBANO;SAMAMBAIA;60217;13/2021;46;408000;503000.0;720.0;480.0;240.0;1;VAGO;95000.0;23.284313725490197
CENTRO URBANO;SAMAMBAIA;60217;13/2021;47;408000;419500.0;720.0;480.0;240.0;1;VAGO;11500.0;2.8186274509803924
CENTRO URBANO;SAMAMBAIA;60217;13/2021;48;408000;427500.0;720.0;480.0;240.0;1;VAGO;19500.0;4.779411764705882
QN-SAMAMBAIA;SAMAMBAIA;60217;13/2021;50;143000;153150.0;350.0;200.0;100.0;2;VAGO;10150.0;7.097902097902098
QN-SAMAMBAIA;SAMAMBAIA;60217;13/2021;52;118000;181100.0;350.0;200.0;100.0;13;VAGO;63100.0;53.474576271186436
SUBCENTRO OESTE;SAMAMBAIA;60217;13/2021;56;9250000;9515777.77;34792.59;23195.06;11597.53;1;VAGO;265777.76999999955;2.873273189189184
QN-SAMAMBAIA;SAMAMBAIA;60219;13/2021;57;109000;113309.0;300.0;200.0;100.0;1;OBSTRUIDO;4309.0;3.9532110091743125
QS-SAMAMBAIA;SAMAMBAIA;60219;13/2021;64;451000;451000.0;1305.0;870.0;435.0;1;VAGO;0.0;0.0
QS-SAMAMBAIA;SAMAMBAIA;60219;13/2021;65;451000;551000.0;1305.0;870.0;435.0;1;VAGO;100000.0;22.172949002217297
QN-SAMAMBAIA;SAMAMBAIA;60220;13/2021;71;109000;129300.0;300.0;200.0;100.0;2;VAGO;20300.0;18.623853211009177
QN-SAMAMBAIA;SAMAMBAIA;60220;13/2021;72;109000;124000.0;300.0;200.0;100.0;1;VAGO;15000.0;13.761467889908257
QS-SAMAMBAIA;SAMAMBAIA;60220;13/2021;79;109000;186000.0;300.0;200.0;100.0;3;VAGO;77000.0;70.64220183486239
QS-SAMAMBAIA;SAMAMBAIA;60220;13/2021;81;367000;381000.0;1284.69;856.46;428.23;1;VAGO;14000.0;3.8147138964577656
QS-SAMAMBAIA;SAMAMBAIA;60220;13/2021;82;667000;671000.0;2418.57;1612.38;806.19;1;VAGO;4000.0;0.5997001499250375
QS-SAMAMBAIA;SAMAMBAIA;60220;13/2021;83;802000;841000.0;2928.81;1952.54;976.27;1;VAGO;39000.0;4.86284289276808
QS-SAMAMBAIA;SAMAMBAIA;60220;13/2021;87;75300;123200.0;150.0;100.0;50.0;3;OBSTRUIDO;47900.0;63.612217795484725
QS-SAMAMBAIA;SAMAMBAIA;60220;13/2021;88;75300;85350.0;150.0;100.0;50.0;1;OBSTRUIDO;10050.0;13.346613545816732
QS-SAMAMBAIA;SAMAMBAIA;60220;13/2021;91;66600;66660.0;300.0;200.0;100.0;1;VAGO;60.0;0.09009009009009009
QS-SAMAMBAIA;SAMAMBAIA;60220;13/2021;92;66600;68500.0;300.0;200.0;100.0;2;VAGO;1900.0;2.8528528528528527
QS-SAMAMBAIA;SAMAMBAIA;60220;13/2021;93;66600;68100.0;300.0;200.0;100.0;1;VAGO;1500.0;2.2522522522522523
SANTA MARIA                                  ;SANTA MARIA;60217;13/2021;94;324000;324000.0;600.0;210.0;150.0;1;VAGO;0.0;0.0
BAIRRO SÃO BARTOLOMEU;SAO SEBASTIAO;60217;13/2021;97;537000;663904.65;1294.839;1186.936;431.613;1;VAGO;126904.65000000002;23.63215083798883
BAIRRO AGUAS CLARAS-QS;TAGUATINGA;60228;01/2022;1;13800000;41451000.0;60000.0;60000.0;75000.0;7;OCUPADO;27651000.0;200.3695652173913
SETOR DE HABITACOES INDIVIDUAIS NORTE        ;BRASILIA;60211;01/2022;2;1090000;1220000.0;1400.0;1400.0;1000.0;6;VAGO;130000.0;11.926605504587156
SETOR O NORTE                                ;CEILANDIA;60217;01/2022;5;1730000;1800000.0;7650.0;5100.0;2550.0;1;VAGO;70000.0;4.046242774566474
SETOR HABITACIONAL SOL NASCENTE TRECHO 01 ETAPA I;CEILANDIA;60219;01/2022;7;48300;184062.52;286.76;286.76;143.38;12;CERCADO;135762.52;281.0818219461697
SETOR HABITACIONAL SOL NASCENTE TRECHO 01 ETAPA I;CEILANDIA;60219;01/2022;8;48400;178952.51;288.0;288.0;144.0;16;CERCADO;130552.51000000001;269.7365909090909
SETOR HABITACIONAL SOL NASCENTE TRECHO 01 ETAPA I;CEILANDIA;60219;01/2022;10;48400;51101.01;288.02;288.02;144.01;3;EM CONSTRUCAO;2701.010000000002;5.580599173553724
SETOR INDUSTRIAL I                           ;CEILANDIA;60225;01/2022;13;77660;121000.0;315.0;315.0;210.0;3;OCUPADO;43340.0;55.80736543909348
SETOR INDUSTRIAL I                           ;CEILANDIA;60225;01/2022;17;419715;450000.0;2100.0;2100.0;1050.0;1;OCUPADO;30285.0;7.215610592902326
SETOR RESID INDUSTRIA E ABASTECIMENTO        ;GUARA;60214;01/2022;21;252000;452999.0;369.96;369.96;154.15;41;VAGO;200999.0;79.76150793650794
SETOR RESID INDUSTRIA E ABASTECIMENTO        ;GUARA;60220;01/2022;22;259000;463990.0;380.76;380.76;158.65;16;VAGO;204990.0;79.14671814671814
SETOR HABITACIONAL JARDIM BOTANICO;SAO SEBASTIAO;60214;01/2022;23;473000;826000.0;1028.55;1028.55;685.7;20;VAGO;353000.0;74.63002114164905
SETOR HABITACIONAL TAQUARI;LAGO NORTE;60211;01/2022;24;606000;927120.0;758.528;758.528;948.16;23;CERCADO;321120.0;52.990099009900995
SETOR HOSPITALAR;RECANTO DAS EMAS;60217;01/2022;26;372000;382000.0;977.5;765.0;425.0;1;OBSTRUIDO;10000.0;2.6881720430107525
AREA DE DESENVOLVIMENTO ECONOMICO;RECANTO DAS EMAS;60227;01/2022;27;130000;130000.0;437.84;437.84;109.46;1;OCUPADO;0.0;0.0
QUADRA DE OFICINAS;RIACHO FUNDO;60227;01/2022;28;279900;390000.0;400.0;280.0;200.0;3;OCUPADO;110100.0;39.33547695605573
HABITACIONAL RIACHO FUNDO II;RIACHO FUNDO II;60217;01/2022;29;418000;635000.0;1125.0;525.0;375.0;3;VAGO;217000.0;51.91387559808612
QN-SAMAMBAIA;SAMAMBAIA;60217;01/2022;35;118000;136000.0;350.0;200.0;100.0;1;CERCADO;18000.0;15.254237288135593
QN-SAMAMBAIA;SAMAMBAIA;60217;01/2022;40;143000;152891.0;350.0;200.0;100.0;1;VAGO;9891.0;6.916783216783216
QN-SAMAMBAIA;SAMAMBAIA;60217;01/2022;42;143000;153891.0;350.0;200.0;100.0;1;VAGO;10891.0;7.616083916083916
QN-SAMAMBAIA;SAMAMBAIA;60217;01/2022;43;143000;145000.0;350.0;200.0;100.0;1;VAGO;2000.0;1.3986013986013985
QN-SAMAMBAIA;SAMAMBAIA;60217;01/2022;44;158000;226660.0;402.5;230.0;115.0;3;VAGO;68660.0;43.45569620253165
QR-SAMAMBAIA;SAMAMBAIA;60217;01/2022;47;772000;779720.0;2480.87;1417.64;708.82;1;VAGO;7720.0;1.0
QR-SAMAMBAIA;SAMAMBAIA;60217;01/2022;48;766000;773660.0;2812.04;1406.02;703.01;1;VAGO;7660.0;1.0
QS-SAMAMBAIA;SAMAMBAIA;60217;01/2022;49;143000;155155.0;350.0;200.0;100.0;2;VAGO;12155.0;8.5
QS-SAMAMBAIA;SAMAMBAIA;60217;01/2022;50;143000;150000.0;350.0;200.0;100.0;3;VAGO;7000.0;4.895104895104895
QS-SAMAMBAIA;SAMAMBAIA;60217;01/2022;58;118000;236720.0;350.0;200.0;100.0;1;VAGO;118720.0;100.61016949152541
QN-SAMAMBAIA;SAMAMBAIA;60219;01/2022;73;187000;195501.0;600.0;400.0;200.0;1;VAGO;8501.0;4.545989304812834
QN-SAMAMBAIA;SAMAMBAIA;60219;01/2022;74;424000;424500.0;1500.0;1000.0;500.0;1;VAGO;500.0;0.1179245283018868
QN-SAMAMBAIA;SAMAMBAIA;60220;01/2022;81;109000;111111.11;300.0;200.0;100.0;1;OCUPADO;2111.1100000000006;1.9367981651376154
QN-SAMAMBAIA;SAMAMBAIA;60220;01/2022;82;109000;109000.0;300.0;200.0;100.0;1;VAGO;0.0;0.0
QN-SAMAMBAIA;SAMAMBAIA;60220;01/2022;87;91300;105000.0;225.0;150.0;75.0;1;OCUPADO;13700.0;15.005476451259584
QN-SAMAMBAIA;SAMAMBAIA;60220;01/2022;88;91300;105000.0;225.0;150.0;75.0;1;OCUPADO;13700.0;15.005476451259584
QN-SAMAMBAIA;SAMAMBAIA;60220;01/2022;89;712000;731000.0;2589.39;1726.26;863.13;2;CERCADO;19000.0;2.6685393258426964
QN-SAMAMBAIA;SAMAMBAIA;60220;01/2022;90;495000;496000.0;1770.36;1180.24;590.12;1;VAGO;1000.0;0.20202020202020202
QS-SAMAMBAIA;SAMAMBAIA;60220;01/2022;94;118000;128850.0;336.0;224.0;112.0;3;VAGO;10850.0;9.194915254237287
QS-SAMAMBAIA;SAMAMBAIA;60220;01/2022;96;109000;130111.0;300.0;200.0;100.0;1;VAGO;21111.0;19.36788990825688
VILA DNOCS;SOBRADINHO;60223;01/2022;99;279000;291113.0;450.282;450.282;225.141;3;CERCADO;12113.0;4.3415770609318995
AREA DES/ECONOMICO-AGUAS CLARAS;TAGUATINGA;60224;02/2022;1;748000;1296369.0;1600.0;1600.0;800.0;4;OCUPADO;548369.0;73.31136363636364
SETOR INDUSTRIAL I                           ;CEILANDIA;60225;02/2022;13;71800;349500.0;315.0;315.0;210.0;1;OCUPADO;277700.0;386.76880222841226
SETOR INDUSTRIAL I                           ;CEILANDIA;60225;02/2022;13;71800;349500.0;315.0;315.0;210.0;1;OCUPADO;277700.0;386.76880222841226
SETOR INDUSTRIAL I                           ;CEILANDIA;60225;02/2022;13;71800;349500.0;315.0;315.0;210.0;1;OCUPADO;277700.0;386.76880222841226
SETOR INDUSTRIAL I                           ;CEILANDIA;60225;02/2022;13;71800;349500.0;315.0;315.0;210.0;1;OCUPADO;277700.0;386.76880222841226
SETOR INDUSTRIAL I                           ;CEILANDIA;60225;02/2022;14;102000;212000.0;480.375;480.375;320.25;6;CERCADO;110000.0;107.84313725490196
SETOR INDUSTRIAL I                           ;CEILANDIA;60225;02/2022;15;102000;119500.0;480.375;480.375;320.25;6;CERCADO;17500.0;17.15686274509804
SETOR INDUSTRIAL I                           ;CEILANDIA;60225;02/2022;16;213900;1626369.0;315.0;315.0;210.0;2;OCUPADO;1412469.0;660.3408134642356
SETOR INDUSTRIAL I                           ;CEILANDIA;60225;02/2022;16;213900;1626369.0;315.0;315.0;210.0;2;CONSTRUIDO;1412469.0;660.3408134642356
SETOR INDUSTRIAL I                           ;CEILANDIA;60225;02/2022;16;213900;1626369.0;315.0;315.0;210.0;2;CONSTRUIDO;1412469.0;660.3408134642356
SETOR INDUSTRIAL I                           ;CEILANDIA;60225;02/2022;16;213900;1626369.0;315.0;315.0;210.0;2;OCUPADO;1412469.0;660.3408134642356
SETOR INDUSTRIAL I                           ;CEILANDIA;60225;02/2022;16;213900;1626369.0;315.0;315.0;210.0;2;CONSTRUIDO;1412469.0;660.3408134642356
SETOR INDUSTRIAL I                           ;CEILANDIA;60225;02/2022;16;213900;1626369.0;315.0;315.0;210.0;2;OCUPADO;1412469.0;660.3408134642356
SETOR INDUSTRIAL I                           ;CEILANDIA;60225;02/2022;17;209115;4199999.99;1400.0;1400.0;700.0;2;OCUPADO;3990884.99;1908.4642373813451
SETOR INDUSTRIAL I                           ;CEILANDIA;60225;02/2022;17;209115;4199999.99;1400.0;1400.0;700.0;2;OCUPADO;3990884.99;1908.4642373813451
SETOR INDUSTRIAL I                           ;CEILANDIA;60225;02/2022;17;209115;4199999.99;1400.0;1400.0;700.0;2;OCUPADO;3990884.99;1908.4642373813451
SETOR INDUSTRIAL I                           ;CEILANDIA;60225;02/2022;17;209115;4199999.99;1400.0;1400.0;700.0;2;OCUPADO;3990884.99;1908.4642373813451
SETOR INDUSTRIAL I                           ;CEILANDIA;60225;02/2022;17;209115;4199999.99;1400.0;1400.0;700.0;2;OCUPADO;3990884.99;1908.4642373813451
SETOR INDUSTRIAL I                           ;CEILANDIA;60225;02/2022;17;209115;4199999.99;1400.0;1400.0;700.0;2;OCUPADO;3990884.99;1908.4642373813451
SETOR INDUSTRIAL I                           ;CEILANDIA;60225;02/2022;17;209115;4199999.99;1400.0;1400.0;700.0;2;OCUPADO;3990884.99;1908.4642373813451
SETOR INDUSTRIAL I                           ;CEILANDIA;60225;02/2022;17;209115;4199999.99;1400.0;1400.0;700.0;2;OCUPADO;3990884.99;1908.4642373813451
SETOR INDUSTRIAL I                           ;CEILANDIA;60225;02/2022;17;209115;4199999.99;1400.0;1400.0;700.0;2;OCUPADO;3990884.99;1908.4642373813451
SETOR INDUSTRIAL I                           ;CEILANDIA;60225;02/2022;17;209115;4199999.99;1400.0;1400.0;700.0;2;OCUPADO;3990884.99;1908.4642373813451
SETOR INDUSTRIAL I                           ;CEILANDIA;60225;02/2022;17;209115;4199999.99;1400.0;1400.0;700.0;2;OCUPADO;3990884.99;1908.4642373813451
SETOR INDUSTRIAL I                           ;CEILANDIA;60225;02/2022;17;209115;4199999.99;1400.0;1400.0;700.0;2;OCUPADO;3990884.99;1908.4642373813451
SETOR INDUSTRIAL I                           ;CEILANDIA;60225;02/2022;17;209115;4199999.99;1400.0;1400.0;700.0;2;OCUPADO;3990884.99;1908.4642373813451
SETOR INDUSTRIAL I                           ;CEILANDIA;60225;02/2022;17;209115;4199999.99;1400.0;1400.0;700.0;2;OCUPADO;3990884.99;1908.4642373813451
SETOR INDUSTRIAL I                           ;CEILANDIA;60225;02/2022;17;209115;4199999.99;1400.0;1400.0;700.0;2;OCUPADO;3990884.99;1908.4642373813451
SETOR INDUSTRIAL I                           ;CEILANDIA;60225;02/2022;17;209115;4199999.99;1400.0;1400.0;700.0;2;OCUPADO;3990884.99;1908.4642373813451
SETOR INDUSTRIAL I                           ;CEILANDIA;60225;02/2022;17;209115;4199999.99;1400.0;1400.0;700.0;2;OCUPADO;3990884.99;1908.4642373813451
SETOR INDUSTRIAL I                           ;CEILANDIA;60225;02/2022;17;209115;4199999.99;1400.0;1400.0;700.0;2;OCUPADO;3990884.99;1908.4642373813451
SETOR INDUSTRIAL I                           ;CEILANDIA;60225;02/2022;17;209115;4199999.99;1400.0;1400.0;700.0;2;OCUPADO;3990884.99;1908.4642373813451
SETOR INDUSTRIAL I                           ;CEILANDIA;60225;02/2022;17;209115;4199999.99;1400.0;1400.0;700.0;2;OCUPADO;3990884.99;1908.4642373813451
SETOR HABITACIONAL JARDIM BOTANICO;SAO SEBASTIAO;60214;02/2022;22;407000;851500.0;1115.25;1115.25;743.5;30;VAGO;444500.0;109.21375921375922
RECANTO DAS EMAS;RECANTO DAS EMAS;60216;02/2022;25;90100;94141.44;193.4;174.06;96.7;2;VAGO;4041.4400000000023;4.485504994450613
AREA DE DESENVOLVIMENTO ECONOMICO;RECANTO DAS EMAS;60227;02/2022;30;136000;169990.0;462.0;462.0;115.5;1;CONSTRUIDO;33990.0;24.99264705882353
HABITACIONAL RIACHO FUNDO II;RIACHO FUNDO II;60217;02/2022;31;122000;206100.0;273.0;127.4;91.0;5;VAGO;84100.0;68.93442622950819
HABITACIONAL RIACHO FUNDO II;RIACHO FUNDO II;60217;02/2022;32;122000;175400.0;273.0;127.4;91.0;2;VAGO;53400.0;43.77049180327869
HABITACIONAL RIACHO FUNDO II;RIACHO FUNDO II;60217;02/2022;33;138000;203980.0;315.0;147.0;105.0;9;VAGO;65980.0;47.81159420289855
HABITACIONAL RIACHO FUNDO II;RIACHO FUNDO II;60217;02/2022;34;122000;175000.0;273.0;127.4;91.0;7;VAGO;53000.0;43.44262295081967
HABITACIONAL RIACHO FUNDO II;RIACHO FUNDO II;60217;02/2022;35;122000;170500.0;273.0;127.4;91.0;4;VAGO;48500.0;39.75409836065574
QN-SAMAMBAIA;SAMAMBAIA;60219;02/2022;45;127170;127170.0;150.0;100.0;50.0;1;OCUPADO;0.0;0.0
QS-SAMAMBAIA;SAMAMBAIA;60219;02/2022;46;133000;133500.0;300.0;200.0;100.0;1;VAGO;500.0;0.37593984962406013
QS-SAMAMBAIA;SAMAMBAIA;60219;02/2022;47;133000;133000.0;300.0;200.0;100.0;1;VAGO;0.0;0.0
QS-SAMAMBAIA;SAMAMBAIA;60219;02/2022;51;109000;130000.0;300.0;200.0;100.0;3;VAGO;21000.0;19.26605504587156
QN-SAMAMBAIA;SAMAMBAIA;60220;02/2022;61;109000;122122.1;300.0;200.0;100.0;1;VAGO;13122.100000000006;12.038623853211014
QN-SAMAMBAIA;SAMAMBAIA;60220;02/2022;63;114000;130100.0;600.0;400.0;200.0;1;VAGO;16100.0;14.12280701754386
QS-SAMAMBAIA;SAMAMBAIA;60220;02/2022;64;210000;245000.0;1200.0;800.0;400.0;3;VAGO;35000.0;16.666666666666664
QS-SAMAMBAIA;SAMAMBAIA;60220;02/2022;65;210000;258350.0;1200.0;800.0;400.0;2;VAGO;48350.0;23.023809523809526
QS-SAMAMBAIA;SAMAMBAIA;60220;02/2022;70;109000;136000.0;300.0;200.0;100.0;1;VAGO;27000.0;24.770642201834864
QS-SAMAMBAIA;SAMAMBAIA;60220;02/2022;76;89800;98000.0;450.0;300.0;150.0;1;OBSTRUIDO;8200.0;9.131403118040089
SANTA MARIA                                  ;SANTA MARIA;60217;02/2022;83;202000;203000.0;300.0;105.0;75.0;1;VAGO;1000.0;0.49504950495049505
SANTA MARIA                                  ;SANTA MARIA;60217;02/2022;87;394000;395000.0;800.0;280.0;200.0;1;VAGO;1000.0;0.25380710659898476
SANTA MARIA                                  ;SANTA MARIA;60228;02/2022;89;325000;451000.0;2080.0;1120.0;800.0;3;VAGO;126000.0;38.76923076923077
BAIRRO SÃO BARTOLOMEU;SAO SEBASTIAO;60217;02/2022;90;456000;520777.77;1096.467;1005.095;365.489;1;VAGO;64777.77000000002;14.205651315789478
SETOR M NORTE-QUADRA RESIDENCIAL             ;TAGUATINGA;60214;02/2022;95;138000;200000.0;256.0;256.0;128.0;7;VAGO;62000.0;44.927536231884055
AREA DES/ECONOMICO-AGUAS CLARAS;TAGUATINGA;60227;03/2022;1;294000;365000.0;500.0;500.0;250.0;11;OBSTRUIDO;71000.0;24.149659863945576
SHCNW-SETOR DE HABITAÇÕES COLETIVAS NOROESTE;BRASILIA;60598;03/2022;2;181000;211500.0;20.0;20.0;20.0;4;OBSTRUIDO;30500.0;16.85082872928177
SETOR DE MANSOES DO LAGO-INTERNA;BRASILIA;60212;03/2022;7;2140000;2151000.0;4800.0;4800.0;6000.0;1;EM CONSTRUCAO;11000.0;0.5140186915887851
SETOR INDUSTRIAL I                           ;CEILANDIA;60227;03/2022;12;34600;55550.0;120.0;120.0;60.0;10;VAGO;20950.0;60.54913294797688
SETOR INDUSTRIAL I                           ;CEILANDIA;60227;03/2022;13;34600;41100.0;120.0;120.0;60.0;3;VAGO;6500.0;18.786127167630056
SETOR INDUSTRIAL I                           ;CEILANDIA;60227;03/2022;14;34600;34600.0;120.0;120.0;60.0;1;VAGO;0.0;0.0
SETOR INDUSTRIAL I                           ;CEILANDIA;60227;03/2022;22;34600;36000.0;120.0;120.0;60.0;1;VAGO;1400.0;4.046242774566474
SETOR HABITACIONAL SOL NASCENTE TRECHO 01 ETAPA I;CEILANDIA;60228;03/2022;23;198000;206300.0;897.064;897.064;640.76;1;VAGO;8300.0;4.191919191919192
SETOR HABITACIONAL SOL NASCENTE TRECHO 01 ETAPA I;CEILANDIA;60228;03/2022;24;198000;203300.0;895.342;895.342;639.53;1;VAGO;5300.0;2.6767676767676765
SETOR SUL                                    ;GAMA;60216;03/2022;27;195000;220000.5;1250.0;625.0;312.5;2;VAGO;25000.5;12.82076923076923
SETOR SUL                                    ;GAMA;60216;03/2022;28;195000;198000.0;1250.0;625.0;312.5;1;CERCADO;3000.0;1.5384615384615385
SETOR SUL                                    ;GAMA;60216;03/2022;30;195000;195500.0;1250.0;625.0;312.5;1;VAGO;500.0;0.2564102564102564
SETOR RESID INDUSTRIA E ABASTECIMENTO        ;GUARA;60220;03/2022;33;311000;521139.17;465.696;465.696;194.04;14;VAGO;210139.16999999998;67.56886495176848
POLO DE MODAS - SRIA/GUARA;GUARA;60216;03/2022;34;458000;473000.0;826.88;620.16;206.72;3;OCUPADO;15000.0;3.2751091703056767
SETOR HABITACIONAL JARDIM BOTANICO;SAO SEBASTIAO;60214;03/2022;37;595000;1150000.0;1591.98;1591.98;1061.32;11;VAGO;555000.0;93.27731092436974
SETOR HABITACIONAL TAQUARI;LAGO NORTE;60211;03/2022;39;540000;963066.6;640.0;640.0;800.0;23;VAGO;423066.6;78.34566666666666
SETOR HABITACIONAL TAQUARI;LAGO NORTE;60211;03/2022;40;592000;857000.0;733.928;733.928;917.41;8;VAGO;265000.0;44.763513513513516
HABITACIONAL RIACHO FUNDO II;RIACHO FUNDO II;60217;03/2022;46;122000;181500.0;273.0;127.4;91.0;1;VAGO;59500.0;48.77049180327869
HABITACIONAL RIACHO FUNDO II;RIACHO FUNDO II;60217;03/2022;47;122000;141520.0;273.0;127.4;91.0;1;VAGO;19520.0;16.0
HABITACIONAL RIACHO FUNDO II;RIACHO FUNDO II;60217;03/2022;50;122000;207100.0;273.0;127.4;91.0;2;OCUPADO;85100.0;69.75409836065573
HABITACIONAL RIACHO FUNDO II;RIACHO FUNDO II;60217;03/2022;51;122000;195500.0;273.0;127.4;91.0;3;VAGO;73500.0;60.245901639344254
HABITACIONAL RIACHO FUNDO II;RIACHO FUNDO II;60217;03/2022;52;122000;218000.0;273.0;127.4;91.0;3;VAGO;96000.0;78.68852459016394
CENTRO URBANO;SAMAMBAIA;60217;03/2022;54;641000;657000.0;1193.85;795.9;397.95;1;VAGO;16000.0;2.49609984399376
QS-SAMAMBAIA;SAMAMBAIA;60217;03/2022;57;143000;212511.0;350.0;200.0;100.0;4;VAGO;69511.0;48.60909090909091
QS-SAMAMBAIA;SAMAMBAIA;60217;03/2022;59;143000;153000.0;350.0;200.0;100.0;2;OCUPADO;10000.0;6.993006993006993
QS-SAMAMBAIA;SAMAMBAIA;60217;03/2022;60;143000;153000.0;350.0;200.0;100.0;2;OCUPADO;10000.0;6.993006993006993
QS-SAMAMBAIA;SAMAMBAIA;60217;03/2022;63;143000;145000.0;350.0;200.0;100.0;1;VAGO;2000.0;1.3986013986013985
QN-SAMAMBAIA;SAMAMBAIA;60219;03/2022;66;109000;109000.0;300.0;200.0;100.0;1;VAGO;0.0;0.0
QN-SAMAMBAIA;SAMAMBAIA;60219;03/2022;68;109000;126000.0;300.0;200.0;100.0;1;VAGO;17000.0;15.59633027522936
QN-SAMAMBAIA;SAMAMBAIA;60219;03/2022;72;109000;109000.0;300.0;200.0;100.0;1;VAGO;0.0;0.0
QN-SAMAMBAIA;SAMAMBAIA;60219;03/2022;73;838000;853000.0;5094.03;3396.02;1698.01;1;OBSTRUIDO;15000.0;1.7899761336515514
QN-SAMAMBAIA;SAMAMBAIA;60219;03/2022;74;148000;181255.0;450.0;300.0;150.0;1;OBSTRUIDO;33255.0;22.469594594594593
QS-SAMAMBAIA;SAMAMBAIA;60219;03/2022;81;109000;110000.0;300.0;200.0;100.0;1;VAGO;1000.0;0.9174311926605505
QS-SAMAMBAIA;SAMAMBAIA;60219;03/2022;85;133000;153000.0;300.0;200.0;100.0;2;VAGO;20000.0;15.037593984962406
QS-SAMAMBAIA;SAMAMBAIA;60219;03/2022;86;133000;145000.0;300.0;200.0;100.0;2;VAGO;12000.0;9.022556390977442
AREA DE DESENVOLVIMENTO ECONOMICO SUL;SAMAMBAIA;60227;03/2022;98;113000;350000.0;300.0;300.0;150.0;2;OCUPADO;237000.0;209.73451327433628
AREA DE DESENVOLVIMENTO ECONOMICO SUL;SAMAMBAIA;60227;03/2022;99;87000;164335.06;210.0;210.0;105.0;3;VAGO;77335.06;88.89087356321839
AREA DE DESENVOLVIMENTO ECONOMICO SUL;SAMAMBAIA;60227;03/2022;100;87000;164335.06;210.0;210.0;105.0;2;VAGO;77335.06;88.89087356321839
QI-SAMAMBAIA;SAMAMBAIA;60227;03/2022;101;117000;201001.99;200.0;200.0;100.0;7;OCUPADO;84001.98999999999;71.79657264957264
QI-SAMAMBAIA;SAMAMBAIA;60227;03/2022;102;117000;201005.01;200.0;200.0;100.0;5;OCUPADO;84005.01000000001;71.79915384615386
POLO DESENV/ECONOMICO JUSCELINO KUBITSCHEK INDUSTRIA COMERCIO DE APOIO;SANTA MARIA;60225;03/2022;109;4920000;4930105.0;30000.0;10000.0;10000.0;1;OBSTRUIDO;10105.0;0.2053861788617886
BAIRRO AGUAS CLARAS;TAGUATINGA;60213;05/2022;1;11800000;18611000.0;14314.825;8588.895;5725.93;3;VAGO;6811000.0;57.720338983050844
BAIRRO AGUAS CLARAS;TAGUATINGA;60222;05/2022;2;5360000;11521000.0;7200.0;2160.0;3600.0;13;CERCADO;6161000.0;114.94402985074628
SHCNW-SETOR DE HABITAÇÕES COLETIVAS NOROESTE;BRASILIA;60033;05/2022;5;7390000;7611700.0;2812.0;2812.0;740.0;1;VAGO;221700.0;3.0
SHCNW-SETOR DE HABITAÇÕES COLETIVAS NOROESTE;BRASILIA;60033;05/2022;6;7390000;7537800.0;2812.0;2812.0;740.0;1;VAGO;147800.0;2.0
SHCNW-SETOR DE HABITAÇÕES COLETIVAS NOROESTE;BRASILIA;60601;05/2022;9;21400000;21400000.0;11280.0;11280.0;3760.0;1;VAGO;0.0;0.0
SETOR INDUSTRIAL I                           ;CEILANDIA;60225;05/2022;20;102000;142951.79;480.375;480.375;320.25;3;CONSTRUIDO;40951.79000000001;40.14881372549021
SETOR INDUSTRIAL I                           ;CEILANDIA;60225;05/2022;21;102000;149990.0;480.375;480.375;320.25;8;OCUPADO;47990.0;47.04901960784314
SETOR DE MULTIPLAS ATIVIDADES;GAMA;60224;05/2022;25;239000;241000.0;544.8;340.5;340.5;3;VAGO;2000.0;0.8368200836820083
SETOR RESID INDUSTRIA E ABASTECIMENTO        ;GUARA;60214;05/2022;26;216000;305059.0;313.584;313.584;130.66;3;CERCADO;89059.0;41.23101851851852
SETOR RESID INDUSTRIA E ABASTECIMENTO        ;GUARA;60214;05/2022;27;236000;427531.83;345.6;345.6;144.0;11;VAGO;191531.83000000002;81.15755508474577
SETOR RESID INDUSTRIA E ABASTECIMENTO        ;GUARA;60214;05/2022;28;236000;450000.0;345.6;345.6;144.0;6;VAGO;214000.0;90.67796610169492
SETOR RESID INDUSTRIA E ABASTECIMENTO        ;GUARA;60214;05/2022;29;236000;367000.0;345.6;345.6;144.0;9;VAGO;131000.0;55.50847457627118
SETOR RESID INDUSTRIA E ABASTECIMENTO        ;GUARA;60217;05/2022;31;1970000;1971000.0;2500.0;1875.0;625.0;1;VAGO;1000.0;0.050761421319796954
SETOR RESID INDUSTRIA E ABASTECIMENTO        ;GUARA;60317;05/2022;34;4580000;4651000.0;625.0;312.5;1250.0;1;VAGO;71000.0;1.5502183406113539
SETOR HABITACIONAL JARDIM BOTANICO;SAO SEBASTIAO;60214;05/2022;35;454000;1037000.0;1281.9;1281.9;854.6;12;VAGO;583000.0;128.41409691629957
SETOR HABITACIONAL JARDIM BOTANICO;SAO SEBASTIAO;60214;05/2022;36;459000;971999.99;1173.0;1173.0;782.0;9;VAGO;512999.99;111.7647037037037
SETOR HABITACIONAL JARDIM BOTANICO;SAO SEBASTIAO;60214;05/2022;37;431000;884000.0;1200.0;1200.0;800.0;19;VAGO;453000.0;105.10440835266822
RECANTO DAS EMAS;RECANTO DAS EMAS;60217;05/2022;45;46200;87000.5;227.424;177.984;98.88;11;OBSTRUIDO;40800.5;88.31277056277057
HABITACIONAL RIACHO FUNDO II;RIACHO FUNDO II;60217;05/2022;49;570000;625000.0;1599.42;746.396;533.14;1;VAGO;55000.0;9.649122807017543
HABITACIONAL RIACHO FUNDO II;RIACHO FUNDO II;60217;05/2022;50;572000;705000.0;1605.36;749.168;535.12;1;VAGO;133000.0;23.251748251748253
HABITACIONAL RIACHO FUNDO II;RIACHO FUNDO II;60217;05/2022;51;793000;901014.22;2205.896;1102.948;787.82;1;VAGO;108014.21999999997;13.620960907944509
HABITACIONAL RIACHO FUNDO II;RIACHO FUNDO II;60222;05/2022;52;61100;106630.0;100.0;70.0;50.0;9;OBSTRUIDO;45530.0;74.51718494271687
HABITACIONAL RIACHO FUNDO II;RIACHO FUNDO II;60222;05/2022;53;86300;146000.0;148.48;103.936;74.24;3;OCUPADO;59700.0;69.17728852838934
QN-SAMAMBAIA;SAMAMBAIA;60217;05/2022;56;118000;125000.0;350.0;200.0;100.0;1;VAGO;7000.0;5.932203389830509
QN-SAMAMBAIA;SAMAMBAIA;60217;05/2022;57;118000;125000.0;350.0;200.0;100.0;1;VAGO;7000.0;5.932203389830509
QN-SAMAMBAIA;SAMAMBAIA;60217;05/2022;58;219000;224797.0;614.25;351.0;175.5;2;VAGO;5797.0;2.6470319634703197
QS-SAMAMBAIA;SAMAMBAIA;60217;05/2022;64;143000;153000.0;350.0;200.0;100.0;2;VAGO;10000.0;6.993006993006993
QS-SAMAMBAIA;SAMAMBAIA;60219;05/2022;75;238000;241000.0;795.0;530.0;265.0;1;VAGO;3000.0;1.2605042016806722
QS-SAMAMBAIA;SAMAMBAIA;60219;05/2022;76;109000;115500.0;300.0;200.0;100.0;1;VAGO;6500.0;5.963302752293578
QS-SAMAMBAIA;SAMAMBAIA;60219;05/2022;80;238000;241000.0;795.0;530.0;265.0;1;VAGO;3000.0;1.2605042016806722
QS-SAMAMBAIA;SAMAMBAIA;60219;05/2022;81;109000;115000.0;300.0;200.0;100.0;1;OBSTRUIDO;6000.0;5.5045871559633035
QN-SAMAMBAIA;SAMAMBAIA;60220;05/2022;82;109000;112500.0;300.0;200.0;100.0;1;VAGO;3500.0;3.211009174311927
QN-SAMAMBAIA;SAMAMBAIA;60220;05/2022;86;109000;135700.0;300.0;200.0;100.0;1;VAGO;26700.0;24.4954128440367
QN-SAMAMBAIA;SAMAMBAIA;60220;05/2022;87;109000;140000.0;300.0;200.0;100.0;1;VAGO;31000.0;28.440366972477065
QN-SAMAMBAIA;SAMAMBAIA;60220;05/2022;91;89800;95150.0;450.0;300.0;150.0;1;VAGO;5350.0;5.957683741648108
QN-SAMAMBAIA;SAMAMBAIA;60220;05/2022;92;1030000;1050000.1;3795.0;2530.0;1265.0;1;VAGO;20000.100000000093;1.9417572815534072
QS-SAMAMBAIA;SAMAMBAIA;60220;05/2022;95;119000;119000.0;339.0;226.0;113.0;1;OCUPADO;0.0;0.0
AREA DE DESENVOLVIMENTO ECONOMICO SUL;SAMAMBAIA;60227;05/2022;100;87000;128000.0;210.0;210.0;105.0;5;CERCADO;41000.0;47.12643678160919
QI-SAMAMBAIA;SAMAMBAIA;60227;05/2022;101;117000;125000.0;200.0;200.0;100.0;1;OCUPADO;8000.0;6.837606837606838
BAIRRO CENTRO;SAO SEBASTIAO;60216;05/2022;103;182000;211000.0;432.0;360.0;144.0;2;OCUPADO;29000.0;15.934065934065933
BAIRRO SÃO BARTOLOMEU;SAO SEBASTIAO;60217;05/2022;104;452000;462000.0;1085.997;995.497;361.999;1;VAGO;10000.0;2.2123893805309733
SETOR DE INDUSTRIA E ABASTECIMENTO           ;BRASILIA;60224;06/2022;5;1860000;4465000.0;2500.0;1500.0;1000.0;2;OCUPADO;2605000.0;140.05376344086022
SETOR DE INDUSTRIA E ABASTECIMENTO           ;BRASILIA;60224;06/2022;5;1860000;4465000.0;2500.0;1500.0;1000.0;2;OCUPADO;2605000.0;140.05376344086022
SETOR N NORTE-QUADRA RESIDENCIAL             ;CEILANDIA;60217;06/2022;11;1890000;1891100.0;6000.0;2000.0;1000.0;1;VAGO;1100.0;0.0582010582010582
SETOR N NORTE-QUADRA RESIDENCIAL             ;CEILANDIA;60217;06/2022;12;1890000;1891100.0;6000.0;2000.0;1000.0;1;VAGO;1100.0;0.0582010582010582
SETOR N NORTE-QUADRA RESIDENCIAL             ;CEILANDIA;60217;06/2022;13;2510000;2522100.0;8414.28;2804.76;1402.38;1;VAGO;12100.0;0.4820717131474104
SETOR O NORTE-QUADRA RESIDENCIAL             ;CEILANDIA;60219;06/2022;20;352000;355999.0;1134.0;756.0;378.0;1;OBSTRUIDO;3999.0;1.1360795454545456
SETOR O NORTE-QUADRA RESIDENCIAL             ;CEILANDIA;60219;06/2022;21;352000;355000.0;1134.0;756.0;378.0;2;OCUPADO;3000.0;0.8522727272727272
SETOR O NORTE-QUADRA RESIDENCIAL             ;CEILANDIA;60219;06/2022;22;352000;353000.01;1134.0;756.0;378.0;1;OCUPADO;1000.0100000000093;0.28409375000000264
SETOR RESID INDUSTRIA E ABASTECIMENTO        ;GUARA;60221;06/2022;26;1450000;2351100.0;3600.0;2700.0;900.0;1;VAGO;901100.0;62.144827586206894
PARANOÁ PARQUE;PARANOA;60221;06/2022;31;867000;883000.0;3318.768;1843.76;1843.76;2;VAGO;16000.0;1.845444059976932
PARANOÁ PARQUE;PARANOA;60221;06/2022;32;867000;867100.0;3318.757;1843.754;1843.754;1;VAGO;100.0;0.011534025374855825
PARANOÁ PARQUE;PARANOA;60221;06/2022;33;833000;833100.0;3129.532;1738.629;1738.629;1;VAGO;100.0;0.012004801920768308
RECANTO DAS EMAS;RECANTO DAS EMAS;60216;06/2022;42;121000;121000.0;300.0;270.0;150.0;1;SITUACAO NAO CADASTRADA;0.0;0.0
RECANTO DAS EMAS;RECANTO DAS EMAS;60216;06/2022;44;112000;112000.0;275.0;247.5;137.5;1;SITUACAO NAO CADASTRADA;0.0;0.0
RECANTO DAS EMAS;RECANTO DAS EMAS;60217;06/2022;49;493000;511100.01;1769.025;1273.698;707.61;5;VAGO;18100.01000000001;3.671401622718055
RECANTO DAS EMAS;RECANTO DAS EMAS;60217;06/2022;51;232000;232000.0;661.25;517.5;287.5;1;VAGO;0.0;0.0
RECANTO DAS EMAS;RECANTO DAS EMAS;60217;06/2022;56;46200;62310.0;115.0;90.0;50.0;3;VAGO;16110.0;34.870129870129865
RECANTO DAS EMAS;RECANTO DAS EMAS;60217;06/2022;58;63000;65500.0;161.0;126.0;70.0;2;VAGO;2500.0;3.968253968253968
AREA DE DESENVOLVIMENTO ECONOMICO;RECANTO DAS EMAS;60224;06/2022;64;295000;300000.0;1108.224;1108.224;346.32;1;OCUPADO;5000.0;1.694915254237288
HABITACIONAL RIACHO FUNDO II;RIACHO FUNDO II;60217;06/2022;66;140000;242000.0;273.0;127.4;91.0;12;VAGO;102000.0;72.85714285714285
QN-SAMAMBAIA;SAMAMBAIA;60217;06/2022;76;150000;150001.0;350.0;200.0;100.0;1;OCUPADO;1.0;0.0006666666666666666
BAIRRO SÃO BARTOLOMEU;SAO SEBASTIAO;60217;06/2022;101;465000;465100.0;1118.34;1025.145;372.78;2;VAGO;100.0;0.021505376344086023
BAIRRO SÃO BARTOLOMEU;SAO SEBASTIAO;60217;06/2022;102;470000;470100.0;1130.406;1036.206;376.802;1;VAGO;100.0;0.02127659574468085
BAIRRO SÃO BARTOLOMEU;SAO SEBASTIAO;60217;06/2022;103;464000;464100.0;1114.959;1022.046;371.653;1;VAGO;100.0;0.021551724137931036
BAIRRO SÃO BARTOLOMEU;SAO SEBASTIAO;60217;06/2022;104;474000;474100.0;1140.972;1045.891;380.324;1;VAGO;100.0;0.02109704641350211
SETOR M NORTE-QUADRA RESIDENCIAL             ;TAGUATINGA;60214;06/2022;106;151000;251777.0;256.0;256.0;128.0;6;VAGO;100777.0;66.73973509933775
BAIRRO AGUAS CLARAS-QS;TAGUATINGA;60220;07/2022;1;1792800;1792800.0;3510.0;2340.0;1170.0;1;OCUPADO;0.0;0.0
SETOR INDUSTRIAL I                           ;CEILANDIA;60225;07/2022;18;207000;252000.0;1400.0;1400.0;700.0;1;VAGO;45000.0;21.73913043478261
SETOR INDUSTRIAL I                           ;CEILANDIA;60225;07/2022;19;207000;219000.0;1400.0;1400.0;700.0;1;VAGO;12000.0;5.797101449275362
SETOR INDUSTRIAL I                           ;CEILANDIA;60225;07/2022;20;207000;250000.0;1400.0;1400.0;700.0;1;VAGO;43000.0;20.77294685990338
SETOR INDUSTRIAL I                           ;CEILANDIA;60225;07/2022;21;207000;207000.0;1400.0;1400.0;700.0;1;OCUPADO;0.0;0.0
SETOR INDUSTRIAL I                           ;CEILANDIA;60225;07/2022;22;207000;220000.0;1400.0;1400.0;700.0;1;VAGO;13000.0;6.280193236714976
SETOR INDUSTRIAL I                           ;CEILANDIA;60225;07/2022;23;207000;229000.99;1400.0;1400.0;700.0;2;VAGO;22000.98999999999;10.628497584541059
SETOR LESTE INDUSTRIAL                       ;GAMA;60220;07/2022;27;643000;1252200.0;3750.0;3750.0;1500.0;6;VAGO;609200.0;94.74339035769829
SETOR DE MULTIPLAS ATIVIDADES;GAMA;60224;07/2022;28;252000;267900.0;624.0;390.0;390.0;3;VAGO;15900.0;6.309523809523809
SETOR HABITACIONAL ITAPOA - ITAPOA PARQUE - AV. ITAPOA PARQUE;ITAPOÃ;60222;07/2022;30;234000;365000.0;756.0;756.0;840.0;7;VAGO;131000.0;55.98290598290598
SETOR HABITACIONAL ITAPOA - ITAPOA PARQUE - AV. ITAPOA PARQUE;ITAPOÃ;60222;07/2022;31;234000;345000.0;756.0;756.0;840.0;3;VAGO;111000.0;47.43589743589743
SETOR HABITACIONAL ITAPOA - ITAPOA PARQUE - AV. ITAPOA PARQUE;ITAPOÃ;60222;07/2022;32;234000;302100.0;756.0;756.0;840.0;4;VAGO;68100.0;29.102564102564106
SETOR HABITACIONAL ITAPOA - ITAPOA PARQUE - AV. ITAPOA PARQUE;ITAPOÃ;60222;07/2022;33;234000;302000.0;756.0;756.0;840.0;3;VAGO;68000.0;29.059829059829063
SETOR HABITACIONAL ITAPOA - ITAPOA PARQUE - AV. ITAPOA PARQUE;ITAPOÃ;60222;07/2022;34;234000;302000.0;756.0;756.0;840.0;5;VAGO;68000.0;29.059829059829063
SETOR HABITACIONAL ITAPOA - ITAPOA PARQUE - AV. ITAPOA PARQUE;ITAPOÃ;60222;07/2022;35;234000;500000.0;756.0;756.0;840.0;4;VAGO;266000.0;113.67521367521367
SETOR HABITACIONAL ITAPOA - ITAPOA PARQUE - AV. ITAPOA PARQUE;ITAPOÃ;60222;07/2022;36;418000;647900.0;1404.9;1404.9;1561.0;6;VAGO;229900.0;55.00000000000001
SETOR HABITACIONAL JARDIM BOTANICO;SAO SEBASTIAO;60214;07/2022;37;576000;981909.99;1700.205;1700.205;1133.47;6;VAGO;405909.99;70.470484375
RECANTO DAS EMAS;RECANTO DAS EMAS;60216;07/2022;42;121000;121000.0;300.0;270.0;150.0;1;VAGO;0.0;0.0
AREA DE DESENVOLVIMENTO ECONOMICO;RECANTO DAS EMAS;60227;07/2022;48;137000;168100.0;463.36;463.36;115.84;5;OBSTRUIDO;31100.0;22.7007299270073
HABITACIONAL RIACHO FUNDO II;RIACHO FUNDO II;60217;07/2022;49;395000;581300.0;936.54;437.052;312.18;6;VAGO;186300.0;47.164556962025316
HABITACIONAL RIACHO FUNDO II;RIACHO FUNDO II;60222;07/2022;50;587000;742300.0;1620.0;756.0;540.0;3;OBSTRUIDO;155300.0;26.456558773424188
CENTRO URBANO;SAMAMBAIA;60217;07/2022;56;427000;669000.0;720.0;480.0;240.0;4;VAGO;242000.0;56.674473067915685
CENTRO URBANO;SAMAMBAIA;60217;07/2022;57;427000;710000.0;720.0;480.0;240.0;3;VAGO;283000.0;66.27634660421545
QN-SAMAMBAIA;SAMAMBAIA;60217;07/2022;59;125000;130000.0;350.0;200.0;100.0;2;OBSTRUIDO;5000.0;4.0
QN-SAMAMBAIA;SAMAMBAIA;60219;07/2022;60;730000;752000.0;2073.75;1382.5;691.25;1;VAGO;22000.0;3.0136986301369864
QS-SAMAMBAIA;SAMAMBAIA;60220;07/2022;81;115000;130000.0;300.0;200.0;100.0;1;VAGO;15000.0;13.043478260869565
QS-SAMAMBAIA;SAMAMBAIA;60220;07/2022;82;115000;130000.0;300.0;200.0;100.0;1;VAGO;15000.0;13.043478260869565
QS-SAMAMBAIA;SAMAMBAIA;60220;07/2022;83;115000;130000.0;300.0;200.0;100.0;1;VAGO;15000.0;13.043478260869565
QS-SAMAMBAIA;SAMAMBAIA;60220;07/2022;84;115000;130000.0;300.0;200.0;100.0;2;VAGO;15000.0;13.043478260869565
QS-SAMAMBAIA;SAMAMBAIA;60220;07/2022;85;115000;180000.0;300.0;200.0;100.0;4;VAGO;65000.0;56.52173913043478
SANTA MARIA                                  ;SANTA MARIA;60217;07/2022;88;1540000;1540000.0;5184.0;1814.4;1296.0;1;OCUPADO;0.0;0.0
BAIRRO RESIDENCIAL OESTE;SAO SEBASTIAO;60217;07/2022;91;202000;345999.98;480.0;440.0;160.0;2;VAGO;143999.97999999998;71.28711881188117
SETOR DE HABITACOES INDIVIDUAIS SUL          ;BRASILIA;60211;08/2022;10;1090000;1354000.99;756.0;756.0;540.0;6;OCUPADO;264000.99;24.220274311926605
SETOR CENTRAL                                ;GAMA;60213;08/2022;21;1780000;2199999.99;6968.0;6968.0;871.0;2;VAGO;419999.9900000002;23.59550505617979
SETOR RESID INDUSTRIA E ABASTECIMENTO        ;GUARA;60221;08/2022;22;1620000;1620000.0;3600.0;2700.0;900.0;1;VAGO;0.0;0.0
PARANOÁ PARQUE;PARANOA;60221;08/2022;28;876000;890000.0;3375.013;1875.007;1875.007;2;VAGO;14000.0;1.5981735159817352
PARANOÁ PARQUE;PARANOA;60221;08/2022;29;876000;876100.0;3375.013;1875.007;1875.007;1;VAGO;100.0;0.01141552511415525
HABITACIONAL RIACHO FUNDO II;RIACHO FUNDO II;60224;08/2022;35;1530000;1701000.0;2658.67;2658.67;1899.05;1;CERCADO;171000.0;11.176470588235295
CENTRO URBANO;SAMAMBAIA;60217;08/2022;43;458000;481000.0;779.19;519.46;259.73;1;VAGO;23000.0;5.021834061135371
CENTRO URBANO;SAMAMBAIA;60217;08/2022;44;578000;607000.0;1012.5;675.0;337.5;2;OBSTRUIDO;29000.0;5.017301038062284
QN-SAMAMBAIA;SAMAMBAIA;60217;08/2022;46;150000;155000.0;350.0;200.0;100.0;4;VAGO;5000.0;3.3333333333333335
QS-SAMAMBAIA;SAMAMBAIA;60217;08/2022;61;150000;179999.01;350.0;200.0;100.0;3;VAGO;29999.01000000001;19.999340000000007
QS-SAMAMBAIA;SAMAMBAIA;60217;08/2022;62;150000;192110.0;350.0;200.0;100.0;5;VAGO;42110.0;28.073333333333334
QS-SAMAMBAIA;SAMAMBAIA;60219;08/2022;66;492000;502000.0;1365.0;910.0;455.0;1;VAGO;10000.0;2.0325203252032518
QS-SAMAMBAIA;SAMAMBAIA;60219;08/2022;68;970000;1030000.0;2790.0;1860.0;930.0;2;VAGO;60000.0;6.185567010309279
QN-SAMAMBAIA;SAMAMBAIA;60220;08/2022;70;115000;129010.0;300.0;200.0;100.0;2;VAGO;14010.0;12.182608695652174
QN-SAMAMBAIA;SAMAMBAIA;60220;08/2022;71;115000;133010.0;300.0;200.0;100.0;2;VAGO;18010.0;15.660869565217391
QN-SAMAMBAIA;SAMAMBAIA;60220;08/2022;73;115000;146000.0;300.0;200.0;100.0;1;VAGO;31000.0;26.956521739130434
QN-SAMAMBAIA;SAMAMBAIA;60220;08/2022;76;115000;132000.0;300.0;200.0;100.0;2;VAGO;17000.0;14.782608695652174
QN-SAMAMBAIA;SAMAMBAIA;60220;08/2022;77;115000;134500.0;300.0;200.0;100.0;1;VAGO;19500.0;16.956521739130434
QN-SAMAMBAIA;SAMAMBAIA;60220;08/2022;78;115000;136000.0;300.0;200.0;100.0;1;VAGO;21000.0;18.26086956521739
QN-SAMAMBAIA;SAMAMBAIA;60220;08/2022;79;115000;136000.0;300.0;200.0;100.0;1;VAGO;21000.0;18.26086956521739
QN-SAMAMBAIA;SAMAMBAIA;60220;08/2022;80;115000;135500.0;300.0;200.0;100.0;1;VAGO;20500.0;17.82608695652174
QN-SAMAMBAIA;SAMAMBAIA;60220;08/2022;87;69800;70000.0;300.0;200.0;100.0;1;VAGO;200.0;0.28653295128939826
QS-SAMAMBAIA;SAMAMBAIA;60220;08/2022;98;115000;130000.0;300.0;200.0;100.0;1;VAGO;15000.0;13.043478260869565
QS-SAMAMBAIA;SAMAMBAIA;60220;08/2022;99;115000;130000.0;300.0;200.0;100.0;4;VAGO;15000.0;13.043478260869565
QS-SAMAMBAIA;SAMAMBAIA;60220;08/2022;100;69800;78500.0;300.0;200.0;100.0;1;OBSTRUIDO;8700.0;12.464183381088825
QS-SAMAMBAIA;SAMAMBAIA;60220;08/2022;101;69800;72000.0;300.0;200.0;100.0;3;VAGO;2200.0;3.151862464183381
QS-SAMAMBAIA;SAMAMBAIA;60220;08/2022;102;69800;69800.0;300.0;200.0;100.0;1;VAGO;0.0;0.0
QS-SAMAMBAIA;SAMAMBAIA;60220;08/2022;103;69800;75000.0;300.0;200.0;100.0;1;VAGO;5200.0;7.4498567335243555
SANTA MARIA                                  ;SANTA MARIA;60216;08/2022;105;391000;475500.0;540.0;280.0;200.0;4;OCUPADO;84500.0;21.611253196930946
BAIRRO SÃO BARTOLOMEU;SAO SEBASTIAO;60217;08/2022;110;470000;481000.8;1085.997;995.497;361.999;1;CERCADO;11000.799999999988;2.340595744680849
SETOR O NORTE-QUADRA RESIDENCIAL             ;CEILANDIA;60219;09/2022;8;354000;355000.0;1134.0;756.0;378.0;1;OBSTRUIDO;1000.0;0.2824858757062147
SETOR O NORTE-QUADRA RESIDENCIAL             ;CEILANDIA;60219;09/2022;9;354000;355000.0;1134.0;756.0;378.0;1;VAGO;1000.0;0.2824858757062147
SETOR INDUSTRIAL I                           ;CEILANDIA;60221;09/2022;10;65400;140800.0;366.0;366.0;183.0;16;VAGO;75400.0;115.29051987767585
SETOR INDUSTRIAL I                           ;CEILANDIA;60221;09/2022;11;65400;110000.0;366.0;366.0;183.0;10;OBSTRUIDO;44600.0;68.19571865443424
SETOR INDUSTRIAL I                           ;CEILANDIA;60225;09/2022;12;294000;295000.0;2100.0;2100.0;1050.0;2;OCUPADO;1000.0;0.3401360544217687
SETOR INDUSTRIAL I                           ;CEILANDIA;60225;09/2022;13;294000;883000.0;2100.0;2100.0;1050.0;2;OCUPADO;589000.0;200.34013605442178
SETOR INDUSTRIAL I                           ;CEILANDIA;60225;09/2022;13;294000;883000.0;2100.0;2100.0;1050.0;2;OCUPADO;589000.0;200.34013605442178
SETOR INDUSTRIAL I                           ;CEILANDIA;60225;09/2022;13;294000;883000.0;2100.0;2100.0;1050.0;2;OCUPADO;589000.0;200.34013605442178
SETOR SUL                                    ;GAMA;60216;09/2022;14;191000;320000.0;1250.0;625.0;312.5;6;VAGO;129000.0;67.5392670157068
SETOR INDUSTRIAL BERNARDO SAYAO              ;NUCLEO BANDEIRANTE;60227;09/2022;15;375000;652500.0;517.5;382.5;225.0;4;OCUPADO;277500.0;74.0
RECANTO DAS EMAS;RECANTO DAS EMAS;60217;09/2022;17;120000;140000.0;349.025;273.15;151.75;4;VAGO;20000.0;16.666666666666664
HABITACIONAL RIACHO FUNDO II;RIACHO FUNDO II;60217;09/2022;21;541000;766900.0;1350.0;630.0;450.0;3;VAGO;225900.0;41.75600739371534
CENTRO URBANO;SAMAMBAIA;60217;09/2022;27;2310000;2674301.0;4680.025;2674.3;1337.15;2;VAGO;364301.0;15.77060606060606
QS-SAMAMBAIA;SAMAMBAIA;60217;09/2022;30;150000;172400.0;350.0;200.0;100.0;4;VAGO;22400.0;14.933333333333335
QS-SAMAMBAIA;SAMAMBAIA;60217;09/2022;31;893000;950100.0;2952.0;1476.0;738.0;2;VAGO;57100.0;6.39417693169093
QN-SAMAMBAIA;SAMAMBAIA;60219;09/2022;33;115000;126000.0;300.0;200.0;100.0;4;VAGO;11000.0;9.565217391304348
QN-SAMAMBAIA;SAMAMBAIA;60219;09/2022;41;115000;140120.0;300.0;200.0;100.0;2;OBSTRUIDO;25120.0;21.843478260869563
QN-SAMAMBAIA;SAMAMBAIA;60219;09/2022;42;115000;126050.0;300.0;200.0;100.0;1;VAGO;11050.0;9.608695652173912
QN-SAMAMBAIA;SAMAMBAIA;60220;09/2022;50;95900;96000.0;225.0;150.0;75.0;2;VAGO;100.0;0.10427528675703858
QS-SAMAMBAIA;SAMAMBAIA;60220;09/2022;65;196000;229000.0;600.0;400.0;200.0;1;CERCADO;33000.0;16.83673469387755
SETOR E SUL-QUADRA COMERCIAL                 ;TAGUATINGA;60217;09/2022;78;120000;187987.97;200.0;100.0;50.0;4;OCUPADO;67987.97;56.656641666666665
SETOR O NORTE-QUADRA RESIDENCIAL             ;CEILANDIA;60219;10/2022;10;399000;408000.0;1307.25;871.5;435.75;2;VAGO;9000.0;2.2556390977443606
SETOR DE MATERIAL DE CONSTRUCAO              ;CEILANDIA;60225;10/2022;13;316890;1049000.0;2100.0;2100.0;1050.0;4;OCUPADO;732110.0;231.02969484679227
SETOR DE MATERIAL DE CONSTRUCAO              ;CEILANDIA;60225;10/2022;13;316890;1049000.0;2100.0;2100.0;1050.0;4;OCUPADO;732110.0;231.02969484679227
SETOR DE MATERIAL DE CONSTRUCAO              ;CEILANDIA;60225;10/2022;13;316890;1049000.0;2100.0;2100.0;1050.0;4;OCUPADO;732110.0;231.02969484679227
SETOR INDUSTRIAL I                           ;CEILANDIA;60225;10/2022;16;73300;80000.0;315.0;315.0;210.0;3;VAGO;6700.0;9.140518417462483
SETOR SUL                                    ;GAMA;60216;10/2022;17;191000;325000.0;1250.0;625.0;312.5;3;VAGO;134000.0;70.15706806282722
SETOR HABITACIONAL JARDIM BOTANICO;SAO SEBASTIAO;60214;10/2022;21;547000;670000.0;1260.0;1260.0;840.0;5;OBSTRUIDO;123000.0;22.486288848263253
RECANTO DAS EMAS;RECANTO DAS EMAS;60217;10/2022;33;267000;311999.0;745.2;583.2;324.0;3;VAGO;44999.0;16.853558052434455
RECANTO DAS EMAS;RECANTO DAS EMAS;60217;10/2022;34;171000;185000.0;460.0;360.0;200.0;2;VAGO;14000.0;8.187134502923977
RECANTO DAS EMAS;RECANTO DAS EMAS;60217;10/2022;35;55400;65400.0;134.665;105.39;58.55;1;VAGO;10000.0;18.050541516245488
RECANTO DAS EMAS;RECANTO DAS EMAS;60217;10/2022;36;54500;61500.0;132.503;103.698;57.61;2;VAGO;7000.0;12.844036697247708
RECANTO DAS EMAS;RECANTO DAS EMAS;60217;10/2022;37;53700;71000.0;130.341;102.006;56.67;3;VAGO;17300.0;32.21601489757914
HABITACIONAL RIACHO FUNDO II;RIACHO FUNDO II;60217;10/2022;49;541000;602003.0;1350.0;630.0;450.0;2;VAGO;61003.0;11.275970425138631
HABITACIONAL RIACHO FUNDO II;RIACHO FUNDO II;60217;10/2022;50;541000;556000.99;1350.0;630.0;450.0;1;VAGO;15000.98999999999;2.772826247689462
HABITACIONAL RIACHO FUNDO II;RIACHO FUNDO II;60217;10/2022;51;541000;551000.99;1350.0;630.0;450.0;1;VAGO;10000.98999999999;1.8486118299445453
HABITACIONAL RIACHO FUNDO II;RIACHO FUNDO II;60217;10/2022;52;541000;546000.99;1350.0;630.0;450.0;1;VAGO;5000.989999999991;0.9243974121996287
HABITACIONAL RIACHO FUNDO II;RIACHO FUNDO II;60217;10/2022;53;541000;569000.0;1350.0;630.0;450.0;1;VAGO;28000.0;5.175600739371535
HABITACIONAL RIACHO FUNDO II;RIACHO FUNDO II;60217;10/2022;54;621000;756600.0;1584.21;739.298;528.07;2;VAGO;135600.0;21.835748792270532
QS-SAMAMBAIA;SAMAMBAIA;60218;10/2022;70;67100;70100.0;280.0;200.0;100.0;1;OBSTRUIDO;3000.0;4.470938897168406
QS-SAMAMBAIA;SAMAMBAIA;60219;10/2022;76;187000;193201.99;450.0;300.0;150.0;1;VAGO;6201.989999999991;3.3165721925133638
QS-SAMAMBAIA;SAMAMBAIA;60220;10/2022;87;139000;139087.0;388.5;259.0;129.5;1;VAGO;87.0;0.06258992805755395
QS-SAMAMBAIA;SAMAMBAIA;60220;10/2022;90;125000;150000.0;339.0;226.0;113.0;2;VAGO;25000.0;20.0
SANTA MARIA                                  ;SANTA MARIA;60217;10/2022;91;1020000;1244000.0;3072.0;1075.2;768.0;2;VAGO;224000.0;21.96078431372549
SANTA MARIA                                  ;SANTA MARIA;60218;10/2022;93;112000;113000.0;500.0;280.0;200.0;1;OCUPADO;1000.0;0.8928571428571428
SETOR M NORTE-QUADRA RESIDENCIAL             ;TAGUATINGA;60214;10/2022;95;151000;252777.0;256.0;256.0;128.0;3;VAGO;101777.0;67.40198675496688
SETOR M NORTE-QUADRA RESIDENCIAL             ;TAGUATINGA;60214;10/2022;96;179000;282787.98;308.5;308.5;154.25;4;OBSTRUIDO;103787.97999999998;57.98211173184357
SETOR INDUSTRIAL I                           ;CEILANDIA;60225;12/2022;8;73300;73502.77;315.0;315.0;210.0;1;OBSTRUIDO;202.77000000000407;0.2766302864938664
SETOR INDUSTRIAL I                           ;CEILANDIA;60225;12/2022;9;73300;73502.77;315.0;315.0;210.0;1;OBSTRUIDO;202.77000000000407;0.2766302864938664
SETOR INDUSTRIAL I                           ;CEILANDIA;60225;12/2022;10;73300;73502.77;315.0;315.0;210.0;1;OBSTRUIDO;202.77000000000407;0.2766302864938664
SETOR INDUSTRIAL I                           ;CEILANDIA;60225;12/2022;11;73300;73502.77;315.0;315.0;210.0;1;OBSTRUIDO;202.77000000000407;0.2766302864938664
SETOR INDUSTRIAL I                           ;CEILANDIA;60225;12/2022;12;73300;100000.0;315.0;315.0;210.0;2;OBSTRUIDO;26700.0;36.4256480218281
SETOR DE MATERIAL DE CONSTRUCAO              ;CEILANDIA;60227;12/2022;13;40300;131090.0;140.0;140.0;70.0;1;OCUPADO;90790.0;225.28535980148882
SETOR HABITACIONAL ITAPOA - ITAPOA PARQUE - AV. ITAPOA PARQUE;ITAPOÃ;60222;12/2022;16;418000;840000.0;1404.9;1404.9;1561.0;4;VAGO;422000.0;100.95693779904306
SETOR HABITACIONAL ITAPOA - ITAPOA PARQUE - AV. ITAPOA PARQUE;ITAPOÃ;60222;12/2022;17;234000;501000.0;756.0;756.0;840.0;3;VAGO;267000.0;114.1025641025641
SETOR HABITACIONAL ITAPOA - ITAPOA PARQUE - AV. ITAPOA PARQUE;ITAPOÃ;60222;12/2022;18;234000;502000.0;756.0;756.0;840.0;2;VAGO;268000.0;114.52991452991452
SETOR HABITACIONAL ITAPOA - ITAPOA PARQUE - AV. ITAPOA PARQUE;ITAPOÃ;60222;12/2022;19;234000;469000.0;756.0;756.0;840.0;3;VAGO;235000.0;100.42735042735043
SETOR HABITACIONAL ITAPOA - ITAPOA PARQUE - AV. ITAPOA PARQUE;ITAPOÃ;60222;12/2022;20;234000;438000.0;756.0;756.0;840.0;4;VAGO;204000.0;87.17948717948718
SETOR HABITACIONAL ITAPOA - ITAPOA PARQUE - AV. ITAPOA PARQUE;ITAPOÃ;60222;12/2022;21;234000;439000.0;756.0;756.0;840.0;3;VAGO;205000.0;87.6068376068376
SETOR HABITACIONAL ITAPOA - ITAPOA PARQUE - AV. ITAPOA PARQUE;ITAPOÃ;60222;12/2022;22;234000;470000.0;756.0;756.0;840.0;3;VAGO;236000.0;100.85470085470085
SETOR HABITACIONAL JARDIM BOTANICO;SAO SEBASTIAO;60214;12/2022;23;525000;927100.0;1200.0;1200.0;800.0;8;VAGO;402100.0;76.59047619047618
SETOR HABITACIONAL TAQUARI;LAGO NORTE;60211;12/2022;24;621000;723099.0;640.0;640.0;800.0;7;VAGO;102099.0;16.441062801932368
PARANOÁ PARQUE;PARANOA;60221;12/2022;27;852000;1260000.0;3237.538;1798.632;1798.632;7;VAGO;408000.0;47.88732394366197
AREA DE DESENVOLVIMENTO ECONOMICO;RECANTO DAS EMAS;60224;12/2022;34;697000;814580.0;2764.64;2764.64;863.95;3;OCUPADO;117580.0;16.869440459110475
HABITACIONAL RIACHO FUNDO II;RIACHO FUNDO II;60217;12/2022;35;393000;413000.0;929.97;433.986;309.99;1;OBSTRUIDO;20000.0;5.089058524173027
HABITACIONAL RIACHO FUNDO II;RIACHO FUNDO II;60217;12/2022;36;395000;651000.0;935.46;436.548;311.82;1;OBSTRUIDO;256000.0;64.81012658227849
HABITACIONAL RIACHO FUNDO II;RIACHO FUNDO II;60217;12/2022;37;393000;651000.0;931.44;434.672;310.48;2;OBSTRUIDO;258000.0;65.64885496183206
HABITACIONAL RIACHO FUNDO II;RIACHO FUNDO II;60217;12/2022;38;395000;414000.0;937.44;437.472;312.48;1;OBSTRUIDO;19000.0;4.810126582278481
HABITACIONAL RIACHO FUNDO II;RIACHO FUNDO II;60217;12/2022;39;140000;220000.0;273.0;127.4;91.0;2;VAGO;80000.0;57.14285714285714
HABITACIONAL RIACHO FUNDO II;RIACHO FUNDO II;60217;12/2022;40;140000;221000.0;273.0;127.4;91.0;2;VAGO;81000.0;57.85714285714286
CENTRO URBANO;SAMAMBAIA;60217;12/2022;46;967000;5212000.0;1762.71;1175.14;587.57;1;VAGO;4245000.0;438.9865563598759
CENTRO URBANO;SAMAMBAIA;60217;12/2022;46;967000;5212000.0;1762.71;1175.14;587.57;1;VAGO;4245000.0;438.9865563598759
CENTRO URBANO;SAMAMBAIA;60217;12/2022;46;967000;5212000.0;1762.71;1175.14;587.57;1;VAGO;4245000.0;438.9865563598759
CENTRO URBANO;SAMAMBAIA;60217;12/2022;46;969000;5212000.0;1766.4;1177.6;588.8;1;VAGO;4243000.0;437.8740970072239
CENTRO URBANO;SAMAMBAIA;60217;12/2022;46;974000;5212000.0;1775.79;1183.86;591.93;1;VAGO;4238000.0;435.11293634496917
QS-SAMAMBAIA;SAMAMBAIA;60217;12/2022;52;150000;150000.0;350.0;200.0;100.0;1;VAGO;0.0;0.0
QN-SAMAMBAIA;SAMAMBAIA;60219;12/2022;58;139000;158971.0;300.0;200.0;100.0;1;VAGO;19971.0;14.367625899280576
QS-SAMAMBAIA;SAMAMBAIA;60219;12/2022;60;701000;935100.0;1987.86;1325.24;662.62;1;VAGO;234100.0;33.39514978601997
QS-SAMAMBAIA;SAMAMBAIA;60220;12/2022;84;230760;230760.0;339.0;226.0;113.0;1;OCUPADO;0.0;0.0
QS-SAMAMBAIA;SAMAMBAIA;60220;12/2022;90;115000;116000.1;300.0;200.0;100.0;2;VAGO;1000.1000000000058;0.8696521739130485
DESENVOLVIMENTO  ECONOMICO  M/NORTE;TAGUATINGA;60227;12/2022;96;316000;321579.0;739.956;493.304;246.652;1;OCUPADO;5579.0;1.765506329113924
SETOR DE OFICINAS SUL                        ;BRASILIA;60227;13/2022;1;501000;738000.0;540.0;540.0;180.0;3;OCUPADO;237000.0;47.30538922155689
SETOR DE OFICINAS SUL                        ;BRASILIA;60227;13/2022;2;501000;638500.0;540.0;540.0;180.0;3;OCUPADO;137500.0;27.445109780439118
SETOR O NORTE-QUADRA RESIDENCIAL             ;CEILANDIA;60217;13/2022;4;804000;1728000.0;6090.0;2030.0;1015.0;9;VAGO;924000.0;114.92537313432835
SETOR O NORTE-QUADRA RESIDENCIAL             ;CEILANDIA;60217;13/2022;5;872000;1864000.0;6720.0;2240.0;1120.0;5;VAGO;992000.0;113.76146788990826
SETOR O NORTE-QUADRA RESIDENCIAL             ;CEILANDIA;60217;13/2022;6;999000;2118000.0;7920.0;2640.0;1320.0;4;VAGO;1119000.0;112.01201201201201
SETOR O NORTE-QUADRA RESIDENCIAL             ;CEILANDIA;60217;13/2022;7;999000;2200000.0;7920.0;2640.0;1320.0;4;VAGO;1201000.0;120.22022022022023
SETOR O NORTE-QUADRA RESIDENCIAL             ;CEILANDIA;60217;13/2022;8;999000;2200000.0;7920.0;2640.0;1320.0;5;VAGO;1201000.0;120.22022022022023
SETOR O NORTE-QUADRA RESIDENCIAL             ;CEILANDIA;60217;13/2022;9;999000;2200000.0;7920.0;2640.0;1320.0;7;VAGO;1201000.0;120.22022022022023
SETOR O NORTE-QUADRA RESIDENCIAL             ;CEILANDIA;60217;13/2022;10;794000;1980000.0;6000.0;2000.0;1000.0;15;VAGO;1186000.0;149.37027707808562
SETOR O NORTE-QUADRA RESIDENCIAL             ;CEILANDIA;60217;13/2022;11;790000;2000010.0;5964.0;1988.0;994.0;21;VAGO;1210010.0;153.16582278481013
SETOR INDUSTRIAL I                           ;CEILANDIA;60225;13/2022;17;73300;112020.2;315.0;315.0;210.0;2;OBSTRUIDO;38720.2;52.82428376534788
SETOR INDUSTRIAL I                           ;CEILANDIA;60225;13/2022;18;73300;87000.2;315.0;315.0;210.0;3;CERCADO;13700.199999999997;18.69058663028649
SETOR INDUSTRIAL I                           ;CEILANDIA;60225;13/2022;19;73300;87000.4;315.0;315.0;210.0;2;OBSTRUIDO;13700.399999999994;18.69085948158253
SETOR INDUSTRIAL I                           ;CEILANDIA;60225;13/2022;20;73300;101999.99;315.0;315.0;210.0;2;OCUPADO;28699.990000000005;39.15414733969987
SETOR INDUSTRIAL I                           ;CEILANDIA;60225;13/2022;21;73300;87002.8;315.0;315.0;210.0;5;CERCADO;13702.800000000003;18.694133697135065
SETOR INDUSTRIAL I                           ;CEILANDIA;60225;13/2022;22;73300;101000.0;315.0;315.0;210.0;4;CERCADO;27700.0;37.78990450204638
SETOR INDUSTRIAL I                           ;CEILANDIA;60225;13/2022;23;73300;101000.0;315.0;315.0;210.0;3;CERCADO;27700.0;37.78990450204638
SETOR DE DESENVOLVIMENTO ECONOMICO CENTRO NORTE;CEILANDIA;60227;13/2022;24;136000;144320.0;300.0;300.0;150.0;1;VAGO;8320.0;6.11764705882353
SETOR RESID INDUSTRIA E ABASTECIMENTO        ;GUARA;60214;13/2022;31;242000;331000.0;345.6;345.6;144.0;9;VAGO;89000.0;36.77685950413223
SETOR RESID INDUSTRIA E ABASTECIMENTO        ;GUARA;60214;13/2022;32;242000;331000.0;345.6;345.6;144.0;11;VAGO;89000.0;36.77685950413223
SETOR RESID INDUSTRIA E ABASTECIMENTO        ;GUARA;60214;13/2022;33;242000;411231.0;345.6;345.6;144.0;16;VAGO;169231.0;69.9301652892562
SETOR COMPLEMENTAR INDUSTRIA E ABASTECIMENTO;GUARA;60227;13/2022;36;500000;500000.0;480.0;420.0;200.0;2;VAGO;0.0;0.0
SETOR COMPLEMENTAR INDUSTRIA E ABASTECIMENTO;GUARA;60227;13/2022;37;500000;500000.0;480.0;420.0;200.0;2;VAGO;0.0;0.0
SETOR HABITACIONAL JARDIM BOTANICO;SAO SEBASTIAO;60214;13/2022;38;601000;752050.5;1408.485;1408.485;938.99;3;VAGO;151050.5;25.133194675540764
RECANTO DAS EMAS;RECANTO DAS EMAS;60217;13/2022;46;132000;145100.0;345.0;270.0;150.0;1;VAGO;13100.0;9.924242424242424
RECANTO DAS EMAS;RECANTO DAS EMAS;60217;13/2022;47;191000;240010.0;517.5;405.0;225.0;2;VAGO;49010.0;25.659685863874344
ADE OESTE - EXPANSÃO RESIDENCIAL OESTE DE SAMAMBAIA;SAMAMBAIA;60216;13/2022;54;186000;201250.0;952.0;476.0;238.0;1;OBSTRUIDO;15250.0;8.198924731182796
QN-SAMAMBAIA;SAMAMBAIA;60217;13/2022;56;125000;148000.0;350.0;200.0;100.0;4;OBSTRUIDO;23000.0;18.4
QS-SAMAMBAIA;SAMAMBAIA;60218;13/2022;58;76000;83000.0;140.0;100.0;50.0;1;VAGO;7000.0;9.210526315789473
QS-SAMAMBAIA;SAMAMBAIA;60219;13/2022;81;115000;117100.0;300.0;200.0;100.0;1;VAGO;2100.0;1.8260869565217392
QN-SAMAMBAIA;SAMAMBAIA;60220;13/2022;85;115000;130210.0;300.0;200.0;100.0;1;VAGO;15210.0;13.22608695652174
QN-SAMAMBAIA;SAMAMBAIA;60220;13/2022;86;115000;130210.0;300.0;200.0;100.0;1;VAGO;15210.0;13.22608695652174
QS-SAMAMBAIA;SAMAMBAIA;60220;13/2022;89;115000;117000.0;300.0;200.0;100.0;1;VAGO;2000.0;1.7391304347826086
QS-SAMAMBAIA;SAMAMBAIA;60220;13/2022;98;115000;117500.99;300.0;200.0;100.0;1;VAGO;2500.9900000000052;2.1747739130434827
QS-SAMAMBAIA;SAMAMBAIA;60220;13/2022;99;343000;450000.0;1129.71;753.14;376.57;1;VAGO;107000.0;31.195335276967928
SANTA MARIA                                  ;SANTA MARIA;60217;13/2022;100;1840000;1950000.0;6504.4;2276.54;1626.1;1;OCUPADO;110000.0;5.978260869565218
BAIRRO SÃO BARTOLOMEU;SAO SEBASTIAO;60217;13/2022;105;420000;420501.0;967.167;886.57;322.389;1;VAGO;501.0;0.11928571428571429
AREA DES/ECONOMICO-AGUAS CLARAS;TAGUATINGA;60227;03/2023;4;192000;197013.77;300.0;300.0;150.0;2;OCUPADO;5013.7699999999895;2.6113385416666612
SETOR DE HAB COLETIVAS SUDOESTE              ;BRASILIA;60556;03/2023;5;613000;895000.0;864.0;864.0;576.0;5;SITUACAO NAO CADASTRADA;282000.0;46.00326264274062
SETOR O NORTE-QUADRA RESIDENCIAL             ;CEILANDIA;60217;03/2023;12;593000;593000.0;1890.0;756.0;378.0;1;OBSTRUIDO;0.0;0.0
SETOR INDUSTRIAL I                           ;CEILANDIA;60223;03/2023;13;154000;172115.5;960.0;960.0;480.0;4;VAGO;18115.5;11.763311688311688
SETOR INDUSTRIAL I                           ;CEILANDIA;60225;03/2023;14;210000;352000.0;1400.0;1400.0;700.0;9;VAGO;142000.0;67.61904761904762
SETOR INDUSTRIAL I                           ;CEILANDIA;60225;03/2023;15;210000;353000.0;1400.0;1400.0;700.0;10;OBSTRUIDO;143000.0;68.0952380952381
SETOR INDUSTRIAL I                           ;CEILANDIA;60225;03/2023;16;210000;425032.0;1400.0;1400.0;700.0;15;OBSTRUIDO;215032.0;102.39619047619048
SETOR DE MATERIAL DE CONSTRUCAO              ;CEILANDIA;60227;03/2023;17;40300;90715.0;140.0;140.0;70.0;3;OCUPADO;50415.0;125.09925558312656
SETOR RESID INDUSTRIA E ABASTECIMENTO        ;GUARA;60215;03/2023;18;250000;352074.2;360.0;360.0;150.0;14;VAGO;102074.20000000001;40.82968000000001
SETOR HABITACIONAL ITAPOA - ITAPOA PARQUE - AV. ITAPOA PARQUE;ITAPOÃ;60222;03/2023;22;418000;1200000.0;1404.9;1404.9;1561.0;10;VAGO;782000.0;187.08133971291866
SETOR HABITACIONAL ITAPOA - ITAPOA PARQUE - AV. ITAPOA PARQUE;ITAPOÃ;60222;03/2023;23;234000;531999.01;756.0;756.0;840.0;10;VAGO;297999.01;127.35000427350427
SETOR HABITACIONAL ITAPOA - ITAPOA PARQUE - AV. ITAPOA PARQUE;ITAPOÃ;60222;03/2023;24;234000;482000.0;756.0;756.0;840.0;5;VAGO;248000.0;105.98290598290599
SETOR HABITACIONAL ITAPOA - ITAPOA PARQUE - AV. ITAPOA PARQUE;ITAPOÃ;60222;03/2023;25;234000;471010.0;756.0;756.0;840.0;5;VAGO;237010.0;101.28632478632478
SETOR HABITACIONAL ITAPOA - ITAPOA PARQUE - AV. ITAPOA PARQUE;ITAPOÃ;60222;03/2023;26;234000;452000.0;756.0;756.0;840.0;6;VAGO;218000.0;93.16239316239316
SETOR HABITACIONAL ITAPOA - ITAPOA PARQUE - AV. ITAPOA PARQUE;ITAPOÃ;60222;03/2023;27;234000;452000.0;756.0;756.0;840.0;7;VAGO;218000.0;93.16239316239316
SETOR HABITACIONAL ITAPOA - ITAPOA PARQUE - AV. ITAPOA PARQUE;ITAPOÃ;60222;03/2023;28;234000;475000.0;756.0;756.0;840.0;9;VAGO;241000.0;102.99145299145297
SETOR HABITACIONAL JARDIM BOTANICO;SAO SEBASTIAO;60214;03/2023;29;674000;810000.0;1380.0;1380.0;920.0;3;VAGO;136000.0;20.178041543026705
SETOR HABITACIONAL JARDIM BOTANICO;SAO SEBASTIAO;60214;03/2023;30;597000;721000.0;1200.0;1200.0;800.0;2;VAGO;124000.0;20.770519262981573
SETOR HABITACIONAL JARDIM BOTANICO;SAO SEBASTIAO;60214;03/2023;31;559000;980000.0;1293.0;1293.0;862.0;11;VAGO;421000.0;75.31305903398928
SETOR HABITACIONAL JARDIM BOTANICO;SAO SEBASTIAO;60214;03/2023;32;864000;1178322.01;2192.955;2192.955;1461.97;1;CERCADO;314322.01;36.37986226851852
SETOR HABITACIONAL JARDIM BOTANICO;SAO SEBASTIAO;60214;03/2023;33;525000;682501.0;1200.0;1200.0;800.0;2;VAGO;157501.0;30.000190476190475
SETOR HABITACIONAL TAQUARI;LAGO NORTE;60211;03/2023;36;589000;767000.0;585.008;585.008;731.26;10;CERCADO;178000.0;30.220713073005097
PARANOÁ PARQUE;PARANOA;60221;03/2023;39;929000;961000.0;3370.286;1872.381;1872.381;1;VAGO;32000.0;3.4445640473627552
PARANOÁ PARQUE;PARANOA;60221;03/2023;40;892000;931000.0;3182.441;1768.023;1768.023;1;VAGO;39000.0;4.37219730941704
PARANOÁ PARQUE;PARANOA;60221;03/2023;41;769000;770000.0;2625.995;1458.886;1458.886;2;VAGO;1000.0;0.13003901170351106
SETOR DE OFICINAS                            ;PLANALTINA;60224;03/2023;42;316000;600000.0;1050.0;750.0;500.0;5;VAGO;284000.0;89.87341772151899
RECANTO DAS EMAS;RECANTO DAS EMAS;60216;03/2023;43;115000;120322.23;242.88;218.592;121.44;1;VAGO;5322.229999999996;4.628026086956518
RECANTO DAS EMAS;RECANTO DAS EMAS;60216;03/2023;44;108000;111111.11;226.46;203.814;113.23;1;VAGO;3111.1100000000006;2.8806574074074076
HABITACIONAL RIACHO FUNDO II;RIACHO FUNDO II;60217;03/2023;49;157000;189501.0;315.0;147.0;105.0;4;VAGO;32501.0;20.701273885350318
HABITACIONAL RIACHO FUNDO II;RIACHO FUNDO II;60217;03/2023;50;157000;189501.0;315.0;147.0;105.0;3;VAGO;32501.0;20.701273885350318
HABITACIONAL RIACHO FUNDO II;RIACHO FUNDO II;60223;03/2023;51;1280000;2451000.0;3404.975;1906.786;1361.99;2;VAGO;1171000.0;91.484375
QN-SAMAMBAIA;SAMAMBAIA;60217;03/2023;52;452000;667000.0;1331.75;761.0;380.5;11;VAGO;215000.0;47.56637168141593
QS-SAMAMBAIA;SAMAMBAIA;60217;03/2023;53;150000;233000.0;350.0;200.0;100.0;5;VAGO;83000.0;55.333333333333336
QN-SAMAMBAIA;SAMAMBAIA;60219;03/2023;54;1110000;1207000.0;3886.5;2591.0;1295.5;2;VAGO;97000.0;8.73873873873874
QN-SAMAMBAIA;SAMAMBAIA;60219;03/2023;57;1110000;1202900.97;3886.5;2591.0;1295.5;1;OBSTRUIDO;92900.96999999997;8.369456756756755
QN-SAMAMBAIA;SAMAMBAIA;60220;03/2023;60;115000;142510.0;300.0;200.0;100.0;1;VAGO;27510.0;23.921739130434784
QN-SAMAMBAIA;SAMAMBAIA;60220;03/2023;61;95900;106000.0;225.0;150.0;75.0;1;VAGO;10100.0;10.531803962460897
QN-SAMAMBAIA;SAMAMBAIA;60220;03/2023;66;95900;101100.0;225.0;150.0;75.0;1;VAGO;5200.0;5.422314911366007
QS-SAMAMBAIA;SAMAMBAIA;60220;03/2023;71;115000;120000.0;300.0;200.0;100.0;1;VAGO;5000.0;4.3478260869565215
QS-SAMAMBAIA;SAMAMBAIA;60220;03/2023;72;115000;126500.0;300.0;200.0;100.0;1;VAGO;11500.0;10.0
QS-SAMAMBAIA;SAMAMBAIA;60220;03/2023;73;115000;131000.0;300.0;200.0;100.0;1;VAGO;16000.0;13.91304347826087
SANTA MARIA                                  ;SANTA MARIA;60227;03/2023;79;99900;110000.0;486.0;270.0;270.0;2;OCUPADO;10100.0;10.11011011011011
SOBRADINHO                                   ;SOBRADINHO;60214;03/2023;84;338000;408000.0;735.0;735.0;350.0;2;VAGO;70000.0;20.710059171597635
SOBRADINHO                                   ;SOBRADINHO;60216;03/2023;85;971000;990099.99;800.0;800.0;400.0;1;VAGO;19099.98999999999;1.9670432543769303
CENTRO ORIENT. E EDUC. RURAL - COER;SOBRADINHO;60220;03/2023;86;693000;720100.99;2185.222;840.47;840.47;1;VAGO;27100.98999999999;3.910676767676766
EXPANSAO ECONOMICA                           ;SOBRADINHO;60224;03/2023;91;476000;800000.0;990.0;742.5;990.0;3;VAGO;324000.0;68.0672268907563
SETOR DE HABITACOES COLETIVAS ECONOMICAS SUL ;BRASILIA;1000;04/2023;1;155000;177000.0;12.25;12.25;12.25;2;OCUPADO;22000.0;14.193548387096774
SETOR INDUSTRIAL I                           ;CEILANDIA;60223;04/2023;19;259000;551500.0;1800.0;1800.0;900.0;11;VAGO;292500.0;112.93436293436294
SETOR INDUSTRIAL I                           ;CEILANDIA;60225;04/2023;20;103000;137900.0;472.5;472.5;315.0;3;OCUPADO;34900.0;33.88349514563107
SETOR INDUSTRIAL I                           ;CEILANDIA;60225;04/2023;21;73300;82975.0;315.0;315.0;210.0;3;OBSTRUIDO;9675.0;13.199181446111869
SETOR INDUSTRIAL I                           ;CEILANDIA;60225;04/2023;22;73300;112000.0;315.0;315.0;210.0;4;OBSTRUIDO;38700.0;52.796725784447474
SETOR INDUSTRIAL I                           ;CEILANDIA;60225;04/2023;23;73300;82975.0;315.0;315.0;210.0;4;OBSTRUIDO;9675.0;13.199181446111869
SETOR INDUSTRIAL I                           ;CEILANDIA;60225;04/2023;24;73300;100105.97;315.0;315.0;210.0;6;OBSTRUIDO;26805.97;36.57021828103684
SETOR LESTE (COM);GAMA;60216;04/2023;26;202000;203100.0;900.0;450.0;225.0;1;VAGO;1100.0;0.5445544554455445
SETOR RESID INDUSTRIA E ABASTECIMENTO        ;GUARA;60214;04/2023;28;242000;403791.89;345.6;345.6;144.0;14;VAGO;161791.89;66.856152892562
SETOR RESID INDUSTRIA E ABASTECIMENTO        ;GUARA;60214;04/2023;29;230000;402971.98;325.704;325.704;135.71;10;VAGO;172971.97999999998;75.20520869565217
SETOR RESID INDUSTRIA E ABASTECIMENTO        ;GUARA;60222;04/2023;31;1320000;1510000.0;3600.0;2700.0;900.0;1;VAGO;190000.0;14.393939393939394
SETOR RESID INDUSTRIA E ABASTECIMENTO        ;GUARA;60222;04/2023;32;1320000;1650000.0;3600.0;2700.0;900.0;1;VAGO;330000.0;25.0
SETOR HABITACIONAL JARDIM BOTANICO;SAO SEBASTIAO;60214;04/2023;35;557000;1061111.11;1287.465;1287.465;858.31;7;VAGO;504111.1100000001;90.50468761220827
PARANOÁ PARQUE;PARANOA;60221;04/2023;37;813000;814000.0;3037.511;1687.506;1687.506;1;VAGO;1000.0;0.12300123001230012
PARANOÁ PARQUE;PARANOA;60221;04/2023;38;813000;818000.0;3037.509;1687.505;1687.505;1;VAGO;5000.0;0.6150061500615006
PARANOÁ PARQUE;PARANOA;60221;04/2023;39;787000;1160000.0;2907.907;1615.504;1615.504;2;VAGO;373000.0;47.39517153748412
HABITACIONAL RIACHO FUNDO II;RIACHO FUNDO II;60217;04/2023;40;140000;165900.0;273.0;127.4;91.0;1;VAGO;25900.0;18.5
HABITACIONAL RIACHO FUNDO II;RIACHO FUNDO II;60217;04/2023;41;140000;165900.0;273.0;127.4;91.0;2;VAGO;25900.0;18.5
HABITACIONAL RIACHO FUNDO II;RIACHO FUNDO II;60217;04/2023;44;140000;165498.33;273.0;127.4;91.0;2;VAGO;25498.329999999987;18.213092857142847
HABITACIONAL RIACHO FUNDO II;RIACHO FUNDO II;60217;04/2023;46;140000;191000.99;273.0;127.4;91.0;1;VAGO;51000.98999999999;36.42927857142856
HABITACIONAL RIACHO FUNDO II;RIACHO FUNDO II;60217;04/2023;47;140000;191000.99;273.0;127.4;91.0;1;VAGO;51000.98999999999;36.42927857142856
HABITACIONAL RIACHO FUNDO II;RIACHO FUNDO II;60217;04/2023;48;140000;181900.0;273.0;127.4;91.0;2;VAGO;41900.0;29.928571428571427
ADE OESTE - EXPANSÃO RESIDENCIAL OESTE DE SAMAMBAIA;SAMAMBAIA;60216;04/2023;50;127000;161001.99;600.0;300.0;150.0;1;VAGO;34001.98999999999;26.77322047244094
QS-SAMAMBAIA;SAMAMBAIA;60217;04/2023;59;1350000;1499999.99;4165.0;2450.0;1225.0;2;VAGO;149999.99;11.111110370370369
QS-SAMAMBAIA;SAMAMBAIA;60217;04/2023;60;1350000;1740000.0;4165.0;2450.0;1225.0;5;OBSTRUIDO;390000.0;28.888888888888886
QS-SAMAMBAIA;SAMAMBAIA;60217;04/2023;62;940000;1188888.88;3115.8;1557.9;778.95;2;VAGO;248888.8799999999;26.477540425531902
QS-SAMAMBAIA;SAMAMBAIA;60217;04/2023;65;150000;152652.0;350.0;200.0;100.0;2;VAGO;2652.0;1.7680000000000002
QS-SAMAMBAIA;SAMAMBAIA;60218;04/2023;67;1030000;1112000.2;3600.0;2400.0;1200.0;1;VAGO;82000.19999999995;7.961184466019413
QN-SAMAMBAIA;SAMAMBAIA;60219;04/2023;73;325000;327077.77;1822.5;1215.0;607.5;1;VAGO;2077.7700000000186;0.6393138461538519
QS-SAMAMBAIA;SAMAMBAIA;60219;04/2023;78;1100000;1349000.0;3840.0;2560.0;1280.0;2;OBSTRUIDO;249000.0;22.636363636363637
QS-SAMAMBAIA;SAMAMBAIA;60219;04/2023;79;1100000;1349000.0;3840.0;2560.0;1280.0;4;VAGO;249000.0;22.636363636363637
QS-SAMAMBAIA;SAMAMBAIA;60219;04/2023;80;636000;910031.05;2185.68;1457.12;728.56;2;VAGO;274031.05000000005;43.08664308176101
QN-SAMAMBAIA;SAMAMBAIA;60220;04/2023;83;242000;262050.0;768.0;512.0;256.0;1;VAGO;20050.0;8.285123966942148
QN-SAMAMBAIA;SAMAMBAIA;60220;04/2023;87;242000;277902.0;768.0;512.0;256.0;1;OBSTRUIDO;35902.0;14.835537190082645
QN-SAMAMBAIA;SAMAMBAIA;60220;04/2023;88;896000;3750000.0;3117.18;2078.12;1039.06;5;VAGO;2854000.0;318.5267857142857
QN-SAMAMBAIA;SAMAMBAIA;60220;04/2023;88;643000;3750000.0;2208.84;1472.56;736.28;5;VAGO;3107000.0;483.203732503888
QN-SAMAMBAIA;SAMAMBAIA;60220;04/2023;88;517000;3750000.0;1755.63;1170.42;585.21;5;VAGO;3233000.0;625.3384912959382
QN-SAMAMBAIA;SAMAMBAIA;60220;04/2023;88;697000;3750000.0;2404.41;1602.94;801.47;5;VAGO;3053000.0;438.02008608321376
QS-SAMAMBAIA;SAMAMBAIA;60220;04/2023;89;932000;1000000.0;3246.63;2164.42;1082.21;1;OBSTRUIDO;68000.0;7.296137339055794
AREA DE DESENVOLVIMENTO ECONOMICO SUL;SAMAMBAIA;60225;04/2023;96;118000;188813.19;400.0;400.0;200.0;4;OCUPADO;70813.19;60.01117796610169
SETOR INDUSTRIAL I                           ;CEILANDIA;60225;05/2023;2;210000;271999.99;1400.0;1400.0;700.0;5;VAGO;61999.98999999999;29.52380476190476
SETOR INDUSTRIAL I                           ;CEILANDIA;60225;05/2023;3;210000;271999.99;1400.0;1400.0;700.0;6;VAGO;61999.98999999999;29.52380476190476
SETOR INDUSTRIAL I                           ;CEILANDIA;60225;05/2023;4;210000;353900.0;1400.0;1400.0;700.0;7;OCUPADO;143900.0;68.52380952380952
SETOR INDUSTRIAL I                           ;CEILANDIA;60225;05/2023;5;210000;273000.0;1400.0;1400.0;700.0;3;VAGO;63000.0;30.0
SETOR INDUSTRIAL I                           ;CEILANDIA;60225;05/2023;6;210000;353900.0;1400.0;1400.0;700.0;3;VAGO;143900.0;68.52380952380952
SETOR INDUSTRIAL I                           ;CEILANDIA;60227;05/2023;7;35500;55101.2;120.0;120.0;60.0;4;VAGO;19601.199999999997;55.214647887323935
SETOR INDUSTRIAL I                           ;CEILANDIA;60227;05/2023;8;35500;51210.59;120.0;120.0;60.0;4;VAGO;15710.589999999997;44.25518309859154
SETOR INDUSTRIAL I                           ;CEILANDIA;60227;05/2023;9;35500;51210.36;120.0;120.0;60.0;1;VAGO;15710.36;44.25453521126761
SETOR INDUSTRIAL I                           ;CEILANDIA;60227;05/2023;10;35500;51212.05;120.0;120.0;60.0;2;VAGO;15712.050000000003;44.259295774647896
SETOR INDUSTRIAL I                           ;CEILANDIA;60227;05/2023;11;35500;51482.11;120.0;120.0;60.0;2;VAGO;15982.11;45.02002816901409
SETOR INDUSTRIAL I                           ;CEILANDIA;60227;05/2023;12;35500;53400.0;120.0;120.0;60.0;2;VAGO;17900.0;50.42253521126761
SETOR INDUSTRIAL I                           ;CEILANDIA;60227;05/2023;13;35500;53399.0;120.0;120.0;60.0;1;VAGO;17899.0;50.41971830985915
SETOR INDUSTRIAL I                           ;CEILANDIA;60227;05/2023;16;35500;40500.0;120.0;120.0;60.0;2;VAGO;5000.0;14.084507042253522
SETOR INDUSTRIAL I                           ;CEILANDIA;60227;05/2023;17;35500;40500.0;120.0;120.0;60.0;2;VAGO;5000.0;14.084507042253522
SETOR DE MULTIPLAS ATIVIDADES;GAMA;60224;05/2023;18;404000;479600.0;1610.192;1006.37;1006.37;2;OCUPADO;75600.0;18.712871287128714
SETOR DE MULTIPLAS ATIVIDADES;GAMA;60224;05/2023;19;421000;526600.0;1715.792;1072.37;1072.37;2;OCUPADO;105600.0;25.08313539192399
SETOR COMPLEMENTAR INDUSTRIA E ABASTECIMENTO;GUARA;60224;05/2023;20;3720000;3850000.0;4704.0;4032.0;2240.0;1;OCUPADO;130000.0;3.494623655913978
SETOR HABITACIONAL ITAPOA - ITAPOA PARQUE - AV. ITAPOA PARQUE;ITAPOÃ;60222;05/2023;22;271000;511000.0;756.0;756.0;840.0;2;VAGO;240000.0;88.56088560885608
SETOR HABITACIONAL ITAPOA - ITAPOA PARQUE - AV. ITAPOA PARQUE;ITAPOÃ;60222;05/2023;23;271000;510300.0;756.0;756.0;840.0;3;SITUACAO NAO CADASTRADA;239300.0;88.30258302583026
SETOR HABITACIONAL ITAPOA - ITAPOA PARQUE - AV. ITAPOA PARQUE;ITAPOÃ;60222;05/2023;24;271000;501000.0;756.0;756.0;840.0;3;VAGO;230000.0;84.87084870848709
SETOR HABITACIONAL ITAPOA - ITAPOA PARQUE - AV. ITAPOA PARQUE;ITAPOÃ;60222;05/2023;25;271000;503127.0;756.0;756.0;840.0;4;VAGO;232127.0;85.65571955719558
SETOR HABITACIONAL ITAPOA - ITAPOA PARQUE - AV. ITAPOA PARQUE;ITAPOÃ;60222;05/2023;26;271000;313099.99;756.0;756.0;840.0;4;SITUACAO NAO CADASTRADA;42099.98999999999;15.535051660516602
SETOR HABITACIONAL ITAPOA - ITAPOA PARQUE - AV. ITAPOA PARQUE;ITAPOÃ;60222;05/2023;27;482000;728000.0;1404.9;1404.9;1561.0;4;VAGO;246000.0;51.037344398340245
RECANTO DAS EMAS;RECANTO DAS EMAS;60216;05/2023;33;170000;170700.0;416.4;374.76;208.2;1;VAGO;700.0;0.411764705882353
HABITACIONAL RIACHO FUNDO II;RIACHO FUNDO II;60217;05/2023;36;157000;235000.0;315.0;147.0;105.0;7;VAGO;78000.0;49.681528662420384
HABITACIONAL RIACHO FUNDO II;RIACHO FUNDO II;60217;05/2023;40;157000;210000.0;315.0;147.0;105.0;3;VAGO;53000.0;33.75796178343949
HABITACIONAL RIACHO FUNDO II;RIACHO FUNDO II;60223;05/2023;42;2650000;3061000.99;7652.175;4285.218;3060.87;2;VAGO;411000.9900000002;15.509471320754725
QS-SAMAMBAIA;SAMAMBAIA;60217;05/2023;44;150000;186999.99;350.0;200.0;100.0;3;VAGO;36999.98999999999;24.666659999999993
QN-SAMAMBAIA;SAMAMBAIA;60219;05/2023;62;139000;141999.99;300.0;200.0;100.0;1;OBSTRUIDO;2999.9899999999907;2.158266187050353
QN-SAMAMBAIA;SAMAMBAIA;60219;05/2023;63;139000;143700.77;300.0;200.0;100.0;2;OBSTRUIDO;4700.7699999999895;3.3818489208633022
QN-SAMAMBAIA;SAMAMBAIA;60219;05/2023;65;115000;120000.0;300.0;200.0;100.0;1;VAGO;5000.0;4.3478260869565215
QN-SAMAMBAIA;SAMAMBAIA;60219;05/2023;66;115000;117000.0;300.0;200.0;100.0;1;VAGO;2000.0;1.7391304347826086
QN-SAMAMBAIA;SAMAMBAIA;60219;05/2023;68;968000;1010100.0;3375.0;2250.0;1125.0;1;VAGO;42100.0;4.349173553719008
QS-SAMAMBAIA;SAMAMBAIA;60219;05/2023;70;115000;169000.0;300.0;200.0;100.0;2;VAGO;54000.0;46.95652173913044
QS-SAMAMBAIA;SAMAMBAIA;60219;05/2023;71;115000;169000.0;300.0;200.0;100.0;1;VAGO;54000.0;46.95652173913044
QS-SAMAMBAIA;SAMAMBAIA;60219;05/2023;72;115000;169000.0;300.0;200.0;100.0;1;VAGO;54000.0;46.95652173913044
QS-SAMAMBAIA;SAMAMBAIA;60219;05/2023;73;115000;169000.0;300.0;200.0;100.0;1;VAGO;54000.0;46.95652173913044
QS-SAMAMBAIA;SAMAMBAIA;60220;05/2023;78;362000;371999.99;1200.0;800.0;400.0;2;OBSTRUIDO;9999.98999999999;2.7624281767955776
QS-SAMAMBAIA;SAMAMBAIA;60220;05/2023;80;780000;821003.0;2700.0;1800.0;900.0;1;VAGO;41003.0;5.256794871794872
AREA DE DESENVOLVIMENTO ECONOMICO SUL;SAMAMBAIA;60227;05/2023;83;90700;125800.0;210.0;210.0;105.0;3;OBSTRUIDO;35100.0;38.699007717750824
BAIRRO SÃO BARTOLOMEU;SAO SEBASTIAO;60215;05/2023;84;371000;450110.1;879.334;879.334;382.319;1;VAGO;79110.09999999998;21.32347708894878
BAIRRO SÃO BARTOLOMEU;SAO SEBASTIAO;60217;05/2023;85;573000;575500.0;1332.249;1221.228;444.083;1;VAGO;2500.0;0.4363001745200698
BAIRRO SÃO BARTOLOMEU;SAO SEBASTIAO;60217;05/2023;86;393000;495353.1;903.756;828.443;301.252;3;VAGO;102353.09999999998;26.04404580152671
BAIRRO SÃO BARTOLOMEU;SAO SEBASTIAO;60217;05/2023;93;418000;435000.0;963.864;883.542;321.288;1;OBSTRUIDO;17000.0;4.0669856459330145
SOBRADINHO                                   ;SOBRADINHO;60216;05/2023;94;1340000;2002000.88;1200.0;1200.0;600.0;5;OBSTRUIDO;662000.8799999999;49.40305074626865
SETOR DE MATERIAL DE CONSTRUCAO              ;CEILANDIA;60225;06/2023;6;294000;498000.5;2100.0;2100.0;1050.0;2;CERCADO;204000.5;69.38792517006803
SETOR INDUSTRIAL I                           ;CEILANDIA;60225;06/2023;7;73300;108200.0;315.0;315.0;210.0;2;CERCADO;34900.0;47.61255115961801
SETOR SUL                                    ;GAMA;60216;06/2023;10;979000;1023456.78;8000.0;4000.0;2000.0;1;VAGO;44456.78000000003;4.541039836567929
SETOR RESID INDUSTRIA E ABASTECIMENTO        ;GUARA;60214;06/2023;16;267000;406501.01;345.6;345.6;144.0;7;VAGO;139501.01;52.24756928838951
SETOR RESID INDUSTRIA E ABASTECIMENTO        ;GUARA;60214;06/2023;17;221000;406352.05;310.968;310.968;129.57;12;VAGO;185352.05;83.86970588235295
SETOR RESID INDUSTRIA E ABASTECIMENTO        ;GUARA;60220;06/2023;18;325000;391100.0;484.608;484.608;201.92;4;VAGO;66100.0;20.338461538461537
SETOR HABITACIONAL TAQUARI;LAGO NORTE;60211;06/2023;26;621000;940000.0;640.0;640.0;800.0;16;CERCADO;319000.0;51.368760064412236
RECANTO DAS EMAS;RECANTO DAS EMAS;60217;06/2023;30;215000;335001.01;661.25;517.5;287.5;3;OCUPADO;120001.01000000001;55.81442325581396
RECANTO DAS EMAS;RECANTO DAS EMAS;60217;06/2023;31;132000;132000.0;345.0;270.0;150.0;1;VAGO;0.0;0.0
HABITACIONAL RIACHO FUNDO II;RIACHO FUNDO II;60217;06/2023;35;397000;552552.55;935.73;436.674;311.91;1;VAGO;155552.55000000005;39.1820025188917
HABITACIONAL RIACHO FUNDO II;RIACHO FUNDO II;60217;06/2023;37;395000;552552.55;931.02;434.476;310.34;1;VAGO;157552.55000000005;39.88672151898736
HABITACIONAL RIACHO FUNDO II;RIACHO FUNDO II;60222;06/2023;44;598000;752000.0;1620.0;756.0;540.0;2;VAGO;154000.0;25.75250836120401
QN-SAMAMBAIA;SAMAMBAIA;60217;06/2023;56;150000;166000.0;350.0;200.0;100.0;2;EM CONSTRUCAO;16000.0;10.666666666666668
QN-SAMAMBAIA;SAMAMBAIA;60217;06/2023;57;150000;157513.0;350.0;200.0;100.0;1;VAGO;7513.0;5.008666666666667
QR-SAMAMBAIA;SAMAMBAIA;60217;06/2023;58;810000;960000.0;2480.87;1417.64;708.82;1;CERCADO;150000.0;18.51851851851852
QR-SAMAMBAIA;SAMAMBAIA;60217;06/2023;59;803000;1000000.0;2460.535;1406.02;703.01;1;CERCADO;197000.0;24.533001245330013
QR-SAMAMBAIA;SAMAMBAIA;60217;06/2023;60;1110000;1350000.0;3439.87;1965.64;982.82;1;CERCADO;240000.0;21.62162162162162
QN-SAMAMBAIA;SAMAMBAIA;60219;06/2023;61;1220000;1790999.99;3536.94;2357.96;1178.98;2;VAGO;570999.99;46.80327786885246
QN-SAMAMBAIA;SAMAMBAIA;60219;06/2023;63;139000;180001.99;300.0;200.0;100.0;1;OBSTRUIDO;41001.98999999999;29.497834532374096
QS-SAMAMBAIA;SAMAMBAIA;60219;06/2023;68;698000;1611000.0;2408.97;1605.98;802.99;2;OBSTRUIDO;913000.0;130.8022922636103
QS-SAMAMBAIA;SAMAMBAIA;60220;06/2023;79;69800;100000.0;300.0;200.0;100.0;3;VAGO;30200.0;43.26647564469914
QS-SAMAMBAIA;SAMAMBAIA;60220;06/2023;80;176000;178500.0;528.0;352.0;176.0;3;VAGO;2500.0;1.4204545454545454
QS-SAMAMBAIA;SAMAMBAIA;60220;06/2023;82;176000;181500.0;528.0;352.0;176.0;1;VAGO;5500.0;3.125
QS-SAMAMBAIA;SAMAMBAIA;60220;06/2023;83;71000;77000.0;307.5;205.0;102.5;1;VAGO;6000.0;8.450704225352112
SOBRADINHO                                   ;SOBRADINHO;60217;06/2023;91;1270000;1819738.0;1200.0;1200.0;400.0;1;VAGO;549738.0;43.28645669291338
BAIRRO AGUAS CLARAS;TAGUATINGA;60217;07/2023;1;636000;951000.9;600.0;360.0;300.0;11;VAGO;315000.9;49.52844339622642
SETOR DE HABITACOES INDIVIDUAIS SUL          ;BRASILIA;60228;07/2023;8;2140000;7600000.0;840.0;840.0;1200.0;22;VAGO;5460000.0;255.14018691588785
SETOR N NORTE-QUADRA RESIDENCIAL             ;CEILANDIA;60217;07/2023;11;3670000;3850000.0;13094.1;4364.7;2182.35;1;OBSTRUIDO;180000.0;4.904632152588556
SETOR O NORTE                                ;CEILANDIA;60217;07/2023;12;1720000;2121000.0;7650.0;5100.0;2550.0;1;VAGO;401000.0;23.313953488372093
SETOR O NORTE-QUADRA RESIDENCIAL             ;CEILANDIA;60219;07/2023;14;354000;354000.0;1134.0;756.0;378.0;1;OBSTRUIDO;0.0;0.0
SETOR DE MATERIAL DE CONSTRUCAO              ;CEILANDIA;60225;07/2023;15;294000;2210000.0;2100.0;2100.0;1050.0;4;OCUPADO;1916000.0;651.7006802721088
SETOR DE MATERIAL DE CONSTRUCAO              ;CEILANDIA;60225;07/2023;16;294000;2200000.0;2100.0;2100.0;1050.0;6;OCUPADO;1906000.0;648.2993197278912
SETOR SUL                                    ;GAMA;60215;07/2023;26;141000;142800.0;625.0;625.0;312.5;1;VAGO;1800.0;1.276595744680851
SETOR SUL                                    ;GAMA;60216;07/2023;27;191000;222000.0;1250.0;625.0;312.5;1;VAGO;31000.0;16.230366492146597
SETOR RESID INDUSTRIA E ABASTECIMENTO        ;GUARA;60220;07/2023;31;263000;430000.01;380.765;380.765;158.652;5;OBSTRUIDO;167000.01;63.49810266159697
SETOR RESID INDUSTRIA E ABASTECIMENTO        ;GUARA;60215;07/2023;32;316000;472999.99;470.496;470.496;196.04;6;OCUPADO;156999.99;49.6835411392405
SETOR RESID INDUSTRIA E ABASTECIMENTO        ;GUARA;60215;07/2023;33;238000;300000.0;339.648;339.648;141.52;4;CERCADO;62000.0;26.05042016806723
SETOR RESID INDUSTRIA E ABASTECIMENTO        ;GUARA;60222;07/2023;34;1320000;1501000.96;3600.0;2700.0;900.0;3;VAGO;181000.95999999996;13.712193939393938
PARANOÁ PARQUE;PARANOA;60221;07/2023;38;787000;851000.0;2907.907;1615.504;1615.504;1;OBSTRUIDO;64000.0;8.132147395171538
PARANOÁ PARQUE;PARANOA;60221;07/2023;39;804000;815000.0;2993.411;1663.006;1663.006;1;VAGO;11000.0;1.3681592039800996
PARANOÁ PARQUE;PARANOA;60221;07/2023;40;804000;810000.0;2993.407;1663.004;1663.004;1;VAGO;6000.0;0.7462686567164178
PARANOÁ PARQUE;PARANOA;60221;07/2023;41;804000;805000.0;2993.411;1663.006;1663.006;1;VAGO;1000.0;0.12437810945273632
AREA DE DESENVOLVIMENTO ECONOMICO;RECANTO DAS EMAS;60227;07/2023;53;319000;352100.0;1135.876;1135.876;283.969;2;OCUPADO;33100.0;10.376175548589343
QR-SAMAMBAIA;SAMAMBAIA;60213;07/2023;57;1050000;1351000.97;3150.0;1800.0;900.0;2;VAGO;301000.97;28.666759047619045
QR-SAMAMBAIA;SAMAMBAIA;60213;07/2023;58;1050000;1352000.97;3150.0;1800.0;900.0;2;VAGO;302000.97;28.761997142857137
QS-SAMAMBAIA;SAMAMBAIA;60217;07/2023;63;1080000;1080960.0;3175.09;1867.7;933.85;1;VAGO;960.0;0.08888888888888889
QS-SAMAMBAIA;SAMAMBAIA;60217;07/2023;64;1310000;1554400.0;3902.01;2295.3;1147.65;2;VAGO;244400.0;18.656488549618324
QN-SAMAMBAIA;SAMAMBAIA;60219;07/2023;67;1320000;1550000.97;3690.0;2460.0;1230.0;1;VAGO;230000.96999999997;17.424315909090907
QS-SAMAMBAIA;SAMAMBAIA;60219;07/2023;70;143000;149999.99;300.0;200.0;100.0;2;OBSTRUIDO;6999.989999999991;4.895097902097896
QS-SAMAMBAIA;SAMAMBAIA;60219;07/2023;71;143000;143999.99;300.0;200.0;100.0;2;OBSTRUIDO;999.9899999999907;0.6992937062936998
QS-SAMAMBAIA;SAMAMBAIA;60219;07/2023;72;143000;143999.99;300.0;200.0;100.0;1;VAGO;999.9899999999907;0.6992937062936998
QS-SAMAMBAIA;SAMAMBAIA;60219;07/2023;73;143000;143999.99;300.0;200.0;100.0;1;VAGO;999.9899999999907;0.6992937062936998
QS-SAMAMBAIA;SAMAMBAIA;60220;07/2023;78;1380000;1501000.0;4665.9;3110.6;1555.3;1;VAGO;121000.0;8.768115942028984
QS-SAMAMBAIA;SAMAMBAIA;60220;07/2023;79;141000;141000.0;378.0;252.0;126.0;1;OBSTRUIDO;0.0;0.0
QS-SAMAMBAIA;SAMAMBAIA;60220;07/2023;80;141000;148900.0;378.0;252.0;126.0;2;OBSTRUIDO;7900.0;5.6028368794326235
QS-SAMAMBAIA;SAMAMBAIA;60220;07/2023;81;141000;148900.0;378.0;252.0;126.0;2;VAGO;7900.0;5.6028368794326235
QS-SAMAMBAIA;SAMAMBAIA;60220;07/2023;82;141000;148900.0;378.0;252.0;126.0;1;VAGO;7900.0;5.6028368794326235
BAIRRO AGUAS CLARAS-QS;TAGUATINGA;60227;08/2023;8;99700;145500.0;150.0;150.0;75.0;3;VAGO;45800.0;45.937813440320966
SHCNW-SETOR DE HABITAÇÕES COLETIVAS NOROESTE;BRASILIA;1003;08/2023;9;202000;251777.71;20.0;20.0;20.0;2;VAGO;49777.70999999999;24.642430693069304
SHCNW-SETOR DE HABITAÇÕES COLETIVAS NOROESTE;BRASILIA;60033;08/2023;11;8710000;8710888.88;2831.4;2831.4;780.0;1;VAGO;888.8800000008196;0.01020528128588771
SHCNW-SETOR DE HABITAÇÕES COLETIVAS NOROESTE;BRASILIA;60034;08/2023;14;8250000;8252000.0;4247.782;4247.782;1930.81;1;VAGO;2000.0;0.024242424242424242
SHCNW-SETOR DE HABITAÇÕES COLETIVAS NOROESTE;BRASILIA;60034;08/2023;15;8150000;8152000.0;4188.514;4188.514;1903.87;1;VAGO;2000.0;0.024539877300613498
SHCNW-SETOR DE HABITAÇÕES COLETIVAS NOROESTE;BRASILIA;60034;08/2023;16;14500000;14502000.0;8436.296;8436.296;3834.68;1;SITUACAO NAO CADASTRADA;2000.0;0.013793103448275862
SETOR N NORTE-QUADRA RESIDENCIAL             ;CEILANDIA;60217;08/2023;21;1920000;11720000.0;6000.0;2000.0;1000.0;1;VAGO;9800000.0;510.4166666666667
SETOR N NORTE-QUADRA RESIDENCIAL             ;CEILANDIA;60217;08/2023;21;1920000;11720000.0;6000.0;2000.0;1000.0;1;VAGO;9800000.0;510.4166666666667
SETOR N NORTE-QUADRA RESIDENCIAL             ;CEILANDIA;60217;08/2023;21;1920000;11720000.0;6000.0;2000.0;1000.0;1;OBSTRUIDO;9800000.0;510.4166666666667
SETOR N NORTE-QUADRA RESIDENCIAL             ;CEILANDIA;60217;08/2023;21;1920000;11720000.0;6000.0;2000.0;1000.0;1;VAGO;9800000.0;510.4166666666667
SETOR N NORTE-QUADRA RESIDENCIAL             ;CEILANDIA;60217;08/2023;21;1920000;11720000.0;6000.0;2000.0;1000.0;1;VAGO;9800000.0;510.4166666666667
SETOR N NORTE-QUADRA RESIDENCIAL             ;CEILANDIA;60217;08/2023;21;1920000;11720000.0;6000.0;2000.0;1000.0;1;VAGO;9800000.0;510.4166666666667
SETOR INDUSTRIAL I                           ;CEILANDIA;60221;08/2023;23;65400;111210.67;366.0;366.0;183.0;7;VAGO;45810.67;70.04689602446483
SETOR INDUSTRIAL I                           ;CEILANDIA;60225;08/2023;24;73300;84285.24;315.0;315.0;210.0;2;CERCADO;10985.240000000005;14.986684856753078
SETOR INDUSTRIAL I                           ;CEILANDIA;60225;08/2023;25;73300;128000.9;315.0;315.0;210.0;3;VAGO;54700.899999999994;74.62605729877217
SETOR INDUSTRIAL I                           ;CEILANDIA;60225;08/2023;26;73300;101000.9;315.0;315.0;210.0;4;OBSTRUIDO;27700.899999999994;37.791132332878576
SETOR INDUSTRIAL I                           ;CEILANDIA;60225;08/2023;27;73300;86000.22;315.0;315.0;210.0;2;OBSTRUIDO;12700.220000000001;17.32635743519782
SETOR INDUSTRIAL I                           ;CEILANDIA;60225;08/2023;28;73300;110000.0;315.0;315.0;210.0;4;OBSTRUIDO;36700.0;50.068212824010914
SETOR INDUSTRIAL I                           ;CEILANDIA;60225;08/2023;29;73300;86000.22;315.0;315.0;210.0;2;OBSTRUIDO;12700.220000000001;17.32635743519782
SETOR INDUSTRIAL I                           ;CEILANDIA;60225;08/2023;30;73300;90000.0;315.0;315.0;210.0;4;OBSTRUIDO;16700.0;22.78308321964529
SETOR INDUSTRIAL I                           ;CEILANDIA;60225;08/2023;31;73300;86000.22;315.0;315.0;210.0;2;OBSTRUIDO;12700.220000000001;17.32635743519782
SETOR INDUSTRIAL I                           ;CEILANDIA;60225;08/2023;32;73300;86000.22;315.0;315.0;210.0;1;CERCADO;12700.220000000001;17.32635743519782
SETOR INDUSTRIAL I                           ;CEILANDIA;60225;08/2023;33;73300;86000.22;315.0;315.0;210.0;1;CERCADO;12700.220000000001;17.32635743519782
SETOR INDUSTRIAL I                           ;CEILANDIA;60225;08/2023;34;210000;4010000.0;1400.0;1400.0;700.0;5;VAGO;3800000.0;1809.5238095238094
SETOR INDUSTRIAL I                           ;CEILANDIA;60225;08/2023;34;210000;4010000.0;1400.0;1400.0;700.0;5;OBSTRUIDO;3800000.0;1809.5238095238094
SETOR INDUSTRIAL I                           ;CEILANDIA;60225;08/2023;34;210000;4010000.0;1400.0;1400.0;700.0;5;VAGO;3800000.0;1809.5238095238094
SETOR INDUSTRIAL I                           ;CEILANDIA;60225;08/2023;34;210000;4010000.0;1400.0;1400.0;700.0;5;VAGO;3800000.0;1809.5238095238094
SETOR INDUSTRIAL I                           ;CEILANDIA;60225;08/2023;34;210000;4010000.0;1400.0;1400.0;700.0;5;OBSTRUIDO;3800000.0;1809.5238095238094
SETOR INDUSTRIAL I                           ;CEILANDIA;60225;08/2023;34;210000;4010000.0;1400.0;1400.0;700.0;5;OBSTRUIDO;3800000.0;1809.5238095238094
SETOR INDUSTRIAL I                           ;CEILANDIA;60225;08/2023;34;210000;4010000.0;1400.0;1400.0;700.0;5;VAGO;3800000.0;1809.5238095238094
SETOR INDUSTRIAL I                           ;CEILANDIA;60225;08/2023;34;210000;4010000.0;1400.0;1400.0;700.0;5;OBSTRUIDO;3800000.0;1809.5238095238094
SETOR INDUSTRIAL I                           ;CEILANDIA;60225;08/2023;34;210000;4010000.0;1400.0;1400.0;700.0;5;VAGO;3800000.0;1809.5238095238094
SETOR INDUSTRIAL I                           ;CEILANDIA;60225;08/2023;34;210000;4010000.0;1400.0;1400.0;700.0;5;VAGO;3800000.0;1809.5238095238094
SETOR INDUSTRIAL I                           ;CEILANDIA;60225;08/2023;34;210000;4010000.0;1400.0;1400.0;700.0;5;VAGO;3800000.0;1809.5238095238094
SETOR INDUSTRIAL I                           ;CEILANDIA;60225;08/2023;34;210000;4010000.0;1400.0;1400.0;700.0;5;VAGO;3800000.0;1809.5238095238094
SETOR INDUSTRIAL I                           ;CEILANDIA;60225;08/2023;34;210000;4010000.0;1400.0;1400.0;700.0;5;VAGO;3800000.0;1809.5238095238094
SETOR INDUSTRIAL I                           ;CEILANDIA;60225;08/2023;34;210000;4010000.0;1400.0;1400.0;700.0;5;VAGO;3800000.0;1809.5238095238094
SETOR DE DESENVOLVIMENTO ECONOMICO CENTRO NORTE;CEILANDIA;60227;08/2023;35;136000;139001.99;300.0;300.0;150.0;1;VAGO;3001.9899999999907;2.2073455882352873
SETOR DE DESENVOLVIMENTO ECONOMICO CENTRO NORTE;CEILANDIA;60227;08/2023;36;172000;173000.0;400.0;400.0;200.0;2;OCUPADO;1000.0;0.5813953488372093
SETOR DE MATERIAL DE CONSTRUCAO              ;CEILANDIA;60227;08/2023;37;40300;93053.85;140.0;140.0;70.0;1;OCUPADO;52753.850000000006;130.9028535980149
SETOR RESID INDUSTRIA E ABASTECIMENTO        ;GUARA;60214;08/2023;39;291000;451020.0;427.944;427.944;178.31;9;VAGO;160020.0;54.98969072164949
SETOR RESID INDUSTRIA E ABASTECIMENTO        ;GUARA;60214;08/2023;40;260000;432024.3;375.864;375.864;156.61;10;VAGO;172024.3;66.1631923076923
SETOR RESID INDUSTRIA E ABASTECIMENTO        ;GUARA;60214;08/2023;41;242000;322000.0;345.6;345.6;144.0;5;CERCADO;80000.0;33.057851239669425
SETOR HABITACIONAL JARDIM BOTANICO;SAO SEBASTIAO;60214;08/2023;43;885000;997146.0;1661.91;1661.91;1107.94;1;VAGO;112146.0;12.671864406779662
SETOR HABITACIONAL JARDIM BOTANICO;SAO SEBASTIAO;60214;08/2023;44;650000;805999.99;1173.0;1173.0;782.0;2;VAGO;155999.99;23.99999846153846
SETOR HABITACIONAL JARDIM BOTANICO;SAO SEBASTIAO;60214;08/2023;45;720000;905000.0;1315.86;1315.86;877.24;1;CERCADO;185000.0;25.694444444444443
SETOR HABITACIONAL JARDIM BOTANICO;SAO SEBASTIAO;60214;08/2023;46;780000;826857.0;1597.665;1597.665;1065.11;1;VAGO;46857.0;6.007307692307692
SETOR HABITACIONAL TAQUARI;LAGO NORTE;60211;08/2023;47;651000;651000.0;596.336;596.336;745.42;1;OCUPADO;0.0;0.0
SETOR HABITACIONAL TAQUARI;LAGO NORTE;60211;08/2023;48;681000;920000.0;640.0;640.0;800.0;4;VAGO;239000.0;35.095447870778266
RECANTO DAS EMAS;RECANTO DAS EMAS;60217;08/2023;54;132000;133000.0;345.0;270.0;150.0;1;VAGO;1000.0;0.7575757575757576
RECANTO DAS EMAS;RECANTO DAS EMAS;60217;08/2023;55;132000;140000.0;345.0;270.0;150.0;2;VAGO;8000.0;6.0606060606060606
SETOR HABITACIONAL RIACHO FUNDO              ;RIACHO FUNDO;60219;08/2023;58;1040000;1100000.0;2475.0;1650.0;825.0;1;OCUPADO;60000.0;5.769230769230769
HABITACIONAL RIACHO FUNDO II;RIACHO FUNDO II;60222;08/2023;59;93300;170000.0;150.92;105.644;75.46;1;OCUPADO;76700.0;82.20793140407288
QR-SAMAMBAIA;SAMAMBAIA;60213;08/2023;60;876000;891000.0;3150.0;1800.0;900.0;1;VAGO;15000.0;1.7123287671232876
CENTRO URBANO;SAMAMBAIA;60217;08/2023;62;803000;1530000.0;1399.32;932.88;466.44;2;OBSTRUIDO;727000.0;90.53549190535492
CENTRO URBANO;SAMAMBAIA;60217;08/2023;63;472000;3306000.0;779.19;519.46;259.73;1;VAGO;2834000.0;600.4237288135594
CENTRO URBANO;SAMAMBAIA;60217;08/2023;63;472000;3306000.0;779.19;519.46;259.73;1;VAGO;2834000.0;600.4237288135594
CENTRO URBANO;SAMAMBAIA;60217;08/2023;63;472000;3306000.0;779.19;519.46;259.73;1;VAGO;2834000.0;600.4237288135594
CENTRO URBANO;SAMAMBAIA;60217;08/2023;63;472000;3306000.0;779.19;519.46;259.73;1;VAGO;2834000.0;600.4237288135594
CENTRO URBANO;SAMAMBAIA;60217;08/2023;63;472000;3306000.0;779.19;519.46;259.73;1;VAGO;2834000.0;600.4237288135594
CENTRO URBANO;SAMAMBAIA;60217;08/2023;63;472000;3306000.0;779.19;519.46;259.73;1;VAGO;2834000.0;600.4237288135594
CENTRO URBANO;SAMAMBAIA;60217;08/2023;63;472000;3306000.0;779.19;519.46;259.73;1;VAGO;2834000.0;600.4237288135594
CENTRO URBANO;SAMAMBAIA;60217;08/2023;64;583000;5917000.0;988.08;658.72;329.36;1;VAGO;5334000.0;914.9228130360206
CENTRO URBANO;SAMAMBAIA;60217;08/2023;64;583000;5917000.0;988.08;658.72;329.36;1;VAGO;5334000.0;914.9228130360206
CENTRO URBANO;SAMAMBAIA;60217;08/2023;64;609000;5917000.0;1037.04;691.36;345.68;1;VAGO;5308000.0;871.5927750410509
CENTRO URBANO;SAMAMBAIA;60217;08/2023;64;613000;5917000.0;1044.21;696.14;348.07;1;VAGO;5304000.0;865.252854812398
CENTRO URBANO;SAMAMBAIA;60217;08/2023;64;601000;5917000.0;1021.35;680.9;340.45;1;VAGO;5316000.0;884.5257903494175
CENTRO URBANO;SAMAMBAIA;60217;08/2023;64;583000;5917000.0;988.08;658.72;329.36;1;VAGO;5334000.0;914.9228130360206
CENTRO URBANO;SAMAMBAIA;60217;08/2023;64;583000;5917000.0;988.08;658.72;329.36;1;VAGO;5334000.0;914.9228130360206
CENTRO URBANO;SAMAMBAIA;60217;08/2023;64;583000;5917000.0;988.08;658.72;329.36;1;VAGO;5334000.0;914.9228130360206
CENTRO URBANO;SAMAMBAIA;60217;08/2023;64;594000;5917000.0;1008.63;672.42;336.21;1;VAGO;5323000.0;896.1279461279462
CENTRO URBANO;SAMAMBAIA;60217;08/2023;64;583000;5917000.0;988.08;658.72;329.36;1;VAGO;5334000.0;914.9228130360206
CENTRO URBANO;SAMAMBAIA;60217;08/2023;65;574000;3100000.0;970.65;647.1;323.55;1;VAGO;2526000.0;440.0696864111498
CENTRO URBANO;SAMAMBAIA;60217;08/2023;65;581000;3100000.0;983.43;655.62;327.81;1;VAGO;2519000.0;433.56282271944923
CENTRO URBANO;SAMAMBAIA;60217;08/2023;65;581000;3100000.0;983.61;655.74;327.87;1;VAGO;2519000.0;433.56282271944923
CENTRO URBANO;SAMAMBAIA;60217;08/2023;65;581000;3100000.0;983.61;655.74;327.87;1;VAGO;2519000.0;433.56282271944923
CENTRO URBANO;SAMAMBAIA;60217;08/2023;65;549000;3100000.0;924.6;616.4;308.2;1;VAGO;2551000.0;464.6630236794171
QS-SAMAMBAIA;SAMAMBAIA;60217;08/2023;67;129000;175100.0;350.0;200.0;100.0;3;VAGO;46100.0;35.736434108527135
QN-SAMAMBAIA;SAMAMBAIA;60219;08/2023;70;143000;186000.0;300.0;200.0;100.0;1;VAGO;43000.0;30.069930069930066
QS-SAMAMBAIA;SAMAMBAIA;60219;08/2023;78;72000;78000.0;300.0;200.0;100.0;1;VAGO;6000.0;8.333333333333332
QS-SAMAMBAIA;SAMAMBAIA;60219;08/2023;79;1040000;1127000.0;5880.0;3920.0;1960.0;2;OBSTRUIDO;87000.0;8.365384615384615
QS-SAMAMBAIA;SAMAMBAIA;60219;08/2023;80;193000;201000.0;450.0;300.0;150.0;1;VAGO;8000.0;4.145077720207254
QS-SAMAMBAIA;SAMAMBAIA;60219;08/2023;81;193000;213999.99;450.0;300.0;150.0;2;VAGO;20999.98999999999;10.880823834196885
QN-SAMAMBAIA;SAMAMBAIA;60220;08/2023;85;99300;105300.0;225.0;150.0;75.0;1;VAGO;6000.0;6.042296072507553
QN-SAMAMBAIA;SAMAMBAIA;60220;08/2023;87;298000;298004.05;929.4;619.6;309.8;1;VAGO;4.0499999999883585;0.0013590604026806573
AREA DE DESENVOLVIMENTO ECONOMICO SUL;SAMAMBAIA;60227;08/2023;91;93600;103999.99;210.0;210.0;105.0;1;OCUPADO;10399.990000000005;11.111100427350433
AREA DE DESENVOLVIMENTO ECONOMICO SUL;SAMAMBAIA;60227;08/2023;92;93600;95000.0;210.0;210.0;105.0;1;OCUPADO;1400.0;1.4957264957264957
AREA DE DESENVOLVIMENTO ECONOMICO SUL;SAMAMBAIA;60227;08/2023;93;93600;122100.0;210.0;210.0;105.0;3;OCUPADO;28500.0;30.448717948717945
BAIRRO AGUAS CLARAS;TAGUATINGA;60217;09/2023;1;2420000;3285333.0;2465.92;1479.552;1232.96;3;OBSTRUIDO;865333.0;35.75756198347108
SHCNW-SETOR DE HABITAÇÕES COLETIVAS NOROESTE;BRASILIA;1893;09/2023;2;19600000;31000000.0;6300.0;6300.0;1000.0;2;VAGO;11400000.0;58.16326530612245
SHCNW-SETOR DE HABITAÇÕES COLETIVAS NOROESTE;BRASILIA;1893;09/2023;3;19600000;33000000.0;6300.0;6300.0;1000.0;2;VAGO;13400000.0;68.36734693877551
SETOR DE EMBAIXADAS NORTE                    ;BRASILIA;60308;09/2023;8;16000000;19535000.0;9774.792;9774.792;8145.66;1;VAGO;3535000.0;22.09375
SETOR N NORTE-QUADRA RESIDENCIAL             ;CEILANDIA;60217;09/2023;10;1920000;3840000.0;6000.0;2000.0;1000.0;1;VAGO;1920000.0;100.0
SETOR N NORTE-QUADRA RESIDENCIAL             ;CEILANDIA;60217;09/2023;10;1920000;3840000.0;6000.0;2000.0;1000.0;1;VAGO;1920000.0;100.0
SETOR INDUSTRIAL I                           ;CEILANDIA;60227;09/2023;16;63100;87777.77;240.0;240.0;120.0;6;OBSTRUIDO;24677.770000000004;39.108985736925526
SETOR INDUSTRIAL I                           ;CEILANDIA;60227;09/2023;17;63100;74000.0;240.0;240.0;120.0;6;OBSTRUIDO;10900.0;17.27416798732171
COMP. URB. ALDEIAS DO CERRADO - QR 02 - RESIDENCIAL JACARANDAS;JARDIM BOTÂNICO;285;09/2023;20;306000;379600.0;432.68;432.68;432.68;5;VAGO;73600.0;24.052287581699346
COMP. URB. ALDEIAS DO CERRADO - QR 02 - RESIDENCIAL JACARANDAS;JARDIM BOTÂNICO;285;09/2023;21;301000;361999.99;420.0;420.0;420.0;3;VAGO;60999.98999999999;20.26577740863787
COMP. URB. ALDEIAS DO CERRADO - QR 02 - RESIDENCIAL JACARANDAS;JARDIM BOTÂNICO;285;09/2023;22;301000;305900.0;420.0;420.0;420.0;1;VAGO;4900.0;1.627906976744186
COMP. URB. ALDEIAS DO CERRADO - QR 02 - RESIDENCIAL JACARANDAS;JARDIM BOTÂNICO;285;09/2023;23;301000;351111.99;420.0;420.0;420.0;4;VAGO;50111.98999999999;16.648501661129565
COMP. URB. ALDEIAS DO CERRADO - QR 02 - RESIDENCIAL JACARANDAS;JARDIM BOTÂNICO;285;09/2023;24;301000;321500.0;420.0;420.0;420.0;3;VAGO;20500.0;6.810631229235881
COMP. URB. ALDEIAS DO CERRADO - QR 02 - RESIDENCIAL JACARANDAS;JARDIM BOTÂNICO;285;09/2023;25;301000;321000.34;420.0;420.0;420.0;1;VAGO;20000.340000000026;6.644631229235889
COMP. URB. ALDEIAS DO CERRADO - QR 02 - RESIDENCIAL JACARANDAS;JARDIM BOTÂNICO;285;09/2023;27;301000;305150.0;420.0;420.0;420.0;1;VAGO;4150.0;1.3787375415282392
COMP. URB. ALDEIAS DO CERRADO - QR 02 - RESIDENCIAL JACARANDAS;JARDIM BOTÂNICO;285;09/2023;28;321000;326500.0;477.7;477.7;477.7;5;VAGO;5500.0;1.7133956386292832
COMP. URB. ALDEIAS DO CERRADO - QR 02 - RESIDENCIAL JACARANDAS;JARDIM BOTÂNICO;285;09/2023;31;329000;400000.0;503.26;503.26;503.26;6;VAGO;71000.0;21.580547112462007
COMP. URB. ALDEIAS DO CERRADO - QR 02 - RESIDENCIAL JACARANDAS;JARDIM BOTÂNICO;285;09/2023;32;301000;332000.0;420.0;420.0;420.0;1;VAGO;31000.0;10.299003322259136
COMP. URB. ALDEIAS DO CERRADO - QR 02 - RESIDENCIAL JACARANDAS;JARDIM BOTÂNICO;285;09/2023;33;301000;305070.0;420.0;420.0;420.0;3;VAGO;4070.0;1.352159468438538
COMP. URB. ALDEIAS DO CERRADO - QR 02 - RESIDENCIAL JACARANDAS;JARDIM BOTÂNICO;285;09/2023;35;301000;302000.0;420.0;420.0;420.0;1;VAGO;1000.0;0.33222591362126247
COMP. URB. ALDEIAS DO CERRADO - QR 02 - RESIDENCIAL JACARANDAS;JARDIM BOTÂNICO;285;09/2023;37;301000;321010.0;420.0;420.0;420.0;2;VAGO;20010.0;6.647840531561462
COMP. URB. ALDEIAS DO CERRADO - QR 02 - RESIDENCIAL JACARANDAS;JARDIM BOTÂNICO;285;09/2023;38;301000;341000.0;420.0;420.0;420.0;5;VAGO;40000.0;13.2890365448505
COMP. URB. ALDEIAS DO CERRADO - QR 02 - RESIDENCIAL JACARANDAS;JARDIM BOTÂNICO;285;09/2023;39;306000;371600.0;435.0;435.0;435.0;6;VAGO;65600.0;21.437908496732025
COMP. URB. ALDEIAS DO CERRADO - QR 02 - RESIDENCIAL JACARANDAS;JARDIM BOTÂNICO;285;09/2023;40;365000;465999.99;627.07;627.07;627.07;12;VAGO;100999.98999999999;27.671230136986296
COMP. URB. ALDEIAS DO CERRADO - QR 02 - RESIDENCIAL JACARANDAS;JARDIM BOTÂNICO;285;09/2023;41;367000;403790.9;631.54;631.54;631.54;4;VAGO;36790.90000000002;10.024768392370579
SETOR HABITACIONAL JARDIM BOTANICO;SAO SEBASTIAO;60214;09/2023;42;802000;880000.01;1757.235;1757.235;1171.49;1;VAGO;78000.01000000001;9.725687032418953
SETOR HABITACIONAL JARDIM BOTANICO;SAO SEBASTIAO;60214;09/2023;44;663000;781374.15;1323.0;1323.0;882.0;3;VAGO;118374.15000000002;17.854321266968327
SETOR HABITACIONAL JARDIM BOTANICO;SAO SEBASTIAO;60214;09/2023;45;609000;695214.0;1200.0;1200.0;800.0;5;VAGO;86214.0;14.15665024630542
PARANOÁ PARQUE;PARANOA;60221;09/2023;49;866000;888777.0;3318.766;1843.759;1843.759;1;VAGO;22777.0;2.6301385681293303
PARANOÁ PARQUE;PARANOA;60221;09/2023;50;860000;960000.99;3285.011;1825.006;1825.006;2;VAGO;100000.98999999999;11.628022093023255
PARANOÁ PARQUE;PARANOA;60223;09/2023;56;3620000;3651000.0;16372.02;8186.01;8186.01;1;VAGO;31000.0;0.8563535911602209
PARANOÁ PARQUE;PARANOA;60223;09/2023;57;10400000;10441000.0;60697.22;30348.61;30348.61;2;OBSTRUIDO;41000.0;0.3942307692307692
SETOR HABITACIONAL RIACHO FUNDO              ;RIACHO FUNDO;60217;09/2023;63;375000;461113.11;675.0;675.0;225.0;3;VAGO;86113.10999999999;22.963495999999996
SETOR HABITACIONAL RIACHO FUNDO              ;RIACHO FUNDO;60217;09/2023;64;375000;422000.0;675.0;675.0;225.0;3;VAGO;47000.0;12.533333333333333
SETOR HABITACIONAL RIACHO FUNDO              ;RIACHO FUNDO;60217;09/2023;65;375000;422000.0;675.0;675.0;225.0;2;VAGO;47000.0;12.533333333333333
SETOR HABITACIONAL RIACHO FUNDO              ;RIACHO FUNDO;60217;09/2023;66;375000;451000.0;675.0;675.0;225.0;3;VAGO;76000.0;20.266666666666666
SETOR HABITACIONAL RIACHO FUNDO              ;RIACHO FUNDO;60217;09/2023;68;2440000;2700000.01;7717.5;5512.5;1837.5;1;OBSTRUIDO;260000.00999999978;10.655738114754088
CENTRO URBANO;SAMAMBAIA;60217;09/2023;72;573000;3410000.0;967.95;645.3;322.65;1;VAGO;2837000.0;495.1134380453752
CENTRO URBANO;SAMAMBAIA;60217;09/2023;72;546000;3410000.0;918.06;612.04;306.02;1;VAGO;2864000.0;524.5421245421245
CENTRO URBANO;SAMAMBAIA;60217;09/2023;72;586000;3410000.0;992.91;661.94;330.97;1;VAGO;2824000.0;481.91126279863477
CENTRO URBANO;SAMAMBAIA;60217;09/2023;72;597000;3410000.0;1014.51;676.34;338.17;1;VAGO;2813000.0;471.18927973199334
CENTRO URBANO;SAMAMBAIA;60217;09/2023;72;549000;3410000.0;923.34;615.56;307.78;1;VAGO;2861000.0;521.1293260473587
CENTRO URBANO;SAMAMBAIA;60217;09/2023;72;559000;3410000.0;942.99;628.66;314.33;1;VAGO;2851000.0;510.0178890876565
CENTRO URBANO;SAMAMBAIA;60217;09/2023;73;864000;886000.0;1512.81;1008.54;504.27;1;OBSTRUIDO;22000.0;2.5462962962962963
QS-SAMAMBAIA;SAMAMBAIA;60217;09/2023;75;1640000;2150000.0;4906.2;2886.0;1443.0;3;VAGO;510000.0;31.097560975609756
QS-SAMAMBAIA;SAMAMBAIA;60219;09/2023;76;72000;107000.0;300.0;200.0;100.0;1;VAGO;35000.0;48.61111111111111
QS-SAMAMBAIA;SAMAMBAIA;60220;09/2023;84;81800;86100.0;150.0;100.0;50.0;1;VAGO;4300.0;5.256723716381418
SANTA MARIA                                  ;SANTA MARIA;60218;09/2023;88;112000;112000.0;500.0;280.0;200.0;1;OCUPADO;0.0;0.0
BAIRRO SÃO BARTOLOMEU;SAO SEBASTIAO;60217;09/2023;91;356000;391599.0;924.372;847.341;308.124;2;VAGO;35599.0;9.999719101123596
BAIRRO SÃO BARTOLOMEU;SAO SEBASTIAO;60217;09/2023;93;352000;365000.0;912.915;836.839;304.305;3;VAGO;13000.0;3.6931818181818183
BAIRRO SÃO BARTOLOMEU;SAO SEBASTIAO;60217;09/2023;94;346000;416050.0;897.303;822.528;299.101;4;VAGO;70050.0;20.245664739884393
BAIRRO SÃO BARTOLOMEU;SAO SEBASTIAO;60217;09/2023;95;478000;533000.0;1253.4;1148.95;417.8;4;VAGO;55000.0;11.506276150627615
BAIRRO CRIXÁ;SAO SEBASTIAO;60223;09/2023;97;994000;1821000.0;1890.067;1050.037;1050.037;1;VAGO;827000.0;83.19919517102615
SETOR INDUSTRIAL                             ;SOBRADINHO;60224;09/2023;106;564000;651000.0;1400.0;1400.0;700.0;1;CERCADO;87000.0;15.425531914893616
SETOR INDUSTRIAL                             ;SOBRADINHO;60224;09/2023;107;564000;651000.0;1400.0;1400.0;700.0;1;CERCADO;87000.0;15.425531914893616
SETOR INDUSTRIAL                             ;SOBRADINHO;60224;09/2023;108;564000;651000.0;1400.0;1400.0;700.0;1;CERCADO;87000.0;15.425531914893616
BAIRRO AGUAS CLARAS-QS;TAGUATINGA;60219;10/2023;1;1380000;1877777.77;2379.84;2379.84;1189.92;3;VAGO;497777.77;36.070852898550726
SETOR P NORTE-ENTREQUADRA                    ;CEILANDIA;60216;10/2023;5;67770;101000.0;160.0;80.0;40.0;4;CONSTRUIDO;33230.0;49.03349564704146
SETOR O NORTE-QUADRA RESIDENCIAL             ;CEILANDIA;60219;10/2023;7;354000;361000.0;1134.0;756.0;378.0;1;OCUPADO;7000.0;1.977401129943503
SETOR DE DESENVOLVIMENTO ECONOMICO CENTRO NORTE;CEILANDIA;60227;10/2023;8;222000;235500.0;741.42;741.42;370.71;1;OCUPADO;13500.0;6.081081081081082
SETOR DE DESENVOLVIMENTO ECONOMICO CENTRO NORTE;CEILANDIA;60224;10/2023;9;331000;486600.0;1200.0;1200.0;600.0;6;VAGO;155600.0;47.00906344410876
SETOR LESTE INDUSTRIAL                       ;GAMA;60220;10/2023;12;611000;824850.0;3750.0;3750.0;1500.0;6;CERCADO;213850.0;35.0
SETOR RESID INDUSTRIA E ABASTECIMENTO        ;GUARA;1000;10/2023;13;189000;421100.0;45.0;45.0;45.0;5;OCUPADO;232100.0;122.80423280423281
SETOR RESID INDUSTRIA E ABASTECIMENTO        ;GUARA;60215;10/2023;15;277000;318888.88;404.208;404.208;168.42;2;OBSTRUIDO;41888.880000000005;15.122339350180509
SETOR RESID INDUSTRIA E ABASTECIMENTO        ;GUARA;60222;10/2023;16;668000;670105.0;886.815;591.21;591.21;1;CERCADO;2105.0;0.31511976047904194
SETOR RESID INDUSTRIA E ABASTECIMENTO        ;GUARA;60222;10/2023;17;792000;794105.0;1057.74;705.16;705.16;1;OBSTRUIDO;2105.0;0.2657828282828283
COMP. URB. ALDEIAS DO CERRADO - QR 02 - RESIDENCIAL JACARANDAS;JARDIM BOTÂNICO;285;10/2023;25;301000;305000.0;420.0;420.0;420.0;1;VAGO;4000.0;1.3289036544850499
COMP. URB. ALDEIAS DO CERRADO - QR 02 - RESIDENCIAL JACARANDAS;JARDIM BOTÂNICO;285;10/2023;27;301000;324000.0;420.0;420.0;420.0;2;VAGO;23000.0;7.641196013289036
COMP. URB. ALDEIAS DO CERRADO - QR 02 - RESIDENCIAL JACARANDAS;JARDIM BOTÂNICO;285;10/2023;28;330000;356000.0;505.93;505.93;505.93;4;VAGO;26000.0;7.878787878787878
COMP. URB. ALDEIAS DO CERRADO - QR 02 - RESIDENCIAL JACARANDAS;JARDIM BOTÂNICO;285;10/2023;32;301000;315500.0;420.0;420.0;420.0;2;VAGO;14500.0;4.817275747508306
COMP. URB. ALDEIAS DO CERRADO - QR 02 - RESIDENCIAL JACARANDAS;JARDIM BOTÂNICO;285;10/2023;35;301000;313300.0;420.0;420.0;420.0;1;VAGO;12300.0;4.086378737541528
COMP. URB. ALDEIAS DO CERRADO - QR 02 - RESIDENCIAL JACARANDAS;JARDIM BOTÂNICO;285;10/2023;36;301000;305000.5;420.0;420.0;420.0;1;VAGO;4000.5;1.3290697674418606
COMP. URB. ALDEIAS DO CERRADO - QR 02 - RESIDENCIAL JACARANDAS;JARDIM BOTÂNICO;285;10/2023;42;318000;340113.26;469.47;469.47;469.47;3;VAGO;22113.26000000001;6.953855345911952
COMP. URB. ALDEIAS DO CERRADO - QR 02 - RESIDENCIAL JACARANDAS;JARDIM BOTÂNICO;285;10/2023;43;301000;301000.0;420.0;420.0;420.0;1;VAGO;0.0;0.0
COMP. URB. ALDEIAS DO CERRADO - QR 02 - RESIDENCIAL JACARANDAS;JARDIM BOTÂNICO;285;10/2023;44;301000;302000.13;420.0;420.0;420.0;1;VAGO;1000.1300000000047;0.33226910299003476
COMP. URB. ALDEIAS DO CERRADO - QR 02 - RESIDENCIAL JACARANDAS;JARDIM BOTÂNICO;285;10/2023;45;301000;301000.0;420.0;420.0;420.0;1;VAGO;0.0;0.0
COMP. URB. ALDEIAS DO CERRADO - QR 02 - RESIDENCIAL JACARANDAS;JARDIM BOTÂNICO;285;10/2023;46;301000;305050.01;420.0;420.0;420.0;1;VAGO;4050.0100000000093;1.3455182724252521
COMP. URB. ALDEIAS DO CERRADO - QR 02 - RESIDENCIAL JACARANDAS;JARDIM BOTÂNICO;285;10/2023;48;301000;308000.0;420.0;420.0;420.0;4;VAGO;7000.0;2.3255813953488373
COMP. URB. ALDEIAS DO CERRADO - QR 02 - RESIDENCIAL JACARANDAS;JARDIM BOTÂNICO;285;10/2023;50;301000;307000.09;420.0;420.0;420.0;1;VAGO;6000.090000000026;1.993385382059809
COMP. URB. ALDEIAS DO CERRADO - QR 02 - RESIDENCIAL JACARANDAS;JARDIM BOTÂNICO;285;10/2023;51;329000;340000.0;502.96;502.96;502.96;1;VAGO;11000.0;3.343465045592705
COMP. URB. ALDEIAS DO CERRADO - QR 02 - RESIDENCIAL JACARANDAS;JARDIM BOTÂNICO;285;10/2023;52;320000;326601.0;475.64;475.64;475.64;1;VAGO;6601.0;2.0628125
COMP. URB. ALDEIAS DO CERRADO - QR 02 - RESIDENCIAL JACARANDAS;JARDIM BOTÂNICO;285;10/2023;53;330000;333000.0;507.14;507.14;507.14;1;VAGO;3000.0;0.9090909090909091
COMP. URB. ALDEIAS DO CERRADO - QR 02 - RESIDENCIAL JACARANDAS;JARDIM BOTÂNICO;285;10/2023;56;301000;312123.99;420.0;420.0;420.0;1;VAGO;11123.98999999999;3.6956777408637844
COMP. URB. ALDEIAS DO CERRADO - QR 02 - RESIDENCIAL JACARANDAS;JARDIM BOTÂNICO;285;10/2023;61;301000;305490.0;420.0;420.0;420.0;1;VAGO;4490.0;1.4916943521594683
COMP. URB. ALDEIAS DO CERRADO - QR 02 - RESIDENCIAL JACARANDAS;JARDIM BOTÂNICO;285;10/2023;62;324000;335123.45;487.47;487.47;487.47;1;VAGO;11123.450000000012;3.4331635802469176
COMP. URB. ALDEIAS DO CERRADO - QR 02 - RESIDENCIAL JACARANDAS;JARDIM BOTÂNICO;285;10/2023;69;301000;303300.0;420.0;420.0;420.0;1;VAGO;2300.0;0.7641196013289037
COMP. URB. ALDEIAS DO CERRADO - QR 02 - RESIDENCIAL JACARANDAS;JARDIM BOTÂNICO;285;10/2023;70;301000;335300.0;420.0;420.0;420.0;1;VAGO;34300.0;11.395348837209303
COMP. URB. ALDEIAS DO CERRADO - QR 02 - RESIDENCIAL JACARANDAS;JARDIM BOTÂNICO;285;10/2023;71;301000;305000.0;420.0;420.0;420.0;1;VAGO;4000.0;1.3289036544850499
COMP. URB. ALDEIAS DO CERRADO - QR 02 - RESIDENCIAL JACARANDAS;JARDIM BOTÂNICO;285;10/2023;75;301000;337100.98;420.0;420.0;420.0;1;VAGO;36100.97999999998;11.993681063122917
COMP. URB. ALDEIAS DO CERRADO - QR 02 - RESIDENCIAL JACARANDAS;JARDIM BOTÂNICO;285;10/2023;78;318000;328100.0;469.47;469.47;469.47;2;VAGO;10100.0;3.1761006289308176
COMP. URB. ALDEIAS DO CERRADO - QR 02 - RESIDENCIAL JACARANDAS;JARDIM BOTÂNICO;285;10/2023;79;302000;304000.0;422.79;422.79;422.79;1;VAGO;2000.0;0.6622516556291391
COMP. URB. ALDEIAS DO CERRADO - QR 02 - RESIDENCIAL JACARANDAS;JARDIM BOTÂNICO;285;10/2023;80;304000;324242.42;428.07;428.07;428.07;2;VAGO;20242.419999999984;6.658690789473678
COMP. URB. ALDEIAS DO CERRADO - QR 02 - RESIDENCIAL JACARANDAS;JARDIM BOTÂNICO;285;10/2023;81;324000;330000.0;487.47;487.47;487.47;1;VAGO;6000.0;1.8518518518518516
COMP. URB. ALDEIAS DO CERRADO - QR 02 - RESIDENCIAL JACARANDAS;JARDIM BOTÂNICO;285;10/2023;86;301000;331001.99;420.0;420.0;420.0;1;VAGO;30001.98999999999;9.967438538205977
COMP. URB. ALDEIAS DO CERRADO - QR 02 - RESIDENCIAL JACARANDAS;JARDIM BOTÂNICO;285;10/2023;87;301000;307015.4;420.0;420.0;420.0;1;VAGO;6015.400000000023;1.9984717607973501
COMP. URB. ALDEIAS DO CERRADO - QR 02 - RESIDENCIAL JACARANDAS;JARDIM BOTÂNICO;285;10/2023;88;301000;308008.08;420.0;420.0;420.0;1;VAGO;7008.080000000016;2.328265780730902
COMP. URB. ALDEIAS DO CERRADO - QR 02 - RESIDENCIAL JACARANDAS;JARDIM BOTÂNICO;285;10/2023;89;301000;351010.0;420.0;420.0;420.0;1;VAGO;50010.0;16.614617940199334
COMP. URB. ALDEIAS DO CERRADO - QR 02 - RESIDENCIAL JACARANDAS;JARDIM BOTÂNICO;285;10/2023;93;346000;446500.0;560.67;560.67;560.67;2;VAGO;100500.0;29.046242774566473
COMP. URB. ALDEIAS DO CERRADO - QR 02 - RESIDENCIAL JACARANDAS;JARDIM BOTÂNICO;285;10/2023;94;307000;312000.0;438.17;438.17;438.17;1;VAGO;5000.0;1.6286644951140066
SETOR HABITACIONAL TAQUARI;LAGO NORTE;60211;10/2023;96;911000;973594.0;960.0;960.0;1200.0;1;OCUPADO;62594.0;6.870911086717893
PARANOÁ PARQUE;PARANOA;60221;10/2023;100;6110000;6782100.0;28136.518;15631.399;15631.399;3;VAGO;672100.0;11.0
RECANTO DAS EMAS;RECANTO DAS EMAS;60217;10/2023;101;1460000;1899000.0;4757.25;3425.22;1902.9;4;VAGO;439000.0;30.068493150684933
RECANTO DAS EMAS;RECANTO DAS EMAS;60217;10/2023;102;238000;309999.99;630.936;493.776;274.32;2;VAGO;71999.98999999999;30.252096638655456
HABITACIONAL RIACHO FUNDO II;RIACHO FUNDO II;60222;10/2023;103;68500;110026.0;100.0;70.0;50.0;6;VAGO;41526.0;60.62189781021898
HABITACIONAL RIACHO FUNDO II;RIACHO FUNDO II;60223;10/2023;104;53600;89100.0;75.06;52.542;37.53;4;VAGO;35500.0;66.23134328358209
QR-SAMAMBAIA;SAMAMBAIA;60213;10/2023;105;1050000;1444444.44;3150.0;1800.0;900.0;1;VAGO;394444.43999999994;37.56613714285714
QR-SAMAMBAIA;SAMAMBAIA;60215;10/2023;106;179000;260000.0;386.0;386.0;193.0;3;OCUPADO;81000.0;45.2513966480447
QS-SAMAMBAIA;SAMAMBAIA;60217;10/2023;109;155000;156000.0;350.0;200.0;100.0;2;OBSTRUIDO;1000.0;0.6451612903225806
QN-SAMAMBAIA;SAMAMBAIA;60219;10/2023;112;971000;1012000.0;2700.0;1800.0;900.0;1;VAGO;41000.0;4.222451081359424
QN-SAMAMBAIA;SAMAMBAIA;60219;10/2023;114;1340000;1666666.66;3748.17;2498.78;1249.39;2;VAGO;326666.6599999999;24.378108955223873
QS-SAMAMBAIA;SAMAMBAIA;60219;10/2023;125;203000;267777.0;1061.25;707.5;353.75;2;VAGO;64777.0;31.909852216748767
QN-SAMAMBAIA;SAMAMBAIA;60220;10/2023;126;119000;132000.0;300.0;200.0;100.0;1;VAGO;13000.0;10.92436974789916
QN-SAMAMBAIA;SAMAMBAIA;60220;10/2023;127;203000;204063.99;600.0;400.0;200.0;1;VAGO;1063.9899999999907;0.5241330049261038
QS-SAMAMBAIA;SAMAMBAIA;60220;10/2023;134;1140000;1200000.0;3853.44;2568.96;1284.48;1;VAGO;60000.0;5.263157894736842
QS-SAMAMBAIA;SAMAMBAIA;60220;10/2023;135;1140000;1200000.0;3853.44;2568.96;1284.48;1;VAGO;60000.0;5.263157894736842
AREA DE DESENVOLVIMENTO ECONOMICO SUL;SAMAMBAIA;60225;10/2023;136;127000;128012.0;420.0;420.0;210.0;1;CERCADO;1012.0;0.7968503937007874
AREA DE DESENVOLVIMENTO ECONOMICO SUL;SAMAMBAIA;60227;10/2023;137;93600;95999.99;210.0;210.0;105.0;1;OBSTRUIDO;2399.9900000000052;2.564091880341886
AREA DES/ECONOMICO-AGUAS CLARAS;TAGUATINGA;60227;11/2023;1;195000;306000.0;300.0;300.0;150.0;3;OCUPADO;111000.0;56.92307692307692
SETOR DE HAB COLETIVAS SUDOESTE              ;BRASILIA;1504;11/2023;2;614000;2053000.0;230.4;230.4;576.0;9;VAGO;1439000.0;234.36482084690553
SETOR O NORTE-QUADRA RESIDENCIAL             ;CEILANDIA;60219;11/2023;6;440000;440000.0;1458.0;972.0;486.0;1;VAGO;0.0;0.0
SETOR INDUSTRIAL I                           ;CEILANDIA;60221;11/2023;7;66300;86500.0;366.0;366.0;183.0;6;CERCADO;20200.0;30.46757164404223
SETOR INDUSTRIAL I                           ;CEILANDIA;60221;11/2023;8;66300;87500.0;366.0;366.0;183.0;5;CERCADO;21200.0;31.975867269984914
SETOR INDUSTRIAL I                           ;CEILANDIA;60225;11/2023;9;106000;180000.0;480.375;480.375;320.25;7;CERCADO;74000.0;69.81132075471697
SETOR INDUSTRIAL I                           ;CEILANDIA;60225;11/2023;10;74400;83900.0;315.0;315.0;210.0;1;OBSTRUIDO;9500.0;12.768817204301076
SETOR INDUSTRIAL I                           ;CEILANDIA;60225;11/2023;11;74400;106000.0;315.0;315.0;210.0;2;OBSTRUIDO;31600.0;42.473118279569896
SETOR INDUSTRIAL I                           ;CEILANDIA;60225;11/2023;13;214000;322222.22;1400.0;1400.0;700.0;8;VAGO;108222.21999999997;50.57113084112148
SETOR RESID INDUSTRIA E ABASTECIMENTO        ;GUARA;60214;11/2023;14;259000;373333.33;360.0;360.0;150.0;3;VAGO;114333.33000000002;44.14414285714287
SETOR RESID INDUSTRIA E ABASTECIMENTO        ;GUARA;60214;11/2023;15;259000;339000.0;360.0;360.0;150.0;4;VAGO;80000.0;30.888030888030887
SETOR RESID INDUSTRIA E ABASTECIMENTO        ;GUARA;60214;11/2023;16;252000;369000.0;349.2;349.2;145.5;8;VAGO;117000.0;46.42857142857143
SETOR RESID INDUSTRIA E ABASTECIMENTO        ;GUARA;60214;11/2023;17;276000;367777.77;387.48;387.48;161.45;7;VAGO;91777.77000000002;33.252815217391316
SETOR RESID INDUSTRIA E ABASTECIMENTO        ;GUARA;60214;11/2023;18;276000;401101.5;387.48;387.48;161.45;6;VAGO;125101.5;45.32663043478261
SETOR RESID INDUSTRIA E ABASTECIMENTO        ;GUARA;60214;11/2023;19;305000;431101.5;434.52;434.52;181.05;8;VAGO;126101.5;41.34475409836065
SETOR RESID INDUSTRIA E ABASTECIMENTO        ;GUARA;60214;11/2023;20;364000;602905.23;530.952;530.952;221.23;12;VAGO;238905.22999999998;65.63330494505493
COMP. URB. ALDEIAS DO CERRADO - QR 02 - RESIDENCIAL JACARANDAS;JARDIM BOTÂNICO;285;11/2023;29;301000;303000.0;420.0;420.0;420.0;1;VAGO;2000.0;0.6644518272425249
COMP. URB. ALDEIAS DO CERRADO - QR 02 - RESIDENCIAL JACARANDAS;JARDIM BOTÂNICO;285;11/2023;33;318000;330000.0;470.69;470.69;470.69;2;VAGO;12000.0;3.7735849056603774
COMP. URB. ALDEIAS DO CERRADO - QR 02 - RESIDENCIAL JACARANDAS;JARDIM BOTÂNICO;285;11/2023;34;351000;372500.0;577.53;577.53;577.53;3;VAGO;21500.0;6.1253561253561255
COMP. URB. ALDEIAS DO CERRADO - QR 02 - RESIDENCIAL JACARANDAS;JARDIM BOTÂNICO;285;11/2023;36;301000;309000.0;420.0;420.0;420.0;1;VAGO;8000.0;2.6578073089700998
COMP. URB. ALDEIAS DO CERRADO - QR 02 - RESIDENCIAL JACARANDAS;JARDIM BOTÂNICO;285;11/2023;37;301000;309000.0;420.0;420.0;420.0;1;VAGO;8000.0;2.6578073089700998
COMP. URB. ALDEIAS DO CERRADO - QR 02 - RESIDENCIAL JACARANDAS;JARDIM BOTÂNICO;285;11/2023;39;315000;315789.46;460.92;460.92;460.92;1;VAGO;789.460000000021;0.25062222222222885
COMP. URB. ALDEIAS DO CERRADO - QR 02 - RESIDENCIAL JACARANDAS;JARDIM BOTÂNICO;285;11/2023;44;324000;333800.0;487.92;487.92;487.92;1;VAGO;9800.0;3.0246913580246915
COMP. URB. ALDEIAS DO CERRADO - QR 02 - RESIDENCIAL JACARANDAS;JARDIM BOTÂNICO;285;11/2023;48;304000;308389.0;427.64;427.64;427.64;1;VAGO;4389.0;1.44375
COMP. URB. ALDEIAS DO CERRADO - QR 02 - RESIDENCIAL JACARANDAS;JARDIM BOTÂNICO;285;11/2023;49;305000;310000.0;430.77;430.77;430.77;1;VAGO;5000.0;1.639344262295082
COMP. URB. ALDEIAS DO CERRADO - QR 02 - RESIDENCIAL JACARANDAS;JARDIM BOTÂNICO;285;11/2023;55;301000;308000.0;420.0;420.0;420.0;1;VAGO;7000.0;2.3255813953488373
COMP. URB. ALDEIAS DO CERRADO - QR 02 - RESIDENCIAL JACARANDAS;JARDIM BOTÂNICO;285;11/2023;63;338000;339000.0;532.27;532.27;532.27;1;VAGO;1000.0;0.2958579881656805
COMP. URB. ALDEIAS DO CERRADO - QR 02 - RESIDENCIAL JACARANDAS;JARDIM BOTÂNICO;285;11/2023;67;301000;302000.0;420.0;420.0;420.0;1;VAGO;1000.0;0.33222591362126247
COMP. URB. ALDEIAS DO CERRADO - QR 02 - RESIDENCIAL JACARANDAS;JARDIM BOTÂNICO;285;11/2023;75;301000;306704.22;420.0;420.0;420.0;1;VAGO;5704.219999999972;1.8950897009966685
COMP. URB. ALDEIAS DO CERRADO - QR 02 - RESIDENCIAL JACARANDAS;JARDIM BOTÂNICO;285;11/2023;76;301000;311525.5;420.0;420.0;420.0;1;VAGO;10525.5;3.496843853820598
COMP. URB. ALDEIAS DO CERRADO - QR 02 - RESIDENCIAL JACARANDAS;JARDIM BOTÂNICO;285;11/2023;78;301000;308525.0;420.0;420.0;420.0;1;VAGO;7525.0;2.5
COMP. URB. ALDEIAS DO CERRADO - QR 02 - RESIDENCIAL JACARANDAS;JARDIM BOTÂNICO;285;11/2023;80;338000;351234.57;532.27;532.27;532.27;1;VAGO;13234.570000000007;3.9155532544378717
COMP. URB. ALDEIAS DO CERRADO - QR 02 - RESIDENCIAL JACARANDAS;JARDIM BOTÂNICO;285;11/2023;81;338000;353001.0;532.27;532.27;532.27;1;VAGO;15001.0;4.438165680473373
RECANTO DAS EMAS;RECANTO DAS EMAS;60216;11/2023;92;130000;135000.0;300.0;270.0;150.0;1;VAGO;5000.0;3.8461538461538463
RECANTO DAS EMAS;RECANTO DAS EMAS;60216;11/2023;97;706000;750000.0;2088.1;1879.29;1044.05;1;OBSTRUIDO;44000.0;6.232294617563739
RECANTO DAS EMAS;RECANTO DAS EMAS;60217;11/2023;98;137000;147777.77;345.0;270.0;150.0;1;VAGO;10777.76999999999;7.8669854014598455
QN-SAMAMBAIA;SAMAMBAIA;60217;11/2023;103;155000;205001.0;350.0;200.0;100.0;3;OBSTRUIDO;50001.0;32.258709677419354
QN-SAMAMBAIA;SAMAMBAIA;60217;11/2023;104;155000;235000.0;350.0;200.0;100.0;2;VAGO;80000.0;51.61290322580645
QS-SAMAMBAIA;SAMAMBAIA;60218;11/2023;107;938000;958000.0;3150.0;2100.0;1050.0;1;VAGO;20000.0;2.1321961620469083
QS-SAMAMBAIA;SAMAMBAIA;60219;11/2023;110;143000;145600.0;300.0;200.0;100.0;1;OBSTRUIDO;2600.0;1.8181818181818181
QS-SAMAMBAIA;SAMAMBAIA;60219;11/2023;111;143000;145600.0;300.0;200.0;100.0;1;VAGO;2600.0;1.8181818181818181
BAIRRO CRIXÁ;SAO SEBASTIAO;60223;11/2023;120;1070000;1111000.0;1961.336;1089.631;1089.631;1;VAGO;41000.0;3.8317757009345796
SETOR HABITACIONAL VICENTE PIRES - TRECHO 01;VICENTE PIRES;60214;11/2023;123;565000;581003.49;1617.0;1617.0;808.5;1;OCUPADO;16003.48999999999;2.8324761061946884
SETOR HABITACIONAL VICENTE PIRES - TRECHO 03;VICENTE PIRES;60214;11/2023;125;180000;310000.0;518.12;518.12;259.06;3;OCUPADO;130000.0;72.22222222222221
BAIRRO AGUAS CLARAS;TAGUATINGA;60217;13/2023;1;8350000;15893000.0;10500.0;7500.0;1500.0;2;VAGO;7543000.0;90.33532934131736
BAIRRO AGUAS CLARAS;TAGUATINGA;60220;13/2023;2;7500000;13623000.0;9000.0;5400.0;1800.0;3;OBSTRUIDO;6123000.0;81.64
SETOR DE HAB COLETIVAS SUDOESTE              ;BRASILIA;60556;13/2023;4;645000;2160000.0;864.0;864.0;576.0;5;VAGO;1515000.0;234.88372093023258
SETOR DE HAB COLETIVAS SUDOESTE              ;BRASILIA;60556;13/2023;5;971000;2498000.0;1269.435;1269.435;846.29;1;VAGO;1527000.0;157.2605561277034
SHCNW-SETOR DE HABITAÇÕES COLETIVAS NOROESTE;BRASILIA;1898;13/2023;7;8490000;8560000.0;4395.6;4395.6;1998.0;2;VAGO;70000.0;0.8244994110718492
SHCNW-SETOR DE HABITAÇÕES COLETIVAS NOROESTE;BRASILIA;60602;13/2023;9;5710000;7704200.0;300.0;300.0;1200.0;2;VAGO;1994200.0;34.9246935201401
SETOR DE MANSOES DO LAGO-INTERNA;BRASILIA;60212;13/2023;11;2160000;2188888.89;4000.0;4000.0;5000.0;1;CERCADO;28888.89000000013;1.3374486111111172
SETOR R NORTE-CNR;CEILANDIA;60215;13/2023;13;19600;27000.0;60.0;60.0;25.0;8;VAGO;7400.0;37.755102040816325
SETOR INDUSTRIAL I                           ;CEILANDIA;60221;13/2023;15;66300;121119.0;366.0;366.0;183.0;2;OBSTRUIDO;54819.0;82.68325791855203
SETOR INDUSTRIAL I                           ;CEILANDIA;60225;13/2023;17;74400;101000.0;315.0;315.0;210.0;3;CERCADO;26600.0;35.752688172043015
SETOR INDUSTRIAL I                           ;CEILANDIA;60225;13/2023;18;74400;110500.0;315.0;315.0;210.0;4;VAGO;36100.0;48.52150537634409
SETOR INDUSTRIAL I                           ;CEILANDIA;60225;13/2023;19;74400;101000.0;315.0;315.0;210.0;2;CERCADO;26600.0;35.752688172043015
SETOR INDUSTRIAL I                           ;CEILANDIA;60225;13/2023;20;74400;128300.0;315.0;315.0;210.0;3;VAGO;53900.0;72.44623655913979
SETOR INDUSTRIAL I                           ;CEILANDIA;60225;13/2023;21;74400;125300.0;315.0;315.0;210.0;3;VAGO;50900.0;68.41397849462365
SETOR INDUSTRIAL I                           ;CEILANDIA;60225;13/2023;22;74400;132500.0;315.0;315.0;210.0;3;VAGO;58100.0;78.09139784946237
SETOR INDUSTRIAL I                           ;CEILANDIA;60225;13/2023;23;214000;341000.22;1400.0;1400.0;700.0;5;VAGO;127000.21999999997;59.34589719626167
SETOR INDUSTRIAL I                           ;CEILANDIA;60225;13/2023;24;214000;341000.22;1400.0;1400.0;700.0;5;VAGO;127000.21999999997;59.34589719626167
SETOR INDUSTRIAL I                           ;CEILANDIA;60225;13/2023;25;214000;341000.22;1400.0;1400.0;700.0;7;VAGO;127000.21999999997;59.34589719626167
SETOR DE DESENVOLVIMENTO ECONOMICO CENTRO NORTE;CEILANDIA;60227;13/2023;26;174000;222694.99;400.0;400.0;200.0;1;OCUPADO;48694.98999999999;27.9856264367816
SETOR DE MULTIPLAS ATIVIDADES;GAMA;60224;13/2023;27;254000;279400.0;576.0;360.0;360.0;3;CERCADO;25400.0;10.0
SETOR DE MULTIPLAS ATIVIDADES;GAMA;60224;13/2023;28;241000;277150.0;500.88;313.05;313.05;2;VAGO;36150.0;15.0
SETOR RESID INDUSTRIA E ABASTECIMENTO        ;GUARA;1000;13/2023;29;189000;503150.0;45.0;45.0;45.0;4;CONSTRUIDO;314150.0;166.21693121693121
SETOR HABITACIONAL ITAPOA - ITAPOA PARQUE - AV. ITAPOA PARQUE;ITAPOÃ;60222;13/2023;32;271000;521000.0;756.0;756.0;840.0;2;VAGO;250000.0;92.25092250922509
SETOR HABITACIONAL ITAPOA - ITAPOA PARQUE - AV. ITAPOA PARQUE;ITAPOÃ;60222;13/2023;33;271000;378000.0;756.0;756.0;840.0;1;VAGO;107000.0;39.48339483394834
SETOR HABITACIONAL ITAPOA - ITAPOA PARQUE - AV. ITAPOA PARQUE;ITAPOÃ;60222;13/2023;34;271000;385000.0;756.0;756.0;840.0;2;VAGO;114000.0;42.066420664206646
SETOR HABITACIONAL ITAPOA - ITAPOA PARQUE - AV. ITAPOA PARQUE;ITAPOÃ;60222;13/2023;35;482000;1410000.0;1404.9;1404.9;1561.0;6;VAGO;928000.0;192.5311203319502
SETOR HABITACIONAL ITAPOA - ITAPOA PARQUE - AV. ITAPOA PARQUE;ITAPOÃ;60222;13/2023;36;271000;566000.0;756.0;756.0;840.0;2;VAGO;295000.0;108.8560885608856
COMP. URB. ALDEIAS DO CERRADO - QR 02 - RESIDENCIAL JACARANDAS;JARDIM BOTÂNICO;285;13/2023;37;337000;352204.75;531.28;531.28;531.28;5;VAGO;15204.75;4.511795252225519
COMP. URB. ALDEIAS DO CERRADO - QR 02 - RESIDENCIAL JACARANDAS;JARDIM BOTÂNICO;285;13/2023;38;304000;315099.99;427.45;427.45;427.45;2;VAGO;11099.98999999999;3.6513124999999973
COMP. URB. ALDEIAS DO CERRADO - QR 02 - RESIDENCIAL JACARANDAS;JARDIM BOTÂNICO;285;13/2023;39;335000;345005.0;524.79;524.79;524.79;2;VAGO;10005.0;2.9865671641791045
COMP. URB. ALDEIAS DO CERRADO - QR 02 - RESIDENCIAL JACARANDAS;JARDIM BOTÂNICO;285;13/2023;53;342000;350000.0;547.53;547.53;547.53;1;VAGO;8000.0;2.3391812865497075
COMP. URB. ALDEIAS DO CERRADO - QR 02 - RESIDENCIAL JACARANDAS;JARDIM BOTÂNICO;285;13/2023;56;301000;313013.13;420.0;420.0;420.0;1;VAGO;12013.130000000005;3.9910730897009987
COMP. URB. ALDEIAS DO CERRADO - QR 02 - RESIDENCIAL JACARANDAS;JARDIM BOTÂNICO;285;13/2023;57;301000;313013.13;420.0;420.0;420.0;1;VAGO;12013.130000000005;3.9910730897009987
COMP. URB. ALDEIAS DO CERRADO - QR 02 - RESIDENCIAL JACARANDAS;JARDIM BOTÂNICO;285;13/2023;58;313000;313001.0;455.91;455.91;455.91;1;VAGO;1.0;0.0003194888178913738
COMP. URB. ALDEIAS DO CERRADO - QR 02 - RESIDENCIAL JACARANDAS;JARDIM BOTÂNICO;285;13/2023;59;313000;313001.0;455.91;455.91;455.91;1;VAGO;1.0;0.0003194888178913738
COMP. URB. ALDEIAS DO CERRADO - QR 02 - RESIDENCIAL JACARANDAS;JARDIM BOTÂNICO;285;13/2023;66;304000;310000.99;427.97;427.97;427.97;3;VAGO;6000.989999999991;1.9740098684210494
COMP. URB. ALDEIAS DO CERRADO - QR 02 - RESIDENCIAL JACARANDAS;JARDIM BOTÂNICO;285;13/2023;69;304000;304000.0;427.97;427.97;427.97;1;VAGO;0.0;0.0
COMP. URB. ALDEIAS DO CERRADO - QR 02 - RESIDENCIAL JACARANDAS;JARDIM BOTÂNICO;285;13/2023;70;304000;304300.0;427.97;427.97;427.97;1;VAGO;300.0;0.09868421052631579
COMP. URB. ALDEIAS DO CERRADO - QR 02 - RESIDENCIAL JACARANDAS;JARDIM BOTÂNICO;285;13/2023;71;304000;304300.0;427.97;427.97;427.97;1;VAGO;300.0;0.09868421052631579
COMP. URB. ALDEIAS DO CERRADO - QR 02 - RESIDENCIAL JACARANDAS;JARDIM BOTÂNICO;285;13/2023;73;301000;340000.0;420.0;420.0;420.0;1;VAGO;39000.0;12.956810631229235
COMP. URB. ALDEIAS DO CERRADO - QR 02 - RESIDENCIAL JACARANDAS;JARDIM BOTÂNICO;285;13/2023;74;301000;303999.99;420.0;420.0;420.0;1;VAGO;2999.9899999999907;0.996674418604648
SETOR HABITACIONAL RIACHO FUNDO              ;RIACHO FUNDO;60217;13/2023;101;2750000;2776543.0;8820.0;6300.0;2100.0;1;VAGO;26543.0;0.9652000000000001
SETOR HABITACIONAL RIACHO FUNDO              ;RIACHO FUNDO;60217;13/2023;102;2750000;3150000.0;8820.0;6300.0;2100.0;1;VAGO;400000.0;14.545454545454545
HABITACIONAL RIACHO FUNDO II;RIACHO FUNDO II;60217;13/2023;104;275000;275000.0;578.49;269.962;192.83;1;OCUPADO;0.0;0.0
ADE OESTE - EXPANSÃO RESIDENCIAL OESTE DE SAMAMBAIA;SAMAMBAIA;60216;13/2023;107;131000;150000.0;600.0;300.0;150.0;2;OCUPADO;19000.0;14.50381679389313
QN-SAMAMBAIA;SAMAMBAIA;60219;13/2023;108;143000;152090.0;300.0;200.0;100.0;2;OBSTRUIDO;9090.0;6.356643356643358
QN-SAMAMBAIA;SAMAMBAIA;60219;13/2023;109;49500;50000.0;150.0;100.0;50.0;4;VAGO;500.0;1.0101010101010102
QS-SAMAMBAIA;SAMAMBAIA;60219;13/2023;110;97100;98001.0;450.0;300.0;150.0;1;VAGO;901.0;0.9279093717816683
QS-SAMAMBAIA;SAMAMBAIA;60219;13/2023;117;72000;85500.0;300.0;200.0;100.0;1;VAGO;13500.0;18.75
QS-SAMAMBAIA;SAMAMBAIA;60219;13/2023;123;72000;80060.65;300.0;200.0;100.0;1;VAGO;8060.649999999994;11.195347222222214
QN-SAMAMBAIA;SAMAMBAIA;60220;13/2023;125;72000;122600.0;300.0;200.0;100.0;2;VAGO;50600.0;70.27777777777777
QS-SAMAMBAIA;SAMAMBAIA;60220;13/2023;126;119000;145000.0;300.0;200.0;100.0;1;VAGO;26000.0;21.84873949579832
AREA DE DESENVOLVIMENTO ECONOMICO SUL;SAMAMBAIA;60227;13/2023;129;93600;173600.0;210.0;210.0;105.0;3;VAGO;80000.0;85.47008547008546
BAIRRO CRIXÁ;SAO SEBASTIAO;60223;13/2023;131;1330000;1501000.0;2459.063;1366.146;1366.146;2;VAGO;171000.0;12.857142857142856
SETOR HABITACIONAL VICENTE PIRES - TRECHO 03;VICENTE PIRES;60214;13/2023;137;246000;321100.89;822.9;822.9;411.45;6;OCUPADO;75100.89000000001;30.52881707317074
SETOR HABITACIONAL VICENTE PIRES - TRECHO 03;VICENTE PIRES;60219;13/2023;138;574000;650000.0;1168.92;584.46;584.46;1;OCUPADO;76000.0;13.240418118466899
BAIRRO AGUAS CLARAS-QS;TAGUATINGA;60219;14/2023;1;1310000;2350000.23;2240.0;2240.0;1120.0;1;OBSTRUIDO;1040000.23;79.38933053435115
SHCNW-SETOR DE HABITAÇÕES COLETIVAS NOROESTE;BRASILIA;1893;14/2023;3;19600000;22755000.0;6300.0;6300.0;1000.0;2;VAGO;3155000.0;16.096938775510203
SETOR DE SUPERQUADRAS DUPLA SUL              ;BRASILIA;60402;14/2023;16;4940000;6104200.0;261.25;261.25;1045.0;1;VAGO;1164200.0;23.566801619433196
SETOR N NORTE-QUADRA RESIDENCIAL             ;CEILANDIA;60217;14/2023;23;3440000;3680000.0;12000.0;4000.0;2000.0;1;VAGO;240000.0;6.976744186046512
SETOR N NORTE-QUADRA RESIDENCIAL             ;CEILANDIA;60217;14/2023;24;3440000;3680000.0;12000.0;4000.0;2000.0;1;VAGO;240000.0;6.976744186046512
SETOR N NORTE-QUADRA RESIDENCIAL             ;CEILANDIA;60217;14/2023;29;928000;2500000.0;6138.0;2046.0;1023.0;4;OBSTRUIDO;1572000.0;169.39655172413794
SETOR N NORTE-QUADRA RESIDENCIAL             ;CEILANDIA;60217;14/2023;30;928000;2575000.0;6138.0;2046.0;1023.0;7;OBSTRUIDO;1647000.0;177.47844827586206
SETOR INDUSTRIAL I                           ;CEILANDIA;60227;14/2023;31;64100;101000.02;240.0;240.0;120.0;7;VAGO;36900.020000000004;57.566333853354145
SETOR INDUSTRIAL I                           ;CEILANDIA;60227;14/2023;32;64100;101000.01;240.0;240.0;120.0;6;VAGO;36900.009999999995;57.5663182527301
SETOR RESID INDUSTRIA E ABASTECIMENTO        ;GUARA;60214;14/2023;33;260000;402000.0;362.04;362.04;150.85;8;VAGO;142000.0;54.61538461538461
SETOR RESID INDUSTRIA E ABASTECIMENTO        ;GUARA;60214;14/2023;34;259000;353000.0;360.0;360.0;150.0;7;VAGO;94000.0;36.293436293436294
SETOR RESID INDUSTRIA E ABASTECIMENTO        ;GUARA;60214;14/2023;35;259000;375010.0;360.0;360.0;150.0;3;OCUPADO;116010.0;44.79150579150579
SETOR RESID INDUSTRIA E ABASTECIMENTO        ;GUARA;60214;14/2023;36;269000;381566.0;376.68;376.68;156.95;10;VAGO;112566.0;41.846096654275094
SETOR RESID INDUSTRIA E ABASTECIMENTO        ;GUARA;60215;14/2023;37;282000;395000.0;398.304;398.304;165.96;6;VAGO;113000.0;40.0709219858156
SETOR RESID INDUSTRIA E ABASTECIMENTO        ;GUARA;60215;14/2023;38;454000;600230.0;676.344;676.344;281.81;3;OBSTRUIDO;146230.0;32.209251101321584
COMP. URB. ALDEIAS DO CERRADO - QR 02 - RESIDENCIAL JACARANDAS;JARDIM BOTÂNICO;285;14/2023;45;304000;304000.0;427.64;427.64;427.64;1;VAGO;0.0;0.0
COMP. URB. ALDEIAS DO CERRADO - QR 02 - RESIDENCIAL JACARANDAS;JARDIM BOTÂNICO;285;14/2023;47;304000;308017.22;427.64;427.64;427.64;1;VAGO;4017.219999999972;1.321453947368412
COMP. URB. ALDEIAS DO CERRADO - QR 02 - RESIDENCIAL JACARANDAS;JARDIM BOTÂNICO;285;14/2023;48;301000;301500.0;420.0;420.0;420.0;1;VAGO;500.0;0.16611295681063123
COMP. URB. ALDEIAS DO CERRADO - QR 02 - RESIDENCIAL JACARANDAS;JARDIM BOTÂNICO;285;14/2023;49;301000;302000.0;420.0;420.0;420.0;1;VAGO;1000.0;0.33222591362126247
COMP. URB. ALDEIAS DO CERRADO - QR 02 - RESIDENCIAL JACARANDAS;JARDIM BOTÂNICO;285;14/2023;51;324000;342119.99;488.38;488.38;488.38;2;VAGO;18119.98999999999;5.592589506172837
COMP. URB. ALDEIAS DO CERRADO - QR 02 - RESIDENCIAL JACARANDAS;JARDIM BOTÂNICO;285;14/2023;52;301000;309500.0;420.0;420.0;420.0;1;VAGO;8500.0;2.823920265780731
COMP. URB. ALDEIAS DO CERRADO - QR 02 - RESIDENCIAL JACARANDAS;JARDIM BOTÂNICO;285;14/2023;62;320000;321500.0;475.64;475.64;475.64;2;VAGO;1500.0;0.46875
COMP. URB. ALDEIAS DO CERRADO - QR 02 - RESIDENCIAL JACARANDAS;JARDIM BOTÂNICO;285;14/2023;66;301000;316212.99;420.0;420.0;420.0;2;VAGO;15212.98999999999;5.054149501661127
COMP. URB. ALDEIAS DO CERRADO - QR 02 - RESIDENCIAL JACARANDAS;JARDIM BOTÂNICO;285;14/2023;83;301000;302000.0;420.0;420.0;420.0;1;VAGO;1000.0;0.33222591362126247
AREA DE DESENVOLVIMENTO ECONOMICO;RECANTO DAS EMAS;60227;14/2023;101;140000;151000.0;451.8;451.8;112.95;1;CONSTRUIDO;11000.0;7.857142857142857
CENTRO URBANO;SAMAMBAIA;60217;14/2023;118;496000;532876.0;825.0;550.0;275.0;1;VAGO;36876.0;7.434677419354839
QS-SAMAMBAIA;SAMAMBAIA;60217;14/2023;124;155000;175000.0;350.0;200.0;100.0;1;OBSTRUIDO;20000.0;12.903225806451612
QN-SAMAMBAIA;SAMAMBAIA;60219;14/2023;129;376000;436000.0;1200.0;800.0;400.0;2;CERCADO;60000.0;15.957446808510639
QS-SAMAMBAIA;SAMAMBAIA;60219;14/2023;130;648000;648500.0;1769.19;1179.46;589.73;1;VAGO;500.0;0.07716049382716049
QS-SAMAMBAIA;SAMAMBAIA;60219;14/2023;131;807000;807050.0;2227.5;1485.0;742.5;1;VAGO;50.0;0.006195786864931847
QS-SAMAMBAIA;SAMAMBAIA;60220;14/2023;136;81800;95000.0;150.0;100.0;50.0;2;OBSTRUIDO;13200.0;16.13691931540342
BAIRRO RESIDENCIAL OESTE;SAO SEBASTIAO;60216;14/2023;141;821000;1049000.0;1887.525;1572.938;629.175;1;OBSTRUIDO;228000.0;27.77101096224117
BAIRRO CRIXÁ;SAO SEBASTIAO;60223;14/2023;144;942000;960000.0;1705.257;947.365;947.365;1;VAGO;18000.0;1.910828025477707
SHCNW-SETOR DE HABITAÇÕES COLETIVAS NOROESTE;BRASILIA;1000;01/2024;2;202000;215000.0;20.0;20.0;20.0;1;VAGO;13000.0;6.435643564356436
SETOR O NORTE-ENTREQUADRA                    ;CEILANDIA;60222;01/2024;3;160000;213999.99;600.0;300.0;150.0;1;VAGO;53999.98999999999;33.749993749999994
SETOR DE MULTIPLAS ATIVIDADES;GAMA;60224;01/2024;5;218000;261600.0;378.88;236.8;236.8;2;VAGO;43600.0;20.0
SETOR DE MULTIPLAS ATIVIDADES;GAMA;60224;01/2024;6;218000;260600.0;378.88;236.8;236.8;1;VAGO;42600.0;19.541284403669724
POLO DE MODAS - SRIA/GUARA;GUARA;60216;01/2024;7;436000;449200.0;768.0;576.0;192.0;1;OCUPADO;13200.0;3.0275229357798166
COMP. URB. ALDEIAS DO CERRADO - QR 02 - RESIDENCIAL JACARANDAS;JARDIM BOTÂNICO;285;01/2024;8;337000;359099.0;531.28;531.28;531.28;3;VAGO;22099.0;6.557566765578635
COMP. URB. ALDEIAS DO CERRADO - QR 02 - RESIDENCIAL JACARANDAS;JARDIM BOTÂNICO;285;01/2024;9;304000;304000.0;427.45;427.45;427.45;1;VAGO;0.0;0.0
COMP. URB. ALDEIAS DO CERRADO - QR 02 - RESIDENCIAL JACARANDAS;JARDIM BOTÂNICO;285;01/2024;10;335000;337000.0;524.79;524.79;524.79;1;VAGO;2000.0;0.5970149253731344
COMP. URB. ALDEIAS DO CERRADO - QR 02 - RESIDENCIAL JACARANDAS;JARDIM BOTÂNICO;285;01/2024;16;301000;301500.0;420.0;420.0;420.0;2;VAGO;500.0;0.16611295681063123
COMP. URB. ALDEIAS DO CERRADO - QR 02 - RESIDENCIAL JACARANDAS;JARDIM BOTÂNICO;285;01/2024;19;341000;353000.0;541.65;541.65;541.65;1;VAGO;12000.0;3.519061583577713
COMP. URB. ALDEIAS DO CERRADO - QR 02 - RESIDENCIAL JACARANDAS;JARDIM BOTÂNICO;285;01/2024;35;301000;307000.99;420.0;420.0;420.0;1;VAGO;6000.989999999991;1.9936843853820565
COMP. URB. ALDEIAS DO CERRADO - QR 02 - RESIDENCIAL JACARANDAS;JARDIM BOTÂNICO;285;01/2024;37;310000;317000.0;445.1;445.1;445.1;2;VAGO;7000.0;2.258064516129032
SETOR HABITACIONAL JARDIM BOTANICO;SAO SEBASTIAO;60214;01/2024;39;597000;905000.0;1240.2;1240.2;826.8;3;OBSTRUIDO;308000.0;51.59128978224455
SETOR HABITACIONAL JARDIM BOTANICO;SAO SEBASTIAO;60214;01/2024;40;639000;660000.0;1344.525;1344.525;896.35;1;OBSTRUIDO;21000.0;3.286384976525822
SETOR HABITACIONAL JARDIM BOTANICO;SAO SEBASTIAO;60214;01/2024;42;580000;879000.0;1200.0;1200.0;800.0;4;VAGO;299000.0;51.55172413793103
PARANOÁ PARQUE;PARANOA;60221;01/2024;44;813000;1415000.0;3037.507;1687.504;1687.504;2;OBSTRUIDO;602000.0;74.04674046740467
PARANOÁ PARQUE;PARANOA;60221;01/2024;45;813000;1410000.0;3037.513;1687.507;1687.507;2;VAGO;597000.0;73.43173431734317
PARANOÁ PARQUE;PARANOA;60221;01/2024;46;804000;1580000.0;2993.413;1663.007;1663.007;2;VAGO;776000.0;96.51741293532339
PARANOÁ PARQUE;PARANOA;60221;01/2024;47;813000;1420000.0;3037.511;1687.506;1687.506;2;VAGO;607000.0;74.66174661746618
PARANOÁ PARQUE;PARANOA;60221;01/2024;48;813000;1400000.0;3037.509;1687.505;1687.505;2;VAGO;587000.0;72.20172201722018
PARANOÁ PARQUE;PARANOA;60221;01/2024;49;804000;1450000.0;2993.411;1663.006;1663.006;2;VAGO;646000.0;80.34825870646766
EXPANSÃO DO SETOR RESIDENCIAL LESTE;PLANALTINA;60316;01/2024;50;2010000;3810000.0;200.0;200.0;800.0;3;VAGO;1800000.0;89.55223880597015
RECANTO DAS EMAS;RECANTO DAS EMAS;60217;01/2024;59;94000;165000.0;230.0;180.0;100.0;1;VAGO;71000.0;75.53191489361703
HABITACIONAL RIACHO FUNDO II;RIACHO FUNDO II;60222;01/2024;63;617000;726000.05;1620.0;756.0;540.0;1;VAGO;109000.05000000005;17.66613452188007
QN-SAMAMBAIA;SAMAMBAIA;60219;01/2024;74;119000;120599.0;300.0;200.0;100.0;1;VAGO;1599.0;1.3436974789915967
QN-SAMAMBAIA;SAMAMBAIA;60219;01/2024;75;162000;201200.0;825.0;550.0;275.0;1;VAGO;39200.0;24.19753086419753
QN-SAMAMBAIA;SAMAMBAIA;60219;01/2024;81;143000;265100.0;300.0;200.0;100.0;2;VAGO;122100.0;85.38461538461539
QN-SAMAMBAIA;SAMAMBAIA;60219;01/2024;82;143000;211100.0;300.0;200.0;100.0;2;VAGO;68100.0;47.62237762237762
QS-SAMAMBAIA;SAMAMBAIA;60220;01/2024;84;119000;123000.0;300.0;200.0;100.0;2;VAGO;4000.0;3.361344537815126
QS-SAMAMBAIA;SAMAMBAIA;60220;01/2024;85;72000;72000.0;300.0;200.0;100.0;2;OBSTRUIDO;0.0;0.0
QS-SAMAMBAIA;SAMAMBAIA;60220;01/2024;90;72000;72000.0;300.0;200.0;100.0;1;VAGO;0.0;0.0
SANTA MARIA                                  ;SANTA MARIA;60217;01/2024;92;1700000;1778000.0;5811.16;2033.906;1452.79;1;OCUPADO;78000.0;4.588235294117647
BAIRRO SÃO BARTOLOMEU;SAO SEBASTIAO;60217;01/2024;94;547000;547015.0;1240.374;1137.01;413.458;1;OBSTRUIDO;15.0;0.0027422303473491776
BAIRRO SÃO BARTOLOMEU;SAO SEBASTIAO;60217;01/2024;96;532000;537700.0;1205.436;1104.983;401.812;1;VAGO;5700.0;1.0714285714285714
BAIRRO SÃO BARTOLOMEU;SAO SEBASTIAO;60217;01/2024;98;431000;437700.0;971.952;890.956;323.984;1;OBSTRUIDO;6700.0;1.554524361948956
CENTRO ORIENT. E EDUC. RURAL - COER;SOBRADINHO;60220;01/2024;100;680000;687000.0;2081.196;800.46;800.46;1;VAGO;7000.0;1.0294117647058822
SETOR HABITACIONAL VICENTE PIRES - TRECHO 03;VICENTE PIRES;60214;01/2024;108;130000;202525.0;316.96;316.96;158.48;5;OCUPADO;72525.0;55.78846153846154
SETOR HABITACIONAL VICENTE PIRES - TRECHO 03;VICENTE PIRES;60214;01/2024;109;130000;300000.0;315.46;315.46;157.73;4;OCUPADO;170000.0;130.76923076923077
SETOR DE EMBAIXADAS NORTE                    ;BRASILIA;60308;02/2024;12;15800000;20888000.0;9551.472;9551.472;7959.56;1;VAGO;5088000.0;32.20253164556962
SETOR M NORTE-QUADRA RESIDENCIAL             ;CEILANDIA;60217;02/2024;14;2480000;2600000.0;8013.0;2671.0;1335.5;1;VAGO;120000.0;4.838709677419355
SETOR N NORTE-QUADRA RESIDENCIAL             ;CEILANDIA;60217;02/2024;24;1070000;2250000.0;7326.0;2442.0;1221.0;1;OBSTRUIDO;1180000.0;110.28037383177569
SETOR O NORTE-QUADRA RESIDENCIAL             ;CEILANDIA;60219;02/2024;26;357000;360500.0;1134.0;756.0;378.0;1;VAGO;3500.0;0.9803921568627451
SETOR INDUSTRIAL I                           ;CEILANDIA;60225;02/2024;27;74400;268000.0;315.0;315.0;210.0;3;OCUPADO;193600.0;260.21505376344084
SETOR INDUSTRIAL I                           ;CEILANDIA;60225;02/2024;27;74400;268000.0;315.0;315.0;210.0;3;OCUPADO;193600.0;260.21505376344084
SETOR RESID INDUSTRIA E ABASTECIMENTO        ;GUARA;60214;02/2024;28;250000;440000.0;345.6;345.6;144.0;20;VAGO;190000.0;76.0
COMP. URB. ALDEIAS DO CERRADO - QR 02 - RESIDENCIAL JACARANDAS;JARDIM BOTÂNICO;285;02/2024;33;347000;350000.0;562.48;562.48;562.48;2;VAGO;3000.0;0.8645533141210375
COMP. URB. ALDEIAS DO CERRADO - QR 02 - RESIDENCIAL JACARANDAS;JARDIM BOTÂNICO;285;02/2024;40;301000;301150.0;420.0;420.0;420.0;1;VAGO;150.0;0.04983388704318936
COMP. URB. ALDEIAS DO CERRADO - QR 02 - RESIDENCIAL JACARANDAS;JARDIM BOTÂNICO;285;02/2024;43;301000;301012.12;420.0;420.0;420.0;1;VAGO;12.119999999995343;0.004026578073088154
COMP. URB. ALDEIAS DO CERRADO - QR 02 - RESIDENCIAL JACARANDAS;JARDIM BOTÂNICO;285;02/2024;64;330000;333510.0;508.08;508.08;508.08;1;VAGO;3510.0;1.0636363636363637
PARANOÁ PARQUE;PARANOA;60223;02/2024;70;1050000;2261000.0;4201.94;2100.97;2100.97;4;VAGO;1211000.0;115.33333333333333
SETOR RESIDENCIAL LESTE (SRL);PLANALTINA;60216;02/2024;74;44400;52132.27;120.0;120.0;60.0;1;VAGO;7732.269999999997;17.415022522522516
RECANTO DAS EMAS;RECANTO DAS EMAS;60217;02/2024;89;123000;124501.0;309.12;241.92;134.4;1;VAGO;1501.0;1.2203252032520324
HABITACIONAL RIACHO FUNDO II;RIACHO FUNDO II;60217;02/2024;102;414000;414500.0;933.81;435.778;311.27;1;VAGO;500.0;0.12077294685990338
HABITACIONAL RIACHO FUNDO II;RIACHO FUNDO II;60217;02/2024;103;413000;422000.0;930.0;434.0;310.0;1;VAGO;9000.0;2.1791767554479415
HABITACIONAL RIACHO FUNDO II;RIACHO FUNDO II;60217;02/2024;106;392000;713000.99;876.81;409.178;292.27;6;OCUPADO;321000.99;81.88800765306122
QS-SAMAMBAIA;SAMAMBAIA;60219;02/2024;143;161000;211100.01;450.0;300.0;150.0;1;OBSTRUIDO;50100.01000000001;31.11801863354038
QS-SAMAMBAIA;SAMAMBAIA;60219;02/2024;152;203000;311111.11;600.0;400.0;200.0;1;VAGO;108111.10999999999;53.256704433497525
QN-SAMAMBAIA;SAMAMBAIA;60220;02/2024;159;99300;110000.0;225.0;150.0;75.0;1;VAGO;10700.0;10.775427995971802
QN-SAMAMBAIA;SAMAMBAIA;60220;02/2024;160;99300;110000.0;225.0;150.0;75.0;1;VAGO;10700.0;10.775427995971802
QN-SAMAMBAIA;SAMAMBAIA;60220;02/2024;161;99300;105000.0;225.0;150.0;75.0;1;VAGO;5700.0;5.740181268882175
QS-SAMAMBAIA;SAMAMBAIA;60220;02/2024;166;485000;526501.0;1579.5;1053.0;526.5;1;VAGO;41501.0;8.556907216494846
QS-SAMAMBAIA;SAMAMBAIA;60220;02/2024;167;129000;151100.01;336.0;224.0;112.0;1;VAGO;22100.01000000001;17.131790697674425
QS-SAMAMBAIA;SAMAMBAIA;60220;02/2024;172;2040000;2350000.0;6953.04;4635.36;2317.68;2;VAGO;310000.0;15.196078431372548
QS-SAMAMBAIA;SAMAMBAIA;60220;02/2024;177;413000;420000.0;1331.31;887.54;443.77;1;VAGO;7000.0;1.694915254237288
QS-SAMAMBAIA;SAMAMBAIA;60220;02/2024;178;406000;486600.0;1305.9;870.6;435.3;2;VAGO;80600.0;19.852216748768473
SETOR HABITACIONAL VICENTE PIRES - TRECHO 03;VICENTE PIRES;60214;02/2024;180;244000;410000.0;812.52;812.52;406.26;4;OCUPADO;166000.0;68.0327868852459
SETOR HABITACIONAL ARNIQUEIRA;ARNIQUEIRA;60214;03/2024;3;253000;333001.0;867.78;347.112;433.89;4;CONSTRUIDO;80001.0;31.620948616600792
SETOR HABITACIONAL ARNIQUEIRA;ARNIQUEIRA;60214;03/2024;6;243000;301400.9;831.54;332.616;415.77;2;CONSTRUIDO;58400.90000000002;24.033292181069967
SETOR HABITACIONAL ARNIQUEIRA;ARNIQUEIRA;60214;03/2024;8;233000;365000.99;794.76;397.38;397.38;2;CONSTRUIDO;132000.99;56.65278540772532
SETOR HABITACIONAL ARNIQUEIRA;ARNIQUEIRA;60214;03/2024;9;237000;299000.0;810.98;324.392;405.49;4;OCUPADO;62000.0;26.160337552742618
SETOR HABITACIONAL ARNIQUEIRA;ARNIQUEIRA;60214;03/2024;10;229000;302280.0;783.28;391.64;391.64;2;OCUPADO;73280.0;32.0
SETOR HABITACIONAL ARNIQUEIRA;ARNIQUEIRA;60215;03/2024;11;437000;470000.0;1566.28;626.512;783.14;1;CONSTRUIDO;33000.0;7.551487414187644
SETOR HABITACIONAL ARNIQUEIRA;ARNIQUEIRA;60215;03/2024;12;468000;495540.0;1687.74;675.096;843.87;1;OCUPADO;27540.0;5.884615384615385
SETOR HABITACIONAL ARNIQUEIRA;ARNIQUEIRA;60215;03/2024;13;226000;380000.0;769.34;384.67;384.67;5;OCUPADO;154000.0;68.14159292035397
SETOR HABITACIONAL ARNIQUEIRA;ARNIQUEIRA;60215;03/2024;14;232000;232000.0;793.68;396.84;396.84;1;OCUPADO;0.0;0.0
SETOR HABITACIONAL ARNIQUEIRA;ARNIQUEIRA;60215;03/2024;15;231000;381000.89;788.16;394.08;394.08;4;OCUPADO;150000.89;64.93545021645022
SETOR HABITACIONAL ARNIQUEIRA;ARNIQUEIRA;60215;03/2024;17;436000;662720.0;1561.28;624.512;780.64;4;OCUPADO;226720.0;52.0
SETOR HABITACIONAL ARNIQUEIRA;ARNIQUEIRA;60215;03/2024;18;435000;500000.0;1557.68;623.072;778.84;3;CONSTRUIDO;65000.0;14.942528735632186
SETOR O NORTE-QUADRA RESIDENCIAL             ;CEILANDIA;60219;03/2024;26;357000;401528.0;1134.0;756.0;378.0;2;OBSTRUIDO;44528.0;12.472829131652661
SETOR R NORTE-CNR;CEILANDIA;60219;03/2024;28;21700;71200.0;75.0;50.0;25.0;6;VAGO;49500.0;228.110599078341
SETOR INDUSTRIAL I                           ;CEILANDIA;60223;03/2024;29;617000;1521000.0;5000.0;5000.0;2500.0;7;VAGO;904000.0;146.515397082658
SETOR DE DESENVOLVIMENTO ECONOMICO CENTRO NORTE;CEILANDIA;60224;03/2024;30;187000;210500.0;600.0;600.0;300.0;2;OCUPADO;23500.0;12.566844919786096
SETOR RESID INDUSTRIA E ABASTECIMENTO        ;GUARA;60214;03/2024;32;276000;330000.0;387.48;387.48;161.45;5;VAGO;54000.0;19.565217391304348
SETOR RESID INDUSTRIA E ABASTECIMENTO        ;GUARA;60214;03/2024;33;276000;550000.0;387.48;387.48;161.45;5;VAGO;274000.0;99.27536231884058
SETOR RESID INDUSTRIA E ABASTECIMENTO        ;GUARA;60214;03/2024;34;276000;392800.0;387.48;387.48;161.45;10;VAGO;116800.0;42.31884057971014
SETOR RESID INDUSTRIA E ABASTECIMENTO        ;GUARA;60214;03/2024;35;353000;556000.0;513.504;513.504;213.96;8;VAGO;203000.0;57.50708215297451
SETOR RESID INDUSTRIA E ABASTECIMENTO        ;GUARA;60214;03/2024;36;330000;472000.0;475.608;475.608;198.17;4;VAGO;142000.0;43.03030303030303
SETOR RESID INDUSTRIA E ABASTECIMENTO        ;GUARA;60214;03/2024;37;330000;445102.0;475.608;475.608;198.17;4;VAGO;115102.0;34.879393939393935
SETOR RESID INDUSTRIA E ABASTECIMENTO        ;GUARA;60214;03/2024;38;295000;396106.01;418.32;418.32;174.3;5;VAGO;101106.01000000001;34.27322372881356
SETOR RESID INDUSTRIA E ABASTECIMENTO        ;GUARA;60214;03/2024;39;295000;396106.01;419.448;419.448;174.77;6;VAGO;101106.01000000001;34.27322372881356
SETOR RESID INDUSTRIA E ABASTECIMENTO        ;GUARA;60215;03/2024;40;290000;452000.0;411.528;411.528;171.47;9;VAGO;162000.0;55.86206896551724
SETOR RESID INDUSTRIA E ABASTECIMENTO        ;GUARA;60215;03/2024;41;295000;423506.01;419.448;419.448;174.77;3;VAGO;128506.01000000001;43.5613593220339
SETOR RESID INDUSTRIA E ABASTECIMENTO        ;GUARA;60215;03/2024;42;295000;423506.01;418.32;418.32;174.3;1;VAGO;128506.01000000001;43.5613593220339
SETOR RESID INDUSTRIA E ABASTECIMENTO        ;GUARA;60221;03/2024;43;1350000;1613000.0;3600.0;2700.0;900.0;2;VAGO;263000.0;19.48148148148148
SETOR DE INDUSTRIA E ABASTECIMENTO;GUARA;60223;03/2024;44;2250000;2506500.0;2970.05;1782.03;1188.02;3;OCUPADO;256500.0;11.4
COMP. URB. ALDEIAS DO CERRADO - QR 02 - RESIDENCIAL JACARANDAS;JARDIM BOTÂNICO;285;03/2024;45;319000;330513.0;472.27;472.27;472.27;2;VAGO;11513.0;3.609090909090909
COMP. URB. ALDEIAS DO CERRADO - QR 02 - RESIDENCIAL JACARANDAS;JARDIM BOTÂNICO;285;03/2024;52;301000;301080.0;420.0;420.0;420.0;1;VAGO;80.0;0.026578073089700997
COMP. URB. ALDEIAS DO CERRADO - QR 02 - RESIDENCIAL JACARANDAS;JARDIM BOTÂNICO;285;03/2024;59;306000;306500.0;432.44;432.44;432.44;3;VAGO;500.0;0.16339869281045752
COMP. URB. ALDEIAS DO CERRADO - QR 02 - RESIDENCIAL JACARANDAS;JARDIM BOTÂNICO;285;03/2024;69;301000;306126.0;420.0;420.0;420.0;1;VAGO;5126.0;1.7029900332225913
RECANTO DAS EMAS;RECANTO DAS EMAS;60217;03/2024;82;137000;137777.77;345.0;270.0;150.0;1;VAGO;777.7699999999895;0.5677153284671457
HABITACIONAL RIACHO FUNDO II;RIACHO FUNDO II;60217;03/2024;86;150000;159000.07;283.5;132.3;94.5;1;VAGO;9000.070000000007;6.000046666666671
HABITACIONAL RIACHO FUNDO II;RIACHO FUNDO II;60223;03/2024;92;692000;826606.0;1540.356;937.608;669.72;1;VAGO;134606.0;19.451734104046242
ADE OESTE - EXPANSÃO RESIDENCIAL OESTE DE SAMAMBAIA;SAMAMBAIA;60216;03/2024;95;131000;132000.0;600.0;300.0;150.0;1;OCUPADO;1000.0;0.7633587786259541
CENTRO URBANO;SAMAMBAIA;60217;03/2024;97;479000;516100.0;792.0;528.0;264.0;1;VAGO;37100.0;7.745302713987474
QN-SAMAMBAIA;SAMAMBAIA;60217;03/2024;98;155000;236999.99;350.0;200.0;100.0;2;VAGO;81999.98999999999;52.903219354838704
QN-SAMAMBAIA;SAMAMBAIA;60219;03/2024;101;119000;119001.0;300.0;200.0;100.0;1;VAGO;1.0;0.0008403361344537816
QN-SAMAMBAIA;SAMAMBAIA;60220;03/2024;112;119000;126999.99;300.0;200.0;100.0;1;VAGO;7999.990000000005;6.722680672268912
QN-SAMAMBAIA;SAMAMBAIA;60220;03/2024;118;123000;128680.0;600.0;400.0;200.0;1;VAGO;5680.0;4.617886178861789
QS-SAMAMBAIA;SAMAMBAIA;60220;03/2024;119;119000;129700.0;300.0;200.0;100.0;1;VAGO;10700.0;8.991596638655462
QS-SAMAMBAIA;SAMAMBAIA;60220;03/2024;122;81800;91000.0;150.0;100.0;50.0;1;VAGO;9200.0;11.246943765281173
QS-SAMAMBAIA;SAMAMBAIA;60220;03/2024;123;81800;126600.0;150.0;100.0;50.0;1;VAGO;44800.0;54.76772616136919
AREA DE DESENVOLVIMENTO ECONOMICO SUL;SAMAMBAIA;60227;03/2024;130;122000;151000.0;300.0;300.0;150.0;2;OCUPADO;29000.0;23.770491803278688
BAIRRO SÃO BARTOLOMEU;SAO SEBASTIAO;60217;03/2024;131;528000;601999.99;1197.195;1097.429;399.065;2;VAGO;73999.98999999999;14.01514962121212
SETOR HABITACIONAL ARNIQUEIRA;ARNIQUEIRA;60214;04/2024;1;230000;452962.56;787.14;393.57;393.57;7;OCUPADO;222962.56;96.94024347826087
SETOR HABITACIONAL ARNIQUEIRA;ARNIQUEIRA;60214;04/2024;5;446000;566132.0;1601.66;640.664;800.83;1;CONSTRUIDO;120132.0;26.935426008968612
SETOR HABITACIONAL ARNIQUEIRA;ARNIQUEIRA;60214;04/2024;6;444000;650000.0;1591.88;636.752;795.94;5;OCUPADO;206000.0;46.3963963963964
SETOR HABITACIONAL ARNIQUEIRA;ARNIQUEIRA;60215;04/2024;8;234000;361000.0;801.62;320.648;400.81;4;OCUPADO;127000.0;54.27350427350427
SETOR HABITACIONAL ARNIQUEIRA;ARNIQUEIRA;60215;04/2024;9;433000;467087.98;1548.86;619.544;774.43;1;OCUPADO;34087.97999999998;7.8725127020785175
SETOR HABITACIONAL ARNIQUEIRA;ARNIQUEIRA;60215;04/2024;10;433000;461300.0;1550.02;620.008;775.01;2;OCUPADO;28300.0;6.5357967667436485
SETOR HABITACIONAL ARNIQUEIRA;ARNIQUEIRA;60215;04/2024;13;230000;241001.3;785.02;392.51;392.51;2;CONSTRUIDO;11001.299999999988;4.783173913043473
SETOR HABITACIONAL ARNIQUEIRA;ARNIQUEIRA;60215;04/2024;19;236000;311100.0;806.24;322.496;403.12;3;CONSTRUIDO;75100.0;31.822033898305087
CIDADE TRADICIONAL-SETOR ADMINISTRATIVO      ;BRAZLANDIA;60216;04/2024;22;441000;445000.0;1400.0;980.0;700.0;1;VAGO;4000.0;0.9070294784580499
SETOR O NORTE-QUADRA RESIDENCIAL             ;CEILANDIA;60219;04/2024;24;377000;427000.1;1212.75;808.5;404.25;1;OBSTRUIDO;50000.09999999998;13.262625994694954
SETOR O NORTE-QUADRA RESIDENCIAL             ;CEILANDIA;60219;04/2024;25;406000;501999.99;1323.0;882.0;441.0;1;OBSTRUIDO;95999.98999999999;23.645317733990147
SETOR DE MATERIAL DE CONSTRUCAO              ;CEILANDIA;60225;04/2024;26;264000;958000.0;1800.0;1800.0;900.0;14;OBSTRUIDO;694000.0;262.8787878787879
COMP. URB. ALDEIAS DO CERRADO - QR 02 - RESIDENCIAL JACARANDAS;JARDIM BOTÂNICO;285;04/2024;27;311000;326550.0;449.12;449.12;449.12;1;VAGO;15550.0;5.0
COMP. URB. ALDEIAS DO CERRADO - QR 02 - RESIDENCIAL JACARANDAS;JARDIM BOTÂNICO;285;04/2024;28;320000;336000.0;474.87;474.87;474.87;1;VAGO;16000.0;5.0
COMP. URB. ALDEIAS DO CERRADO - QR 02 - RESIDENCIAL JACARANDAS;JARDIM BOTÂNICO;285;04/2024;31;338000;356361.0;532.27;532.27;532.27;4;VAGO;18361.0;5.4322485207100595
SETOR INDUSTRIAL BERNARDO SAYAO              ;NUCLEO BANDEIRANTE;60227;04/2024;60;743000;801130.61;517.5;382.5;225.0;2;OCUPADO;58130.609999999986;7.823769851951545
PARANOÁ PARQUE;PARANOA;60221;04/2024;63;916000;1505000.0;3237.536;1798.631;1798.631;2;VAGO;589000.0;64.30131004366812
RECANTO DAS EMAS;RECANTO DAS EMAS;60217;04/2024;64;340000;400000.0;928.556;726.696;403.72;2;CONSTRUIDO;60000.0;17.647058823529413
CENTRO URBANO;SAMAMBAIA;60217;04/2024;70;596000;700000.0;1012.5;675.0;337.5;1;VAGO;104000.0;17.449664429530202
QS-SAMAMBAIA;SAMAMBAIA;60217;04/2024;73;1570000;2156000.0;4701.384;2765.52;1382.76;3;OBSTRUIDO;586000.0;37.324840764331206
QS-SAMAMBAIA;SAMAMBAIA;60217;04/2024;74;1870000;2582000.0;5594.802;3291.06;1645.53;2;VAGO;712000.0;38.074866310160424
QS-SAMAMBAIA;SAMAMBAIA;60217;04/2024;77;155000;216600.0;350.0;200.0;100.0;2;VAGO;61600.0;39.74193548387097
QN-SAMAMBAIA;SAMAMBAIA;60218;04/2024;78;1120000;3536000.0;3114.66;2076.44;1038.22;11;OBSTRUIDO;2416000.0;215.7142857142857
QN-SAMAMBAIA;SAMAMBAIA;60219;04/2024;79;119000;152500.0;300.0;200.0;100.0;1;VAGO;33500.0;28.15126050420168
QN-SAMAMBAIA;SAMAMBAIA;60219;04/2024;81;81800;250500.0;150.0;100.0;50.0;5;OCUPADO;168700.0;206.23471882640584
QS-SAMAMBAIA;SAMAMBAIA;60219;04/2024;82;156000;161000.0;433.5;289.0;144.5;1;VAGO;5000.0;3.205128205128205
QS-SAMAMBAIA;SAMAMBAIA;60219;04/2024;83;188000;188000.0;435.0;290.0;145.0;1;VAGO;0.0;0.0
SANTA MARIA                                  ;SANTA MARIA;60217;04/2024;87;346000;350000.0;600.0;210.0;150.0;1;OCUPADO;4000.0;1.1560693641618496
SETOR G SUL-QUADRA COMERCIAL                 ;TAGUATINGA;60218;04/2024;97;2052000;2360000.0;2790.0;1860.0;930.0;1;OCUPADO;308000.0;15.009746588693956
SETOR HABITACIONAL ARNIQUEIRA;ARNIQUEIRA;60215;06/2024;6;463000;464000.0;1664.8;665.92;832.4;1;OCUPADO;1000.0;0.21598272138228944
SETOR HABITACIONAL ARNIQUEIRA;ARNIQUEIRA;60215;06/2024;8;441000;441001.0;1582.26;632.904;791.13;1;OCUPADO;1.0;0.00022675736961451246
SETOR DE HABITACOES INDIVIDUAIS SUL          ;BRASILIA;1000;06/2024;12;226000;351009.0;17.5;17.5;17.5;6;VAGO;125009.0;55.3137168141593
SETOR DE HAB COLETIVAS SUDOESTE              ;BRASILIA;60556;06/2024;13;1020000;2303000.0;864.0;864.0;576.0;4;VAGO;1283000.0;125.7843137254902
SETOR O NORTE-QUADRA RESIDENCIAL             ;CEILANDIA;60219;06/2024;20;376000;420500.0;1134.0;756.0;378.0;1;OCUPADO;44500.0;11.835106382978724
SETOR INDUSTRIAL I                           ;CEILANDIA;60225;06/2024;21;113000;310000.0;480.375;480.375;320.25;3;OCUPADO;197000.0;174.3362831858407
SETOR INDUSTRIAL I                           ;CEILANDIA;60225;06/2024;22;79600;121001.91;315.0;315.0;210.0;4;VAGO;41401.91;52.01244974874373
SETOR INDUSTRIAL I                           ;CEILANDIA;60225;06/2024;23;79600;132000.0;315.0;315.0;210.0;7;VAGO;52400.0;65.82914572864321
SETOR INDUSTRIAL I                           ;CEILANDIA;60225;06/2024;24;79600;131091.0;315.0;315.0;210.0;3;OBSTRUIDO;51491.0;64.68718592964824
SETOR CENTRAL                                ;GAMA;1000;06/2024;25;48500;61000.0;4.0;4.0;4.0;2;EM CONSTRUCAO;12500.0;25.773195876288657
SETOR CENTRAL                                ;GAMA;1000;06/2024;26;48500;61000.0;4.0;4.0;4.0;1;VAGO;12500.0;25.773195876288657
SETOR CENTRAL                                ;GAMA;1000;06/2024;27;48500;50010.0;4.0;4.0;4.0;1;VAGO;1510.0;3.11340206185567
SETOR RESID INDUSTRIA E ABASTECIMENTO        ;GUARA;60214;06/2024;28;352000;704000.0;511.08;511.08;212.95;16;VAGO;352000.0;100.0
SETOR RESID INDUSTRIA E ABASTECIMENTO        ;GUARA;60220;06/2024;30;504000;515000.0;432.0;432.0;144.0;1;VAGO;11000.0;2.1825396825396823
SETOR RESID INDUSTRIA E ABASTECIMENTO        ;GUARA;60221;06/2024;36;1350000;1680000.0;3600.0;2700.0;900.0;1;VAGO;330000.0;24.444444444444443
COMP. URB. ALDEIAS DO CERRADO - QR 02 - RESIDENCIAL JACARANDAS;JARDIM BOTÂNICO;285;06/2024;38;339000;372900.0;535.48;535.48;535.48;2;VAGO;33900.0;10.0
COMP. URB. ALDEIAS DO CERRADO - QR 02 - RESIDENCIAL JACARANDAS;JARDIM BOTÂNICO;285;06/2024;39;308000;325530.0;439.91;439.91;439.91;1;VAGO;17530.0;5.691558441558441
COMP. URB. ALDEIAS DO CERRADO - QR 02 - RESIDENCIAL JACARANDAS;JARDIM BOTÂNICO;285;06/2024;40;301000;312951.0;420.0;420.0;420.0;1;VAGO;11951.0;3.970431893687708
COMP. URB. ALDEIAS DO CERRADO - QR 02 - RESIDENCIAL JACARANDAS;JARDIM BOTÂNICO;285;06/2024;41;301000;308000.05;420.0;420.0;420.0;1;VAGO;7000.049999999988;2.3255980066445145
COMP. URB. ALDEIAS DO CERRADO - QR 02 - RESIDENCIAL JACARANDAS;JARDIM BOTÂNICO;285;06/2024;43;313000;315500.0;455.91;455.91;455.91;1;VAGO;2500.0;0.7987220447284344
COMP. URB. ALDEIAS DO CERRADO - QR 02 - RESIDENCIAL JACARANDAS;JARDIM BOTÂNICO;285;06/2024;45;338000;350001.5;532.27;532.27;532.27;1;VAGO;12001.5;3.550739644970414
SETOR HABITACIONAL JARDIM BOTANICO;SAO SEBASTIAO;60214;06/2024;46;954000;1000111.19;2162.19;2162.19;1441.46;1;VAGO;46111.189999999944;4.8334580712788195
PARANOÁ PARQUE;PARANOA;60221;06/2024;48;916000;1303000.0;3237.539;1798.633;1798.633;2;VAGO;387000.0;42.248908296943235
QN-SAMAMBAIA;SAMAMBAIA;60219;06/2024;53;82900;90000.0;150.0;100.0;50.0;2;OCUPADO;7100.0;8.56453558504222
QS-SAMAMBAIA;SAMAMBAIA;60219;06/2024;55;1850000;2850100.0;5130.0;3420.0;1710.0;2;EM CONSTRUCAO;1000100.0;54.05945945945946
QS-SAMAMBAIA;SAMAMBAIA;60220;06/2024;59;849000;891000.13;2800.23;1866.82;933.41;1;VAGO;42000.130000000005;4.947011778563016
QS-SAMAMBAIA;SAMAMBAIA;60220;06/2024;60;608000;651000.0;1976.4;1317.6;658.8;1;OBSTRUIDO;43000.0;7.072368421052631
QS-SAMAMBAIA;SAMAMBAIA;60220;06/2024;61;614000;651000.0;1996.8;1331.2;665.6;2;OBSTRUIDO;37000.0;6.026058631921824
QS-SAMAMBAIA;SAMAMBAIA;60220;06/2024;62;121000;123758.0;300.0;200.0;100.0;1;VAGO;2758.0;2.2793388429752066
AREA DES/ECONOMICO-AGUAS CLARAS;TAGUATINGA;60224;07/2024;2;1503000;1759636.0;1600.0;1600.0;800.0;2;OCUPADO;256636.0;17.074916833000664
AREA DES/ECONOMICO-AGUAS CLARAS;TAGUATINGA;60227;07/2024;3;195000;275000.5;300.0;300.0;150.0;7;OCUPADO;80000.5;41.025897435897434
SETOR HABITACIONAL ARNIQUEIRA;ARNIQUEIRA;60214;07/2024;4;444000;1025000.0;1591.74;636.696;795.87;50;OBSTRUIDO;581000.0;130.85585585585585
SETOR HABITACIONAL ARNIQUEIRA;ARNIQUEIRA;60215;07/2024;9;145000;160000.0;483.8;241.9;241.9;5;OCUPADO;15000.0;10.344827586206897
SETOR HABITACIONAL ARNIQUEIRA;ARNIQUEIRA;60215;07/2024;11;122000;126000.0;401.92;200.96;200.96;1;CONSTRUIDO;4000.0;3.278688524590164
SETOR HABITACIONAL ARNIQUEIRA;ARNIQUEIRA;60215;07/2024;12;115000;190100.0;377.84;188.92;188.92;4;OCUPADO;75100.0;65.30434782608697
SETOR HABITACIONAL ARNIQUEIRA;ARNIQUEIRA;60215;07/2024;13;233000;235000.0;795.78;397.89;397.89;1;OCUPADO;2000.0;0.8583690987124464
SETOR HABITACIONAL ARNIQUEIRA;ARNIQUEIRA;60215;07/2024;14;228000;240500.09;779.46;389.73;389.73;2;OCUPADO;12500.089999999997;5.482495614035086
SETOR DE HABITACOES INDIVIDUAIS NORTE        ;BRASILIA;60211;07/2024;16;1570000;1612012.12;1120.0;1120.0;800.0;1;VAGO;42012.12000000011;2.67593121019109
SETOR DE HABITACOES INDIVIDUAIS NORTE        ;BRASILIA;60211;07/2024;23;1420000;1602000.0;934.738;934.738;667.67;3;CERCADO;182000.0;12.816901408450704
SETOR DE HABITACOES INDIVIDUAIS NORTE        ;BRASILIA;60211;07/2024;25;1880000;10160000.0;1530.27;1530.27;1093.05;1;OCUPADO;8280000.0;440.42553191489355
SETOR DE HABITACOES INDIVIDUAIS NORTE        ;BRASILIA;60211;07/2024;25;1880000;10160000.0;1530.27;1530.27;1093.05;1;OCUPADO;8280000.0;440.42553191489355
SETOR DE HABITACOES INDIVIDUAIS NORTE        ;BRASILIA;60211;07/2024;25;1380000;10160000.0;888.062;888.062;634.33;1;OCUPADO;8780000.0;636.231884057971
SETOR DE HABITACOES INDIVIDUAIS NORTE        ;BRASILIA;60211;07/2024;25;1380000;10160000.0;888.062;888.062;634.33;1;OCUPADO;8780000.0;636.231884057971
SETOR DE HABITACOES INDIVIDUAIS NORTE        ;BRASILIA;60211;07/2024;25;1820000;10160000.0;1446.074;1446.074;1032.91;1;OCUPADO;8340000.0;458.2417582417582
SETOR DE HABITACOES INDIVIDUAIS NORTE        ;BRASILIA;60211;07/2024;25;1820000;10160000.0;1446.074;1446.074;1032.91;1;OCUPADO;8340000.0;458.2417582417582
SETOR DE HABITACOES INDIVIDUAIS NORTE        ;BRASILIA;60211;07/2024;26;1560000;1732000.0;1107.288;1107.288;790.92;2;CERCADO;172000.0;11.025641025641026
SETOR NORTE                                  ;BRAZLANDIA;60217;07/2024;31;1030000;1821000.0;2450.0;2450.0;1750.0;2;VAGO;791000.0;76.79611650485437
SETOR N NORTE-QUADRA RESIDENCIAL             ;CEILANDIA;60217;07/2024;33;1220000;1220000.0;3240.0;1080.0;540.0;1;VAGO;0.0;0.0
SETOR O NORTE-QUADRA RESIDENCIAL             ;CEILANDIA;60219;07/2024;34;376000;380000.0;1134.0;756.0;378.0;1;OBSTRUIDO;4000.0;1.0638297872340425
SETOR DE MATERIAL DE CONSTRUCAO              ;CEILANDIA;60225;07/2024;35;321000;1836000.0;2100.0;2100.0;1050.0;40;VAGO;1515000.0;471.96261682242994
SETOR INDUSTRIAL I                           ;CEILANDIA;60225;07/2024;36;111000;207700.0;472.5;472.5;315.0;3;OBSTRUIDO;96700.0;87.11711711711712
SETOR INDUSTRIAL I                           ;CEILANDIA;60225;07/2024;37;229000;339999.0;1400.0;1400.0;700.0;9;OCUPADO;110999.0;48.47117903930131
SETOR RESID INDUSTRIA E ABASTECIMENTO        ;GUARA;60214;07/2024;40;346000;602500.0;478.704;478.704;199.46;5;OCUPADO;256500.0;74.13294797687861
SETOR RESID INDUSTRIA E ABASTECIMENTO        ;GUARA;60214;07/2024;41;306000;450050.0;417.192;417.192;173.83;8;VAGO;144050.0;47.07516339869281
SETOR RESID INDUSTRIA E ABASTECIMENTO        ;GUARA;60214;07/2024;42;292000;400000.0;395.472;395.472;164.78;13;VAGO;108000.0;36.986301369863014
SETOR RESID INDUSTRIA E ABASTECIMENTO        ;GUARA;60214;07/2024;43;303000;446632.9;412.632;412.632;171.93;11;VAGO;143632.90000000002;47.40359735973598
SETOR RESID INDUSTRIA E ABASTECIMENTO        ;GUARA;60214;07/2024;44;283000;420000.0;380.544;380.544;158.56;12;VAGO;137000.0;48.409893992932865
SETOR RESID INDUSTRIA E ABASTECIMENTO        ;GUARA;60215;07/2024;45;306000;401001.0;417.192;417.192;173.83;13;VAGO;95001.0;31.04607843137255
COMP. URB. ALDEIAS DO CERRADO - QR 02 - RESIDENCIAL JACARANDAS;JARDIM BOTÂNICO;285;07/2024;46;338000;385255.0;532.27;532.27;532.27;4;VAGO;47255.0;13.98076923076923
COMP. URB. ALDEIAS DO CERRADO - QR 02 - RESIDENCIAL JACARANDAS;JARDIM BOTÂNICO;285;07/2024;47;338000;385255.0;532.27;532.27;532.27;3;VAGO;47255.0;13.98076923076923
COMP. URB. ALDEIAS DO CERRADO - QR 02 - RESIDENCIAL JACARANDAS;JARDIM BOTÂNICO;285;07/2024;48;338000;365000.0;532.27;532.27;532.27;6;VAGO;27000.0;7.988165680473373
COMP. URB. ALDEIAS DO CERRADO - QR 02 - RESIDENCIAL JACARANDAS;JARDIM BOTÂNICO;285;07/2024;49;301000;315000.0;420.0;420.0;420.0;5;VAGO;14000.0;4.651162790697675
COMP. URB. ALDEIAS DO CERRADO - QR 02 - RESIDENCIAL JACARANDAS;JARDIM BOTÂNICO;285;07/2024;50;301000;301000.05;420.0;420.0;420.0;1;VAGO;0.04999999998835847;1.6611295677195504e-05
SETOR HABITACIONAL JARDIM BOTANICO;SAO SEBASTIAO;60214;07/2024;51;580000;750000.1;1200.0;1200.0;800.0;6;VAGO;170000.09999999998;29.31036206896551
SETOR HABITACIONAL TAQUARI;LAGO NORTE;60211;07/2024;52;911000;930000.0;960.0;960.0;1200.0;1;OBSTRUIDO;19000.0;2.0856201975850714
PARANOÁ PARQUE;PARANOA;60221;07/2024;53;936000;1525000.0;3318.766;1843.759;1843.759;7;VAGO;589000.0;62.927350427350426
SETOR RESIDENCIAL LESTE (SRL);PLANALTINA;60216;07/2024;54;44400;62200.0;120.0;120.0;60.0;5;VAGO;17800.0;40.090090090090094
RECANTO DAS EMAS;RECANTO DAS EMAS;60216;07/2024;55;529000;530000.0;1230.32;1107.288;615.16;1;VAGO;1000.0;0.1890359168241966
RECANTO DAS EMAS;RECANTO DAS EMAS;60217;07/2024;56;111000;111000.0;276.0;216.0;120.0;1;VAGO;0.0;0.0
RECANTO DAS EMAS;RECANTO DAS EMAS;60217;07/2024;57;111000;117855.0;276.0;216.0;120.0;1;VAGO;6855.0;6.175675675675675
AREA DE DESENVOLVIMENTO ECONOMICO;RECANTO DAS EMAS;60224;07/2024;60;310000;621000.0;1108.224;1108.224;346.32;4;OCUPADO;311000.0;100.32258064516128
QR-SAMAMBAIA;SAMAMBAIA;60213;07/2024;63;1070000;1099999.99;3150.0;1800.0;900.0;1;VAGO;29999.98999999999;2.803737383177569
CENTRO URBANO;SAMAMBAIA;60217;07/2024;64;487000;10059000.0;792.0;528.0;264.0;1;VAGO;9572000.0;1965.5030800821355
CENTRO URBANO;SAMAMBAIA;60217;07/2024;64;487000;10059000.0;792.0;528.0;264.0;1;VAGO;9572000.0;1965.5030800821355
CENTRO URBANO;SAMAMBAIA;60217;07/2024;64;487000;10059000.0;792.0;528.0;264.0;1;VAGO;9572000.0;1965.5030800821355
CENTRO URBANO;SAMAMBAIA;60217;07/2024;64;627000;10059000.0;1050.0;700.0;350.0;1;VAGO;9432000.0;1504.3062200956938
CENTRO URBANO;SAMAMBAIA;60217;07/2024;64;627000;10059000.0;1050.0;700.0;350.0;1;VAGO;9432000.0;1504.3062200956938
CENTRO URBANO;SAMAMBAIA;60217;07/2024;64;627000;10059000.0;1050.0;700.0;350.0;1;VAGO;9432000.0;1504.3062200956938
CENTRO URBANO;SAMAMBAIA;60217;07/2024;64;627000;10059000.0;1050.0;700.0;350.0;1;VAGO;9432000.0;1504.3062200956938
CENTRO URBANO;SAMAMBAIA;60217;07/2024;64;2850000;10059000.0;5523.28;3156.16;1578.08;1;VAGO;7209000.0;252.94736842105263
CENTRO URBANO;SAMAMBAIA;60217;07/2024;64;2850000;10059000.0;5523.28;3156.16;1578.08;1;VAGO;7209000.0;252.94736842105263
CENTRO URBANO;SAMAMBAIA;60217;07/2024;65;448000;493000.0;720.0;480.0;240.0;1;VAGO;45000.0;10.044642857142858
QN-SAMAMBAIA;SAMAMBAIA;60217;07/2024;67;131000;240000.0;350.0;200.0;100.0;8;OBSTRUIDO;109000.0;83.20610687022901
QN-SAMAMBAIA;SAMAMBAIA;60217;07/2024;68;78300;359000.0;350.0;200.0;100.0;16;OCUPADO;280700.0;358.492975734355
QS-SAMAMBAIA;SAMAMBAIA;60217;07/2024;69;158000;158000.0;350.0;200.0;100.0;2;VAGO;0.0;0.0
QS-SAMAMBAIA;SAMAMBAIA;60217;07/2024;70;158000;165001.0;350.0;200.0;100.0;2;VAGO;7001.0;4.431012658227848
QS-SAMAMBAIA;SAMAMBAIA;60219;07/2024;78;288000;288010.0;883.44;588.96;294.48;2;VAGO;10.0;0.003472222222222222
QS-SAMAMBAIA;SAMAMBAIA;60219;07/2024;79;129000;129100.0;330.0;220.0;110.0;1;VAGO;100.0;0.07751937984496124
QS-SAMAMBAIA;SAMAMBAIA;60219;07/2024;81;129000;192000.0;330.0;220.0;110.0;1;VAGO;63000.0;48.837209302325576
QS-SAMAMBAIA;SAMAMBAIA;60220;07/2024;83;121000;126501.01;300.0;200.0;100.0;1;VAGO;5501.009999999995;4.546289256198343
QS-SAMAMBAIA;SAMAMBAIA;60220;07/2024;87;73100;73100.0;300.0;200.0;100.0;1;VAGO;0.0;0.0
QS-SAMAMBAIA;SAMAMBAIA;60220;07/2024;89;73100;76000.0;300.0;200.0;100.0;1;VAGO;2900.0;3.9671682626538987
QS-SAMAMBAIA;SAMAMBAIA;60220;07/2024;91;98700;105390.0;450.0;300.0;150.0;2;VAGO;6690.0;6.778115501519758
AREA DE DESENVOLVIMENTO ECONOMICO SUL;SAMAMBAIA;60227;07/2024;92;95800;162360.0;210.0;210.0;105.0;12;OBSTRUIDO;66560.0;69.47807933194154
SANTA MARIA                                  ;SANTA MARIA;60224;07/2024;95;657000;900000.0;3430.06;2401.042;1715.03;3;CERCADO;243000.0;36.986301369863014
SANTA MARIA                                  ;SANTA MARIA;60224;07/2024;96;644000;701001.0;3336.66;2335.662;1668.33;1;CERCADO;57001.0;8.851086956521739
BAIRRO SÃO BARTOLOMEU;SAO SEBASTIAO;60217;07/2024;99;518000;524036.71;1172.682;1074.959;390.894;1;OBSTRUIDO;6036.710000000021;1.1653880308880349
SOBRADINHO                                   ;SOBRADINHO;60213;07/2024;100;2350000;2510900.0;4290.0;4290.0;715.0;1;VAGO;160900.0;6.846808510638298
BAIRRO AGUAS CLARAS;TAGUATINGA;60219;08/2024;1;860000;2221100.0;816.0;408.0;408.0;9;CERCADO;1361100.0;158.2674418604651
BAIRRO AGUAS CLARAS;TAGUATINGA;60220;08/2024;2;14400000;27199999.0;18000.0;10800.0;3600.0;5;VAGO;12799999.0;88.88888194444445
SETOR HABITACIONAL ARNIQUEIRA;ARNIQUEIRA;60215;08/2024;4;507000;511011.01;1637.22;654.888;818.61;1;OCUPADO;4011.0100000000093;0.7911262327416192
SETOR HABITACIONAL ARNIQUEIRA;ARNIQUEIRA;60215;08/2024;5;491000;493000.0;1580.38;632.152;790.19;1;CONSTRUIDO;2000.0;0.40733197556008144
SETOR HABITACIONAL ARNIQUEIRA;ARNIQUEIRA;60215;08/2024;8;495000;500000.0;1595.86;638.344;797.93;1;OCUPADO;5000.0;1.0101010101010102
SETOR DE HABITACOES INDIVIDUAIS NORTE        ;BRASILIA;60211;08/2024;10;2300000;2523100.0;1484.0;1484.0;1060.0;1;CONSTRUIDO;223100.0;9.700000000000001
SETOR DE HABITACOES INDIVIDUAIS SUL          ;BRASILIA;60222;08/2024;11;1720000;1753000.0;882.0;882.0;294.0;1;OBSTRUIDO;33000.0;1.9186046511627908
SETOR N NORTE-QUADRA RESIDENCIAL             ;CEILANDIA;60217;08/2024;16;2030000;2401000.0;6000.0;2000.0;1000.0;1;CERCADO;371000.0;18.275862068965516
SETOR O NORTE-QUADRA RESIDENCIAL             ;CEILANDIA;60219;08/2024;18;679000;802100.0;2308.5;1539.0;769.5;2;OBSTRUIDO;123100.0;18.12960235640648
SETOR DE MATERIAL DE CONSTRUCAO              ;CEILANDIA;60225;08/2024;19;321000;640000.01;2100.0;2100.0;1050.0;2;CERCADO;319000.01;99.37695015576324
SETOR DE MATERIAL DE CONSTRUCAO              ;CEILANDIA;60225;08/2024;20;321000;1050000.0;2100.0;2100.0;1050.0;9;OCUPADO;729000.0;227.10280373831776
SETOR DE MATERIAL DE CONSTRUCAO              ;CEILANDIA;60225;08/2024;21;321000;1050000.0;2100.0;2100.0;1050.0;7;OCUPADO;729000.0;227.10280373831776
SETOR LESTE (COM);GAMA;60216;08/2024;22;208000;211111.11;900.0;450.0;225.0;1;CERCADO;3111.109999999986;1.4957259615384548
SETOR DE MULTIPLAS ATIVIDADES;GAMA;60224;08/2024;23;213000;236000.0;352.0;220.0;220.0;4;OBSTRUIDO;23000.0;10.7981220657277
SETOR RESID INDUSTRIA E ABASTECIMENTO        ;GUARA;60214;08/2024;25;285000;360000.0;384.0;384.0;160.0;11;VAGO;75000.0;26.31578947368421
SETOR RESID INDUSTRIA E ABASTECIMENTO        ;GUARA;60214;08/2024;26;285000;375000.0;384.0;384.0;160.0;5;VAGO;90000.0;31.57894736842105
SETOR RESID INDUSTRIA E ABASTECIMENTO        ;GUARA;60214;08/2024;27;350000;403000.0;484.752;484.752;201.98;5;VAGO;53000.0;15.142857142857144
SETOR RESID INDUSTRIA E ABASTECIMENTO        ;GUARA;60214;08/2024;28;341000;501002.0;470.928;470.928;196.22;7;VAGO;160002.0;46.92140762463343
SETOR RESID INDUSTRIA E ABASTECIMENTO        ;GUARA;60214;08/2024;29;308000;432014.77;420.576;420.576;175.24;4;VAGO;124014.77000000002;40.26453571428572
SETOR RESID INDUSTRIA E ABASTECIMENTO        ;GUARA;60214;08/2024;30;309000;453005.99;421.704;421.704;175.71;6;VAGO;144005.99;46.60388025889967
SETOR RESID INDUSTRIA E ABASTECIMENTO        ;GUARA;60215;08/2024;31;309000;455477.12;421.704;421.704;175.71;1;VAGO;146477.12;47.403598705501615
SETOR RESID INDUSTRIA E ABASTECIMENTO        ;GUARA;60215;08/2024;32;308000;430220.0;420.576;420.576;175.24;4;OBSTRUIDO;122220.0;39.68181818181818
SETOR RESID INDUSTRIA E ABASTECIMENTO        ;GUARA;60215;08/2024;33;344000;558143.34;475.68;475.68;198.2;11;VAGO;214143.33999999997;62.250970930232555
COMP. URB. ALDEIAS DO CERRADO - QR 02 - RESIDENCIAL JACARANDAS;JARDIM BOTÂNICO;285;08/2024;40;315000;331326.0;460.92;460.92;460.92;3;VAGO;16326.0;5.182857142857142
COMP. URB. ALDEIAS DO CERRADO - QR 02 - RESIDENCIAL JACARANDAS;JARDIM BOTÂNICO;285;08/2024;42;304000;321652.0;427.64;427.64;427.64;8;VAGO;17652.0;5.806578947368421
COMP. URB. ALDEIAS DO CERRADO - QR 02 - RESIDENCIAL JACARANDAS;JARDIM BOTÂNICO;285;08/2024;43;301000;316199.0;420.0;420.0;420.0;5;VAGO;15199.0;5.049501661129568
COMP. URB. ALDEIAS DO CERRADO - QR 02 - RESIDENCIAL JACARANDAS;JARDIM BOTÂNICO;285;08/2024;45;301000;315000.0;420.0;420.0;420.0;1;VAGO;14000.0;4.651162790697675
COMP. URB. ALDEIAS DO CERRADO - QR 02 - RESIDENCIAL JACARANDAS;JARDIM BOTÂNICO;285;08/2024;46;301000;341000.0;420.0;420.0;420.0;2;VAGO;40000.0;13.2890365448505
COMP. URB. ALDEIAS DO CERRADO - QR 02 - RESIDENCIAL JACARANDAS;JARDIM BOTÂNICO;285;08/2024;47;301000;306100.0;420.0;420.0;420.0;2;VAGO;5100.0;1.6943521594684385
COMP. URB. ALDEIAS DO CERRADO - QR 02 - RESIDENCIAL JACARANDAS;JARDIM BOTÂNICO;285;08/2024;48;301000;306100.0;420.0;420.0;420.0;1;VAGO;5100.0;1.6943521594684385
COMP. URB. ALDEIAS DO CERRADO - QR 02 - RESIDENCIAL JACARANDAS;JARDIM BOTÂNICO;285;08/2024;49;301000;306100.0;420.0;420.0;420.0;1;VAGO;5100.0;1.6943521594684385
COMP. URB. ALDEIAS DO CERRADO - QR 02 - RESIDENCIAL JACARANDAS;JARDIM BOTÂNICO;285;08/2024;50;301000;303913.13;420.0;420.0;420.0;1;VAGO;2913.1300000000047;0.9678172757475099
PARANOÁ PARQUE;PARANOA;60221;08/2024;57;936000;1605000.0;3318.754;1843.752;1843.752;3;VAGO;669000.0;71.47435897435898
RECANTO DAS EMAS;RECANTO DAS EMAS;60217;08/2024;60;137000;180007.0;345.0;270.0;150.0;2;OBSTRUIDO;43007.0;31.391970802919705
HABITACIONAL RIACHO FUNDO II;RIACHO FUNDO II;60224;08/2024;72;936000;1100000.0;1386.0;1386.0;990.0;1;VAGO;164000.0;17.52136752136752
QI-SAMAMBAIA;SAMAMBAIA;60218;08/2024;73;274000;705000.0;560.0;400.0;200.0;6;OCUPADO;431000.0;157.2992700729927
QN-SAMAMBAIA;SAMAMBAIA;60220;08/2024;78;217000;256000.0;1125.0;750.0;375.0;2;VAGO;39000.0;17.972350230414747
QS-SAMAMBAIA;SAMAMBAIA;60220;08/2024;81;121000;137000.0;300.0;200.0;100.0;1;VAGO;16000.0;13.223140495867769
QS-SAMAMBAIA;SAMAMBAIA;60220;08/2024;82;121000;137000.0;300.0;200.0;100.0;1;VAGO;16000.0;13.223140495867769
QS-SAMAMBAIA;SAMAMBAIA;60220;08/2024;83;121000;126000.0;300.0;200.0;100.0;1;VAGO;5000.0;4.132231404958678
QS-SAMAMBAIA;SAMAMBAIA;60220;08/2024;84;121000;137000.0;300.0;200.0;100.0;1;VAGO;16000.0;13.223140495867769
QS-SAMAMBAIA;SAMAMBAIA;60220;08/2024;85;121000;137000.0;300.0;200.0;100.0;2;VAGO;16000.0;13.223140495867769
SOBRADINHO                                   ;SOBRADINHO;60216;08/2024;89;1350000;1892000.0;1200.0;1200.0;600.0;2;VAGO;542000.0;40.14814814814815
SOBRADINHO                                   ;SOBRADINHO;60223;08/2024;90;4962000;4967000.0;6000.0;4500.0;2500.0;1;OCUPADO;5000.0;0.1007658202337767
SETOR G SUL-QUADRA COMERCIAL                 ;TAGUATINGA;60225;08/2024;94;7140000;10210000.0;12650.6;12650.6;6325.3;2;OCUPADO;3070000.0;42.997198879551824
BAIRRO AGUAS CLARAS;TAGUATINGA;60219;10/2024;1;860000;865020.0;816.0;408.0;408.0;1;OCUPADO;5020.0;0.5837209302325581
SETOR DE HABITACOES INDIVIDUAIS NORTE        ;BRASILIA;60211;10/2024;4;1260000;1260000.0;756.0;756.0;540.0;1;VAGO;0.0;0.0
SETOR DE HABITACOES INDIVIDUAIS NORTE        ;BRASILIA;60211;10/2024;5;1260000;1261000.0;756.0;756.0;540.0;1;VAGO;1000.0;0.07936507936507936
SETOR BANCARIO NORTE                         ;BRASILIA;60475;10/2024;10;19300000;19519122.05;528.75;528.75;528.75;1;VAGO;219122.05000000075;1.1353474093264286
SETOR M NORTE-QUADRA RESIDENCIAL             ;CEILANDIA;60220;10/2024;27;341000;430000.0;1000.0;500.0;250.0;1;CERCADO;89000.0;26.099706744868033
SETOR INDUSTRIAL I                           ;CEILANDIA;60225;10/2024;29;79600;155500.0;315.0;315.0;210.0;5;OBSTRUIDO;75900.0;95.35175879396985
SETOR INDUSTRIAL I                           ;CEILANDIA;60225;10/2024;30;79600;145500.0;315.0;315.0;210.0;6;OBSTRUIDO;65900.0;82.78894472361809
SETOR INDUSTRIAL I                           ;CEILANDIA;60225;10/2024;31;79600;136000.0;315.0;315.0;210.0;4;OBSTRUIDO;56400.0;70.85427135678391
SETOR INDUSTRIAL I                           ;CEILANDIA;60225;10/2024;32;79600;137400.0;315.0;315.0;210.0;7;VAGO;57800.0;72.61306532663316
SETOR INDUSTRIAL I                           ;CEILANDIA;60225;10/2024;33;229000;902900.0;1400.0;1400.0;700.0;8;OBSTRUIDO;673900.0;294.27947598253274
SETOR RESID INDUSTRIA E ABASTECIMENTO        ;GUARA;60214;10/2024;34;313000;502552.0;427.944;427.944;178.31;9;VAGO;189552.0;60.55974440894568
SETOR RESID INDUSTRIA E ABASTECIMENTO        ;GUARA;60214;10/2024;35;260000;415999.99;345.6;345.6;144.0;13;VAGO;155999.99;59.99999615384615
SETOR RESID INDUSTRIA E ABASTECIMENTO        ;GUARA;60214;10/2024;36;260000;403000.0;345.6;345.6;144.0;8;VAGO;143000.0;55.00000000000001
SETOR RESID INDUSTRIA E ABASTECIMENTO        ;GUARA;60214;10/2024;37;288000;305000.0;388.8;388.8;162.0;2;OCUPADO;17000.0;5.902777777777778
SETOR RESID INDUSTRIA E ABASTECIMENTO        ;GUARA;60214;10/2024;38;271000;421000.0;361.776;361.776;150.74;8;VAGO;150000.0;55.35055350553506
SETOR RESID INDUSTRIA E ABASTECIMENTO        ;GUARA;60214;10/2024;39;295000;371100.0;399.6;399.6;166.5;3;VAGO;76100.0;25.796610169491522
SETOR RESID INDUSTRIA E ABASTECIMENTO        ;GUARA;60214;10/2024;40;295000;421156.0;399.6;399.6;166.5;3;VAGO;126156.0;42.76474576271186
SETOR RESID INDUSTRIA E ABASTECIMENTO        ;GUARA;60214;10/2024;41;295000;406674.2;399.6;399.6;166.5;3;VAGO;111674.20000000001;37.855661016949156
SETOR RESID INDUSTRIA E ABASTECIMENTO        ;GUARA;60214;10/2024;42;288000;477777.77;388.8;388.8;162.0;6;VAGO;189777.77000000002;65.89505902777778
SETOR RESID INDUSTRIA E ABASTECIMENTO        ;GUARA;60215;10/2024;43;340000;350000.0;469.08;469.08;195.45;2;OCUPADO;10000.0;2.941176470588235
SETOR RESID INDUSTRIA E ABASTECIMENTO        ;GUARA;60221;10/2024;45;1400000;1814100.0;3600.0;2700.0;900.0;4;VAGO;414100.0;29.578571428571426
COMP. URB. ALDEIAS DO CERRADO - QR 02 - RESIDENCIAL JACARANDAS;JARDIM BOTÂNICO;285;10/2024;49;304000;331808.88;427.97;427.97;427.97;1;VAGO;27808.880000000005;9.147657894736843
COMP. URB. ALDEIAS DO CERRADO - QR 02 - RESIDENCIAL JACARANDAS;JARDIM BOTÂNICO;285;10/2024;54;301000;320510.6;420.0;420.0;420.0;1;VAGO;19510.599999999977;6.481926910298997
COMP. URB. ALDEIAS DO CERRADO - QR 02 - RESIDENCIAL JACARANDAS;JARDIM BOTÂNICO;285;10/2024;55;319000;319102.0;472.27;472.27;472.27;1;VAGO;102.0;0.03197492163009404
COMP. URB. ALDEIAS DO CERRADO - QR 02 - RESIDENCIAL JACARANDAS;JARDIM BOTÂNICO;285;10/2024;56;301000;350099.0;420.0;420.0;420.0;1;VAGO;49099.0;16.311960132890366
COMP. URB. ALDEIAS DO CERRADO - QR 02 - RESIDENCIAL JACARANDAS;JARDIM BOTÂNICO;285;10/2024;57;301000;319101.0;420.0;420.0;420.0;1;VAGO;18101.0;6.0136212624584715
COMP. URB. ALDEIAS DO CERRADO - QR 02 - RESIDENCIAL JACARANDAS;JARDIM BOTÂNICO;285;10/2024;58;301000;325570.0;420.0;420.0;420.0;3;VAGO;24570.0;8.162790697674419
COMP. URB. ALDEIAS DO CERRADO - QR 02 - RESIDENCIAL JACARANDAS;JARDIM BOTÂNICO;285;10/2024;60;301000;330050.0;420.0;420.0;420.0;2;VAGO;29050.0;9.651162790697674
COMP. URB. ALDEIAS DO CERRADO - QR 02 - RESIDENCIAL JACARANDAS;JARDIM BOTÂNICO;285;10/2024;61;301000;301818.18;420.0;420.0;420.0;1;VAGO;818.179999999993;0.2718205980066422
COMP. URB. ALDEIAS DO CERRADO - QR 02 - RESIDENCIAL JACARANDAS;JARDIM BOTÂNICO;285;10/2024;62;301000;320102.0;420.0;420.0;420.0;2;VAGO;19102.0;6.346179401993355
COMP. URB. ALDEIAS DO CERRADO - QR 02 - RESIDENCIAL JACARANDAS;JARDIM BOTÂNICO;285;10/2024;63;301000;310300.0;420.0;420.0;420.0;2;VAGO;9300.0;3.089700996677741
COMP. URB. ALDEIAS DO CERRADO - QR 02 - RESIDENCIAL JACARANDAS;JARDIM BOTÂNICO;285;10/2024;64;326000;356000.0;496.27;496.27;496.27;1;VAGO;30000.0;9.202453987730062
COMP. URB. ALDEIAS DO CERRADO - QR 02 - RESIDENCIAL JACARANDAS;JARDIM BOTÂNICO;285;10/2024;67;326000;335101.99;496.27;496.27;496.27;1;VAGO;9101.98999999999;2.7920214723926353
COMP. URB. ALDEIAS DO CERRADO - QR 02 - RESIDENCIAL JACARANDAS;JARDIM BOTÂNICO;285;10/2024;68;362000;467772.33;615.08;615.08;615.08;1;VAGO;105772.33000000002;29.21887569060774
COMP. URB. ALDEIAS DO CERRADO - QR 02 - RESIDENCIAL JACARANDAS;JARDIM BOTÂNICO;285;10/2024;72;386000;411999.99;701.25;701.25;701.25;1;VAGO;25999.98999999999;6.73574870466321
PARANOÁ PARQUE;PARANOA;60221;10/2024;73;891000;891100.0;3318.761;1843.756;1843.756;2;VAGO;100.0;0.011223344556677891
PARANOÁ PARQUE;PARANOA;60221;10/2024;74;824000;824100.0;3037.511;1687.506;1687.506;2;VAGO;100.0;0.012135922330097087
PARANOÁ PARQUE;PARANOA;60221;10/2024;75;824000;841000.0;3037.507;1687.504;1687.504;1;VAGO;17000.0;2.063106796116505
RECANTO DAS EMAS;RECANTO DAS EMAS;60216;10/2024;81;130000;130000.0;300.0;270.0;150.0;1;SITUACAO NAO CADASTRADA;0.0;0.0
RECANTO DAS EMAS;RECANTO DAS EMAS;60216;10/2024;82;130000;130000.0;300.0;270.0;150.0;1;OCUPADO;0.0;0.0
RECANTO DAS EMAS;RECANTO DAS EMAS;60216;10/2024;83;130000;130000.0;300.0;270.0;150.0;1;SITUACAO NAO CADASTRADA;0.0;0.0
RECANTO DAS EMAS;RECANTO DAS EMAS;60217;10/2024;88;137000;137050.0;345.0;270.0;150.0;1;VAGO;50.0;0.0364963503649635
RECANTO DAS EMAS;RECANTO DAS EMAS;60217;10/2024;89;137000;137050.0;345.0;270.0;150.0;1;VAGO;50.0;0.0364963503649635
RECANTO DAS EMAS;RECANTO DAS EMAS;60217;10/2024;93;249000;256000.0;662.4;518.4;288.0;1;VAGO;7000.0;2.8112449799196786
HABITACIONAL RIACHO FUNDO II;RIACHO FUNDO II;60227;10/2024;104;78500;118000.0;100.0;70.0;50.0;4;VAGO;39500.0;50.318471337579616
HABITACIONAL RIACHO FUNDO II;RIACHO FUNDO II;60227;10/2024;105;78500;101500.0;100.0;70.0;50.0;3;VAGO;23000.0;29.29936305732484
HABITACIONAL RIACHO FUNDO II;RIACHO FUNDO II;60227;10/2024;106;78500;105500.0;100.0;70.0;50.0;2;VAGO;27000.0;34.394904458598724
HABITACIONAL RIACHO FUNDO II;RIACHO FUNDO II;60227;10/2024;107;78500;101000.0;100.0;70.0;50.0;3;VAGO;22500.0;28.662420382165603
HABITACIONAL RIACHO FUNDO II;RIACHO FUNDO II;60227;10/2024;108;78500;91000.0;100.0;70.0;50.0;2;VAGO;12500.0;15.92356687898089
HABITACIONAL RIACHO FUNDO II;RIACHO FUNDO II;60227;10/2024;109;78500;83299.99;100.0;70.0;50.0;1;VAGO;4799.990000000005;6.114636942675166
HABITACIONAL RIACHO FUNDO II;RIACHO FUNDO II;60227;10/2024;110;78500;85000.0;100.0;70.0;50.0;2;VAGO;6500.0;8.280254777070063
HABITACIONAL RIACHO FUNDO II;RIACHO FUNDO II;60227;10/2024;111;78500;85000.0;100.0;70.0;50.0;1;VAGO;6500.0;8.280254777070063
HABITACIONAL RIACHO FUNDO II;RIACHO FUNDO II;60227;10/2024;112;78500;105500.0;100.0;70.0;50.0;3;VAGO;27000.0;34.394904458598724
HABITACIONAL RIACHO FUNDO II;RIACHO FUNDO II;60227;10/2024;113;78500;115500.0;100.0;70.0;50.0;5;VAGO;37000.0;47.13375796178344
CENTRO URBANO;SAMAMBAIA;60217;10/2024;119;448000;453000.0;720.0;480.0;240.0;1;VAGO;5000.0;1.1160714285714286
CENTRO URBANO;SAMAMBAIA;60217;10/2024;120;448000;461000.0;720.0;480.0;240.0;1;VAGO;13000.0;2.9017857142857144
QN-SAMAMBAIA;SAMAMBAIA;60217;10/2024;121;2010000;2715000.0;5910.9;3477.0;1738.5;2;OBSTRUIDO;705000.0;35.07462686567165
QN-SAMAMBAIA;SAMAMBAIA;60217;10/2024;122;1660000;1850000.0;4865.4;2862.0;1431.0;1;OBSTRUIDO;190000.0;11.44578313253012
QS-SAMAMBAIA;SAMAMBAIA;60217;10/2024;124;158000;162312.06;350.0;200.0;100.0;4;VAGO;4312.059999999998;2.729151898734176
QS-SAMAMBAIA;SAMAMBAIA;60217;10/2024;125;802000;962100.0;2500.0;1250.0;625.0;1;VAGO;160100.0;19.962593516209477
QS-SAMAMBAIA;SAMAMBAIA;60217;10/2024;126;1640000;2038100.0;4823.75;2837.5;1418.75;1;VAGO;398100.0;24.274390243902438
QS-SAMAMBAIA;SAMAMBAIA;60217;10/2024;127;158000;160099.0;350.0;200.0;100.0;2;OCUPADO;2099.0;1.3284810126582278
QR-SAMAMBAIA;SAMAMBAIA;60219;10/2024;129;99900;110062.62;150.0;100.0;50.0;1;VAGO;10162.619999999995;10.172792792792789
QS-SAMAMBAIA;SAMAMBAIA;60219;10/2024;132;249000;260000.0;600.0;400.0;200.0;1;VAGO;11000.0;4.417670682730924
QN-SAMAMBAIA;SAMAMBAIA;60220;10/2024;133;255000;260100.0;768.0;512.0;256.0;1;VAGO;5100.0;2.0
QR-SAMAMBAIA;SAMAMBAIA;60220;10/2024;134;427000;430000.0;1356.57;904.38;452.19;1;VAGO;3000.0;0.702576112412178
QR-SAMAMBAIA;SAMAMBAIA;60220;10/2024;135;427000;461101.0;1356.9;904.6;452.3;1;VAGO;34101.0;7.986182669789227
QS-SAMAMBAIA;SAMAMBAIA;60220;10/2024;136;121000;126500.0;300.0;200.0;100.0;1;VAGO;5500.0;4.545454545454546
SANTA MARIA                                  ;SANTA MARIA;60215;10/2024;137;46100;160999.99;162.75;162.75;116.25;40;VAGO;114899.98999999999;249.24075921908891
SANTA MARIA                                  ;SANTA MARIA;60221;10/2024;138;484000;500000.0;2450.0;2450.0;1750.0;1;OCUPADO;16000.0;3.3057851239669422
BAIRRO SÃO BARTOLOMEU;SAO SEBASTIAO;60217;10/2024;141;436000;485100.0;962.103;881.928;320.701;3;VAGO;49100.0;11.261467889908257
BAIRRO SÃO BARTOLOMEU;SAO SEBASTIAO;60217;10/2024;142;445000;457700.0;982.149;900.303;327.383;2;CERCADO;12700.0;2.853932584269663
SETOR M NORTE-QUADRA RESIDENCIAL             ;TAGUATINGA;60214;10/2024;143;156000;161500.0;256.0;256.0;128.0;1;OCUPADO;5500.0;3.5256410256410255
BAIRRO AGUAS CLARAS-QS;TAGUATINGA;60216;11/2024;1;2350000;2365000.0;4057.16;4057.16;2028.58;1;VAGO;15000.0;0.6382978723404255
SETOR HABITACIONAL ARNIQUEIRA;ARNIQUEIRA;60214;11/2024;2;500000;580000.0;1612.12;644.848;806.06;3;OCUPADO;80000.0;16.0
SETOR HABITACIONAL ARNIQUEIRA;ARNIQUEIRA;60215;11/2024;6;354000;384000.12;1113.54;445.416;556.77;3;CERCADO;30000.119999999995;8.474610169491523
SHCNW-SETOR DE HABITAÇÕES COLETIVAS NOROESTE;BRASILIA;60604;11/2024;14;13500000;15121000.0;7586.48;7586.48;3448.4;1;VAGO;1621000.0;12.007407407407406
SHCNW-SETOR DE HABITAÇÕES COLETIVAS NOROESTE;BRASILIA;60604;11/2024;15;13500000;13921000.0;7586.48;7586.48;3448.4;1;VAGO;421000.0;3.1185185185185182
SETOR M NORTE-QUADRA RESIDENCIAL             ;CEILANDIA;60217;11/2024;18;1700000;1721000.0;4800.0;1600.0;800.0;1;VAGO;21000.0;1.2352941176470587
SETOR O NORTE-QUADRA RESIDENCIAL             ;CEILANDIA;60219;11/2024;20;376000;390000.0;1134.0;756.0;378.0;1;OCUPADO;14000.0;3.723404255319149
SETOR O NORTE-QUADRA RESIDENCIAL             ;CEILANDIA;60219;11/2024;23;376000;421999.99;1134.0;756.0;378.0;2;OCUPADO;45999.98999999999;12.234039893617018
SETOR DE DESENVOLVIMENTO ECONOMICO CENTRO NORTE;CEILANDIA;60227;11/2024;24;241600;242000.0;300.0;300.0;150.0;2;OCUPADO;400.0;0.16556291390728478
SETOR RESID INDUSTRIA E ABASTECIMENTO        ;GUARA;60214;11/2024;32;260000;402000.0;345.6;345.6;144.0;7;VAGO;142000.0;54.61538461538461
SETOR RESID INDUSTRIA E ABASTECIMENTO        ;GUARA;60214;11/2024;33;260000;408000.0;345.6;345.6;144.0;21;VAGO;148000.0;56.92307692307692
SETOR RESID INDUSTRIA E ABASTECIMENTO        ;GUARA;60214;11/2024;34;260000;421000.0;345.6;345.6;144.0;15;VAGO;161000.0;61.92307692307693
SETOR RESID INDUSTRIA E ABASTECIMENTO        ;GUARA;60214;11/2024;35;260000;381550.0;345.6;345.6;144.0;11;VAGO;121550.0;46.75
COMP. URB. ALDEIAS DO CERRADO - QR 02 - RESIDENCIAL JACARANDAS;JARDIM BOTÂNICO;285;11/2024;48;301000;305000.0;420.0;420.0;420.0;1;VAGO;4000.0;1.3289036544850499
COMP. URB. ALDEIAS DO CERRADO - QR 02 - RESIDENCIAL JACARANDAS;JARDIM BOTÂNICO;285;11/2024;49;329000;336000.0;503.61;503.61;503.61;1;VAGO;7000.0;2.127659574468085
COMP. URB. ALDEIAS DO CERRADO - QR 02 - RESIDENCIAL JACARANDAS;JARDIM BOTÂNICO;285;11/2024;50;307000;323750.0;435.68;435.68;435.68;2;VAGO;16750.0;5.456026058631922
COMP. URB. ALDEIAS DO CERRADO - QR 02 - RESIDENCIAL JACARANDAS;JARDIM BOTÂNICO;285;11/2024;51;301000;340130.0;420.0;420.0;420.0;2;VAGO;39130.0;13.0
COMP. URB. ALDEIAS DO CERRADO - QR 02 - RESIDENCIAL JACARANDAS;JARDIM BOTÂNICO;285;11/2024;52;301000;370000.0;420.0;420.0;420.0;2;VAGO;69000.0;22.92358803986711
COMP. URB. ALDEIAS DO CERRADO - QR 02 - RESIDENCIAL JACARANDAS;JARDIM BOTÂNICO;285;11/2024;55;301000;302000.0;420.0;420.0;420.0;1;VAGO;1000.0;0.33222591362126247
COMP. URB. ALDEIAS DO CERRADO - QR 02 - RESIDENCIAL JACARANDAS;JARDIM BOTÂNICO;285;11/2024;58;301000;351200.0;420.0;420.0;420.0;3;VAGO;50200.0;16.677740863787374
SETOR HABITACIONAL JARDIM BOTANICO;SAO SEBASTIAO;60214;11/2024;61;597000;900000.0;1240.2;1240.2;826.8;11;VAGO;303000.0;50.753768844221106
SETOR HABITACIONAL JARDIM BOTANICO;SAO SEBASTIAO;60214;11/2024;62;914000;1156000.0;2054.43;2054.43;1369.62;3;CERCADO;242000.0;26.477024070021884
SETOR HABITACIONAL JARDIM BOTANICO;SAO SEBASTIAO;60214;11/2024;63;580000;950000.0;1200.0;1200.0;800.0;14;VAGO;370000.0;63.793103448275865
SETOR HABITACIONAL TAQUARI;LAGO NORTE;60219;11/2024;64;2240000;2912000.0;1863.936;1863.936;2329.92;1;OBSTRUIDO;672000.0;30.0
EXPANSÃO DO SETOR RESIDENCIAL LESTE;PLANALTINA;60216;11/2024;65;87400;90000.0;200.0;200.0;100.0;2;VAGO;2600.0;2.9748283752860414
RECANTO DAS EMAS;RECANTO DAS EMAS;60216;11/2024;66;240000;325500.0;502.36;452.124;251.18;1;VAGO;85500.0;35.625
RECANTO DAS EMAS;RECANTO DAS EMAS;60217;11/2024;68;147000;160000.0;359.766;281.556;156.42;1;CONSTRUIDO;13000.0;8.843537414965986
QN-SAMAMBAIA;SAMAMBAIA;60217;11/2024;76;786000;1741000.0;2975.0;1487.5;743.75;7;VAGO;955000.0;121.50127226463103
QN-SAMAMBAIA;SAMAMBAIA;60217;11/2024;77;2010000;2615000.0;5926.2;3486.0;1743.0;3;OCUPADO;605000.0;30.09950248756219
QN-SAMAMBAIA;SAMAMBAIA;60219;11/2024;84;73100;73100.0;300.0;200.0;100.0;1;OBSTRUIDO;0.0;0.0
QN-SAMAMBAIA;SAMAMBAIA;60219;11/2024;86;163000;174586.16;450.0;300.0;150.0;2;VAGO;11586.160000000003;7.108073619631903
QN-SAMAMBAIA;SAMAMBAIA;60219;11/2024;87;176000;200000.0;495.0;330.0;165.0;2;VAGO;24000.0;13.636363636363635
QN-SAMAMBAIA;SAMAMBAIA;60219;11/2024;88;146000;164000.0;300.0;200.0;100.0;2;VAGO;18000.0;12.32876712328767
QN-SAMAMBAIA;SAMAMBAIA;60219;11/2024;91;146000;153000.0;300.0;200.0;100.0;1;VAGO;7000.0;4.794520547945205
QR-SAMAMBAIA;SAMAMBAIA;60219;11/2024;94;99900;100580.0;150.0;100.0;50.0;1;VAGO;680.0;0.6806806806806807
QS-SAMAMBAIA;SAMAMBAIA;60219;11/2024;95;178000;192000.0;900.0;600.0;300.0;1;VAGO;14000.0;7.865168539325842
QN-SAMAMBAIA;SAMAMBAIA;60220;11/2024;99;1087000;1250000.0;1728.45;1152.3;576.15;2;OCUPADO;163000.0;14.995400183992642
QS-SAMAMBAIA;SAMAMBAIA;60220;11/2024;101;873000;881000.0;2881.05;1920.7;960.35;1;VAGO;8000.0;0.9163802978235969
SETOR HABITACIONAL VICENTE PIRES - TRECHO 03;VICENTE PIRES;60214;11/2024;113;139000;191000.0;315.46;315.46;157.73;5;OCUPADO;52000.0;37.410071942446045
SETOR DE HABITACOES INDIVIDUAIS SUL          ;BRASILIA;1000;13/2024;1;124000;250000.0;6.0;6.0;6.0;4;OBSTRUIDO;126000.0;101.61290322580645
SETOR NORTE                                  ;BRAZLANDIA;60224;13/2024;4;218000;218000.0;432.0;432.0;360.0;1;OCUPADO;0.0;0.0
SETOR INDUSTRIAL I                           ;CEILANDIA;60225;13/2024;8;113000;113000.0;480.375;480.375;320.25;1;OCUPADO;0.0;0.0
SETOR INDUSTRIAL I                           ;CEILANDIA;60221;13/2024;9;71000;151999.99;366.0;366.0;183.0;5;OCUPADO;80999.98999999999;114.08449295774648
SETOR INDUSTRIAL I                           ;CEILANDIA;60225;13/2024;10;113000;259000.0;480.375;480.375;320.25;3;OBSTRUIDO;146000.0;129.20353982300884
SETOR INDUSTRIAL I                           ;CEILANDIA;60225;13/2024;12;79600;120000.0;315.0;315.0;210.0;2;OCUPADO;40400.0;50.753768844221106
SETOR INDUSTRIAL I                           ;CEILANDIA;60225;13/2024;13;79600;147100.0;315.0;315.0;210.0;7;VAGO;67500.0;84.79899497487438
SETOR SUL                                    ;GAMA;60216;13/2024;14;196000;217007.77;1250.0;625.0;312.5;1;VAGO;21007.76999999999;10.718249999999994
SETOR RESID INDUSTRIA E ABASTECIMENTO        ;GUARA;60214;13/2024;15;287000;480001.0;387.48;387.48;161.45;6;VAGO;193001.0;67.24773519163763
SETOR RESID INDUSTRIA E ABASTECIMENTO        ;GUARA;60214;13/2024;16;332000;541162.67;457.416;457.416;190.59;3;VAGO;209162.67000000004;63.00080421686748
SETOR RESID INDUSTRIA E ABASTECIMENTO        ;GUARA;60214;13/2024;17;288000;405555.0;388.8;388.8;162.0;7;CERCADO;117555.0;40.817708333333336
SETOR RESID INDUSTRIA E ABASTECIMENTO        ;GUARA;60214;13/2024;18;279000;435200.0;375.12;375.12;156.3;3;VAGO;156200.0;55.98566308243728
SETOR RESID INDUSTRIA E ABASTECIMENTO        ;GUARA;60214;13/2024;19;264000;407224.13;350.904;350.904;146.21;6;VAGO;143224.13;54.2515643939394
SETOR RESID INDUSTRIA E ABASTECIMENTO        ;GUARA;60214;13/2024;20;268000;431200.01;357.24;357.24;148.85;3;VAGO;163200.01;60.89552611940299
SETOR RESID INDUSTRIA E ABASTECIMENTO        ;GUARA;60214;13/2024;21;260000;392000.99;345.6;345.6;144.0;4;OBSTRUIDO;132000.99;50.76961153846153
COMP. URB. ALDEIAS DO CERRADO - QR 02 - RESIDENCIAL JACARANDAS;JARDIM BOTÂNICO;285;13/2024;26;319000;340000.0;472.65;472.65;472.65;3;VAGO;21000.0;6.583072100313479
COMP. URB. ALDEIAS DO CERRADO - QR 02 - RESIDENCIAL JACARANDAS;JARDIM BOTÂNICO;285;13/2024;30;337000;338500.0;530.21;530.21;530.21;1;VAGO;1500.0;0.44510385756676557
COMP. URB. ALDEIAS DO CERRADO - QR 02 - RESIDENCIAL JACARANDAS;JARDIM BOTÂNICO;285;13/2024;32;301000;311100.0;420.0;420.0;420.0;1;VAGO;10100.0;3.355481727574751
COMP. URB. ALDEIAS DO CERRADO - QR 02 - RESIDENCIAL JACARANDAS;JARDIM BOTÂNICO;285;13/2024;34;301000;310500.0;420.0;420.0;420.0;1;VAGO;9500.0;3.1561461794019934
COMP. URB. ALDEIAS DO CERRADO - QR 02 - RESIDENCIAL JACARANDAS;JARDIM BOTÂNICO;285;13/2024;39;328000;355100.0;499.75;499.75;499.75;1;VAGO;27100.0;8.262195121951219
COMP. URB. ALDEIAS DO CERRADO - QR 02 - RESIDENCIAL JACARANDAS;JARDIM BOTÂNICO;285;13/2024;40;381000;451913.03;682.46;682.46;682.46;1;VAGO;70913.03000000003;18.612343832021004
COMP. URB. ALDEIAS DO CERRADO - QR 02 - RESIDENCIAL JACARANDAS;JARDIM BOTÂNICO;285;13/2024;41;301000;302000.0;420.0;420.0;420.0;1;VAGO;1000.0;0.33222591362126247
COMP. URB. ALDEIAS DO CERRADO - QR 02 - RESIDENCIAL JACARANDAS;JARDIM BOTÂNICO;285;13/2024;43;330000;340000.0;507.14;507.14;507.14;2;VAGO;10000.0;3.0303030303030303
PLACA DA MERCEDES                            ;NUCLEO BANDEIRANTE;60227;13/2024;46;470000;526700.0;460.0;340.0;200.0;1;OCUPADO;56700.0;12.063829787234043
RESID. OESTE - VILA NOSSA. SENHORA DE FÁTIMA;PLANALTINA;60359;13/2024;48;22300;100000.0;50.0;50.0;50.0;11;OBSTRUIDO;77700.0;348.4304932735426
HABITACIONAL RIACHO FUNDO II;RIACHO FUNDO II;60223;13/2024;62;3080000;3410000.0;8328.65;4664.044;3331.46;1;VAGO;330000.0;10.714285714285714
CENTRO URBANO;SAMAMBAIA;60217;13/2024;67;464000;464000.0;750.0;500.0;250.0;1;VAGO;0.0;0.0
QN-SAMAMBAIA;SAMAMBAIA;60217;13/2024;69;213000;286600.0;525.0;300.0;150.0;4;OBSTRUIDO;73600.0;34.55399061032864
QN-SAMAMBAIA;SAMAMBAIA;60217;13/2024;70;213000;316600.0;525.0;300.0;150.0;3;OBSTRUIDO;103600.0;48.63849765258216
QS-SAMAMBAIA;SAMAMBAIA;60217;13/2024;71;158000;174999.0;350.0;200.0;100.0;1;OCUPADO;16999.0;10.758860759493672
QS-SAMAMBAIA;SAMAMBAIA;60217;13/2024;75;859000;1413000.0;2998.8;1764.0;882.0;1;VAGO;554000.0;64.49359720605355
QS-SAMAMBAIA;SAMAMBAIA;60219;13/2024;84;264000;280000.0;645.0;430.0;215.0;2;OBSTRUIDO;16000.0;6.0606060606060606
QS-SAMAMBAIA;SAMAMBAIA;60220;13/2024;94;73100;73200.0;300.0;200.0;100.0;1;VAGO;100.0;0.13679890560875513
POLO DESENV/ECONOMICO JUSCELINO KUBITSCHEK INDUSTRIA COMERCIO DE APOIO;SANTA MARIA;60225;13/2024;100;3380000;3765000.0;16000.0;5000.0;5000.0;1;OBSTRUIDO;385000.0;11.390532544378699
BAIRRO RESIDENCIAL OESTE;SAO SEBASTIAO;60216;13/2024;101;894000;929990.0;2017.611;1681.343;672.537;3;OBSTRUIDO;35990.0;4.02572706935123
CENTRO ORIENT. E EDUC. RURAL - COER;SOBRADINHO;60220;13/2024;102;2140000;2230000.0;7828.132;3010.82;3010.82;1;VAGO;90000.0;4.205607476635514
SETOR HABITACIONAL ARNIQUEIRA;ARNIQUEIRA;60215;14/2024;3;475000;900000.0;1524.12;609.648;762.06;6;OCUPADO;425000.0;89.47368421052632
SETOR O NORTE-QUADRA RESIDENCIAL             ;CEILANDIA;60217;14/2024;9;1310000;5100000.0;8760.0;2920.0;1460.0;9;OCUPADO;3790000.0;289.31297709923666
SETOR RESID INDUSTRIA E ABASTECIMENTO        ;GUARA;60214;14/2024;14;260000;312000.0;345.6;345.6;144.0;4;VAGO;52000.0;20.0
SETOR RESID INDUSTRIA E ABASTECIMENTO        ;GUARA;60214;14/2024;15;295000;438500.0;399.6;399.6;166.5;4;VAGO;143500.0;48.644067796610166
SETOR RESID INDUSTRIA E ABASTECIMENTO        ;GUARA;60214;14/2024;18;260000;407559.0;345.6;345.6;144.0;7;VAGO;147559.0;56.753461538461536
SETOR RESID INDUSTRIA E ABASTECIMENTO        ;GUARA;60214;14/2024;19;260000;415005.14;345.6;345.6;144.0;5;VAGO;155005.14;59.617361538461545
SETOR RESID INDUSTRIA E ABASTECIMENTO        ;GUARA;60214;14/2024;20;260000;417700.0;345.6;345.6;144.0;10;VAGO;157700.0;60.65384615384616
SETOR RESID INDUSTRIA E ABASTECIMENTO        ;GUARA;60214;14/2024;21;295000;300200.0;399.6;399.6;166.5;1;OCUPADO;5200.0;1.7627118644067796
SETOR RESID INDUSTRIA E ABASTECIMENTO        ;GUARA;60214;14/2024;22;295000;305200.0;399.6;399.6;166.5;2;OCUPADO;10200.0;3.457627118644068
COMP. URB. ALDEIAS DO CERRADO - QR 02 - RESIDENCIAL JACARANDAS;JARDIM BOTÂNICO;285;14/2024;24;301000;312001.0;420.0;420.0;420.0;2;VAGO;11001.0;3.654817275747509
COMP. URB. ALDEIAS DO CERRADO - QR 02 - RESIDENCIAL JACARANDAS;JARDIM BOTÂNICO;285;14/2024;25;301000;301100.0;420.0;420.0;420.0;1;VAGO;100.0;0.03322259136212625
COMP. URB. ALDEIAS DO CERRADO - QR 02 - RESIDENCIAL JACARANDAS;JARDIM BOTÂNICO;285;14/2024;26;301000;301500.0;420.0;420.0;420.0;3;VAGO;500.0;0.16611295681063123
COMP. URB. ALDEIAS DO CERRADO - QR 02 - RESIDENCIAL JACARANDAS;JARDIM BOTÂNICO;285;14/2024;27;301000;311650.0;420.0;420.0;420.0;1;VAGO;10650.0;3.5382059800664454
COMP. URB. ALDEIAS DO CERRADO - QR 02 - RESIDENCIAL JACARANDAS;JARDIM BOTÂNICO;285;14/2024;28;301000;311650.0;420.0;420.0;420.0;1;VAGO;10650.0;3.5382059800664454
COMP. URB. ALDEIAS DO CERRADO - QR 02 - RESIDENCIAL JACARANDAS;JARDIM BOTÂNICO;285;14/2024;30;313000;345900.0;454.79;454.79;454.79;3;VAGO;32900.0;10.511182108626198
COMP. URB. ALDEIAS DO CERRADO - QR 02 - RESIDENCIAL JACARANDAS;JARDIM BOTÂNICO;285;14/2024;31;301000;302000.0;420.0;420.0;420.0;2;VAGO;1000.0;0.33222591362126247
COMP. URB. ALDEIAS DO CERRADO - QR 02 - RESIDENCIAL JACARANDAS;JARDIM BOTÂNICO;285;14/2024;33;387000;422510.82;704.99;704.99;704.99;1;VAGO;35510.82000000001;9.175922480620157
COMP. URB. ALDEIAS DO CERRADO - QR 02 - RESIDENCIAL JACARANDAS;JARDIM BOTÂNICO;285;14/2024;34;365000;366300.0;627.06;627.06;627.06;1;VAGO;1300.0;0.3561643835616438
SETOR HABITACIONAL JARDIM BOTANICO;SAO SEBASTIAO;60214;14/2024;36;624000;717600.0;1241.625;1241.625;827.75;5;VAGO;93600.0;15.0
QUADRA DE OFICINAS;RIACHO FUNDO;60227;14/2024;44;289000;410000.0;400.0;280.0;200.0;2;OCUPADO;121000.0;41.86851211072664
HABITACIONAL RIACHO FUNDO II;RIACHO FUNDO II;60224;14/2024;54;2200000;2450000.0;3547.726;3547.726;2534.09;1;VAGO;250000.0;11.363636363636363
CENTRO URBANO;SAMAMBAIA;60217;14/2024;58;395000;440000.0;620.82;413.88;206.94;1;VAGO;45000.0;11.39240506329114
QN-SAMAMBAIA;SAMAMBAIA;60217;14/2024;62;1740000;3100000.0;5100.0;3000.0;1500.0;5;VAGO;1360000.0;78.16091954022988
QN-SAMAMBAIA;SAMAMBAIA;60219;14/2024;64;121000;154200.0;300.0;200.0;100.0;2;OBSTRUIDO;33200.0;27.43801652892562
QN-SAMAMBAIA;SAMAMBAIA;60219;14/2024;65;121000;154200.0;300.0;200.0;100.0;2;OCUPADO;33200.0;27.43801652892562
QN-SAMAMBAIA;SAMAMBAIA;60219;14/2024;66;121000;154200.0;300.0;200.0;100.0;2;OCUPADO;33200.0;27.43801652892562
QN-SAMAMBAIA;SAMAMBAIA;60219;14/2024;67;534000;585999.99;1412.4;941.6;470.8;1;VAGO;51999.98999999999;9.737825842696628
QS-SAMAMBAIA;SAMAMBAIA;60219;14/2024;70;688000;770000.0;2250.0;1500.0;750.0;1;VAGO;82000.0;11.918604651162791
QN-SAMAMBAIA;SAMAMBAIA;60220;14/2024;73;121000;125150.0;300.0;200.0;100.0;1;VAGO;4150.0;3.4297520661157024
QN-SAMAMBAIA;SAMAMBAIA;60220;14/2024;76;73100;154200.0;300.0;200.0;100.0;12;VAGO;81100.0;110.94391244870042
QS-SAMAMBAIA;SAMAMBAIA;60220;14/2024;79;1030000;1450000.0;3403.44;2268.96;1134.48;5;VAGO;420000.0;40.77669902912621
SANTA MARIA                                  ;SANTA MARIA;60227;14/2024;82;105000;208000.0;518.616;288.12;288.12;3;OCUPADO;103000.0;98.09523809523809
BAIRRO RESIDENCIAL OESTE;SAO SEBASTIAO;60216;14/2024;83;840000;864000.02;1891.503;1576.253;630.501;1;OBSTRUIDO;24000.02000000002;2.85714523809524
CENTRO ORIENT. E EDUC. RURAL - COER;SOBRADINHO;60220;14/2024;88;664000;743680.0;2081.196;800.46;800.46;2;VAGO;79680.0;12.0
CENTRO ORIENT. E EDUC. RURAL - COER;SOBRADINHO;60220;14/2024;89;658000;710640.0;2059.564;792.14;792.14;2;VAGO;52640.0;8.0
SHCNW-SETOR DE HABITAÇÕES COLETIVAS NOROESTE;BRASILIA;60598;01/2025;9;276000;504200.0;20.0;20.0;20.0;2;OBSTRUIDO;228200.0;82.68115942028984
SHCNW-SETOR DE HABITAÇÕES COLETIVAS NOROESTE;BRASILIA;60598;01/2025;10;276000;504200.0;20.0;20.0;20.0;1;VAGO;228200.0;82.68115942028984
SHCNW-SETOR DE HABITAÇÕES COLETIVAS NOROESTE;BRASILIA;60598;01/2025;11;276000;504200.0;20.0;20.0;20.0;1;VAGO;228200.0;82.68115942028984
SETOR O NORTE-QUADRA RESIDENCIAL             ;CEILANDIA;60219;01/2025;14;376000;380000.0;1134.0;756.0;378.0;1;OBSTRUIDO;4000.0;1.0638297872340425
SETOR INDUSTRIAL I                           ;CEILANDIA;60225;01/2025;17;79600;202000.0;315.0;315.0;210.0;8;VAGO;122400.0;153.76884422110552
SETOR INDUSTRIAL I                           ;CEILANDIA;60225;01/2025;18;79600;132003.91;315.0;315.0;210.0;1;CERCADO;52403.91;65.83405778894473
SETOR INDUSTRIAL I                           ;CEILANDIA;60225;01/2025;19;79600;132002.91;315.0;315.0;210.0;1;OCUPADO;52402.91;65.8328015075377
SETOR INDUSTRIAL I                           ;CEILANDIA;60225;01/2025;20;79600;195000.0;315.0;315.0;210.0;5;VAGO;115400.0;144.9748743718593
SETOR INDUSTRIAL I                           ;CEILANDIA;60225;01/2025;21;79600;197000.0;315.0;315.0;210.0;1;OCUPADO;117400.0;147.48743718592965
SETOR RESID INDUSTRIA E ABASTECIMENTO        ;GUARA;60214;01/2025;22;260000;429650.0;345.6;345.6;144.0;8;VAGO;169650.0;65.25
SETOR RESID INDUSTRIA E ABASTECIMENTO        ;GUARA;60214;01/2025;23;296000;342768.0;401.232;401.232;167.18;3;VAGO;46768.0;15.8
SETOR RESID INDUSTRIA E ABASTECIMENTO        ;GUARA;60214;01/2025;24;286000;447777.77;385.992;385.992;160.83;8;VAGO;161777.77000000002;56.56565384615385
SETOR RESID INDUSTRIA E ABASTECIMENTO        ;GUARA;60214;01/2025;25;337000;522222.23;464.808;464.808;193.67;5;VAGO;185222.22999999998;54.96208605341246
SETOR RESID INDUSTRIA E ABASTECIMENTO        ;GUARA;60214;01/2025;26;260000;415115.15;345.6;345.6;144.0;7;VAGO;155115.15000000002;59.659673076923085
SETOR RESID INDUSTRIA E ABASTECIMENTO        ;GUARA;60214;01/2025;27;260000;425000.0;345.6;345.6;144.0;9;VAGO;165000.0;63.46153846153846
SETOR RESID INDUSTRIA E ABASTECIMENTO        ;GUARA;60214;01/2025;28;260000;411000.0;345.6;345.6;144.0;2;VAGO;151000.0;58.07692307692308
SETOR RESID INDUSTRIA E ABASTECIMENTO        ;GUARA;60214;01/2025;29;260000;288018.18;345.6;345.6;144.0;1;VAGO;28018.179999999993;10.776223076923074
SETOR RESID INDUSTRIA E ABASTECIMENTO        ;GUARA;60215;01/2025;30;260000;325000.0;345.6;345.6;144.0;7;OBSTRUIDO;65000.0;25.0
SETOR RESID INDUSTRIA E ABASTECIMENTO        ;GUARA;60220;01/2025;31;367000;590000.0;510.768;510.768;212.82;9;VAGO;223000.0;60.76294277929155
COMP. URB. ALDEIAS DO CERRADO - QR 02 - RESIDENCIAL JACARANDAS;JARDIM BOTÂNICO;285;01/2025;36;326000;328100.0;494.44;494.44;494.44;3;VAGO;2100.0;0.6441717791411044
COMP. URB. ALDEIAS DO CERRADO - QR 02 - RESIDENCIAL JACARANDAS;JARDIM BOTÂNICO;285;01/2025;37;318000;322000.05;468.91;468.91;468.91;1;VAGO;4000.0499999999884;1.2578773584905623
COMP. URB. ALDEIAS DO CERRADO - QR 02 - RESIDENCIAL JACARANDAS;JARDIM BOTÂNICO;285;01/2025;38;301000;303055.0;420.0;420.0;420.0;3;VAGO;2055.0;0.6827242524916943
COMP. URB. ALDEIAS DO CERRADO - QR 02 - RESIDENCIAL JACARANDAS;JARDIM BOTÂNICO;285;01/2025;39;301000;315050.0;420.0;420.0;420.0;2;VAGO;14050.0;4.667774086378738
COMP. URB. ALDEIAS DO CERRADO - QR 02 - RESIDENCIAL JACARANDAS;JARDIM BOTÂNICO;285;01/2025;40;329000;331001.0;502.96;502.96;502.96;1;VAGO;2001.0;0.6082066869300912
COMP. URB. ALDEIAS DO CERRADO - QR 02 - RESIDENCIAL JACARANDAS;JARDIM BOTÂNICO;285;01/2025;42;318000;326650.15;469.47;469.47;469.47;1;VAGO;8650.150000000023;2.72017295597485
COMP. URB. ALDEIAS DO CERRADO - QR 02 - RESIDENCIAL JACARANDAS;JARDIM BOTÂNICO;285;01/2025;45;324000;381201.99;487.47;487.47;487.47;1;VAGO;57201.98999999999;17.654935185185185
COMP. URB. ALDEIAS DO CERRADO - QR 02 - RESIDENCIAL JACARANDAS;JARDIM BOTÂNICO;285;01/2025;46;301000;321001.0;420.0;420.0;420.0;4;VAGO;20001.0;6.6448504983388705
SETOR HABITACIONAL SÃO BARTOLOMEU;PARANOA;60214;01/2025;49;684000;905000.0;2039.8;2039.8;1019.9;6;OCUPADO;221000.0;32.30994152046784
RECANTO DAS EMAS;RECANTO DAS EMAS;60216;01/2025;51;173000;198950.0;394.2;354.78;197.1;2;CERCADO;25950.0;15.0
RECANTO DAS EMAS;RECANTO DAS EMAS;60221;01/2025;54;1140000;1237737.0;3751.25;3751.25;1500.5;1;VAGO;97737.0;8.573421052631579
RECANTO DAS EMAS;RECANTO DAS EMAS;60221;01/2025;55;827000;830000.0;2968.4;2968.4;1187.36;1;VAGO;3000.0;0.36275695284159615
HABITACIONAL RIACHO FUNDO II;RIACHO FUNDO II;60217;01/2025;56;427000;427000.0;935.73;436.674;311.91;1;VAGO;0.0;0.0
HABITACIONAL RIACHO FUNDO II;RIACHO FUNDO II;60224;01/2025;61;2150000;2400000.0;3462.354;3462.354;2473.11;1;VAGO;250000.0;11.627906976744185
HABITACIONAL RIACHO FUNDO II;RIACHO FUNDO II;60224;01/2025;62;1960000;2175000.0;3125.374;3125.374;2232.41;2;VAGO;215000.0;10.96938775510204
CENTRO URBANO;SAMAMBAIA;60217;01/2025;64;607000;667959.99;1012.5;675.0;337.5;2;VAGO;60959.98999999999;10.042831960461283
CENTRO URBANO;SAMAMBAIA;60217;01/2025;65;607000;657000.0;1012.5;675.0;337.5;1;VAGO;50000.0;8.237232289950576
QN-SAMAMBAIA;SAMAMBAIA;60217;01/2025;71;158000;162000.0;350.0;200.0;100.0;1;VAGO;4000.0;2.5316455696202533
QN-SAMAMBAIA;SAMAMBAIA;60217;01/2025;72;630000;690000.0;2358.24;1179.12;589.56;2;VAGO;60000.0;9.523809523809524
QN-SAMAMBAIA;SAMAMBAIA;60219;01/2025;74;121000;195000.0;300.0;200.0;100.0;5;VAGO;74000.0;61.15702479338842
QS-SAMAMBAIA;SAMAMBAIA;60219;01/2025;76;819000;917280.0;2220.0;1480.0;740.0;1;VAGO;98280.0;12.0
QS-SAMAMBAIA;SAMAMBAIA;60219;01/2025;78;141000;165000.0;371.25;247.5;123.75;2;VAGO;24000.0;17.02127659574468
QS-SAMAMBAIA;SAMAMBAIA;60219;01/2025;79;196000;196000.0;450.0;300.0;150.0;1;VAGO;0.0;0.0
QS-SAMAMBAIA;SAMAMBAIA;60220;01/2025;82;322000;532800.0;999.36;666.24;333.12;5;VAGO;210800.0;65.46583850931677
SANTA MARIA                                  ;SANTA MARIA;60224;01/2025;85;618000;750000.0;3149.42;2204.594;1574.71;2;VAGO;132000.0;21.35922330097087
SANTA MARIA                                  ;SANTA MARIA;60224;01/2025;86;608000;750000.0;3077.92;2154.544;1538.96;1;CERCADO;142000.0;23.355263157894736
SANTA MARIA                                  ;SANTA MARIA;60227;01/2025;87;105000;250000.0;518.4;288.0;288.0;7;OCUPADO;145000.0;138.0952380952381
SANTA MARIA                                  ;SANTA MARIA;60228;01/2025;88;594000;600000.0;3607.5;1942.5;1387.5;1;VAGO;6000.0;1.0101010101010102
CENTRO ORIENT. E EDUC. RURAL - COER;SOBRADINHO;60220;01/2025;94;1500000;1620010.99;5251.844;2019.94;2019.94;1;VAGO;120010.98999999999;8.000732666666666
CENTRO ORIENT. E EDUC. RURAL - COER;SOBRADINHO;60220;01/2025;95;1340000;1341000.0;4616.118;1775.43;1775.43;1;VAGO;1000.0;0.0746268656716418
SETOR HABITACIONAL ARNIQUEIRA;ARNIQUEIRA;60215;02/2025;1;261000;421000.0;805.72;322.288;402.86;4;OCUPADO;160000.0;61.30268199233716
SETOR N NORTE-QUADRA RESIDENCIAL             ;CEILANDIA;60217;02/2025;4;2030000;2130000.85;6000.0;2000.0;1000.0;1;VAGO;100000.8500000001;4.926150246305423
SETOR INDUSTRIAL I                           ;CEILANDIA;60225;02/2025;5;79600;220000.0;315.0;315.0;210.0;12;OBSTRUIDO;140400.0;176.3819095477387
SETOR INDUSTRIAL I                           ;CEILANDIA;60225;02/2025;6;79600;230000.99;315.0;315.0;210.0;9;OCUPADO;150400.99;188.9459673366834
SETOR INDUSTRIAL I                           ;CEILANDIA;60225;02/2025;7;79600;215999.0;315.0;315.0;210.0;4;CERCADO;136399.0;171.35552763819095
SETOR INDUSTRIAL I                           ;CEILANDIA;60225;02/2025;8;79600;165000.0;315.0;315.0;210.0;2;VAGO;85400.0;107.28643216080403
COMP. URB. ALDEIAS DO CERRADO - QR 04 - RESIDENCIAL SUCUPIRAS;JARDIM BOTÂNICO;285;02/2025;10;319000;342925.0;425.1;425.1;425.1;1;VAGO;23925.0;7.5
COMP. URB. ALDEIAS DO CERRADO - QR 04 - RESIDENCIAL SUCUPIRAS;JARDIM BOTÂNICO;285;02/2025;11;335000;361130.0;471.75;471.75;471.75;1;VAGO;26130.0;7.8
COMP. URB. ALDEIAS DO CERRADO - QR 04 - RESIDENCIAL SUCUPIRAS;JARDIM BOTÂNICO;285;02/2025;12;320000;345280.0;428.58;428.58;428.58;2;VAGO;25280.0;7.9
COMP. URB. ALDEIAS DO CERRADO - QR 04 - RESIDENCIAL SUCUPIRAS;JARDIM BOTÂNICO;285;02/2025;15;318000;337154.0;422.29;422.29;422.29;3;VAGO;19154.0;6.023270440251572
COMP. URB. ALDEIAS DO CERRADO - QR 04 - RESIDENCIAL SUCUPIRAS;JARDIM BOTÂNICO;285;02/2025;16;324000;324100.1;439.07;439.07;439.07;1;VAGO;100.09999999997672;0.030895061728387876
COMP. URB. ALDEIAS DO CERRADO - QR 04 - RESIDENCIAL SUCUPIRAS;JARDIM BOTÂNICO;285;02/2025;17;348000;360000.0;511.52;511.52;511.52;4;VAGO;12000.0;3.4482758620689653
COMP. URB. ALDEIAS DO CERRADO - QR 04 - RESIDENCIAL SUCUPIRAS;JARDIM BOTÂNICO;285;02/2025;18;352000;358000.0;524.05;524.05;524.05;2;VAGO;6000.0;1.7045454545454544
COMP. URB. ALDEIAS DO CERRADO - QR 04 - RESIDENCIAL SUCUPIRAS;JARDIM BOTÂNICO;285;02/2025;21;317000;328999.0;420.0;420.0;420.0;1;VAGO;11999.0;3.785173501577287
COMP. URB. ALDEIAS DO CERRADO - QR 04 - RESIDENCIAL SUCUPIRAS;JARDIM BOTÂNICO;285;02/2025;22;382000;412258.6;618.7;618.7;618.7;1;VAGO;30258.599999999977;7.921099476439784
COMP. URB. ALDEIAS DO CERRADO - QR 04 - RESIDENCIAL SUCUPIRAS;JARDIM BOTÂNICO;285;02/2025;23;329000;334526.0;453.4;453.4;453.4;1;VAGO;5526.0;1.6796352583586627
COMP. URB. ALDEIAS DO CERRADO - QR 04 - RESIDENCIAL SUCUPIRAS;JARDIM BOTÂNICO;285;02/2025;26;329000;360801.0;456.0;456.0;456.0;2;VAGO;31801.0;9.66595744680851
COMP. URB. ALDEIAS DO CERRADO - QR 04 - RESIDENCIAL SUCUPIRAS;JARDIM BOTÂNICO;285;02/2025;29;357000;360000.01;540.02;540.02;540.02;2;VAGO;3000.0100000000093;0.8403389355742323
COMP. URB. ALDEIAS DO CERRADO - QR 04 - RESIDENCIAL SUCUPIRAS;JARDIM BOTÂNICO;285;02/2025;30;333000;341000.01;465.91;465.91;465.91;2;VAGO;8000.010000000009;2.4024054054054083
COMP. URB. ALDEIAS DO CERRADO - QR 04 - RESIDENCIAL SUCUPIRAS;JARDIM BOTÂNICO;285;02/2025;31;317000;321000.0;420.0;420.0;420.0;1;VAGO;4000.0;1.2618296529968454
COMP. URB. ALDEIAS DO CERRADO - QR 04 - RESIDENCIAL SUCUPIRAS;JARDIM BOTÂNICO;285;02/2025;32;317000;320999.99;420.0;420.0;420.0;1;VAGO;3999.9899999999907;1.2618264984227099
PARANOÁ PARQUE;PARANOA;60221;02/2025;33;936000;1480000.0;3318.764;1843.758;1843.758;5;VAGO;544000.0;58.119658119658126
RECANTO DAS EMAS;RECANTO DAS EMAS;60216;02/2025;35;178000;261000.0;363.24;326.916;181.62;2;VAGO;83000.0;46.62921348314607
SUBCENTRO URBANO 400/600;RECANTO DAS EMAS;60222;02/2025;45;4700000;6800000.0;24721.53;14832.918;8240.51;5;VAGO;2100000.0;44.680851063829785
HABITACIONAL RIACHO FUNDO II;RIACHO FUNDO II;60227;02/2025;51;258000;261000.0;400.0;280.0;200.0;1;VAGO;3000.0;1.1627906976744187
CENTRO URBANO;SAMAMBAIA;60217;02/2025;54;505000;509000.0;825.0;550.0;275.0;1;VAGO;4000.0;0.7920792079207921
CENTRO URBANO;SAMAMBAIA;60217;02/2025;58;448000;468300.0;720.0;480.0;240.0;3;OCUPADO;20300.0;4.53125
CENTRO URBANO;SAMAMBAIA;60217;02/2025;59;448000;450050.99;720.0;480.0;240.0;1;VAGO;2050.9899999999907;0.4578102678571408
CENTRO URBANO;SAMAMBAIA;60217;02/2025;60;448000;450050.99;720.0;480.0;240.0;1;VAGO;2050.9899999999907;0.4578102678571408
CENTRO URBANO;SAMAMBAIA;60217;02/2025;61;448000;450050.99;720.0;480.0;240.0;1;VAGO;2050.9899999999907;0.4578102678571408
QN-SAMAMBAIA;SAMAMBAIA;60217;02/2025;64;158000;170009.99;350.0;200.0;100.0;2;VAGO;12009.98999999999;7.60125949367088
QR-SAMAMBAIA;SAMAMBAIA;60217;02/2025;66;845000;1510000.0;2460.535;1406.02;703.01;3;OCUPADO;665000.0;78.69822485207101
QR-SAMAMBAIA;SAMAMBAIA;60217;02/2025;67;855000;1510000.0;2490.67;1423.24;711.62;3;OBSTRUIDO;655000.0;76.60818713450293
QS-SAMAMBAIA;SAMAMBAIA;60217;02/2025;68;158000;162001.01;350.0;200.0;100.0;2;OBSTRUIDO;4001.0100000000093;2.5322848101265882
QS-SAMAMBAIA;SAMAMBAIA;60217;02/2025;69;596000;1250000.0;2224.0;1112.0;556.0;3;OBSTRUIDO;654000.0;109.73154362416106
QN-SAMAMBAIA;SAMAMBAIA;60219;02/2025;71;73100;82500.0;300.0;200.0;100.0;1;VAGO;9400.0;12.859097127222983
QS-SAMAMBAIA;SAMAMBAIA;60219;02/2025;74;73100;100000.0;300.0;200.0;100.0;2;VAGO;26900.0;36.79890560875513
QS-SAMAMBAIA;SAMAMBAIA;60219;02/2025;78;144000;144001.01;382.5;255.0;127.5;1;VAGO;1.0100000000093132;0.0007013888888953564
QS-SAMAMBAIA;SAMAMBAIA;60219;02/2025;82;189000;191000.0;541.68;361.12;180.56;2;VAGO;2000.0;1.0582010582010581
QS-SAMAMBAIA;SAMAMBAIA;60219;02/2025;83;1520000;1528000.0;4200.0;2800.0;1400.0;1;VAGO;8000.0;0.5263157894736842
QS-SAMAMBAIA;SAMAMBAIA;60220;02/2025;88;121000;146000.0;300.0;200.0;100.0;2;VAGO;25000.0;20.66115702479339
QS-SAMAMBAIA;SAMAMBAIA;60220;02/2025;89;121000;150000.0;300.0;200.0;100.0;2;VAGO;29000.0;23.96694214876033
QS-SAMAMBAIA;SAMAMBAIA;60220;02/2025;90;121000;121001.0;300.0;200.0;100.0;1;VAGO;1.0;0.0008264462809917355
QS-SAMAMBAIA;SAMAMBAIA;60220;02/2025;91;73100;109000.0;300.0;200.0;100.0;2;VAGO;35900.0;49.11080711354309
SETOR DE OFICINAS NORTE                      ;BRASILIA;60227;03/2025;2;342000;448200.0;175.0;175.0;125.0;5;OCUPADO;106200.0;31.05263157894737
SETOR DE HAB COLETIVAS SUDOESTE              ;BRASILIA;60556;03/2025;3;2530000;2760000.0;1269.435;1269.435;846.29;2;VAGO;230000.0;9.090909090909092
SHCNW-SETOR DE HABITAÇÕES COLETIVAS NOROESTE;BRASILIA;60600;03/2025;4;7580000;7960000.0;2220.0;2220.0;740.0;1;VAGO;380000.0;5.013192612137203
SHCNW-SETOR DE HABITAÇÕES COLETIVAS NOROESTE;BRASILIA;60600;03/2025;5;6890000;7100000.0;2220.0;2220.0;740.0;1;VAGO;210000.0;3.0478955007256894
SHCNW-SETOR DE HABITAÇÕES COLETIVAS NOROESTE;BRASILIA;60600;03/2025;6;6890000;7100000.0;2220.0;2220.0;740.0;1;VAGO;210000.0;3.0478955007256894
SETOR DE HAB/COLETIVA-AREAS OCTOGONAIS;BRASILIA;60674;03/2025;9;2040000;4120000.0;1200.0;400.0;400.0;2;OBSTRUIDO;2080000.0;101.96078431372548
SETOR NORTE                                  ;BRAZLANDIA;60224;03/2025;10;218000;259999.0;432.0;432.0;360.0;4;VAGO;41999.0;19.26559633027523
SETOR R NORTE-CNR;CEILANDIA;60219;03/2025;11;24300;25000.0;90.0;60.0;30.0;2;OCUPADO;700.0;2.880658436213992
SETOR RESID INDUSTRIA E ABASTECIMENTO        ;GUARA;60214;03/2025;14;260000;435000.0;345.6;345.6;144.0;8;VAGO;175000.0;67.3076923076923
SETOR RESID INDUSTRIA E ABASTECIMENTO        ;GUARA;60214;03/2025;15;260000;415000.0;345.6;345.6;144.0;15;VAGO;155000.0;59.61538461538461
SETOR RESID INDUSTRIA E ABASTECIMENTO        ;GUARA;60214;03/2025;16;260000;416728.99;345.6;345.6;144.0;15;VAGO;156728.99;60.28038076923077
SETOR RESID INDUSTRIA E ABASTECIMENTO        ;GUARA;60214;03/2025;17;260000;410000.0;345.6;345.6;144.0;12;VAGO;150000.0;57.692307692307686
SETOR RESID INDUSTRIA E ABASTECIMENTO        ;GUARA;60214;03/2025;18;260000;403535.94;345.6;345.6;144.0;15;VAGO;143535.94;55.20613076923077
SETOR RESID INDUSTRIA E ABASTECIMENTO        ;GUARA;60214;03/2025;19;301000;479211.0;408.432;408.432;170.18;14;VAGO;178211.0;59.20631229235881
COMP. URB. ALDEIAS DO CERRADO - QR 04 - RESIDENCIAL SUCUPIRAS;JARDIM BOTÂNICO;285;03/2025;21;317000;343033.43;421.2;421.2;421.2;2;VAGO;26033.429999999993;8.212438485804414
COMP. URB. ALDEIAS DO CERRADO - QR 04 - RESIDENCIAL SUCUPIRAS;JARDIM BOTÂNICO;285;03/2025;22;335000;350000.0;470.6;470.6;470.6;1;VAGO;15000.0;4.477611940298507
COMP. URB. ALDEIAS DO CERRADO - QR 04 - RESIDENCIAL SUCUPIRAS;JARDIM BOTÂNICO;285;03/2025;23;317000;322001.1;420.0;420.0;420.0;1;VAGO;5001.099999999977;1.5776340694006235
COMP. URB. ALDEIAS DO CERRADO - QR 04 - RESIDENCIAL SUCUPIRAS;JARDIM BOTÂNICO;285;03/2025;24;335000;346600.0;472.27;472.27;472.27;2;VAGO;11600.0;3.462686567164179
COMP. URB. ALDEIAS DO CERRADO - QR 04 - RESIDENCIAL SUCUPIRAS;JARDIM BOTÂNICO;285;03/2025;25;317000;322211.0;420.0;420.0;420.0;1;VAGO;5211.0;1.6438485804416405
COMP. URB. ALDEIAS DO CERRADO - QR 04 - RESIDENCIAL SUCUPIRAS;JARDIM BOTÂNICO;285;03/2025;26;394000;452200.0;662.16;662.16;662.16;1;VAGO;58200.0;14.771573604060913
COMP. URB. ALDEIAS DO CERRADO - QR 04 - RESIDENCIAL SUCUPIRAS;JARDIM BOTÂNICO;285;03/2025;28;317000;322000.0;420.0;420.0;420.0;3;VAGO;5000.0;1.5772870662460567
COMP. URB. ALDEIAS DO CERRADO - QR 04 - RESIDENCIAL SUCUPIRAS;JARDIM BOTÂNICO;285;03/2025;30;317000;325550.0;420.0;420.0;420.0;1;VAGO;8550.0;2.697160883280757
COMP. URB. ALDEIAS DO CERRADO - QR 04 - RESIDENCIAL SUCUPIRAS;JARDIM BOTÂNICO;285;03/2025;31;357000;360033.79;539.19;539.19;539.19;1;VAGO;3033.789999999979;0.8498011204481734
COMP. URB. ALDEIAS DO CERRADO - QR 04 - RESIDENCIAL SUCUPIRAS;JARDIM BOTÂNICO;285;03/2025;33;370000;382111.11;578.83;578.83;578.83;1;VAGO;12111.109999999986;3.2732729729729697
COMP. URB. ALDEIAS DO CERRADO - QR 04 - RESIDENCIAL SUCUPIRAS;JARDIM BOTÂNICO;285;03/2025;34;317000;317099.0;420.54;420.54;420.54;1;VAGO;99.0;0.031230283911671923
COMP. URB. ALDEIAS DO CERRADO - QR 04 - RESIDENCIAL SUCUPIRAS;JARDIM BOTÂNICO;285;03/2025;41;323000;325000.0;437.34;437.34;437.34;1;VAGO;2000.0;0.6191950464396285
COMP. URB. ALDEIAS DO CERRADO - QR 04 - RESIDENCIAL SUCUPIRAS;JARDIM BOTÂNICO;285;03/2025;42;324000;326500.0;440.65;440.65;440.65;1;VAGO;2500.0;0.7716049382716049
SETOR DE OFICINAS                            ;PLANALTINA;60227;03/2025;46;227000;351000.0;750.0;500.0;250.0;4;OBSTRUIDO;124000.0;54.62555066079295
RECANTO DAS EMAS;RECANTO DAS EMAS;60216;03/2025;48;374000;411000.0;910.96;819.864;455.48;3;VAGO;37000.0;9.893048128342247
RECANTO DAS EMAS;RECANTO DAS EMAS;60217;03/2025;49;51600;102500.0;129.674;101.484;56.38;9;VAGO;50900.0;98.64341085271317
RECANTO DAS EMAS;RECANTO DAS EMAS;60217;03/2025;50;763000;771100.99;2553.75;1838.7;1021.5;1;OCUPADO;8100.989999999991;1.0617287024901692
RECANTO DAS EMAS;RECANTO DAS EMAS;60217;03/2025;52;189300;190000.0;115.0;90.0;50.0;2;CONSTRUIDO;700.0;0.369783412572636
HABITACIONAL RIACHO FUNDO II;RIACHO FUNDO II;60217;03/2025;55;428000;451101.01;939.66;438.508;313.22;4;VAGO;23101.01000000001;5.397432242990656
HABITACIONAL RIACHO FUNDO II;RIACHO FUNDO II;60217;03/2025;56;425000;432000.0;931.02;434.476;310.34;2;VAGO;7000.0;1.647058823529412
QR-SAMAMBAIA;SAMAMBAIA;60214;03/2025;60;114000;131500.0;210.0;210.0;105.0;3;OCUPADO;17500.0;15.350877192982457
CENTRO URBANO;SAMAMBAIA;60217;03/2025;61;448000;500000.0;720.0;480.0;240.0;3;VAGO;52000.0;11.607142857142858
QN-SAMAMBAIA;SAMAMBAIA;60217;03/2025;64;927000;1457000.0;3243.6;1908.0;954.0;1;VAGO;530000.0;57.17367853290184
QN-SAMAMBAIA;SAMAMBAIA;60217;03/2025;65;649000;1190000.0;2436.0;1218.0;609.0;3;VAGO;541000.0;83.35901386748844
QS-SAMAMBAIA;SAMAMBAIA;60217;03/2025;67;131000;171613.0;350.0;200.0;100.0;2;VAGO;40613.0;31.002290076335875
QN-SAMAMBAIA;SAMAMBAIA;60219;03/2025;71;146000;158300.0;300.0;200.0;100.0;3;VAGO;12300.0;8.424657534246576
QS-SAMAMBAIA;SAMAMBAIA;60219;03/2025;72;121000;145013.13;300.0;200.0;100.0;1;VAGO;24013.130000000005;19.84556198347108
QS-SAMAMBAIA;SAMAMBAIA;60219;03/2025;73;73100;115000.0;300.0;200.0;100.0;7;VAGO;41900.0;57.3187414500684
QS-SAMAMBAIA;SAMAMBAIA;60219;03/2025;74;146000;206522.0;300.0;200.0;100.0;3;VAGO;60522.0;41.45342465753425
QN-SAMAMBAIA;SAMAMBAIA;60220;03/2025;77;745000;761000.0;2445.0;1630.0;815.0;1;VAGO;16000.0;2.1476510067114094
QS-SAMAMBAIA;SAMAMBAIA;60220;03/2025;78;341000;346000.0;1062.06;708.04;354.02;1;OBSTRUIDO;5000.0;1.466275659824047
QS-SAMAMBAIA;SAMAMBAIA;60220;03/2025;79;121000;211000.0;300.0;200.0;100.0;6;VAGO;90000.0;74.3801652892562
QS-SAMAMBAIA;SAMAMBAIA;60220;03/2025;80;386000;387000.0;1218.72;812.48;406.24;1;VAGO;1000.0;0.2590673575129534
QS-SAMAMBAIA;SAMAMBAIA;60220;03/2025;81;641000;761000.0;2090.01;1393.34;696.67;1;VAGO;120000.0;18.720748829953198
QS-SAMAMBAIA;SAMAMBAIA;60220;03/2025;82;121000;190000.0;300.0;200.0;100.0;5;VAGO;69000.0;57.02479338842975
BAIRRO RESIDENCIAL OESTE;SAO SEBASTIAO;60216;03/2025;83;829000;950000.0;1866.285;1555.238;622.095;1;OCUPADO;121000.0;14.595898673100121
DESENVOLVIMENTO  ECONOMICO  M/NORTE;TAGUATINGA;60227;03/2025;87;330000;380000.0;500.07;333.38;166.69;3;OCUPADO;50000.0;15.151515151515152
SETOR DE HABITACOES INDIVIDUAIS NORTE        ;BRASILIA;60211;05/2025;3;1570000;1695824.0;1120.0;1120.0;800.0;1;VAGO;125824.0;8.014267515923565
SHCNW-SETOR DE HABITAÇÕES COLETIVAS NOROESTE;BRASILIA;60598;05/2025;6;276000;731100.0;20.0;20.0;20.0;6;OBSTRUIDO;455100.0;164.8913043478261
SETOR O NORTE-QUADRA RESIDENCIAL             ;CEILANDIA;60219;05/2025;7;376000;378000.0;1134.0;756.0;378.0;1;OBSTRUIDO;2000.0;0.5319148936170213
SETOR INDUSTRIAL I                           ;CEILANDIA;60225;05/2025;9;113000;300000.01;480.375;480.375;320.25;9;EM CONSTRUCAO;187000.01;165.48673451327434
SETOR INDUSTRIAL I                           ;CEILANDIA;60221;05/2025;10;70000;76999.99;360.0;360.0;180.0;2;OCUPADO;6999.990000000005;9.999985714285723
SETOR INDUSTRIAL I                           ;CEILANDIA;60225;05/2025;11;79600;241999.0;315.0;315.0;210.0;5;VAGO;162399.0;204.01884422110555
SETOR INDUSTRIAL I                           ;CEILANDIA;60225;05/2025;12;79600;241999.0;315.0;315.0;210.0;4;VAGO;162399.0;204.01884422110555
SETOR INDUSTRIAL I                           ;CEILANDIA;60225;05/2025;13;79600;261999.0;315.0;315.0;210.0;7;VAGO;182399.0;229.14447236180905
SETOR INDUSTRIAL I                           ;CEILANDIA;60225;05/2025;14;79600;261999.0;315.0;315.0;210.0;7;OBSTRUIDO;182399.0;229.14447236180905
SETOR RESID INDUSTRIA E ABASTECIMENTO        ;GUARA;60214;05/2025;18;260000;440022.01;345.6;345.6;144.0;19;VAGO;180022.01;69.23923461538462
SETOR RESID INDUSTRIA E ABASTECIMENTO        ;GUARA;60214;05/2025;19;260000;440000.13;345.6;345.6;144.0;18;VAGO;180000.13;69.23081923076924
SETOR RESID INDUSTRIA E ABASTECIMENTO        ;GUARA;60214;05/2025;20;260000;367000.0;345.6;345.6;144.0;5;OBSTRUIDO;107000.0;41.15384615384615
SETOR RESID INDUSTRIA E ABASTECIMENTO        ;GUARA;60214;05/2025;21;260000;306000.0;345.6;345.6;144.0;1;OCUPADO;46000.0;17.692307692307693
SETOR RESID INDUSTRIA E ABASTECIMENTO        ;GUARA;60214;05/2025;22;260000;305100.0;345.6;345.6;144.0;2;OBSTRUIDO;45100.0;17.346153846153847
SETOR RESID INDUSTRIA E ABASTECIMENTO        ;GUARA;60214;05/2025;23;260000;282100.0;345.6;345.6;144.0;1;OCUPADO;22100.0;8.5
SETOR RESID INDUSTRIA E ABASTECIMENTO        ;GUARA;60214;05/2025;24;260000;271200.0;345.6;345.6;144.0;1;OCUPADO;11200.0;4.3076923076923075
SETOR RESID INDUSTRIA E ABASTECIMENTO        ;GUARA;60214;05/2025;25;295000;426000.0;399.6;399.6;166.5;7;OBSTRUIDO;131000.0;44.40677966101695
SETOR RESID INDUSTRIA E ABASTECIMENTO        ;GUARA;60214;05/2025;26;295000;305200.0;399.6;399.6;166.5;1;OCUPADO;10200.0;3.457627118644068
SETOR RESID INDUSTRIA E ABASTECIMENTO        ;GUARA;60214;05/2025;27;260000;280000.0;345.6;345.6;144.0;2;OBSTRUIDO;20000.0;7.6923076923076925
SETOR RESID INDUSTRIA E ABASTECIMENTO        ;GUARA;60214;05/2025;28;260000;331500.0;345.6;345.6;144.0;3;OCUPADO;71500.0;27.500000000000004
SETOR RESID INDUSTRIA E ABASTECIMENTO        ;GUARA;60214;05/2025;29;260000;321500.0;345.6;345.6;144.0;2;OCUPADO;61500.0;23.653846153846153
COMP. URB. ALDEIAS DO CERRADO - QR 04 - RESIDENCIAL SUCUPIRAS;JARDIM BOTÂNICO;285;05/2025;35;317000;317555.55;420.0;420.0;420.0;1;VAGO;555.5499999999884;0.1752523659305957
COMP. URB. ALDEIAS DO CERRADO - QR 04 - RESIDENCIAL SUCUPIRAS;JARDIM BOTÂNICO;285;05/2025;36;329000;348741.11;455.36;455.36;455.36;2;VAGO;19741.109999999986;6.0003373860182325
COMP. URB. ALDEIAS DO CERRADO - QR 04 - RESIDENCIAL SUCUPIRAS;JARDIM BOTÂNICO;285;05/2025;37;317000;325590.01;420.0;420.0;420.0;1;VAGO;8590.01000000001;2.709782334384861
COMP. URB. ALDEIAS DO CERRADO - QR 04 - RESIDENCIAL SUCUPIRAS;JARDIM BOTÂNICO;285;05/2025;38;317000;325590.01;420.0;420.0;420.0;1;VAGO;8590.01000000001;2.709782334384861
COMP. URB. ALDEIAS DO CERRADO - QR 04 - RESIDENCIAL SUCUPIRAS;JARDIM BOTÂNICO;285;05/2025;39;317000;321000.0;420.0;420.0;420.0;1;VAGO;4000.0;1.2618296529968454
COMP. URB. ALDEIAS DO CERRADO - QR 04 - RESIDENCIAL SUCUPIRAS;JARDIM BOTÂNICO;285;05/2025;41;330000;340590.01;456.36;456.36;456.36;1;VAGO;10590.01000000001;3.2090939393939424
COMP. URB. ALDEIAS DO CERRADO - QR 04 - RESIDENCIAL SUCUPIRAS;JARDIM BOTÂNICO;285;05/2025;42;333000;340590.01;465.53;465.53;465.53;1;VAGO;7590.010000000009;2.2792822822822854
COMP. URB. ALDEIAS DO CERRADO - QR 04 - RESIDENCIAL SUCUPIRAS;JARDIM BOTÂNICO;285;05/2025;44;317000;322000.18;420.0;420.0;420.0;2;VAGO;5000.179999999993;1.5773438485804394
COMP. URB. ALDEIAS DO CERRADO - QR 04 - RESIDENCIAL SUCUPIRAS;JARDIM BOTÂNICO;285;05/2025;47;357000;375100.0;538.95;538.95;538.95;1;VAGO;18100.0;5.0700280112044815
SETOR RESIDENCIAL LESTE (SRL);PLANALTINA;60216;05/2025;53;44400;78500.0;120.0;120.0;60.0;3;VAGO;34100.0;76.8018018018018
AREA DE DESENVOLVIMENTO ECONOMICO;RECANTO DAS EMAS;60227;05/2025;55;232000;233333.33;750.72;750.72;187.68;1;OCUPADO;1333.3299999999872;0.5747112068965462
AREA DE DESENVOLVIMENTO ECONOMICO;RECANTO DAS EMAS;60227;05/2025;56;191000;232100.15;605.6;605.6;151.4;1;OCUPADO;41100.149999999994;21.518403141361254
QS-SAMAMBAIA;SAMAMBAIA;60219;05/2025;71;73100;73101.0;300.0;200.0;100.0;1;VAGO;1.0;0.0013679890560875513
QS-SAMAMBAIA;SAMAMBAIA;60219;05/2025;72;73100;73100.0;300.0;200.0;100.0;1;VAGO;0.0;0.0
QS-SAMAMBAIA;SAMAMBAIA;60219;05/2025;73;73100;74251.0;300.0;200.0;100.0;2;VAGO;1151.0;1.5745554035567715
QN-SAMAMBAIA;SAMAMBAIA;60220;05/2025;74;121000;155459.15;300.0;200.0;100.0;3;VAGO;34459.149999999994;28.47863636363636
QN-SAMAMBAIA;SAMAMBAIA;60220;05/2025;76;515000;710000.0;2806.71;1871.14;935.57;2;VAGO;195000.0;37.86407766990291
QS-SAMAMBAIA;SAMAMBAIA;60220;05/2025;77;176000;281250.0;494.04;329.36;164.68;9;VAGO;105250.0;59.80113636363637
QS-SAMAMBAIA;SAMAMBAIA;60220;05/2025;78;121000;126999.99;300.0;200.0;100.0;2;VAGO;5999.990000000005;4.958669421487608
QS-SAMAMBAIA;SAMAMBAIA;60220;05/2025;79;121000;126999.99;300.0;200.0;100.0;2;VAGO;5999.990000000005;4.958669421487608
QS-SAMAMBAIA;SAMAMBAIA;60220;05/2025;80;73100;122000.0;300.0;200.0;100.0;2;VAGO;48900.0;66.89466484268127
QS-SAMAMBAIA;SAMAMBAIA;60220;05/2025;81;73100;130535.5;300.0;200.0;100.0;4;VAGO;57435.5;78.57113543091656
QS-SAMAMBAIA;SAMAMBAIA;60220;05/2025;82;1170000;1960000.0;3881.58;2587.72;1293.86;7;VAGO;790000.0;67.52136752136752
QS-SAMAMBAIA;SAMAMBAIA;60220;05/2025;83;282000;350000.0;862.5;575.0;287.5;2;VAGO;68000.0;24.113475177304963
QS-SAMAMBAIA;SAMAMBAIA;60220;05/2025;84;293000;294011.11;900.0;600.0;300.0;1;VAGO;1011.109999999986;0.3450887372013604
QS-SAMAMBAIA;SAMAMBAIA;60220;05/2025;85;425000;426111.11;1350.0;900.0;450.0;1;VAGO;1111.109999999986;0.2614376470588202
QS-SAMAMBAIA;SAMAMBAIA;60220;05/2025;86;82900;115000.0;150.0;100.0;50.0;2;OBSTRUIDO;32100.0;38.72135102533172
QS-SAMAMBAIA;SAMAMBAIA;60220;05/2025;87;331000;480000.0;1028.88;685.92;342.96;5;VAGO;149000.0;45.01510574018127
QS-SAMAMBAIA;SAMAMBAIA;60220;05/2025;88;289000;361008.0;885.09;590.06;295.03;2;OCUPADO;72008.0;24.916262975778547
AREA DE DESENVOLVIMENTO ECONOMICO SUL;SAMAMBAIA;60227;05/2025;90;195300;369900.0;240.0;240.0;120.0;7;OCUPADO;174600.0;89.40092165898618
SANTA MARIA                                  ;SANTA MARIA;60217;05/2025;91;1140000;1140000.0;3200.0;1120.0;800.0;1;OCUPADO;0.0;0.0
SHCNW-SETOR DE HABITAÇÕES COLETIVAS NOROESTE;BRASILIA;60600;06/2025;1;6890000;6907111.0;2220.0;2220.0;740.0;1;VAGO;17111.0;0.2483454281567489
SHCNW-SETOR DE HABITAÇÕES COLETIVAS NOROESTE;BRASILIA;60600;06/2025;2;7580000;7700111.0;2220.0;2220.0;740.0;1;VAGO;120111.0;1.5845778364116097
SETOR M NORTE-QUADRA RESIDENCIAL             ;CEILANDIA;60214;06/2025;3;154000;185000.0;500.0;500.0;250.0;5;VAGO;31000.0;20.12987012987013
SETOR M NORTE-QUADRA RESIDENCIAL             ;CEILANDIA;60214;06/2025;4;154000;185090.89;500.0;500.0;250.0;6;VAGO;31090.890000000014;20.18888961038962
SETOR M NORTE-QUADRA RESIDENCIAL             ;CEILANDIA;60214;06/2025;5;154000;172599.99;500.0;500.0;250.0;5;VAGO;18599.98999999999;12.077915584415578
SETOR M NORTE-QUADRA RESIDENCIAL             ;CEILANDIA;60214;06/2025;6;154000;235111.11;500.0;500.0;250.0;5;CERCADO;81111.10999999999;52.66955194805194
SETOR M NORTE-QUADRA RESIDENCIAL             ;CEILANDIA;60214;06/2025;7;154000;210000.0;500.0;500.0;250.0;4;CERCADO;56000.0;36.36363636363637
SETOR M NORTE-QUADRA RESIDENCIAL             ;CEILANDIA;60219;06/2025;9;273000;300000.99;750.0;500.0;250.0;2;VAGO;27000.98999999999;9.890472527472523
SETOR M NORTE-QUADRA RESIDENCIAL             ;CEILANDIA;60219;06/2025;10;273000;367300.0;750.0;500.0;250.0;2;VAGO;94300.0;34.54212454212454
SETOR O NORTE-QUADRA RESIDENCIAL             ;CEILANDIA;60219;06/2025;11;376000;438999.99;1134.0;756.0;378.0;3;OCUPADO;62999.98999999999;16.7553164893617
SETOR O NORTE-QUADRA RESIDENCIAL             ;CEILANDIA;60219;06/2025;12;423000;483999.99;1307.25;871.5;435.75;5;VAGO;60999.98999999999;14.420801418439714
SETOR M NORTE-QUADRA RESIDENCIAL             ;CEILANDIA;60220;06/2025;13;341000;401000.0;1000.0;500.0;250.0;1;VAGO;60000.0;17.595307917888565
SETOR M NORTE-QUADRA RESIDENCIAL             ;CEILANDIA;60220;06/2025;19;341000;341100.0;1000.0;500.0;250.0;1;CERCADO;100.0;0.02932551319648094
SETOR DE DESENVOLVIMENTO ECONOMICO CENTRO NORTE;CEILANDIA;60227;06/2025;24;144000;210000.0;300.0;300.0;150.0;3;OCUPADO;66000.0;45.83333333333333
SETOR INDUSTRIAL I                           ;CEILANDIA;60227;06/2025;25;38500;51150.0;120.0;120.0;60.0;4;VAGO;12650.0;32.857142857142854
SETOR DE MULTIPLAS ATIVIDADES;GAMA;60224;06/2025;29;233000;250000.0;409.92;256.2;256.2;1;VAGO;17000.0;7.296137339055794
SETOR RESID INDUSTRIA E ABASTECIMENTO        ;GUARA;60214;06/2025;30;315000;329700.0;431.088;431.088;179.62;2;VAGO;14700.0;4.666666666666667
SETOR RESID INDUSTRIA E ABASTECIMENTO        ;GUARA;60214;06/2025;31;298000;441022.01;404.736;404.736;168.64;7;VAGO;143022.01;47.993963087248325
SETOR RESID INDUSTRIA E ABASTECIMENTO        ;GUARA;60214;06/2025;32;295000;426900.0;399.6;399.6;166.5;9;VAGO;131900.0;44.71186440677966
SETOR RESID INDUSTRIA E ABASTECIMENTO        ;GUARA;60214;06/2025;33;295000;487694.99;399.6;399.6;166.5;29;VAGO;192694.99;65.32033559322034
SETOR RESID INDUSTRIA E ABASTECIMENTO        ;GUARA;60214;06/2025;34;288000;491090.99;388.8;388.8;162.0;28;VAGO;203090.99;70.51770486111111
SETOR RESID INDUSTRIA E ABASTECIMENTO        ;GUARA;60220;06/2025;38;533000;535000.0;432.0;432.0;144.0;1;VAGO;2000.0;0.37523452157598497
COMP. URB. ALDEIAS DO CERRADO - QR 04 - RESIDENCIAL SUCUPIRAS;JARDIM BOTÂNICO;285;06/2025;41;363000;415113.94;557.99;557.99;557.99;2;VAGO;52113.94;14.356457300275483
COMP. URB. ALDEIAS DO CERRADO - QR 04 - RESIDENCIAL SUCUPIRAS;JARDIM BOTÂNICO;285;06/2025;44;317000;322000.0;420.0;420.0;420.0;1;VAGO;5000.0;1.5772870662460567
COMP. URB. ALDEIAS DO CERRADO - QR 04 - RESIDENCIAL SUCUPIRAS;JARDIM BOTÂNICO;285;06/2025;47;317000;319856.36;420.0;420.0;420.0;1;VAGO;2856.359999999986;0.9010599369085129
COMP. URB. ALDEIAS DO CERRADO - QR 04 - RESIDENCIAL SUCUPIRAS;JARDIM BOTÂNICO;285;06/2025;48;317000;327748.79;420.0;420.0;420.0;2;VAGO;10748.789999999979;3.390785488958984
COMP. URB. ALDEIAS DO CERRADO - QR 04 - RESIDENCIAL SUCUPIRAS;JARDIM BOTÂNICO;285;06/2025;51;317000;320001.0;420.0;420.0;420.0;2;VAGO;3001.0;0.9466876971608832
COMP. URB. ALDEIAS DO CERRADO - QR 04 - RESIDENCIAL SUCUPIRAS;JARDIM BOTÂNICO;285;06/2025;52;317000;319836.99;420.0;420.0;420.0;1;VAGO;2836.9899999999907;0.8949495268138772
COMP. URB. ALDEIAS DO CERRADO - QR 04 - RESIDENCIAL SUCUPIRAS;JARDIM BOTÂNICO;285;06/2025;57;342000;345510.33;493.96;493.96;493.96;1;VAGO;3510.3300000000163;1.0264122807017593
COMP. URB. ALDEIAS DO CERRADO - QR 04 - RESIDENCIAL SUCUPIRAS;JARDIM BOTÂNICO;285;06/2025;60;324000;327500.0;440.65;440.65;440.65;1;VAGO;3500.0;1.0802469135802468
SETOR HABITACIONAL JARDIM BOTANICO;SAO SEBASTIAO;60221;06/2025;61;2010000;2123999.89;3600.0;3600.0;1000.0;1;VAGO;113999.89000000013;5.671636318407967
PARANOÁ PARQUE;PARANOA;60221;06/2025;64;1230000;1242500.0;4364.406;2424.67;2424.67;1;VAGO;12500.0;1.0162601626016259
RECANTO DAS EMAS;RECANTO DAS EMAS;60217;06/2025;74;616000;710000.0;1805.875;1300.23;722.35;1;VAGO;94000.0;15.259740259740258
QUADRA DE OFICINAS;RIACHO FUNDO;60227;06/2025;76;289000;411111.11;400.0;280.0;200.0;4;CONSTRUIDO;122111.10999999999;42.25297923875432
HABITACIONAL RIACHO FUNDO II;RIACHO FUNDO II;60222;06/2025;77;120000;190000.01;183.3;128.31;91.65;4;OCUPADO;70000.01000000001;58.33334166666667
QN-SAMAMBAIA;SAMAMBAIA;60217;06/2025;82;447300;587000.0;525.0;300.0;150.0;2;OCUPADO;139700.0;31.231835457187568
QS-SAMAMBAIA;SAMAMBAIA;60219;06/2025;84;121000;125005.1;300.0;200.0;100.0;1;VAGO;4005.100000000006;3.3100000000000045
QS-SAMAMBAIA;SAMAMBAIA;60219;06/2025;85;744000;890010.0;2007.75;1338.5;669.25;1;OCUPADO;146010.0;19.625
QN-SAMAMBAIA;SAMAMBAIA;60220;06/2025;86;122940;123000.0;225.0;150.0;75.0;1;OCUPADO;60.0;0.04880429477794046
QN-SAMAMBAIA;SAMAMBAIA;60220;06/2025;87;288000;351000.0;883.2;588.8;294.4;4;VAGO;63000.0;21.875
QN-SAMAMBAIA;SAMAMBAIA;60220;06/2025;90;602000;803000.33;1956.0;1304.0;652.0;3;VAGO;201000.32999999996;33.38875913621262
QN-SAMAMBAIA;SAMAMBAIA;60220;06/2025;91;1190000;2000001.0;3975.18;2650.12;1325.06;3;VAGO;810001.0;68.06731092436975
QN-SAMAMBAIA;SAMAMBAIA;60220;06/2025;92;664000;1163000.33;2167.77;1445.18;722.59;3;VAGO;499000.3300000001;75.15065210843375
QS-SAMAMBAIA;SAMAMBAIA;60220;06/2025;94;73100;100000.0;300.0;200.0;100.0;9;VAGO;26900.0;36.79890560875513
CENTRO ORIENT. E EDUC. RURAL - COER;SOBRADINHO;60220;06/2025;98;750000;755000.0;2390.622;919.47;919.47;1;OBSTRUIDO;5000.0;0.6666666666666667
CENTRO ORIENT. E EDUC. RURAL - COER;SOBRADINHO;60220;06/2025;99;1900000;2120000.0;6863.454;2639.79;2639.79;3;VAGO;220000.0;11.578947368421053
SETOR N NORTE-QUADRA RESIDENCIAL             ;CEILANDIA;60214;08/2025;2;153000;225950.0;500.0;500.0;250.0;6;OCUPADO;72950.0;47.67973856209151
SETOR O NORTE-QUADRA RESIDENCIAL             ;CEILANDIA;60219;08/2025;11;376000;385000.0;1134.0;756.0;378.0;5;VAGO;9000.0;2.393617021276596
SETOR O NORTE-QUADRA RESIDENCIAL             ;CEILANDIA;60219;08/2025;12;402000;515999.99;1228.5;819.0;409.5;1;OBSTRUIDO;113999.98999999999;28.358206467661688
SETOR SUL                                    ;GAMA;60215;08/2025;13;149000;150200.0;625.0;625.0;312.5;2;OCUPADO;1200.0;0.8053691275167786
SETOR DE MULTIPLAS ATIVIDADES;GAMA;60224;08/2025;17;233000;251250.0;409.92;256.2;256.2;1;VAGO;18250.0;7.832618025751073
SETOR RESID INDUSTRIA E ABASTECIMENTO        ;GUARA;60214;08/2025;18;260000;325520.0;345.6;345.6;144.0;6;VAGO;65520.0;25.2
SETOR RESID INDUSTRIA E ABASTECIMENTO        ;GUARA;60214;08/2025;19;260000;417300.0;345.6;345.6;144.0;9;VAGO;157300.0;60.5
SETOR RESID INDUSTRIA E ABASTECIMENTO        ;GUARA;60214;08/2025;20;260000;389000.77;345.6;345.6;144.0;8;VAGO;129000.77000000002;49.61568076923078
SETOR RESID INDUSTRIA E ABASTECIMENTO        ;GUARA;60214;08/2025;21;260000;399000.99;345.6;345.6;144.0;17;VAGO;139000.99;53.461919230769226
SETOR RESID INDUSTRIA E ABASTECIMENTO        ;GUARA;60214;08/2025;22;260000;433000.0;345.6;345.6;144.0;18;VAGO;173000.0;66.53846153846153
SETOR RESID INDUSTRIA E ABASTECIMENTO        ;GUARA;60214;08/2025;23;295000;495990.0;399.336;399.336;166.39;6;EM CONSTRUCAO;200990.0;68.13220338983051
SETOR RESID INDUSTRIA E ABASTECIMENTO        ;GUARA;60214;08/2025;24;299000;492990.0;405.696;405.696;169.04;6;VAGO;193990.0;64.87959866220736
SETOR RESID INDUSTRIA E ABASTECIMENTO        ;GUARA;60214;08/2025;25;265000;445111.99;352.8;352.8;147.0;16;VAGO;180111.99;67.96678867924528
COMP. URB. ALDEIAS DO CERRADO - QR 04 - RESIDENCIAL SUCUPIRAS;JARDIM BOTÂNICO;285;08/2025;26;318000;357999.0;424.23;424.23;424.23;3;VAGO;39999.0;12.578301886792453
COMP. URB. ALDEIAS DO CERRADO - QR 04 - RESIDENCIAL SUCUPIRAS;JARDIM BOTÂNICO;285;08/2025;30;338000;371999.0;479.47;479.47;479.47;1;VAGO;33999.0;10.058875739644972
COMP. URB. ALDEIAS DO CERRADO - QR 04 - RESIDENCIAL SUCUPIRAS;JARDIM BOTÂNICO;285;08/2025;32;317000;318100.0;420.0;420.0;420.0;1;VAGO;1100.0;0.3470031545741325
COMP. URB. ALDEIAS DO CERRADO - QR 04 - RESIDENCIAL SUCUPIRAS;JARDIM BOTÂNICO;285;08/2025;38;317000;318000.0;420.0;420.0;420.0;1;VAGO;1000.0;0.31545741324921134
COMP. URB. ALDEIAS DO CERRADO - QR 04 - RESIDENCIAL SUCUPIRAS;JARDIM BOTÂNICO;285;08/2025;39;345000;360000.0;501.705;501.705;501.705;2;VAGO;15000.0;4.3478260869565215
COMP. URB. ALDEIAS DO CERRADO - QR 04 - RESIDENCIAL SUCUPIRAS;JARDIM BOTÂNICO;285;08/2025;40;355000;357200.0;533.05;533.05;533.05;2;VAGO;2200.0;0.6197183098591549
COMP. URB. ALDEIAS DO CERRADO - QR 04 - RESIDENCIAL SUCUPIRAS;JARDIM BOTÂNICO;285;08/2025;41;360000;378468.0;549.01;549.01;549.01;3;VAGO;18468.0;5.13
COMP. URB. ALDEIAS DO CERRADO - QR 04 - RESIDENCIAL SUCUPIRAS;JARDIM BOTÂNICO;285;08/2025;42;336000;336253.0;474.17;474.17;474.17;1;VAGO;253.0;0.07529761904761906
COMP. URB. ALDEIAS DO CERRADO - QR 04 - RESIDENCIAL SUCUPIRAS;JARDIM BOTÂNICO;285;08/2025;52;343000;350099.0;496.41;496.41;496.41;1;VAGO;7099.0;2.0696793002915452
RECANTO DAS EMAS;RECANTO DAS EMAS;60217;08/2025;59;160000;200000.0;394.289;308.574;171.43;2;VAGO;40000.0;25.0
RECANTO DAS EMAS;RECANTO DAS EMAS;60221;08/2025;66;238000;239000.0;666.06;599.454;333.03;1;VAGO;1000.0;0.42016806722689076
HABITACIONAL RIACHO FUNDO II;RIACHO FUNDO II;60217;08/2025;70;150000;155100.0;273.0;127.4;91.0;2;VAGO;5100.0;3.4000000000000004
HABITACIONAL RIACHO FUNDO II;RIACHO FUNDO II;60223;08/2025;79;1480000;1631000.0;3713.175;2079.378;1485.27;1;VAGO;151000.0;10.202702702702702
CENTRO URBANO;SAMAMBAIA;60217;08/2025;82;464000;481000.0;750.0;500.0;250.0;1;VAGO;17000.0;3.6637931034482754
QN-SAMAMBAIA;SAMAMBAIA;60217;08/2025;85;158000;162740.0;350.0;200.0;100.0;1;OBSTRUIDO;4740.0;3.0
QN-SAMAMBAIA;SAMAMBAIA;60217;08/2025;86;158000;160000.0;350.0;200.0;100.0;1;OBSTRUIDO;2000.0;1.2658227848101267
QN-SAMAMBAIA;SAMAMBAIA;60217;08/2025;90;1240000;2401000.0;3604.0;2120.0;1060.0;3;VAGO;1161000.0;93.62903225806451
QS-SAMAMBAIA;SAMAMBAIA;60219;08/2025;95;121000;122020.0;300.0;200.0;100.0;1;VAGO;1020.0;0.8429752066115702
QN-SAMAMBAIA;SAMAMBAIA;60220;08/2025;99;1030000;2161000.0;3406.5;2271.0;1135.5;3;VAGO;1131000.0;109.80582524271844
QS-SAMAMBAIA;SAMAMBAIA;60220;08/2025;100;121000;145103.3;300.0;200.0;100.0;1;VAGO;24103.29999999999;19.92008264462809
QS-SAMAMBAIA;SAMAMBAIA;60220;08/2025;101;121000;165103.4;300.0;200.0;100.0;1;VAGO;44103.399999999994;36.449090909090906
QS-SAMAMBAIA;SAMAMBAIA;60220;08/2025;102;121000;165103.4;300.0;200.0;100.0;2;VAGO;44103.399999999994;36.449090909090906
QS-SAMAMBAIA;SAMAMBAIA;60220;08/2025;103;381000;521000.0;1200.0;800.0;400.0;3;OBSTRUIDO;140000.0;36.74540682414698
QS-SAMAMBAIA;SAMAMBAIA;60220;08/2025;104;381000;466990.0;1200.0;800.0;400.0;2;VAGO;85990.0;22.569553805774277
SANTA MARIA                                  ;SANTA MARIA;60218;08/2025;110;119000;130000.0;500.0;280.0;200.0;2;OCUPADO;11000.0;9.243697478991598
SANTA MARIA                                  ;SANTA MARIA;60224;08/2025;111;265000;270000.0;1440.0;840.0;600.0;2;OCUPADO;5000.0;1.8867924528301887
BAIRRO CRIXÁ;SAO SEBASTIAO;60217;08/2025;113;1940000;1988500.0;4551.753;1517.251;1517.251;1;VAGO;48500.0;2.5
SETOR DE SUPERQUADRAS SUL                    ;BRASILIA;60142;09/2025;2;2210000;2255555.0;234.27;234.27;234.27;1;OCUPADO;45555.0;2.0613122171945704
SETOR DE SUPERQUADRAS SUL                    ;BRASILIA;60142;09/2025;3;2210000;2255555.0;234.27;234.27;234.27;1;OCUPADO;45555.0;2.0613122171945704
SETOR DE SUPERQUADRAS SUL                    ;BRASILIA;60142;09/2025;4;2210000;2500105.0;234.27;234.27;234.27;2;OCUPADO;290105.0;13.126923076923077
SETOR DE SUPERQUADRAS SUL                    ;BRASILIA;60142;09/2025;5;2210000;2255555.0;234.27;234.27;234.27;1;OCUPADO;45555.0;2.0613122171945704
SETOR DE SUPERQUADRAS SUL                    ;BRASILIA;60142;09/2025;7;1390000;1391391.0;112.99;112.99;112.99;1;OCUPADO;1391.0;0.10007194244604316
SETOR DE SUPERQUADRAS SUL                    ;BRASILIA;60142;09/2025;8;1390000;1411411.0;112.99;112.99;112.99;1;OCUPADO;21411.0;1.5403597122302157
SETOR DE SUPERQUADRAS SUL                    ;BRASILIA;60142;09/2025;9;1390000;1411411.0;112.99;112.99;112.99;1;OCUPADO;21411.0;1.5403597122302157
SETOR DE SUPERQUADRAS SUL                    ;BRASILIA;60142;09/2025;11;2290000;2330000.0;242.52;242.52;242.52;1;OCUPADO;40000.0;1.7467248908296942
SETOR DE HABITACOES INDIVIDUAIS SUL          ;BRASILIA;60211;09/2025;12;3760000;6659999.0;1120.0;1120.0;800.0;12;OCUPADO;2899999.0;77.1276329787234
SETOR DE OFICINAS NORTE                      ;BRASILIA;60227;09/2025;16;354000;494550.0;175.0;175.0;125.0;2;OCUPADO;140550.0;39.70338983050847
SHCNW-SETOR DE HABITAÇÕES COLETIVAS NOROESTE;BRASILIA;60598;09/2025;18;233000;261000.0;15.0;15.0;15.0;2;OBSTRUIDO;28000.0;12.017167381974248
SETOR SUL                                    ;GAMA;60216;09/2025;21;201000;207777.77;1250.0;625.0;312.5;1;VAGO;6777.7699999999895;3.3720248756218854
SETOR RESID INDUSTRIA E ABASTECIMENTO        ;GUARA;60214;09/2025;22;360000;594720.0;500.928;500.928;208.72;10;VAGO;234720.0;65.2
SETOR RESID INDUSTRIA E ABASTECIMENTO        ;GUARA;60214;09/2025;23;260000;357200.0;345.6;345.6;144.0;4;OBSTRUIDO;97200.0;37.38461538461538
SETOR RESID INDUSTRIA E ABASTECIMENTO        ;GUARA;60214;09/2025;24;288000;513311.2;388.8;388.8;162.0;15;VAGO;225311.2;78.23305555555557
SETOR RESID INDUSTRIA E ABASTECIMENTO        ;GUARA;60214;09/2025;25;260000;435000.0;345.6;345.6;144.0;13;VAGO;175000.0;67.3076923076923
SETOR RESID INDUSTRIA E ABASTECIMENTO        ;GUARA;60214;09/2025;26;260000;433233.95;345.6;345.6;144.0;12;OBSTRUIDO;173233.95;66.62844230769231
SETOR RESID INDUSTRIA E ABASTECIMENTO        ;GUARA;60214;09/2025;27;260000;352561.0;345.6;345.6;144.0;11;EM CONSTRUCAO;92561.0;35.60038461538462
SETOR RESID INDUSTRIA E ABASTECIMENTO        ;GUARA;60214;09/2025;28;260000;442312.0;345.6;345.6;144.0;10;OBSTRUIDO;182312.0;70.12
SETOR RESID INDUSTRIA E ABASTECIMENTO        ;GUARA;60214;09/2025;29;260000;401000.0;345.6;345.6;144.0;10;EM CONSTRUCAO;141000.0;54.230769230769226
SETOR RESID INDUSTRIA E ABASTECIMENTO        ;GUARA;60214;09/2025;30;260000;335999.99;345.6;345.6;144.0;5;EM CONSTRUCAO;75999.98999999999;29.23076538461538
COMP. URB. ALDEIAS DO CERRADO - QR 04 - RESIDENCIAL SUCUPIRAS;JARDIM BOTÂNICO;285;09/2025;34;317000;335450.0;421.78;421.78;421.78;1;VAGO;18450.0;5.82018927444795
COMP. URB. ALDEIAS DO CERRADO - QR 04 - RESIDENCIAL SUCUPIRAS;JARDIM BOTÂNICO;285;09/2025;42;317000;323000.0;420.0;420.0;420.0;3;VAGO;6000.0;1.8927444794952681
COMP. URB. ALDEIAS DO CERRADO - QR 04 - RESIDENCIAL SUCUPIRAS;JARDIM BOTÂNICO;285;09/2025;43;317000;317591.12;420.0;420.0;420.0;1;VAGO;591.1199999999953;0.18647318611987235
COMP. URB. ALDEIAS DO CERRADO - QR 04 - RESIDENCIAL SUCUPIRAS;JARDIM BOTÂNICO;285;09/2025;47;331000;336211.0;460.84;460.84;460.84;1;VAGO;5211.0;1.5743202416918427
COMP. URB. ALDEIAS DO CERRADO - QR 04 - RESIDENCIAL SUCUPIRAS;JARDIM BOTÂNICO;285;09/2025;48;331000;332000.0;461.01;461.01;461.01;1;VAGO;1000.0;0.3021148036253776
COMP. URB. ALDEIAS DO CERRADO - QR 04 - RESIDENCIAL SUCUPIRAS;JARDIM BOTÂNICO;285;09/2025;52;376000;383312.89;600.49;600.49;600.49;1;VAGO;7312.890000000014;1.944917553191493
QN-SAMAMBAIA;SAMAMBAIA;60217;09/2025;64;689000;2100000.0;2592.0;1296.0;648.0;13;VAGO;1411000.0;204.78955007256894
QN-SAMAMBAIA;SAMAMBAIA;60217;09/2025;65;158000;158100.0;350.0;200.0;100.0;1;EM CONSTRUCAO;100.0;0.06329113924050633
QS-SAMAMBAIA;SAMAMBAIA;60217;09/2025;70;158000;205000.0;350.0;200.0;100.0;4;VAGO;47000.0;29.746835443037973
QS-SAMAMBAIA;SAMAMBAIA;60217;09/2025;71;158000;161999.99;350.0;200.0;100.0;1;CERCADO;3999.9899999999907;2.5316392405063235
QS-SAMAMBAIA;SAMAMBAIA;60217;09/2025;72;158000;158010.0;350.0;200.0;100.0;1;OCUPADO;10.0;0.006329113924050634
QS-SAMAMBAIA;SAMAMBAIA;60217;09/2025;73;2500000;5410000.0;7391.43;4347.9;2173.95;5;VAGO;2910000.0;116.39999999999999
QS-SAMAMBAIA;SAMAMBAIA;60217;09/2025;74;131000;175550.0;350.0;200.0;100.0;1;VAGO;44550.0;34.00763358778626
QS-SAMAMBAIA;SAMAMBAIA;60217;09/2025;75;158000;159900.0;350.0;200.0;100.0;1;OCUPADO;1900.0;1.2025316455696202
QS-SAMAMBAIA;SAMAMBAIA;60218;09/2025;76;70200;70200.0;280.0;200.0;100.0;1;OBSTRUIDO;0.0;0.0
QN-SAMAMBAIA;SAMAMBAIA;60219;09/2025;82;116000;153000.0;300.0;200.0;100.0;3;OBSTRUIDO;37000.0;31.896551724137932
QN-SAMAMBAIA;SAMAMBAIA;60219;09/2025;83;688000;815000.0;2250.0;1500.0;750.0;3;VAGO;127000.0;18.459302325581394
QN-SAMAMBAIA;SAMAMBAIA;60219;09/2025;84;688000;815500.0;2250.0;1500.0;750.0;3;VAGO;127500.0;18.531976744186046
QS-SAMAMBAIA;SAMAMBAIA;60219;09/2025;86;819000;825000.0;2220.0;1480.0;740.0;1;OBSTRUIDO;6000.0;0.7326007326007326
QS-SAMAMBAIA;SAMAMBAIA;60219;09/2025;87;441000;441778.77;1407.0;938.0;469.0;1;OBSTRUIDO;778.7700000000186;0.17659183673469808
QS-SAMAMBAIA;SAMAMBAIA;60219;09/2025;95;121000;155555.55;300.0;200.0;100.0;2;VAGO;34555.54999999999;28.558305785123956
QS-SAMAMBAIA;SAMAMBAIA;60219;09/2025;96;202000;316875.0;585.0;390.0;195.0;1;VAGO;114875.0;56.86881188118812
QS-SAMAMBAIA;SAMAMBAIA;60219;09/2025;98;202000;205000.0;585.0;390.0;195.0;1;VAGO;3000.0;1.4851485148514851
QS-SAMAMBAIA;SAMAMBAIA;60219;09/2025;100;202000;230000.0;585.0;390.0;195.0;1;VAGO;28000.0;13.861386138613863
QN-SAMAMBAIA;SAMAMBAIA;60220;09/2025;103;73100;75000.0;300.0;200.0;100.0;1;VAGO;1900.0;2.5991792065663475
QS-SAMAMBAIA;SAMAMBAIA;60220;09/2025;104;73100;110000.0;300.0;200.0;100.0;7;VAGO;36900.0;50.47879616963065
EXPANSAO ECONOMICA                           ;SOBRADINHO;60227;09/2025;110;284000;371912.0;588.0;420.0;210.0;2;OCUPADO;87912.0;30.95492957746479
BAIRRO AGUAS CLARAS;TAGUATINGA;60217;11/2025;1;4340000;12000100.0;4500.0;2700.0;900.0;8;VAGO;7660100.0;176.5
SETOR HABITACIONAL ARNIQUEIRA;ARNIQUEIRA;60214;11/2025;2;771000;1087000.0;2448.9;979.56;1224.45;2;CERCADO;316000.0;40.985732814526585
SETOR HABITACIONAL ARNIQUEIRA;ARNIQUEIRA;60215;11/2025;4;547000;700000.0;1687.74;675.096;843.87;4;OCUPADO;153000.0;27.97074954296161
SETOR DE HABITACOES INDIVIDUAIS NORTE        ;BRASILIA;60211;11/2025;7;1420000;1551000.0;934.738;934.738;667.67;1;CONSTRUIDO;131000.0;9.225352112676056
SHCNW-SETOR DE HABITAÇÕES COLETIVAS NOROESTE;BRASILIA;60598;11/2025;9;276000;614200.0;20.0;20.0;20.0;2;OBSTRUIDO;338200.0;122.53623188405798
SETOR P NORTE-ENTREQUADRA                    ;CEILANDIA;60216;11/2025;12;64700;81000.0;160.0;80.0;40.0;7;VAGO;16300.0;25.19319938176198
SETOR INDUSTRIAL I                           ;CEILANDIA;60225;11/2025;15;113000;350000.0;480.375;480.375;320.25;6;OCUPADO;237000.0;209.73451327433628
SETOR INDUSTRIAL I                           ;CEILANDIA;60225;11/2025;16;496000;610000.0;480.375;480.375;320.25;1;OCUPADO;114000.0;22.983870967741936
SETOR RESID INDUSTRIA E ABASTECIMENTO        ;GUARA;60214;11/2025;20;260000;451013.13;345.6;345.6;144.0;18;VAGO;191013.13;73.46658846153846
SETOR RESID INDUSTRIA E ABASTECIMENTO        ;GUARA;60214;11/2025;21;260000;451013.13;345.6;345.6;144.0;15;OBSTRUIDO;191013.13;73.46658846153846
COMP. URB. ALDEIAS DO CERRADO - QR 04 - RESIDENCIAL SUCUPIRAS;JARDIM BOTÂNICO;285;11/2025;25;340000;392200.5;487.37;487.37;487.37;1;VAGO;52200.5;15.353088235294118
COMP. URB. ALDEIAS DO CERRADO - QR 04 - RESIDENCIAL SUCUPIRAS;JARDIM BOTÂNICO;285;11/2025;33;317000;318405.33;420.0;420.0;420.0;1;VAGO;1405.3300000000163;0.4433217665615194
COMP. URB. ALDEIAS DO CERRADO - QR 04 - RESIDENCIAL SUCUPIRAS;JARDIM BOTÂNICO;285;11/2025;35;317000;320200.13;420.0;420.0;420.0;1;VAGO;3200.1300000000047;1.0095047318612003
COMP. URB. ALDEIAS DO CERRADO - QR 04 - RESIDENCIAL SUCUPIRAS;JARDIM BOTÂNICO;285;11/2025;37;332000;338640.0;462.29;462.29;462.29;1;VAGO;6640.0;2.0
COMP. URB. ALDEIAS DO CERRADO - QR 04 - RESIDENCIAL SUCUPIRAS;JARDIM BOTÂNICO;285;11/2025;43;317000;321101.01;420.0;420.0;420.0;1;VAGO;4101.010000000009;1.2936940063091513
SETOR HABITACIONAL JARDIM BOTANICO;SAO SEBASTIAO;60214;11/2025;48;858000;873780.0;1591.2;1591.2;1060.8;1;VAGO;15780.0;1.8391608391608392
HABITACIONAL RIACHO FUNDO II;RIACHO FUNDO II;60217;11/2025;58;354000;839600.0;752.46;351.148;250.82;10;CERCADO;485600.0;137.17514124293785
QR-SAMAMBAIA;SAMAMBAIA;60213;11/2025;59;933000;953000.0;3150.0;1800.0;900.0;1;VAGO;20000.0;2.1436227224008575
CENTRO URBANO;SAMAMBAIA;60217;11/2025;60;471000;887000.0;721.32;480.88;240.44;3;VAGO;416000.0;88.32271762208069
CENTRO URBANO;SAMAMBAIA;60217;11/2025;61;3260000;3600000.0;6027.77;3444.44;1722.22;3;OBSTRUIDO;340000.0;10.429447852760736
QS-SAMAMBAIA;SAMAMBAIA;60218;11/2025;64;83600;90600.0;140.0;100.0;50.0;1;VAGO;7000.0;8.373205741626794
QN-SAMAMBAIA;SAMAMBAIA;60219;11/2025;66;216000;273000.0;600.0;400.0;200.0;2;VAGO;57000.0;26.38888888888889
QN-SAMAMBAIA;SAMAMBAIA;60219;11/2025;77;87000;110000.0;150.0;100.0;50.0;2;VAGO;23000.0;26.436781609195403
QN-SAMAMBAIA;SAMAMBAIA;60220;11/2025;79;1080000;1361000.0;3421.95;2281.3;1140.65;4;VAGO;281000.0;26.01851851851852
QN-SAMAMBAIA;SAMAMBAIA;60220;11/2025;81;563000;565000.0;2926.2;1950.8;975.4;1;VAGO;2000.0;0.3552397868561279
QN-SAMAMBAIA;SAMAMBAIA;60220;11/2025;82;331000;413313.13;1680.0;1120.0;560.0;1;VAGO;82313.13;24.86801510574018
QS-SAMAMBAIA;SAMAMBAIA;60220;11/2025;84;127000;127109.91;300.0;200.0;100.0;2;VAGO;109.91000000000349;0.08654330708661692
QS-SAMAMBAIA;SAMAMBAIA;60220;11/2025;86;127000;127109.91;300.0;200.0;100.0;1;VAGO;109.91000000000349;0.08654330708661692
QS-SAMAMBAIA;SAMAMBAIA;60220;11/2025;87;127000;127721.73;300.0;200.0;100.0;1;VAGO;721.7299999999959;0.568291338582674
QS-SAMAMBAIA;SAMAMBAIA;60220;11/2025;89;669000;691000.0;2075.04;1383.36;691.68;1;VAGO;22000.0;3.288490284005979
QS-SAMAMBAIA;SAMAMBAIA;60220;11/2025;90;127000;151000.11;300.0;200.0;100.0;3;VAGO;24000.109999999986;18.897724409448806
QS-SAMAMBAIA;SAMAMBAIA;60220;11/2025;93;127000;180000.0;300.0;200.0;100.0;3;VAGO;53000.0;41.732283464566926
SETOR DE SUPERQUADRAS SUL                    ;BRASILIA;60142;12/2025;1;2210000;2314000.0;234.27;234.27;234.27;1;OCUPADO;104000.0;4.705882352941177
QUADRAS ECONOMICAS DA EPTG                   ;BRASILIA;60213;12/2025;3;1940000;1952000.0;2153.97;2153.97;717.99;1;VAGO;12000.0;0.6185567010309279
SETOR DE OFICINAS NORTE                      ;BRASILIA;60227;12/2025;4;544000;761000.0;282.45;282.45;201.75;3;OCUPADO;217000.0;39.88970588235294
SETOR DE OFICINAS NORTE                      ;BRASILIA;60227;12/2025;5;398000;398000.0;199.5;199.5;142.5;1;OCUPADO;0.0;0.0
SHCNW-SETOR DE HABITAÇÕES COLETIVAS NOROESTE;BRASILIA;60602;12/2025;6;5250000;8804200.0;300.0;300.0;1200.0;2;VAGO;3554200.0;67.69904761904762
SETOR N NORTE-QUADRA COMERCIAL               ;CEILANDIA;60217;12/2025;7;494000;711900.0;1300.0;520.0;260.0;3;OCUPADO;217900.0;44.10931174089069
SETOR DE DESENVOLVIMENTO ECONOMICO CENTRO NORTE;CEILANDIA;60224;12/2025;8;434000;434000.0;400.0;400.0;200.0;1;OCUPADO;0.0;0.0
SETOR INDUSTRIAL I                           ;CEILANDIA;60225;12/2025;9;84300;1089000.0;315.0;315.0;210.0;6;CERCADO;1004700.0;1191.8149466192172
SETOR INDUSTRIAL I                           ;CEILANDIA;60225;12/2025;9;84300;1089000.0;315.0;315.0;210.0;6;CERCADO;1004700.0;1191.8149466192172
SETOR INDUSTRIAL I                           ;CEILANDIA;60225;12/2025;9;84300;1089000.0;315.0;315.0;210.0;6;CERCADO;1004700.0;1191.8149466192172
SETOR INDUSTRIAL I                           ;CEILANDIA;60225;12/2025;9;84300;1089000.0;315.0;315.0;210.0;6;OCUPADO;1004700.0;1191.8149466192172
SETOR DE DESENVOLVIMENTO ECONOMICO CENTRO NORTE;CEILANDIA;60227;12/2025;11;153000;300050.0;300.0;300.0;150.0;4;OCUPADO;147050.0;96.11111111111111
SETOR DE DESENVOLVIMENTO ECONOMICO CENTRO NORTE;CEILANDIA;60227;12/2025;12;153000;183600.0;300.0;300.0;150.0;1;OCUPADO;30600.0;20.0
SETOR RESID INDUSTRIA E ABASTECIMENTO        ;GUARA;60214;12/2025;13;273000;391200.0;345.6;345.6;144.0;6;OCUPADO;118200.0;43.2967032967033
SETOR RESID INDUSTRIA E ABASTECIMENTO        ;GUARA;60214;12/2025;14;273000;451160.6;345.6;345.6;144.0;11;OBSTRUIDO;178160.59999999998;65.26029304029302
SETOR RESID INDUSTRIA E ABASTECIMENTO        ;GUARA;60215;12/2025;15;273000;517000.0;345.6;345.6;144.0;8;OBSTRUIDO;244000.0;89.37728937728939
SETOR RESID INDUSTRIA E ABASTECIMENTO        ;GUARA;60220;12/2025;17;559000;571200.0;432.0;432.0;144.0;1;VAGO;12200.0;2.1824686940966007
COMP. URB. ALDEIAS DO CERRADO - QR 04 - RESIDENCIAL SUCUPIRAS;JARDIM BOTÂNICO;285;12/2025;28;317000;317501.0;420.0;420.0;420.0;1;VAGO;501.0;0.1580441640378549
COMP. URB. ALDEIAS DO CERRADO - QR 04 - RESIDENCIAL SUCUPIRAS;JARDIM BOTÂNICO;285;12/2025;29;317000;317107.07;420.0;420.0;420.0;2;VAGO;107.07000000000698;0.03377602523659526
COMP. URB. ALDEIAS DO CERRADO - QR 04 - RESIDENCIAL SUCUPIRAS;JARDIM BOTÂNICO;285;12/2025;30;350000;353000.0;515.68;515.68;515.68;2;VAGO;3000.0;0.8571428571428572
COMP. URB. ALDEIAS DO CERRADO - QR 04 - RESIDENCIAL SUCUPIRAS;JARDIM BOTÂNICO;285;12/2025;33;346000;347524.33;504.54;504.54;504.54;1;VAGO;1524.3300000000163;0.4405578034682128
COMP. URB. ALDEIAS DO CERRADO - QR 04 - RESIDENCIAL SUCUPIRAS;JARDIM BOTÂNICO;285;12/2025;35;326000;326503.99;447.16;447.16;447.16;1;VAGO;503.9899999999907;0.15459815950919958
COMP. URB. ALDEIAS DO CERRADO - QR 04 - RESIDENCIAL SUCUPIRAS;JARDIM BOTÂNICO;285;12/2025;36;352000;355000.0;523.32;523.32;523.32;1;VAGO;3000.0;0.8522727272727272
SETOR HABITACIONAL JARDIM BOTANICO;SAO SEBASTIAO;60214;12/2025;40;621000;721000.0;1167.465;1167.465;778.31;6;CONSTRUIDO;100000.0;16.10305958132045
RECANTO DAS EMAS;RECANTO DAS EMAS;60216;12/2025;52;183000;187100.0;403.48;363.132;201.74;3;VAGO;4100.0;2.2404371584699456
AREA DE DESENVOLVIMENTO ECONOMICO;RECANTO DAS EMAS;60227;12/2025;56;184000;300000.0;562.8;562.8;140.7;3;OCUPADO;116000.0;63.04347826086957
QR-SAMAMBAIA;SAMAMBAIA;60213;12/2025;57;323000;323000.0;1750.0;1000.0;500.0;1;OBSTRUIDO;0.0;0.0
CENTRO URBANO;SAMAMBAIA;60217;12/2025;59;471000;817000.0;721.32;480.88;240.44;4;VAGO;346000.0;73.46072186836517
CENTRO URBANO;SAMAMBAIA;60217;12/2025;60;471000;511001.59;720.66;480.44;240.22;1;VAGO;40001.590000000026;8.492906581740982
CENTRO URBANO;SAMAMBAIA;60217;12/2025;61;487000;491001.59;750.0;500.0;250.0;1;VAGO;4001.5900000000256;0.8216817248460011
CENTRO URBANO;SAMAMBAIA;60217;12/2025;62;487000;491001.59;750.0;500.0;250.0;1;VAGO;4001.5900000000256;0.8216817248460011
QN-SAMAMBAIA;SAMAMBAIA;60217;12/2025;63;166000;167501.0;350.0;200.0;100.0;1;VAGO;1501.0;0.9042168674698795
QN-SAMAMBAIA;SAMAMBAIA;60217;12/2025;64;166000;166000.0;350.0;200.0;100.0;1;VAGO;0.0;0.0
QN-SAMAMBAIA;SAMAMBAIA;60217;12/2025;65;166000;194227.77;350.0;200.0;100.0;1;VAGO;28227.76999999999;17.00468072289156
QN-SAMAMBAIA;SAMAMBAIA;60217;12/2025;68;166000;175000.0;350.0;200.0;100.0;1;OCUPADO;9000.0;5.421686746987952
QS-SAMAMBAIA;SAMAMBAIA;60217;12/2025;69;902000;950000.0;2998.8;1764.0;882.0;1;OCUPADO;48000.0;5.321507760532151
QN-SAMAMBAIA;SAMAMBAIA;60219;12/2025;74;153000;155000.0;300.0;200.0;100.0;1;VAGO;2000.0;1.3071895424836601
QN-SAMAMBAIA;SAMAMBAIA;60219;12/2025;75;153000;155000.0;300.0;200.0;100.0;1;VAGO;2000.0;1.3071895424836601
QN-SAMAMBAIA;SAMAMBAIA;60220;12/2025;82;794000;990000.0;2483.46;1655.64;827.82;1;VAGO;196000.0;24.68513853904282
QN-SAMAMBAIA;SAMAMBAIA;60220;12/2025;83;1030000;1081000.0;3245.16;2163.44;1081.72;1;VAGO;51000.0;4.951456310679612
QS-SAMAMBAIA;SAMAMBAIA;60220;12/2025;84;908000;1428000.0;2854.35;1902.9;951.45;4;VAGO;520000.0;57.268722466960355
QS-SAMAMBAIA;SAMAMBAIA;60220;12/2025;85;203000;251000.0;556.5;371.0;185.5;1;VAGO;48000.0;23.645320197044335
QS-SAMAMBAIA;SAMAMBAIA;60220;12/2025;87;198000;215000.0;540.0;360.0;180.0;3;OBSTRUIDO;17000.0;8.585858585858585
SOBRADINHO                                   ;SOBRADINHO;60214;12/2025;89;374000;476000.0;735.0;735.0;350.0;7;VAGO;102000.0;27.27272727272727
SETOR M NORTE-QUADRA RESIDENCIAL             ;CEILANDIA;60219;13/2025;2;289000;376800.0;750.0;500.0;250.0;4;CERCADO;87800.0;30.38062283737024
SETOR N NORTE-QUADRA RESIDENCIAL             ;CEILANDIA;60219;13/2025;3;286000;291500.0;750.0;500.0;250.0;1;OCUPADO;5500.0;1.9230769230769231
SETOR M NORTE-QUADRA RESIDENCIAL             ;CEILANDIA;60220;13/2025;5;361000;364971.0;1000.0;500.0;250.0;1;CERCADO;3971.0;1.0999999999999999
SETOR M NORTE-QUADRA RESIDENCIAL             ;CEILANDIA;60220;13/2025;8;361000;373000.0;1000.0;500.0;250.0;1;CERCADO;12000.0;3.32409972299169
SETOR RESID INDUSTRIA E ABASTECIMENTO        ;GUARA;60214;13/2025;9;310000;523011.19;399.6;399.6;166.5;15;VAGO;213011.19;68.7132870967742
SETOR RESID INDUSTRIA E ABASTECIMENTO        ;GUARA;60214;13/2025;10;310000;511527.0;399.6;399.6;166.5;9;VAGO;201527.0;65.00870967741935
SETOR RESID INDUSTRIA E ABASTECIMENTO        ;GUARA;60214;13/2025;11;298000;497000.0;381.456;381.456;158.94;6;VAGO;199000.0;66.77852348993288
COMP. URB. ALDEIAS DO CERRADO - QR 04 - RESIDENCIAL SUCUPIRAS;JARDIM BOTÂNICO;285;13/2025;21;328000;330000.0;452.96;452.96;452.96;1;VAGO;2000.0;0.6097560975609756
COMP. URB. ALDEIAS DO CERRADO - QR 04 - RESIDENCIAL SUCUPIRAS;JARDIM BOTÂNICO;285;13/2025;24;335000;337777.77;472.27;472.27;472.27;1;VAGO;2777.7700000000186;0.8291850746268712
COMP. URB. ALDEIAS DO CERRADO - QR 04 - RESIDENCIAL SUCUPIRAS;JARDIM BOTÂNICO;285;13/2025;31;317000;318200.0;420.0;420.0;420.0;1;VAGO;1200.0;0.3785488958990536
COMP. URB. ALDEIAS DO CERRADO - QR 04 - RESIDENCIAL SUCUPIRAS;JARDIM BOTÂNICO;285;13/2025;34;335000;335102.0;472.27;472.27;472.27;1;VAGO;102.0;0.03044776119402985
COMP. URB. ALDEIAS DO CERRADO - QR 04 - RESIDENCIAL SUCUPIRAS;JARDIM BOTÂNICO;285;13/2025;35;362000;380000.2;554.58;554.58;554.58;3;VAGO;18000.20000000001;4.9724309392265225
SETOR HABITACIONAL JARDIM BOTANICO;SAO SEBASTIAO;60214;13/2025;37;636000;809999.99;1199.475;1199.475;799.65;7;VAGO;173999.99;27.35848899371069
SETOR HABITACIONAL JARDIM BOTANICO;SAO SEBASTIAO;60214;13/2025;38;961000;962000.0;1200.0;1200.0;800.0;1;OCUPADO;1000.0;0.10405827263267431
PARANOÁ PARQUE;PARANOA;60221;13/2025;39;948000;1050000.0;3237.541;1798.634;1798.634;2;VAGO;102000.0;10.759493670886076
RECANTO DAS EMAS;RECANTO DAS EMAS;60216;13/2025;40;237000;255100.0;535.82;482.238;267.91;1;VAGO;18100.0;7.637130801687764
RECANTO DAS EMAS;RECANTO DAS EMAS;60216;13/2025;41;139000;141000.99;300.0;270.0;150.0;2;VAGO;2000.9899999999907;1.43956115107913
RECANTO DAS EMAS;RECANTO DAS EMAS;60216;13/2025;42;201000;205000.0;448.32;403.488;224.16;1;OBSTRUIDO;4000.0;1.9900497512437811
RECANTO DAS EMAS;RECANTO DAS EMAS;60216;13/2025;43;186000;186000.0;409.98;368.982;204.99;1;VAGO;0.0;0.0
HABITACIONAL RIACHO FUNDO II;RIACHO FUNDO II;60217;13/2025;51;586000;588000.0;1350.0;630.0;450.0;1;VAGO;2000.0;0.3412969283276451
HABITACIONAL RIACHO FUNDO II;RIACHO FUNDO II;60217;13/2025;52;586000;716600.0;1350.0;630.0;450.0;1;VAGO;130600.0;22.286689419795223
HABITACIONAL RIACHO FUNDO II;RIACHO FUNDO II;60217;13/2025;53;586000;716660.0;1350.0;630.0;450.0;2;VAGO;130660.0;22.296928327645052
HABITACIONAL RIACHO FUNDO II;RIACHO FUNDO II;60222;13/2025;56;631000;700010.0;1620.0;756.0;540.0;2;VAGO;69010.0;10.936608557844691
HABITACIONAL RIACHO FUNDO II;RIACHO FUNDO II;60227;13/2025;61;78500;82000.01;100.0;70.0;50.0;1;VAGO;3500.0099999999948;4.458611464968146
HABITACIONAL RIACHO FUNDO II;RIACHO FUNDO II;60227;13/2025;62;78500;85000.0;100.0;70.0;50.0;2;VAGO;6500.0;8.280254777070063
HABITACIONAL RIACHO FUNDO II;RIACHO FUNDO II;60227;13/2025;63;78500;100000.0;100.0;70.0;50.0;4;VAGO;21500.0;27.388535031847134
HABITACIONAL RIACHO FUNDO II;RIACHO FUNDO II;60227;13/2025;64;117000;193660.0;160.0;112.0;80.0;5;VAGO;76660.0;65.52136752136752
QN-SAMAMBAIA;SAMAMBAIA;60217;13/2025;67;223000;386660.0;525.0;300.0;150.0;7;VAGO;163660.0;73.39013452914797
QS-SAMAMBAIA;SAMAMBAIA;60217;13/2025;68;3050000;5551000.0;8619.68;5070.4;2535.2;1;VAGO;2501000.0;82.0
QS-SAMAMBAIA;SAMAMBAIA;60217;13/2025;69;925000;1440000.0;2760.0;1380.0;690.0;4;VAGO;515000.0;55.67567567567567
QS-SAMAMBAIA;SAMAMBAIA;60217;13/2025;70;830000;861000.0;2463.44;1231.72;615.86;2;VAGO;31000.0;3.734939759036145
QS-SAMAMBAIA;SAMAMBAIA;60217;13/2025;71;1700000;1820000.0;4763.094;2801.82;1400.91;1;VAGO;120000.0;7.0588235294117645
QS-SAMAMBAIA;SAMAMBAIA;60217;13/2025;72;166000;600000.0;350.0;200.0;100.0;10;OCUPADO;434000.0;261.44578313253015
QS-SAMAMBAIA;SAMAMBAIA;60218;13/2025;73;83600;105000.0;140.0;100.0;50.0;1;VAGO;21400.0;25.598086124401913
QS-SAMAMBAIA;SAMAMBAIA;60219;13/2025;79;1220000;1251000.0;3199.2;2132.8;1066.4;1;VAGO;31000.0;2.540983606557377
QS-SAMAMBAIA;SAMAMBAIA;60219;13/2025;80;1240000;1351000.0;3243.6;2162.4;1081.2;1;VAGO;111000.0;8.951612903225808
QS-SAMAMBAIA;SAMAMBAIA;60219;13/2025;82;186000;223290.0;900.0;600.0;300.0;6;VAGO;37290.0;20.048387096774192
QN-SAMAMBAIA;SAMAMBAIA;60220;13/2025;84;127000;161000.0;300.0;200.0;100.0;8;VAGO;34000.0;26.77165354330709
QN-SAMAMBAIA;SAMAMBAIA;60220;13/2025;86;1170000;1507000.0;3688.5;2459.0;1229.5;3;VAGO;337000.0;28.8034188034188
QS-SAMAMBAIA;SAMAMBAIA;60220;13/2025;87;1060000;1707000.0;3353.25;2235.5;1117.75;1;OBSTRUIDO;647000.0;61.03773584905661
QS-SAMAMBAIA;SAMAMBAIA;60220;13/2025;88;216000;263013.13;600.0;400.0;200.0;2;VAGO;47013.130000000005;21.765337962962967
QS-SAMAMBAIA;SAMAMBAIA;60220;13/2025;89;216000;263013.13;600.0;400.0;200.0;1;VAGO;47013.130000000005;21.765337962962967
QS-SAMAMBAIA;SAMAMBAIA;60220;13/2025;90;216000;263013.0;600.0;400.0;200.0;1;VAGO;47013.0;21.76527777777778
QS-SAMAMBAIA;SAMAMBAIA;60220;13/2025;91;237000;260790.0;1170.0;780.0;390.0;2;VAGO;23790.0;10.037974683544304
SANTA MARIA                                  ;SANTA MARIA;60217;13/2025;92;1240000;1250000.0;3552.28;1243.298;888.07;1;OCUPADO;10000.0;0.8064516129032258
SETOR INDUSTRIAL                             ;SOBRADINHO;60224;13/2025;94;578000;600010.0;1400.0;1400.0;700.0;2;OBSTRUIDO;22010.0;3.807958477508651
SETOR O NORTE-QUADRA RESIDENCIAL             ;CEILANDIA;60219;14/2025;2;448000;586600.0;1307.25;871.5;435.75;2;OCUPADO;138600.0;30.9375
SETOR INDUSTRIAL I                           ;CEILANDIA;60225;14/2025;4;243000;751900.0;1400.0;1400.0;700.0;8;VAGO;508900.0;209.4238683127572
SETOR DE MULTIPLAS ATIVIDADES;GAMA;60224;14/2025;5;221000;350000.0;352.0;220.0;220.0;3;VAGO;129000.0;58.371040723981906
SETOR DE MULTIPLAS ATIVIDADES;GAMA;60224;14/2025;6;218000;241000.0;340.16;212.6;212.6;1;VAGO;23000.0;10.550458715596331
SETOR RESID INDUSTRIA E ABASTECIMENTO        ;GUARA;1000;14/2025;7;192000;1001000.0;45.0;45.0;45.0;4;OCUPADO;809000.0;421.3541666666667
SETOR RESID INDUSTRIA E ABASTECIMENTO        ;GUARA;60220;14/2025;9;559000;571000.0;432.0;432.0;144.0;1;VAGO;12000.0;2.146690518783542
SETOR RESID INDUSTRIA E ABASTECIMENTO        ;GUARA;60220;14/2025;10;559000;571000.0;432.0;432.0;144.0;1;VAGO;12000.0;2.146690518783542
COMP. URB. ALDEIAS DO CERRADO - QR 04 - RESIDENCIAL SUCUPIRAS;JARDIM BOTÂNICO;285;14/2025;13;317000;330500.0;420.0;420.0;420.0;2;VAGO;13500.0;4.2586750788643535
COMP. URB. ALDEIAS DO CERRADO - QR 04 - RESIDENCIAL SUCUPIRAS;JARDIM BOTÂNICO;285;14/2025;14;317000;318000.0;420.0;420.0;420.0;1;VAGO;1000.0;0.31545741324921134
COMP. URB. ALDEIAS DO CERRADO - QR 04 - RESIDENCIAL SUCUPIRAS;JARDIM BOTÂNICO;285;14/2025;15;317000;325000.0;420.0;420.0;420.0;1;VAGO;8000.0;2.5236593059936907
COMP. URB. ALDEIAS DO CERRADO - QR 04 - RESIDENCIAL SUCUPIRAS;JARDIM BOTÂNICO;285;14/2025;24;330000;333333.99;456.63;456.63;456.63;1;VAGO;3333.9899999999907;1.010299999999997
PARANOÁ PARQUE;PARANOA;60221;14/2025;33;969000;1060000.0;3318.763;1843.757;1843.757;1;OBSTRUIDO;91000.0;9.39112487100103
RECANTO DAS EMAS;RECANTO DAS EMAS;60217;14/2025;35;238200;240200.0;132.25;103.5;57.5;1;OCUPADO;2000.0;0.8396305625524769
RECANTO DAS EMAS;RECANTO DAS EMAS;60217;14/2025;37;146000;151000.0;345.0;270.0;150.0;1;VAGO;5000.0;3.4246575342465753
RECANTO DAS EMAS;RECANTO DAS EMAS;60217;14/2025;38;146000;151000.0;345.0;270.0;150.0;1;VAGO;5000.0;3.4246575342465753
RECANTO DAS EMAS;RECANTO DAS EMAS;60217;14/2025;39;146000;151000.0;345.0;270.0;150.0;1;VAGO;5000.0;3.4246575342465753
RECANTO DAS EMAS;RECANTO DAS EMAS;60217;14/2025;41;1170000;1401100.0;3510.0;2527.2;1404.0;1;VAGO;231100.0;19.75213675213675
AREA DE DESENVOLVIMENTO ECONOMICO;RECANTO DAS EMAS;60227;14/2025;45;149000;160000.0;446.4;446.4;111.6;1;OCUPADO;11000.0;7.38255033557047
AREA DE DESENVOLVIMENTO ECONOMICO;RECANTO DAS EMAS;60227;14/2025;46;149000;149500.0;446.4;446.4;111.6;1;OCUPADO;500.0;0.33557046979865773
AREA DE DESENVOLVIMENTO ECONOMICO;RECANTO DAS EMAS;60227;14/2025;47;154000;160000.0;463.36;463.36;115.84;1;OCUPADO;6000.0;3.896103896103896
HABITACIONAL RIACHO FUNDO II;RIACHO FUNDO II;60217;14/2025;48;150000;220000.0;273.0;127.4;91.0;4;VAGO;70000.0;46.666666666666664
HABITACIONAL RIACHO FUNDO II;RIACHO FUNDO II;60224;14/2025;50;2070000;2070100.0;3307.5;3307.5;2362.5;1;VAGO;100.0;0.004830917874396135
QN-SAMAMBAIA;SAMAMBAIA;60217;14/2025;58;166000;250000.0;350.0;200.0;100.0;1;VAGO;84000.0;50.602409638554214
QN-SAMAMBAIA;SAMAMBAIA;60217;14/2025;59;166000;240000.0;350.0;200.0;100.0;3;VAGO;74000.0;44.57831325301205
QS-SAMAMBAIA;SAMAMBAIA;60217;14/2025;66;166000;167100.0;350.0;200.0;100.0;1;VAGO;1100.0;0.6626506024096386
QN-SAMAMBAIA;SAMAMBAIA;60219;14/2025;68;127000;141700.0;300.0;200.0;100.0;1;VAGO;14700.0;11.5748031496063
QN-SAMAMBAIA;SAMAMBAIA;60219;14/2025;69;670000;900900.0;2079.0;1386.0;693.0;1;VAGO;230900.0;34.462686567164184
QN-SAMAMBAIA;SAMAMBAIA;60219;14/2025;70;838000;851000.0;2625.0;1750.0;875.0;1;VAGO;13000.0;1.5513126491646778
QN-SAMAMBAIA;SAMAMBAIA;60219;14/2025;72;153000;153000.0;390.0;260.0;130.0;1;OBSTRUIDO;0.0;0.0
QS-SAMAMBAIA;SAMAMBAIA;60219;14/2025;73;746000;756000.0;2325.0;1550.0;775.0;1;VAGO;10000.0;1.3404825737265416
QS-SAMAMBAIA;SAMAMBAIA;60219;14/2025;74;617000;628000.0;1906.5;1271.0;635.5;1;VAGO;11000.0;1.7828200972447326
QN-SAMAMBAIA;SAMAMBAIA;60220;14/2025;75;1230000;1552000.0;3903.6;2602.4;1301.2;1;VAGO;322000.0;26.178861788617887
QN-SAMAMBAIA;SAMAMBAIA;60220;14/2025;76;603000;716013.09;1861.98;1241.32;620.66;1;VAGO;113013.08999999997;18.741805970149247
QN-SAMAMBAIA;SAMAMBAIA;60220;14/2025;79;855000;863599.0;2681.7;1787.8;893.9;1;VAGO;8599.0;1.0057309941520467
QN-SAMAMBAIA;SAMAMBAIA;60220;14/2025;80;127000;210000.0;300.0;200.0;100.0;6;VAGO;83000.0;65.35433070866141
QS-SAMAMBAIA;SAMAMBAIA;60220;14/2025;84;216000;436660.0;600.0;400.0;200.0;5;VAGO;220660.0;102.15740740740739
QS-SAMAMBAIA;SAMAMBAIA;60220;14/2025;88;87000;90000.0;150.0;100.0;50.0;1;VAGO;3000.0;3.4482758620689653
SANTA MARIA                                  ;SANTA MARIA;60217;14/2025;98;2640000;2715000.0;9811.6;3434.06;2452.9;1;OBSTRUIDO;75000.0;2.840909090909091
SETOR HABITACIONAL VICENTE PIRES - TRECHO 03;VICENTE PIRES;60214;14/2025;101;249000;571100.0;687.24;687.24;343.62;22;OBSTRUIDO;322100.0;129.3574297188755
SETOR HABITACIONAL ARNIQUEIRA;ARNIQUEIRA;60215;16/2025;3;625000;1010000.0;1978.34;791.336;989.17;3;OCUPADO;385000.0;61.6
SETOR HABITACIONAL ARNIQUEIRA;ARNIQUEIRA;60219;16/2025;6;296000;701000.0;781.38;390.69;390.69;11;CONSTRUIDO;405000.0;136.82432432432432
SETOR HABITACIONAL ARNIQUEIRA;ARNIQUEIRA;60220;16/2025;7;327000;331500.0;866.9;433.45;433.45;2;OCUPADO;4500.0;1.3761467889908259
SETOR INDUSTRIAL I                           ;CEILANDIA;60225;16/2025;15;118000;357000.0;472.5;472.5;315.0;7;OBSTRUIDO;239000.0;202.54237288135593
SETOR INDUSTRIAL I                           ;CEILANDIA;60225;16/2025;18;84300;125200.0;315.0;315.0;210.0;2;OCUPADO;40900.0;48.517200474495844
COMP. URB. ALDEIAS DO CERRADO - QR 04 - RESIDENCIAL SUCUPIRAS;JARDIM BOTÂNICO;285;16/2025;24;317000;317499.0;420.0;420.0;420.0;1;VAGO;499.0;0.15741324921135647
COMP. URB. ALDEIAS DO CERRADO - QR 04 - RESIDENCIAL SUCUPIRAS;JARDIM BOTÂNICO;285;16/2025;29;344000;365500.0;498.8;498.8;498.8;3;VAGO;21500.0;6.25
COMP. URB. ALDEIAS DO CERRADO - QR 04 - RESIDENCIAL SUCUPIRAS;JARDIM BOTÂNICO;285;16/2025;41;335000;337500.0;472.27;472.27;472.27;1;VAGO;2500.0;0.7462686567164178
SETOR HABITACIONAL JARDIM BOTANICO;SAO SEBASTIAO;60214;16/2025;45;861000;1073737.0;1597.665;1597.665;1065.11;4;VAGO;212737.0;24.708130081300812
SUBCENTRO URBANO 400/600;RECANTO DAS EMAS;60222;16/2025;50;3990000;8851000.0;19978.2;11986.92;6659.4;3;VAGO;4861000.0;121.82957393483709
QN-SAMAMBAIA;SAMAMBAIA;60217;16/2025;60;137000;155407.0;350.0;200.0;100.0;1;VAGO;18407.0;13.435766423357665
QN-SAMAMBAIA;SAMAMBAIA;60217;16/2025;61;1360000;1911000.0;3784.2;2226.0;1113.0;5;VAGO;551000.0;40.51470588235294
QN-SAMAMBAIA;SAMAMBAIA;60217;16/2025;62;1300000;1909000.0;3604.0;2120.0;1060.0;4;VAGO;609000.0;46.84615384615385
QN-SAMAMBAIA;SAMAMBAIA;60220;16/2025;71;127000;152600.0;300.0;200.0;100.0;4;VAGO;25600.0;20.15748031496063
QN-SAMAMBAIA;SAMAMBAIA;60220;16/2025;72;127000;233000.0;300.0;200.0;100.0;1;CONSTRUIDO;106000.0;83.46456692913385
QN-SAMAMBAIA;SAMAMBAIA;60220;16/2025;73;127000;233000.0;300.0;200.0;100.0;2;VAGO;106000.0;83.46456692913385
QS-SAMAMBAIA;SAMAMBAIA;60220;16/2025;74;198000;235101.0;540.0;360.0;180.0;1;VAGO;37101.0;18.73787878787879
QS-SAMAMBAIA;SAMAMBAIA;60220;16/2025;76;682000;701050.0;2118.54;1412.36;706.18;1;VAGO;19050.0;2.793255131964809
SETOR DE TRANSPORTE RODOVIARIO DE CARGAS;SETOR DE INDUSTRIA E ABASTECIMENTO;60224;16/2025;87;11000000;11057000.0;13064.525;5225.81;5225.81;1;OBSTRUIDO;57000.0;0.5181818181818182
SETOR HABITACIONAL VICENTE PIRES - TRECHO 03;VICENTE PIRES;60214;16/2025;89;673000;703000.0;2767.74;2767.74;1383.87;1;OCUPADO;30000.0;4.457652303120357
SETOR HABITACIONAL VICENTE PIRES - TRECHO 03;VICENTE PIRES;60214;16/2025;90;283000;450000.0;827.64;827.64;413.82;4;OCUPADO;167000.0;59.01060070671378
SETOR HABITACIONAL VICENTE PIRES - TRECHO 03;VICENTE PIRES;60214;16/2025;93;863000;1050100.01;3863.86;3863.86;1931.93;1;OCUPADO;187100.01;21.680186558516805
SETOR HABITACIONAL VICENTE PIRES - TRECHO 03;VICENTE PIRES;60214;16/2025;94;553000;750000.0;2121.48;2121.48;1060.74;1;OCUPADO;197000.0;35.62386980108499
SETOR HABITACIONAL ARNIQUEIRA;ARNIQUEIRA;60214;18/2025;1;206000;288888.88;601.54;300.77;300.77;4;OCUPADO;82888.88;40.23732038834952
SETOR HABITACIONAL ARNIQUEIRA;ARNIQUEIRA;60214;18/2025;2;260000;368888.88;766.32;383.16;383.16;3;OCUPADO;108888.88;41.880338461538464
SETOR HABITACIONAL ARNIQUEIRA;ARNIQUEIRA;60215;18/2025;4;689000;852000.0;2203.64;881.456;1101.82;1;OCUPADO;163000.0;23.657474600870827
SETOR HABITACIONAL ARNIQUEIRA;ARNIQUEIRA;60219;18/2025;5;1570000;5340000.0;4816.2;2408.1;2408.1;6;OCUPADO;3770000.0;240.12738853503186
SETOR HABITACIONAL ARNIQUEIRA;ARNIQUEIRA;60219;18/2025;6;1530000;5340000.0;4676.46;2338.23;2338.23;6;CERCADO;3810000.0;249.01960784313727
SETOR HABITACIONAL ARNIQUEIRA;ARNIQUEIRA;60219;18/2025;7;322000;611011.11;852.0;426.0;426.0;4;OCUPADO;289011.11;89.75500310559006
SETOR DE HABITACOES INDIVIDUAIS NORTE        ;BRASILIA;60221;18/2025;12;1540000;4100000.0;480.7;480.7;1045.0;9;VAGO;2560000.0;166.23376623376623
SETOR DE HABITACOES INDIVIDUAIS NORTE        ;BRASILIA;60221;18/2025;13;1540000;4100000.0;480.7;480.7;1045.0;9;VAGO;2560000.0;166.23376623376623
SHCNW-SETOR DE HABITAÇÕES COLETIVAS NOROESTE;BRASILIA;60598;18/2025;15;233000;555000.0;15.0;15.0;15.0;3;VAGO;322000.0;138.19742489270385
SETOR RESID INDUSTRIA E ABASTECIMENTO        ;GUARA;60214;18/2025;19;543000;655000.0;742.56;742.56;309.4;3;OCUPADO;112000.0;20.626151012891345
SETOR RESID INDUSTRIA E ABASTECIMENTO        ;GUARA;60214;18/2025;20;273000;485026.1;345.6;345.6;144.0;6;OCUPADO;212026.09999999998;77.66523809523808
SETOR RESID INDUSTRIA E ABASTECIMENTO        ;GUARA;60214;18/2025;21;273000;485026.1;345.6;345.6;144.0;11;VAGO;212026.09999999998;77.66523809523808
SETOR RESID INDUSTRIA E ABASTECIMENTO        ;GUARA;60220;18/2025;23;559000;579999.99;432.0;432.0;144.0;1;VAGO;20999.98999999999;3.7567066189624314
COMP. URB. ALDEIAS DO CERRADO - QR 04 - RESIDENCIAL SUCUPIRAS;JARDIM BOTÂNICO;285;18/2025;25;319000;321500.0;426.92;426.92;426.92;2;VAGO;2500.0;0.7836990595611284
COMP. URB. ALDEIAS DO CERRADO - QR 04 - RESIDENCIAL SUCUPIRAS;JARDIM BOTÂNICO;285;18/2025;28;341000;347500.0;490.56;490.56;490.56;1;VAGO;6500.0;1.906158357771261
COMP. URB. ALDEIAS DO CERRADO - QR 04 - RESIDENCIAL SUCUPIRAS;JARDIM BOTÂNICO;285;18/2025;32;317000;317840.0;420.0;420.0;420.0;1;VAGO;840.0;0.2649842271293375
COMP. URB. ALDEIAS DO CERRADO - QR 04 - RESIDENCIAL SUCUPIRAS;JARDIM BOTÂNICO;285;18/2025;33;351000;361000.0;520.63;520.63;520.63;1;VAGO;10000.0;2.849002849002849
COMP. URB. ALDEIAS DO CERRADO - QR 04 - RESIDENCIAL SUCUPIRAS;JARDIM BOTÂNICO;285;18/2025;34;327000;328000.0;449.34;449.34;449.34;1;VAGO;1000.0;0.3058103975535168
COMP. URB. ALDEIAS DO CERRADO - QR 04 - RESIDENCIAL SUCUPIRAS;JARDIM BOTÂNICO;285;18/2025;40;357000;361101.99;537.36;537.36;537.36;1;VAGO;4101.989999999991;1.1490168067226865
COMP. URB. ALDEIAS DO CERRADO - QR 04 - RESIDENCIAL SUCUPIRAS;JARDIM BOTÂNICO;285;18/2025;41;317000;329500.0;420.0;420.0;420.0;2;VAGO;12500.0;3.943217665615142
SETOR RESIDENCIAL LESTE (SRL);PLANALTINA;60216;18/2025;51;51000;52099.99;120.0;120.0;60.0;1;VAGO;1099.989999999998;2.156843137254898
SETOR RESIDENCIAL LESTE (SRL);PLANALTINA;60216;18/2025;53;43600;47333.33;102.5;102.5;51.25;3;VAGO;3733.3300000000017;8.562683486238535
HABITACIONAL RIACHO FUNDO II;RIACHO FUNDO II;60217;18/2025;56;586000;616600.0;1350.0;630.0;450.0;1;VAGO;30600.0;5.221843003412969
HABITACIONAL RIACHO FUNDO II;RIACHO FUNDO II;60217;18/2025;57;586000;587300.0;1350.0;630.0;450.0;1;VAGO;1300.0;0.2218430034129693
HABITACIONAL RIACHO FUNDO II;RIACHO FUNDO II;60227;18/2025;60;78500;85000.11;100.0;70.0;50.0;2;VAGO;6500.110000000001;8.2803949044586
HABITACIONAL RIACHO FUNDO II;RIACHO FUNDO II;60227;18/2025;61;78500;85001.11;100.0;70.0;50.0;3;VAGO;6501.110000000001;8.281668789808919
QS-SAMAMBAIA;SAMAMBAIA;60219;18/2025;70;1360000;1860000.0;3570.0;2380.0;1190.0;1;VAGO;500000.0;36.76470588235294
QN-SAMAMBAIA;SAMAMBAIA;60220;18/2025;71;503000;650000.0;1536.0;1024.0;512.0;1;VAGO;147000.0;29.22465208747515
QN-SAMAMBAIA;SAMAMBAIA;60220;18/2025;74;385000;436600.0;1152.0;768.0;384.0;1;VAGO;51600.0;13.402597402597403
QS-SAMAMBAIA;SAMAMBAIA;60220;18/2025;78;968000;968400.0;5096.52;3397.68;1698.84;1;VAGO;400.0;0.04132231404958678
SETOR HABITACIONAL VICENTE PIRES - TRECHO 03;VICENTE PIRES;60214;18/2025;83;542000;672300.99;2062.1;2062.1;1031.05;1;OCUPADO;130300.98999999999;24.040773062730626
SETOR HABITACIONAL VICENTE PIRES - TRECHO 03;VICENTE PIRES;60214;18/2025;86;362000;401000.0;1178.74;1178.74;589.37;1;OCUPADO;39000.0;10.773480662983426
SHCNW-SETOR DE HABITAÇÕES COLETIVAS NOROESTE;BRASILIA;60600;20/2025;7;7850000;8088888.88;2340.0;2340.0;780.0;1;VAGO;238888.8799999999;3.043170445859871
SETOR INDUSTRIAL I                           ;CEILANDIA;60225;20/2025;8;120000;377000.0;480.375;480.375;320.25;3;CERCADO;257000.0;214.16666666666666
SETOR INDUSTRIAL I                           ;CEILANDIA;60225;20/2025;9;84300;88900.0;315.0;315.0;210.0;2;CERCADO;4600.0;5.456702253855279
SETOR INDUSTRIAL I                           ;CEILANDIA;60227;20/2025;10;40700;62733.33;120.0;120.0;60.0;7;VAGO;22033.33;54.13594594594595
SETOR SUL                                    ;GAMA;60216;20/2025;11;201000;252515.0;1250.0;625.0;312.5;1;VAGO;51515.0;25.629353233830848
COMP. URB. ALDEIAS DO CERRADO - QR 04 - RESIDENCIAL SUCUPIRAS;JARDIM BOTÂNICO;285;20/2025;22;323000;327477.0;436.17;436.17;436.17;1;VAGO;4477.0;1.3860681114551083
COMP. URB. ALDEIAS DO CERRADO - QR 04 - RESIDENCIAL SUCUPIRAS;JARDIM BOTÂNICO;285;20/2025;24;350000;360000.0;518.13;518.13;518.13;1;VAGO;10000.0;2.857142857142857
COMP. URB. ALDEIAS DO CERRADO - QR 04 - RESIDENCIAL SUCUPIRAS;JARDIM BOTÂNICO;285;20/2025;25;352000;391952.0;523.59;523.59;523.59;2;VAGO;39952.0;11.35
COMP. URB. ALDEIAS DO CERRADO - QR 04 - RESIDENCIAL SUCUPIRAS;JARDIM BOTÂNICO;285;20/2025;26;335000;352100.0;472.27;472.27;472.27;1;VAGO;17100.0;5.104477611940299
COMP. URB. ALDEIAS DO CERRADO - QR 04 - RESIDENCIAL SUCUPIRAS;JARDIM BOTÂNICO;285;20/2025;28;317000;322254.73;420.0;420.0;420.0;1;VAGO;5254.729999999981;1.6576435331230224
PARANOÁ PARQUE;PARANOA;60221;20/2025;29;969000;1100000.0;3318.768;1843.76;1843.76;1;VAGO;131000.0;13.519091847265221
HABITACIONAL RIACHO FUNDO II;RIACHO FUNDO II;60227;20/2025;41;354000;415500.0;575.0;402.5;287.5;1;CERCADO;61500.0;17.372881355932204
HABITACIONAL RIACHO FUNDO II;RIACHO FUNDO II;60227;20/2025;42;157000;201000.0;225.0;157.5;112.5;1;CERCADO;44000.0;28.02547770700637
HABITACIONAL RIACHO FUNDO II;RIACHO FUNDO II;60227;20/2025;43;157000;191000.0;225.0;157.5;112.5;1;CERCADO;34000.0;21.656050955414013
HABITACIONAL RIACHO FUNDO II;RIACHO FUNDO II;60227;20/2025;46;157000;225300.0;225.0;157.5;112.5;1;CERCADO;68300.0;43.503184713375795
HABITACIONAL RIACHO FUNDO II;RIACHO FUNDO II;60227;20/2025;47;157000;225300.0;225.0;157.5;112.5;2;CERCADO;68300.0;43.503184713375795
CENTRO URBANO;SAMAMBAIA;60217;20/2025;50;487000;602000.0;750.0;500.0;250.0;2;VAGO;115000.0;23.613963039014372
QN-SAMAMBAIA;SAMAMBAIA;60219;20/2025;53;127000;150000.0;300.0;200.0;100.0;3;VAGO;23000.0;18.11023622047244
QN-SAMAMBAIA;SAMAMBAIA;60219;20/2025;55;127000;130000.0;300.0;200.0;100.0;1;VAGO;3000.0;2.3622047244094486
QN-SAMAMBAIA;SAMAMBAIA;60220;20/2025;56;268000;280000.0;768.0;512.0;256.0;1;VAGO;12000.0;4.477611940298507
QN-SAMAMBAIA;SAMAMBAIA;60220;20/2025;62;127000;150999.99;300.0;200.0;100.0;2;VAGO;23999.98999999999;18.897629921259835
QN-SAMAMBAIA;SAMAMBAIA;60220;20/2025;70;127000;166999.99;300.0;200.0;100.0;1;VAGO;39999.98999999999;31.496055118110228
QN-SAMAMBAIA;SAMAMBAIA;60220;20/2025;71;127000;166999.99;300.0;200.0;100.0;2;VAGO;39999.98999999999;31.496055118110228
QS-SAMAMBAIA;SAMAMBAIA;60220;20/2025;72;841000;1009953.0;2634.66;1756.44;878.22;3;VAGO;168953.0;20.089536266349583
QS-SAMAMBAIA;SAMAMBAIA;60220;20/2025;74;862000;946000.0;2703.12;1802.08;901.04;3;VAGO;84000.0;9.744779582366588
QS-SAMAMBAIA;SAMAMBAIA;60220;20/2025;77;308000;308500.0;900.0;600.0;300.0;1;VAGO;500.0;0.16233766233766234
QS-SAMAMBAIA;SAMAMBAIA;60220;20/2025;81;216000;300000.0;600.0;400.0;200.0;1;VAGO;84000.0;38.88888888888889
QS-SAMAMBAIA;SAMAMBAIA;60220;20/2025;82;174000;174000.0;832.5;555.0;277.5;1;VAGO;0.0;0.0
SETOR HABITACIONAL VICENTE PIRES - TRECHO 03;VICENTE PIRES;60214;20/2025;89;285000;425000.0;838.98;838.98;419.49;3;OCUPADO;140000.0;49.122807017543856
SETOR HABITACIONAL VICENTE PIRES - TRECHO 03;VICENTE PIRES;60214;20/2025;90;143000;418000.0;296.96;296.96;148.48;8;OCUPADO;275000.0;192.30769230769232
SETOR HABITACIONAL ARNIQUEIRA;ARNIQUEIRA;60215;21/2025;2;483000;630000.0;1493.34;597.336;746.67;7;CONSTRUIDO;147000.0;30.434782608695656
SHCNW-SETOR DE HABITAÇÕES COLETIVAS NOROESTE;BRASILIA;60604;21/2025;3;7870000;11151790.0;3793.24;3793.24;1724.2;5;VAGO;3281790.0;41.699999999999996
SETOR INDUSTRIAL I                           ;CEILANDIA;60225;21/2025;7;84300;100000.0;315.0;315.0;210.0;1;CONSTRUIDO;15700.0;18.62396204033215
SETOR INDUSTRIAL I                           ;CEILANDIA;60227;21/2025;8;40700;70050.0;120.0;120.0;60.0;2;OBSTRUIDO;29350.0;72.11302211302211
SETOR INDUSTRIAL I                           ;CEILANDIA;60227;21/2025;15;40700;48000.0;120.0;120.0;60.0;1;OBSTRUIDO;7300.0;17.936117936117938
SETOR INDUSTRIAL I                           ;CEILANDIA;60227;21/2025;16;40700;66533.33;120.0;120.0;60.0;2;OBSTRUIDO;25833.33;63.47255528255529
SETOR INDUSTRIAL I                           ;CEILANDIA;60227;21/2025;17;40700;76533.33;120.0;120.0;60.0;2;OBSTRUIDO;35833.33;88.04257985257986
SETOR INDUSTRIAL I                           ;CEILANDIA;60227;21/2025;18;40700;76533.33;120.0;120.0;60.0;4;OBSTRUIDO;35833.33;88.04257985257986
SETOR INDUSTRIAL I                           ;CEILANDIA;60227;21/2025;19;40700;66533.33;120.0;120.0;60.0;2;OBSTRUIDO;25833.33;63.47255528255529
SETOR INDUSTRIAL I                           ;CEILANDIA;60227;21/2025;20;40700;46991.0;120.0;120.0;60.0;1;OBSTRUIDO;6291.0;15.457002457002458
SETOR INDUSTRIAL I                           ;CEILANDIA;60227;21/2025;27;40700;51550.0;120.0;120.0;60.0;1;VAGO;10850.0;26.65847665847666
SETOR INDUSTRIAL I                           ;CEILANDIA;60227;21/2025;28;40700;55550.0;120.0;120.0;60.0;1;VAGO;14850.0;36.486486486486484
SETOR RESID INDUSTRIA E ABASTECIMENTO        ;GUARA;60220;21/2025;30;559000;586950.0;432.0;432.0;144.0;2;VAGO;27950.0;5.0
COMP. URB. ALDEIAS DO CERRADO - QR 04 - RESIDENCIAL SUCUPIRAS;JARDIM BOTÂNICO;285;21/2025;31;317000;317777.77;420.0;420.0;420.0;1;VAGO;777.7700000000186;0.245353312302845
COMP. URB. ALDEIAS DO CERRADO - QR 04 - RESIDENCIAL SUCUPIRAS;JARDIM BOTÂNICO;285;21/2025;32;317000;317050.0;420.0;420.0;420.0;1;VAGO;50.0;0.01577287066246057
COMP. URB. ALDEIAS DO CERRADO - QR 04 - RESIDENCIAL SUCUPIRAS;JARDIM BOTÂNICO;285;21/2025;37;317000;317200.0;421.4;421.4;421.4;1;VAGO;200.0;0.06309148264984228
COMP. URB. ALDEIAS DO CERRADO - QR 04 - RESIDENCIAL SUCUPIRAS;JARDIM BOTÂNICO;285;21/2025;40;338000;341000.0;480.86;480.86;480.86;1;VAGO;3000.0;0.8875739644970414
COMP. URB. ALDEIAS DO CERRADO - QR 04 - RESIDENCIAL SUCUPIRAS;JARDIM BOTÂNICO;285;21/2025;41;339000;365000.0;482.76;482.76;482.76;3;VAGO;26000.0;7.669616519174041
COMP. URB. ALDEIAS DO CERRADO - QR 04 - RESIDENCIAL SUCUPIRAS;JARDIM BOTÂNICO;285;21/2025;45;365000;389389.0;564.73;564.73;564.73;2;VAGO;24389.0;6.681917808219177
COMP. URB. ALDEIAS DO CERRADO - QR 04 - RESIDENCIAL SUCUPIRAS;JARDIM BOTÂNICO;285;21/2025;46;317000;320000.0;420.0;420.0;420.0;1;VAGO;3000.0;0.9463722397476341
RECANTO DAS EMAS;RECANTO DAS EMAS;60216;21/2025;47;634000;1215000.0;1560.0;1404.0;780.0;2;VAGO;581000.0;91.6403785488959
RECANTO DAS EMAS;RECANTO DAS EMAS;60217;21/2025;54;325000;325000.0;345.0;270.0;150.0;1;OCUPADO;0.0;0.0
HABITACIONAL RIACHO FUNDO II;RIACHO FUNDO II;60227;21/2025;65;78500;85141.44;100.0;70.0;50.0;1;VAGO;6641.440000000002;8.460433121019111
HABITACIONAL RIACHO FUNDO II;RIACHO FUNDO II;60227;21/2025;66;78500;85141.44;100.0;70.0;50.0;3;VAGO;6641.440000000002;8.460433121019111
HABITACIONAL RIACHO FUNDO II;RIACHO FUNDO II;60227;21/2025;67;248000;260000.0;382.5;267.75;191.25;2;OBSTRUIDO;12000.0;4.838709677419355
QN-SAMAMBAIA;SAMAMBAIA;60217;21/2025;79;137000;142000.0;350.0;200.0;100.0;1;VAGO;5000.0;3.64963503649635
SETOR HABITACIONAL VICENTE PIRES - TRECHO 03;VICENTE PIRES;60214;21/2025;99;306000;421000.99;928.0;928.0;464.0;2;OCUPADO;115000.98999999999;37.58202287581699
SETOR R NORTE-CNR;CEILANDIA;60215;01/2026;6;22100;23000.01;60.0;60.0;25.0;2;OCUPADO;900.0099999999984;4.07244343891402
SETOR INDUSTRIAL I                           ;CEILANDIA;60225;01/2026;11;84300;151580.0;315.0;315.0;210.0;4;CERCADO;67280.0;79.81020166073547
COMP. URB. ALDEIAS DO CERRADO - QR 04 - RESIDENCIAL SUCUPIRAS;JARDIM BOTÂNICO;285;01/2026;18;317000;325501.99;420.0;420.0;420.0;1;VAGO;8501.98999999999;2.6820157728706597
COMP. URB. ALDEIAS DO CERRADO - QR 04 - RESIDENCIAL SUCUPIRAS;JARDIM BOTÂNICO;285;01/2026;22;335000;339101.33;472.07;472.07;472.07;1;VAGO;4101.330000000016;1.2242776119403034
COMP. URB. ALDEIAS DO CERRADO - QR 04 - RESIDENCIAL SUCUPIRAS;JARDIM BOTÂNICO;285;01/2026;24;317000;317500.0;420.0;420.0;420.0;1;VAGO;500.0;0.15772870662460567
COMP. URB. ALDEIAS DO CERRADO - QR 04 - RESIDENCIAL SUCUPIRAS;JARDIM BOTÂNICO;285;01/2026;25;335000;340010.1;472.27;472.27;472.27;4;VAGO;5010.099999999977;1.4955522388059632
COMP. URB. ALDEIAS DO CERRADO - QR 04 - RESIDENCIAL SUCUPIRAS;JARDIM BOTÂNICO;285;01/2026;27;317000;318000.0;420.0;420.0;420.0;1;VAGO;1000.0;0.31545741324921134
SETOR HABITACIONAL JARDIM BOTANICO;SAO SEBASTIAO;60214;01/2026;30;731000;881001.01;1200.0;1200.0;800.0;7;OBSTRUIDO;150001.01;20.519974008207935
AVENIDA CENTRAL                              ;NUCLEO BANDEIRANTE;1000;01/2026;32;49700;50000.0;4.0;4.0;4.0;1;OBSTRUIDO;300.0;0.6036217303822937
RECANTO DAS EMAS;RECANTO DAS EMAS;60217;01/2026;41;169000;211999.99;405.03;316.98;176.1;1;VAGO;42999.98999999999;25.44378106508875
RECANTO DAS EMAS;RECANTO DAS EMAS;60217;01/2026;42;248000;310000.0;615.756;481.896;267.72;1;VAGO;62000.0;25.0
RECANTO DAS EMAS;RECANTO DAS EMAS;60217;01/2026;43;358000;360010.0;916.32;717.12;398.4;1;VAGO;2010.0;0.5614525139664804
RECANTO DAS EMAS;RECANTO DAS EMAS;60217;01/2026;49;411000;411000.0;376.671;294.786;163.77;1;OCUPADO;0.0;0.0
HABITACIONAL RIACHO FUNDO II;RIACHO FUNDO II;60227;01/2026;59;258000;261654.0;400.0;280.0;200.0;1;VAGO;3654.0;1.416279069767442
QS-SAMAMBAIA;SAMAMBAIA;60217;01/2026;67;137000;180100.0;350.0;200.0;100.0;2;VAGO;43100.0;31.45985401459854
QS-SAMAMBAIA;SAMAMBAIA;60217;01/2026;68;137000;180100.0;350.0;200.0;100.0;2;VAGO;43100.0;31.45985401459854
QS-SAMAMBAIA;SAMAMBAIA;60217;01/2026;69;166000;172000.0;350.0;200.0;100.0;3;VAGO;6000.0;3.614457831325301
QN-SAMAMBAIA;SAMAMBAIA;60219;01/2026;71;271000;272000.99;780.0;520.0;260.0;1;OBSTRUIDO;1000.9899999999907;0.36936900369003345
QS-SAMAMBAIA;SAMAMBAIA;60220;01/2026;80;518000;777000.0;2681.7;1787.8;893.9;2;VAGO;259000.0;50.0
QS-SAMAMBAIA;SAMAMBAIA;60220;01/2026;81;563000;777000.0;2926.2;1950.8;975.4;3;VAGO;214000.0;38.01065719360569
EXPANSAO ECONOMICA                           ;SOBRADINHO;60227;01/2026;84;293000;293010.0;588.0;420.0;210.0;1;OBSTRUIDO;10.0;0.0034129692832764505
SETOR M NORTE-QUADRA RESIDENCIAL             ;CEILANDIA;60220;02/2026;7;361000;405000.0;1000.0;500.0;250.0;1;CERCADO;44000.0;12.18836565096953
SETOR M NORTE-QUADRA RESIDENCIAL             ;CEILANDIA;60220;02/2026;8;361000;372999.99;1000.0;500.0;250.0;1;OBSTRUIDO;11999.98999999999;3.324096952908585
SETOR M NORTE-QUADRA RESIDENCIAL             ;CEILANDIA;60220;02/2026;12;361000;380000.0;1000.0;500.0;250.0;1;CERCADO;19000.0;5.263157894736842
SETOR INDUSTRIAL I                           ;CEILANDIA;60225;02/2026;14;84300;125900.0;315.0;315.0;210.0;4;OCUPADO;41600.0;49.34756820877818
SETOR INDUSTRIAL I                           ;CEILANDIA;60227;02/2026;15;40700;45700.0;120.0;120.0;60.0;2;VAGO;5000.0;12.285012285012286
SETOR INDUSTRIAL I                           ;CEILANDIA;60227;02/2026;16;40700;53000.0;120.0;120.0;60.0;2;VAGO;12300.0;30.22113022113022
SETOR INDUSTRIAL I                           ;CEILANDIA;60227;02/2026;17;40700;47700.0;120.0;120.0;60.0;2;VAGO;7000.0;17.1990171990172
SETOR INDUSTRIAL I                           ;CEILANDIA;60227;02/2026;20;40700;48511.0;120.0;120.0;60.0;4;OBSTRUIDO;7811.0;19.191646191646193
SETOR INDUSTRIAL I                           ;CEILANDIA;60227;02/2026;21;40700;55337.0;120.0;120.0;60.0;3;OBSTRUIDO;14637.0;35.96314496314496
SETOR INDUSTRIAL I                           ;CEILANDIA;60227;02/2026;22;40700;48511.0;120.0;120.0;60.0;1;OBSTRUIDO;7811.0;19.191646191646193
SETOR INDUSTRIAL I                           ;CEILANDIA;60227;02/2026;23;40700;48511.0;120.0;120.0;60.0;1;OBSTRUIDO;7811.0;19.191646191646193
SETOR INDUSTRIAL I                           ;CEILANDIA;60227;02/2026;24;40700;48511.0;120.0;120.0;60.0;1;OBSTRUIDO;7811.0;19.191646191646193
SETOR INDUSTRIAL I                           ;CEILANDIA;60227;02/2026;25;40700;48511.0;120.0;120.0;60.0;1;OBSTRUIDO;7811.0;19.191646191646193
SETOR INDUSTRIAL I                           ;CEILANDIA;60227;02/2026;26;40700;49500.0;120.0;120.0;60.0;1;OBSTRUIDO;8800.0;21.62162162162162
SETOR INDUSTRIAL I                           ;CEILANDIA;60227;02/2026;27;40700;51550.0;120.0;120.0;60.0;1;OBSTRUIDO;10850.0;26.65847665847666
COMP. URB. ALDEIAS DO CERRADO - QR 04 - RESIDENCIAL SUCUPIRAS;JARDIM BOTÂNICO;285;02/2026;30;317000;322555.55;420.0;420.0;420.0;1;VAGO;5555.549999999988;1.7525394321766525
COMP. URB. ALDEIAS DO CERRADO - QR 04 - RESIDENCIAL SUCUPIRAS;JARDIM BOTÂNICO;285;02/2026;34;336000;351123.45;475.77;475.77;475.77;4;VAGO;15123.450000000012;4.501026785714289
COMP. URB. ALDEIAS DO CERRADO - QR 04 - RESIDENCIAL SUCUPIRAS;JARDIM BOTÂNICO;285;02/2026;38;334000;338860.4;469.97;469.97;469.97;1;VAGO;4860.400000000023;1.4552095808383303
COMP. URB. ALDEIAS DO CERRADO - QR 04 - RESIDENCIAL SUCUPIRAS;JARDIM BOTÂNICO;285;02/2026;39;355000;370000.0;532.25;532.25;532.25;2;VAGO;15000.0;4.225352112676056
RECANTO DAS EMAS;RECANTO DAS EMAS;60217;02/2026;45;668000;670000.0;684.825;535.95;297.75;2;OCUPADO;2000.0;0.29940119760479045
HABITACIONAL RIACHO FUNDO II;RIACHO FUNDO II;60217;02/2026;47;150000;166200.0;273.0;127.4;91.0;2;VAGO;16200.0;10.8
HABITACIONAL RIACHO FUNDO II;RIACHO FUNDO II;60217;02/2026;48;150000;185500.0;273.0;127.4;91.0;4;VAGO;35500.0;23.666666666666668
HABITACIONAL RIACHO FUNDO II;RIACHO FUNDO II;60227;02/2026;61;157000;164850.0;225.0;157.5;112.5;1;CERCADO;7850.0;5.0
HABITACIONAL RIACHO FUNDO II;RIACHO FUNDO II;60227;02/2026;62;157000;164850.0;225.0;157.5;112.5;1;CERCADO;7850.0;5.0
CENTRO URBANO;SAMAMBAIA;60217;02/2026;65;3480000;3900050.0;6426.0;3672.0;1836.0;1;OBSTRUIDO;420050.0;12.070402298850574
QS-SAMAMBAIA;SAMAMBAIA;60218;02/2026;67;194600;207999.99;140.0;100.0;50.0;1;OCUPADO;13399.98999999999;6.885914696813973
QN-SAMAMBAIA;SAMAMBAIA;60219;02/2026;71;1640000;1805000.0;5228.88;3485.92;1742.96;1;VAGO;165000.0;10.060975609756099
QN-SAMAMBAIA;SAMAMBAIA;60219;02/2026;80;477000;486500.0;1450.02;966.68;483.34;1;VAGO;9500.0;1.9916142557651992
QN-SAMAMBAIA;SAMAMBAIA;60220;02/2026;97;308000;325000.0;900.0;600.0;300.0;3;VAGO;17000.0;5.51948051948052
QS-SAMAMBAIA;SAMAMBAIA;60220;02/2026;103;127000;137000.0;300.0;200.0;100.0;1;VAGO;10000.0;7.874015748031496
QS-SAMAMBAIA;SAMAMBAIA;60220;02/2026;108;127000;128299.0;300.0;200.0;100.0;1;VAGO;1299.0;1.0228346456692914
QS-SAMAMBAIA;SAMAMBAIA;60220;02/2026;109;127000;131000.0;300.0;200.0;100.0;2;VAGO;4000.0;3.149606299212598
SHCNW-SETOR DE HABITAÇÕES COLETIVAS NOROESTE;BRASILIA;60600;03/2026;2;7150000;7211111.12;2340.0;2340.0;780.0;1;VAGO;61111.12000000011;0.8547009790209805
SETOR INDUSTRIAL I                           ;CEILANDIA;60225;03/2026;3;84300;170100.0;315.0;315.0;210.0;13;CERCADO;85800.0;101.77935943060498
SETOR LESTE                                  ;GAMA;60221;03/2026;4;1590000;4801000.0;7200.0;6000.0;2400.0;4;VAGO;3211000.0;201.9496855345912
SETOR OESTE (COM);GAMA;60222;03/2026;5;1070000;2701000.0;6000.0;4000.0;2000.0;4;VAGO;1631000.0;152.42990654205607
SETOR RESID INDUSTRIA E ABASTECIMENTO        ;GUARA;60220;03/2026;7;633000;633100.01;499.5;499.5;166.5;1;VAGO;100.01000000000931;0.015799368088469084
COMP. URB. ALDEIAS DO CERRADO - QR 04 - RESIDENCIAL SUCUPIRAS;JARDIM BOTÂNICO;285;03/2026;8;317000;351100.0;420.0;420.0;420.0;2;VAGO;34100.0;10.757097791798108
COMP. URB. ALDEIAS DO CERRADO - QR 04 - RESIDENCIAL SUCUPIRAS;JARDIM BOTÂNICO;285;03/2026;12;335000;342700.0;472.27;472.27;472.27;3;VAGO;7700.0;2.298507462686567
COMP. URB. ALDEIAS DO CERRADO - QR 04 - RESIDENCIAL SUCUPIRAS;JARDIM BOTÂNICO;285;03/2026;17;317000;347000.0;420.0;420.0;420.0;2;VAGO;30000.0;9.46372239747634
COMP. URB. ALDEIAS DO CERRADO - QR 04 - RESIDENCIAL SUCUPIRAS;JARDIM BOTÂNICO;285;03/2026;19;338000;338501.0;481.64;481.64;481.64;1;VAGO;501.0;0.1482248520710059
COMP. URB. ALDEIAS DO CERRADO - QR 04 - RESIDENCIAL SUCUPIRAS;JARDIM BOTÂNICO;285;03/2026;20;342000;351000.0;493.96;493.96;493.96;1;VAGO;9000.0;2.631578947368421
COMP. URB. ALDEIAS DO CERRADO - QR 04 - RESIDENCIAL SUCUPIRAS;JARDIM BOTÂNICO;285;03/2026;22;317000;319000.0;420.0;420.0;420.0;1;VAGO;2000.0;0.6309148264984227
SETOR HABITACIONAL JARDIM BOTANICO;SAO SEBASTIAO;60214;03/2026;23;705000;865000.0;1350.0;1350.0;900.0;7;VAGO;160000.0;22.69503546099291
SETOR RESIDENCIAL LESTE (SRL);PLANALTINA;60216;03/2026;24;51000;65100.0;120.0;120.0;60.0;1;VAGO;14100.0;27.647058823529413
RECANTO DAS EMAS;RECANTO DAS EMAS;60216;03/2026;27;139000;155397.25;300.0;270.0;150.0;2;VAGO;16397.25;11.796582733812949
RECANTO DAS EMAS;RECANTO DAS EMAS;60216;03/2026;28;139000;139100.0;300.0;270.0;150.0;1;VAGO;100.0;0.07194244604316546
RECANTO DAS EMAS;RECANTO DAS EMAS;60217;03/2026;39;146000;147800.0;345.0;270.0;150.0;1;VAGO;1800.0;1.2328767123287672
RECANTO DAS EMAS;RECANTO DAS EMAS;60217;03/2026;40;146000;160000.0;345.0;270.0;150.0;2;VAGO;14000.0;9.58904109589041
HABITACIONAL RIACHO FUNDO II;RIACHO FUNDO II;60217;03/2026;46;150000;158560.0;273.0;127.4;91.0;1;VAGO;8560.0;5.706666666666667
HABITACIONAL RIACHO FUNDO II;RIACHO FUNDO II;60217;03/2026;50;169000;190970.7;315.0;147.0;105.0;1;VAGO;21970.70000000001;13.000414201183439
HABITACIONAL RIACHO FUNDO II;RIACHO FUNDO II;60217;03/2026;51;322000;367080.8;675.0;315.0;225.0;1;VAGO;45080.79999999999;14.000248447204966
HABITACIONAL RIACHO FUNDO II;RIACHO FUNDO II;60217;03/2026;52;169000;184210.7;315.0;147.0;105.0;1;VAGO;15210.700000000012;9.000414201183439
HABITACIONAL RIACHO FUNDO II;RIACHO FUNDO II;60217;03/2026;53;150000;152000.0;273.0;127.4;91.0;1;VAGO;2000.0;1.3333333333333335
HABITACIONAL RIACHO FUNDO II;RIACHO FUNDO II;60217;03/2026;54;150000;223660.0;273.0;127.4;91.0;2;VAGO;73660.0;49.10666666666666
HABITACIONAL RIACHO FUNDO II;RIACHO FUNDO II;60217;03/2026;55;150000;191000.0;273.0;127.4;91.0;1;VAGO;41000.0;27.333333333333332
HABITACIONAL RIACHO FUNDO II;RIACHO FUNDO II;60227;03/2026;68;258000;262999.99;400.0;280.0;200.0;1;VAGO;4999.989999999991;1.9379806201550351
HABITACIONAL RIACHO FUNDO II;RIACHO FUNDO II;60227;03/2026;69;258000;259200.0;400.0;280.0;200.0;1;VAGO;1200.0;0.46511627906976744
HABITACIONAL RIACHO FUNDO II;RIACHO FUNDO II;60227;03/2026;70;258000;260777.0;400.0;280.0;200.0;1;VAGO;2777.0;1.0763565891472868
HABITACIONAL RIACHO FUNDO II;RIACHO FUNDO II;60227;03/2026;71;258000;260200.0;400.0;280.0;200.0;1;VAGO;2200.0;0.8527131782945736
HABITACIONAL RIACHO FUNDO II;RIACHO FUNDO II;60227;03/2026;72;258000;260059.0;400.0;280.0;200.0;1;VAGO;2059.0;0.798062015503876
HABITACIONAL RIACHO FUNDO II;RIACHO FUNDO II;60227;03/2026;73;258000;260200.0;400.0;280.0;200.0;1;VAGO;2200.0;0.8527131782945736
HABITACIONAL RIACHO FUNDO II;RIACHO FUNDO II;60227;03/2026;74;258000;259200.0;400.0;280.0;200.0;1;VAGO;1200.0;0.46511627906976744
HABITACIONAL RIACHO FUNDO II;RIACHO FUNDO II;60227;03/2026;76;258000;259100.0;400.0;280.0;200.0;1;VAGO;1100.0;0.4263565891472868
CENTRO URBANO;SAMAMBAIA;60217;03/2026;78;470000;521000.0;720.0;480.0;240.0;2;VAGO;51000.0;10.851063829787234
QS-SAMAMBAIA;SAMAMBAIA;60217;03/2026;79;189000;240300.0;539.0;308.0;154.0;3;VAGO;51300.0;27.142857142857142
QN-SAMAMBAIA;SAMAMBAIA;60219;03/2026;84;1330000;1528233.11;4235.76;2823.84;1411.92;1;VAGO;198233.1100000001;14.904745112781962
QS-SAMAMBAIA;SAMAMBAIA;60219;03/2026;87;812000;815000.1;2539.5;1693.0;846.5;1;VAGO;3000.0999999999767;0.3694704433497508
QN-SAMAMBAIA;SAMAMBAIA;60220;03/2026;95;127000;183900.0;300.0;200.0;100.0;1;OBSTRUIDO;56900.0;44.803149606299215
QS-SAMAMBAIA;SAMAMBAIA;60220;03/2026;97;127000;151100.0;300.0;200.0;100.0;3;VAGO;24100.0;18.976377952755904
QS-SAMAMBAIA;SAMAMBAIA;60220;03/2026;99;127000;130000.0;300.0;200.0;100.0;1;VAGO;3000.0;2.3622047244094486
QS-SAMAMBAIA;SAMAMBAIA;60220;03/2026;100;127000;136500.0;300.0;200.0;100.0;1;VAGO;9500.0;7.480314960629922
QS-SAMAMBAIA;SAMAMBAIA;60220;03/2026;102;127000;137430.0;300.0;200.0;100.0;1;VAGO;10430.0;8.21259842519685
QS-SAMAMBAIA;SAMAMBAIA;60220;03/2026;103;127000;138905.0;300.0;200.0;100.0;2;VAGO;11905.0;9.374015748031496
QS-SAMAMBAIA;SAMAMBAIA;60220;03/2026;104;127000;138900.0;300.0;200.0;100.0;3;VAGO;11900.0;9.370078740157481
QS-SAMAMBAIA;SAMAMBAIA;60220;03/2026;105;127000;161500.0;300.0;200.0;100.0;3;VAGO;34500.0;27.165354330708663
QS-SAMAMBAIA;SAMAMBAIA;60220;03/2026;107;76800;78800.0;300.0;200.0;100.0;1;VAGO;2000.0;2.604166666666667
QS-SAMAMBAIA;SAMAMBAIA;60220;03/2026;108;481000;481000.0;2484.0;1656.0;828.0;1;VAGO;0.0;0.0
SETOR DE TRANSPORTE RODOVIARIO DE CARGAS;SETOR DE INDUSTRIA E ABASTECIMENTO;60225;03/2026;117;6700000;7012345.68;5759.728;3599.83;3599.83;2;VAGO;312345.6799999997;4.661875820895518
SETOR DE TRANSPORTE RODOVIARIO DE CARGAS;SETOR DE INDUSTRIA E ABASTECIMENTO;60225;03/2026;118;7500000;7510000.0;6686.912;4179.32;4179.32;2;VAGO;10000.0;0.13333333333333333
SETOR DE TRANSPORTE RODOVIARIO DE CARGAS;SETOR DE INDUSTRIA E ABASTECIMENTO;60225;03/2026;119;7260000;7861000.0;6400.0;4000.0;4000.0;2;VAGO;601000.0;8.278236914600551
SETOR DE TRANSPORTE RODOVIARIO DE CARGAS;SETOR DE INDUSTRIA E ABASTECIMENTO;60225;03/2026;120;6080000;6880000.0;5060.192;3162.62;3162.62;2;VAGO;800000.0;13.157894736842104
