CD_IMOVEL;SETOR;CIDADE;COD_DESTINACAO_IMOVEL;ANO_VENDA;EDITAL_VENDA;ITEM_EDITAL;VALOR_LAUDO;VALOR_VENDA;AREA_MAX_CONSTR;AREA_MAXIMA;AREA;QTD_OFERTAS
807120;SHCNW-SETOR DE HABITAÇÕES COLETIVAS NOROESTE;BRASILIA;1893;2020;1;1;13860000;14523091;5670;5670;900;2
492991;SETOR DE DESENVOLVIMENTO ECONOMICO CENTRO NORTE;CEILANDIA;60227;2020;1;9;190000;190000;600;600;300;1
594793;SETOR RESID INDUSTRIA E ABASTECIMENTO        ;GUARA;60214;2020;1;11;189000;310000.99;324.552;324.552;135.23;14
59419;PRACA CENTRAL                                ;NUCLEO BANDEIRANTE;60222;2020;1;17;2252340;11554160.77;1650;3300;1650;13
242280;RECANTO DAS EMAS;RECANTO DAS EMAS;60216;2020;1;22;153000;155000;332.712;369.68;184.84;1
75545;QN-SAMAMBAIA;SAMAMBAIA;60217;2020;1;26;580000;617777.77;1130;2260;565;2
190977;QN-SAMAMBAIA;SAMAMBAIA;60217;2020;1;27;149000;152000;200;350;100;1
458303;QN-SAMAMBAIA;SAMAMBAIA;60220;2020;1;40;93200;100100;150;225;75;1
462373;QN-SAMAMBAIA;SAMAMBAIA;60220;2020;1;49;466000;485000;1080;1620;540;2
188108;QN-SAMAMBAIA;SAMAMBAIA;60220;2020;1;50;865000;901000;2061.6;3092.4;1030.8;1
212005;BAIRRO AGUAS CLARAS;TAGUATINGA;60220;2020;2;3;12020000;12300111;8959.77;14932.95;2986.59;1
474353;AREA DES/ECONOMICO-AGUAS CLARAS;TAGUATINGA;60224;2020;2;4;796000;796000;1600;1600;800;1
807156;SHCNW-SETOR DE HABITAÇÕES COLETIVAS NOROESTE;BRASILIA;60599;2020;2;7;5770000;5900000;750;750;750;1
468873;SETOR DE MULTIPLAS ATIVIDADES SUL;BRASILIA;60572;2020;2;8;18650000;19407100;16115.984;16115.984;10072.49;1
213210;SETOR DE MATERIAL DE CONSTRUCAO              ;CEILANDIA;60225;2020;2;10;274000;340000;1800;1800;900;2
66481;SETOR INDUSTRIAL I                           ;CEILANDIA;60225;2020;2;11;105000;130250;472.5;472.5;315;2
66485;SETOR INDUSTRIAL I                           ;CEILANDIA;60225;2020;2;12;105000;140000;472.5;472.5;315;3
594322;SETOR RESID INDUSTRIA E ABASTECIMENTO        ;GUARA;60214;2020;2;14;224000;241000;388.8;388.8;162;2
594637;SETOR RESID INDUSTRIA E ABASTECIMENTO        ;GUARA;60214;2020;2;15;230000;301010;399.6;399.6;166.5;3
594679;SETOR RESID INDUSTRIA E ABASTECIMENTO        ;GUARA;60214;2020;2;16;283000;351500;504.072;504.072;210.03;6
595140;SETOR RESID INDUSTRIA E ABASTECIMENTO        ;GUARA;60214;2020;2;17;224000;333200;388.8;388.8;162;1
595141;SETOR RESID INDUSTRIA E ABASTECIMENTO        ;GUARA;60214;2020;2;18;230000;335100;399.6;399.6;166.5;7
595142;SETOR RESID INDUSTRIA E ABASTECIMENTO        ;GUARA;60214;2020;2;19;230000;334000;399.6;399.6;166.5;4
595143;SETOR RESID INDUSTRIA E ABASTECIMENTO        ;GUARA;60214;2020;2;20;224000;334000;388.8;388.8;162;4
595160;SETOR RESID INDUSTRIA E ABASTECIMENTO        ;GUARA;60214;2020;2;21;224000;331200;388.8;388.8;162;7
595161;SETOR RESID INDUSTRIA E ABASTECIMENTO        ;GUARA;60214;2020;2;22;230000;340000;399.6;399.6;166.5;2
595162;SETOR RESID INDUSTRIA E ABASTECIMENTO        ;GUARA;60214;2020;2;23;230000;335200;399.6;399.6;166.5;2
595163;SETOR RESID INDUSTRIA E ABASTECIMENTO        ;GUARA;60214;2020;2;24;224000;335200;388.8;388.8;162;3
594311;SETOR RESID INDUSTRIA E ABASTECIMENTO        ;GUARA;60220;2020;2;25;264000;375550;465.696;465.696;194.04;3
481718;POLO DE MODAS - SRIA/GUARA;GUARA;60216;2020;2;27;414000;521005;579.54;772.72;193.18;3
481477;POLO DE MODAS - SRIA/GUARA;GUARA;60216;2020;2;28;412000;481010;576;768;192;1
481482;POLO DE MODAS - SRIA/GUARA;GUARA;60216;2020;2;29;1188180;1455010;576;768;192;1
594191;SETOR RESID INDUSTRIA E ABASTECIMENTO        ;GUARA;60217;2020;2;30;4257000;4485105.98;5058.87;5058.87;1686.29;1
505335;SETOR COMPLEMENTAR INDUSTRIA E ABASTECIMENTO;GUARA;60225;2020;2;33;10720000;10720000;21745.095;28993.46;14496.73;1
559291;SETOR HABITACIONAL JARDIM BOTANICO;SAO SEBASTIAO;60214;2020;2;35;414000;442354.76;1200;1200;800;4
558868;SETOR HABITACIONAL JARDIM BOTANICO;SAO SEBASTIAO;60221;2020;2;36;489000;500000;600;600;400;1
242069;SETOR HOSPITALAR;RECANTO DAS EMAS;60217;2020;2;41;377000;377000.77;720;920;400;1
809183;HABITACIONAL RIACHO FUNDO II;RIACHO FUNDO II;60217;2020;2;45;306000;462000;434.476;931.02;310.34;3
819127;HABITACIONAL RIACHO FUNDO II;RIACHO FUNDO II;60217;2020;2;46;105000;151100;127.4;273;91;6
819128;HABITACIONAL RIACHO FUNDO II;RIACHO FUNDO II;60217;2020;2;47;105000;131327.92;127.4;273;91;3
819129;HABITACIONAL RIACHO FUNDO II;RIACHO FUNDO II;60217;2020;2;48;105000;127500;127.4;273;91;3
819130;HABITACIONAL RIACHO FUNDO II;RIACHO FUNDO II;60217;2020;2;49;105000;125950;127.4;273;91;2
819134;HABITACIONAL RIACHO FUNDO II;RIACHO FUNDO II;60217;2020;2;50;105000;106000;127.4;273;91;1
819136;HABITACIONAL RIACHO FUNDO II;RIACHO FUNDO II;60217;2020;2;51;105000;116900;127.4;273;91;2
819137;HABITACIONAL RIACHO FUNDO II;RIACHO FUNDO II;60217;2020;2;52;105000;125100;127.4;273;91;2
819138;HABITACIONAL RIACHO FUNDO II;RIACHO FUNDO II;60217;2020;2;53;105000;130100;127.4;273;91;3
819139;HABITACIONAL RIACHO FUNDO II;RIACHO FUNDO II;60217;2020;2;54;105000;130100;127.4;273;91;2
819140;HABITACIONAL RIACHO FUNDO II;RIACHO FUNDO II;60217;2020;2;55;105000;130100;127.4;273;91;4
808544;HABITACIONAL RIACHO FUNDO II;RIACHO FUNDO II;60222;2020;2;56;54500;130000;66.5;95;47.5;2
808545;HABITACIONAL RIACHO FUNDO II;RIACHO FUNDO II;60222;2020;2;57;56500;60500;69.244;98.92;49.46;1
808585;HABITACIONAL RIACHO FUNDO II;RIACHO FUNDO II;60222;2020;2;58;81000;122500;104.734;149.62;74.81;1
808586;HABITACIONAL RIACHO FUNDO II;RIACHO FUNDO II;60222;2020;2;59;56900;101000;69.86;99.8;49.9;4
808587;HABITACIONAL RIACHO FUNDO II;RIACHO FUNDO II;60222;2020;2;60;54500;130000;66.5;95;47.5;3
167192;QS-SAMAMBAIA;SAMAMBAIA;60217;2020;2;63;149000;194150;200;350;100;1
168335;QS-SAMAMBAIA;SAMAMBAIA;60217;2020;2;64;149000;175000;200;350;100;2
80351;QI-SAMAMBAIA;SAMAMBAIA;60218;2020;2;65;3540000;3600100;6450;9675;3225;1
79749;QN-SAMAMBAIA;SAMAMBAIA;60219;2020;2;66;401000;510100;750;1125;375;3
185155;QS-SAMAMBAIA;SAMAMBAIA;60219;2020;2;68;147000;147450;289;433.5;144.5;1
524728;AREA DE DESENVOLVIMENTO ECONOMICO SUL;SAMAMBAIA;60225;2020;2;72;163000;165500.99;560;560;280;1
524779;AREA DE DESENVOLVIMENTO ECONOMICO SUL;SAMAMBAIA;60225;2020;2;73;211000;279950;747;747;373.5;2
810395;BAIRRO SÃO BARTOLOMEU;SAO SEBASTIAO;60217;2020;2;80;292000;292015;714.651;779.619;259.873;1
810396;BAIRRO SÃO BARTOLOMEU;SAO SEBASTIAO;60217;2020;2;81;343000;346900;825.446;900.486;300.162;2
810399;BAIRRO SÃO BARTOLOMEU;SAO SEBASTIAO;60217;2020;2;82;343000;345009;826.092;901.191;300.397;2
810400;BAIRRO SÃO BARTOLOMEU;SAO SEBASTIAO;60217;2020;2;83;559000;567500;1335.956;1457.406;485.802;4
810414;BAIRRO SÃO BARTOLOMEU;SAO SEBASTIAO;60217;2020;2;84;418000;426000;997.282;1087.944;362.648;1
58166;SETOR DE RESIDENCIAS ECONOMICAS SUL          ;BRASILIA;1641;2020;3;3;0;6322000;1200;1200;1000;1
807155;SHCNW-SETOR DE HABITAÇÕES COLETIVAS NOROESTE;BRASILIA;1894;2020;3;3;6290000;6322000;2286;2286;900;1
22182;SETOR DE HABITACOES INDIVIDUAIS SUL          ;BRASILIA;60212;2020;3;5;6220000;7221000;7680;7680;9600;3
210359;SETOR DE HABITACOES INDIVIDUAIS NORTE        ;BRASILIA;60220;2020;3;5;3570000;7221000;1560;2340;1950;3
63466;SETOR M NORTE-QUADRA COMERCIAL               ;CEILANDIA;60217;2020;3;6;393300;4511000;445.5;1113.75;222.75;17
63479;SETOR N NORTE-QUADRA COMERCIAL               ;CEILANDIA;60217;2020;3;7;643000;651000;800;2000;400;2
155194;SETOR O NORTE-QUADRA RESIDENCIAL             ;CEILANDIA;60219;2020;3;8;381000;541100;808.5;1212.75;404.25;2
493461;SETOR DE DESENVOLVIMENTO ECONOMICO CENTRO NORTE;CEILANDIA;60227;2020;3;9;217000;231000;700;700;350;1
55525;SETOR INDUSTRIAL I                           ;CEILANDIA;60225;2020;3;10;74600;97850;315;315;210;2
183115;SETOR INDUSTRIAL I                           ;CEILANDIA;60225;2020;3;11;74600;100500;315;315;210;3
183116;SETOR INDUSTRIAL I                           ;CEILANDIA;60225;2020;3;12;74600;100500;315;315;210;3
183117;SETOR INDUSTRIAL I                           ;CEILANDIA;60225;2020;3;13;74600;97850;315;315;210;2
183118;SETOR INDUSTRIAL I                           ;CEILANDIA;60225;2020;3;14;74600;97850;315;315;210;2
507098;SETOR DE MULTIPLAS ATIVIDADES;GAMA;60224;2020;3;17;183000;190100.9;191.01;305.616;191.01;1
594661;SETOR RESID INDUSTRIA E ABASTECIMENTO        ;GUARA;60214;2020;3;18;319000;326900;580.248;580.248;241.77;1
594673;SETOR RESID INDUSTRIA E ABASTECIMENTO        ;GUARA;60214;2020;3;19;245000;265010;427.944;427.944;178.31;1
594681;SETOR RESID INDUSTRIA E ABASTECIMENTO        ;GUARA;60214;2020;3;20;245000;265500.5;427.944;427.944;178.31;2
594852;SETOR RESID INDUSTRIA E ABASTECIMENTO        ;GUARA;60214;2020;3;21;201000;301777.77;345.6;345.6;144;5
595150;SETOR RESID INDUSTRIA E ABASTECIMENTO        ;GUARA;60214;2020;3;22;224000;245000;388.8;388.8;162;4
595151;SETOR RESID INDUSTRIA E ABASTECIMENTO        ;GUARA;60214;2020;3;23;230000;267000;399.6;399.6;166.5;2
595152;SETOR RESID INDUSTRIA E ABASTECIMENTO        ;GUARA;60214;2020;3;24;230000;268770;399.6;399.6;166.5;2
595153;SETOR RESID INDUSTRIA E ABASTECIMENTO        ;GUARA;60214;2020;3;25;224000;249000;388.8;388.8;162;2
594820;SETOR RESID INDUSTRIA E ABASTECIMENTO        ;GUARA;60215;2020;3;26;201000;345000.96;345.648;345.648;144.02;2
594195;SETOR RESID INDUSTRIA E ABASTECIMENTO        ;GUARA;60217;2020;3;27;4189000;4377000;5018.22;5018.22;1672.74;1
559325;SETOR HABITACIONAL JARDIM BOTANICO;SAO SEBASTIAO;60214;2020;3;30;400000;451100;1287.465;1287.465;858.31;9
559340;SETOR HABITACIONAL JARDIM BOTANICO;SAO SEBASTIAO;60214;2020;3;31;381000;441100;1200;1200;800;9
559616;SETOR HABITACIONAL JARDIM BOTANICO;SAO SEBASTIAO;60214;2020;3;31;381000;441100;1200;1200;800;9
559203;SETOR HABITACIONAL JARDIM BOTANICO;SAO SEBASTIAO;60214;2020;3;32;491000;601000.3;1260.705;1260.705;840.47;1
807390;PARANOÁ PARQUE;PARANOA;60221;2020;3;38;946000;1000100;1800.007;3240.013;1800.007;1
807393;PARANOÁ PARQUE;PARANOA;60221;2020;3;39;888000;888000;1800.005;3240.009;1800.005;1
807394;PARANOÁ PARQUE;PARANOA;60221;2020;3;40;888000;888000;1800.005;3240.009;1800.005;1
510331;SETOR HABITACIONAL TAQUARI;LAGO NORTE;60211;2020;3;40;445000;888000;700.4;700.4;875.5;1
472455;AREA DE DESENVOLVIMENTO ECONOMICO;RECANTO DAS EMAS;60227;2020;3;48;143000;143770;451.8;451.8;112.95;1
472460;AREA DE DESENVOLVIMENTO ECONOMICO;RECANTO DAS EMAS;60227;2020;3;49;245070;301000.5;451.8;451.8;112.95;3
809005;HABITACIONAL RIACHO FUNDO II;RIACHO FUNDO II;60217;2020;3;55;308000;360000;438.676;940.02;313.34;1
809006;HABITACIONAL RIACHO FUNDO II;RIACHO FUNDO II;60217;2020;3;56;309000;356000;439.586;941.97;313.99;1
808962;HABITACIONAL RIACHO FUNDO II;RIACHO FUNDO II;60217;2020;3;65;432000;701000;647.234;1386.93;462.31;6
808963;HABITACIONAL RIACHO FUNDO II;RIACHO FUNDO II;60217;2020;3;66;432000;901000;645.61;1383.45;461.15;8
819082;HABITACIONAL RIACHO FUNDO II;RIACHO FUNDO II;60217;2020;3;67;105000;107000;127.4;273;91;1
819084;HABITACIONAL RIACHO FUNDO II;RIACHO FUNDO II;60217;2020;3;69;105000;105000;127.4;273;91;1
809593;HABITACIONAL RIACHO FUNDO II;RIACHO FUNDO II;60222;2020;3;70;80800;131499;104.426;149.18;74.59;3
809595;HABITACIONAL RIACHO FUNDO II;RIACHO FUNDO II;60222;2020;3;72;61500;115000;76.272;108.96;54.48;4
808213;HABITACIONAL RIACHO FUNDO II;RIACHO FUNDO II;60222;2020;3;73;55100;57000;67.284;96.12;48.06;1
808214;HABITACIONAL RIACHO FUNDO II;RIACHO FUNDO II;60222;2020;3;74;57000;80000;70;100;50;4
803172;HABITACIONAL RIACHO FUNDO II;RIACHO FUNDO II;60223;2020;3;75;1870000;2108000;3625.986;6474.975;2589.99;2
465887;QS-SAMAMBAIA;SAMAMBAIA;60219;2020;3;79;166000;171923;600;900;300;1
465888;QS-SAMAMBAIA;SAMAMBAIA;60219;2020;3;80;166000;176329;600;900;300;1
458295;QN-SAMAMBAIA;SAMAMBAIA;60220;2020;3;81;151000;163013;300;450;150;1
188107;QN-SAMAMBAIA;SAMAMBAIA;60220;2020;3;89;846000;948799;2015;3022.5;1007.5;2
524732;AREA DE DESENVOLVIMENTO ECONOMICO SUL;SAMAMBAIA;60225;2020;3;93;150000;160000;560;560;280;1
524742;AREA DE DESENVOLVIMENTO ECONOMICO SUL;SAMAMBAIA;60225;2020;3;94;112000;223000;400;400;200;11
524746;AREA DE DESENVOLVIMENTO ECONOMICO SUL;SAMAMBAIA;60225;2020;3;95;112000;178000;400;400;200;2
589903;SOBRADINHO                                   ;SOBRADINHO;60214;2020;3;100;328600;331000;735;735;350;1
819232;BAIRRO RESIDENCIAL OESTE;SAO SEBASTIAO;60222;2020;3;100;266000;331000;360;360;240;1
169642;BAIRRO AGUAS CLARAS-QS;TAGUATINGA;60213;2020;4;1;805000;806000;1440;1440;480;2
56925;SETOR DE HABITACOES INDIVIDUAIS NORTE        ;BRASILIA;60211;2020;4;7;841000;850100;1037.862;1037.862;741.33;3
508684;SETOR DE HABITACOES INDIVIDUAIS NORTE        ;BRASILIA;60219;2020;4;8;3740000;5319999;14582.592;14582.592;12152.16;1
493429;SETOR DE DESENVOLVIMENTO ECONOMICO CENTRO NORTE;CEILANDIA;60227;2020;4;15;135000;171000;300;300;150;2
101842;SETOR CENTRAL                                ;GAMA;60213;2020;4;16;910000;1351000;4160;4160;520;2
101843;SETOR CENTRAL                                ;GAMA;60213;2020;4;17;910000;1311000;4160;4160;520;2
101844;SETOR CENTRAL                                ;GAMA;60213;2020;4;18;910000;2101000;4160;4160;520;5
101845;SETOR CENTRAL                                ;GAMA;60213;2020;4;19;910000;1715000;4160;4160;520;4
60941;SETOR LESTE                                  ;GAMA;60214;2020;4;20;58000;152500;550;550;275;52
60314;SETOR CENTRAL                                ;GAMA;60216;2020;4;21;230000;463000;216;432;108;10
132932;SETOR RESID INDUSTRIA E ABASTECIMENTO        ;GUARA;60213;2020;4;28;8785000;9051000;8100;9450;2700;2
562926;SETOR RESID INDUSTRIA E ABASTECIMENTO        ;GUARA;60213;2020;4;29;10347000;10616000;9540;11130;3180;2
490905;SETOR COMPLEMENTAR INDUSTRIA E ABASTECIMENTO;GUARA;60224;2020;4;29;6370000;10616000;7759.8;9053.1;4311;2
594855;SETOR RESID INDUSTRIA E ABASTECIMENTO        ;GUARA;60214;2020;4;30;201000;251000;345.6;345.6;144;8
559393;SETOR HABITACIONAL JARDIM BOTANICO;SAO SEBASTIAO;60214;2020;4;33;410000;480000;1350;1350;900;10
559129;SETOR HABITACIONAL JARDIM BOTANICO;SAO SEBASTIAO;60214;2020;4;34;463000;537100;1200;1200;800;3
559260;SETOR HABITACIONAL JARDIM BOTANICO;SAO SEBASTIAO;60214;2020;4;36;555000;585160.27;1752.57;1752.57;1168.38;1
241897;PLACA DA MERCEDES                            ;NUCLEO BANDEIRANTE;60227;2020;4;40;413000;413500;319.175;431.825;187.75;1
597818;SETOR RESIDENCIAL LESTE (SRL);PLANALTINA;60216;2020;4;46;40600;62770;120;120;60;3
599041;SETOR RESIDENCIAL LESTE (SRL);PLANALTINA;60216;2020;4;47;40600;62770;120;120;60;3
599042;SETOR RESIDENCIAL LESTE (SRL);PLANALTINA;60216;2020;4;48;40600;62770;120;120;60;3
599043;SETOR RESIDENCIAL LESTE (SRL);PLANALTINA;60216;2020;4;49;40600;43010;120;120;60;3
599044;SETOR RESIDENCIAL LESTE (SRL);PLANALTINA;60216;2020;4;50;40600;42010;120;120;60;2
599045;SETOR RESIDENCIAL LESTE (SRL);PLANALTINA;60216;2020;4;51;40600;42010;120;120;60;2
599046;SETOR RESIDENCIAL LESTE (SRL);PLANALTINA;60216;2020;4;52;40600;45010;120;120;60;3
244881;RECANTO DAS EMAS;RECANTO DAS EMAS;60317;2020;4;57;4458000;6600100;498.605;498.605;997.21;4
833254;CENTRO URBANO;RECANTO DAS EMAS;60222;2020;4;58;6333000;7501000;18558.072;41240.16;10310.04;2
75593;QN-SAMAMBAIA;SAMAMBAIA;60217;2020;4;70;118000;163389.87;200;350;100;3
166780;QS-SAMAMBAIA;SAMAMBAIA;60217;2020;4;73;143000;148056.78;200;350;100;2
166994;QS-SAMAMBAIA;SAMAMBAIA;60217;2020;4;74;143000;180001;200;350;100;5
194648;QS-SAMAMBAIA;SAMAMBAIA;60217;2020;4;75;143000;179000;200;350;100;3
457205;QN-SAMAMBAIA;SAMAMBAIA;60219;2020;4;79;109000;141013;200;300;100;2
457206;QN-SAMAMBAIA;SAMAMBAIA;60219;2020;4;80;109000;136013;200;300;100;2
186454;QN-SAMAMBAIA;SAMAMBAIA;60219;2020;4;91;179000;195000;300;450;150;2
468793;QS-SAMAMBAIA;SAMAMBAIA;60220;2020;4;116;113000;115000;400;600;200;1
244536;QS-SAMAMBAIA;SAMAMBAIA;60220;2020;4;117;89500;89500;300;450;150;1
525019;AREA DE DESENVOLVIMENTO ECONOMICO SUL;SAMAMBAIA;60227;2020;4;120;87000;96291.3;210;210;105;1
60123;SETOR INDUSTRIAL                             ;TAGUATINGA;60220;2020;4;128;818000;820000;1100;1650;550;1
60127;SETOR INDUSTRIAL                             ;TAGUATINGA;60220;2020;4;131;818000;818000;1100;1650;550;1
63560;SETOR M NORTE-QUADRA RESIDENCIAL             ;TAGUATINGA;60220;2020;4;132;1300000;1310000;2400;3600;1200;1
169126;BAIRRO AGUAS CLARAS-QS;TAGUATINGA;60219;2020;5;2;1250000;1306000;2240;2240;1120;1
807152;SHCNW-SETOR DE HABITAÇÕES COLETIVAS NOROESTE;BRASILIA;1894;2020;5;3;6200000;6512012;2286;2286;900;1
834232;SETOR DE HAB COLETIVAS SUDOESTE              ;BRASILIA;60066;2020;5;5;673000;776581.12;149.3;149.3;149.3;6
181101;SETOR N NORTE-QUADRA RESIDENCIAL             ;CEILANDIA;60217;2020;5;8;3000000;3012100;3445.7;10337.1;1722.85;1
52987;SETOR N NORTE-QUADRA RESIDENCIAL             ;CEILANDIA;60214;2020;5;9;142000;142000;500;500;250;1
182316;SETOR N NORTE-QUADRA RESIDENCIAL             ;CEILANDIA;60216;2020;5;10;786000;851550;1932;2898;966;1
181103;SETOR N NORTE-QUADRA RESIDENCIAL             ;CEILANDIA;60217;2020;5;12;2000000;2017100;2117.74;6353.22;1058.87;1
181105;SETOR N NORTE-QUADRA RESIDENCIAL             ;CEILANDIA;60217;2020;5;13;2140000;2152100;2294.74;6884.22;1147.37;1
493497;SETOR DE DESENVOLVIMENTO ECONOMICO CENTRO NORTE;CEILANDIA;60224;2020;5;15;330000;402347.49;1200;1200;600;5
66931;SETOR INDUSTRIAL I                           ;CEILANDIA;60225;2020;5;17;207000;266999.99;1400;1400;700;1
66933;SETOR INDUSTRIAL I                           ;CEILANDIA;60225;2020;5;19;207000;238999.99;1400;1400;700;1
66934;SETOR INDUSTRIAL I                           ;CEILANDIA;60225;2020;5;20;207000;217350;1400;1400;700;1
66935;SETOR INDUSTRIAL I                           ;CEILANDIA;60225;2020;5;21;207000;241999.99;1400;1400;700;1
66936;SETOR INDUSTRIAL I                           ;CEILANDIA;60225;2020;5;22;207000;217350;1400;1400;700;1
66937;SETOR INDUSTRIAL I                           ;CEILANDIA;60225;2020;5;23;207000;238999.99;1400;1400;700;1
66938;SETOR INDUSTRIAL I                           ;CEILANDIA;60225;2020;5;24;207000;230000;1400;1400;700;2
66939;SETOR INDUSTRIAL I                           ;CEILANDIA;60225;2020;5;25;207000;239999.99;1400;1400;700;1
66940;SETOR INDUSTRIAL I                           ;CEILANDIA;60225;2020;5;26;207000;230000;1400;1400;700;2
66941;SETOR INDUSTRIAL I                           ;CEILANDIA;60225;2020;5;27;207000;241999.99;1400;1400;700;1
66942;SETOR INDUSTRIAL I                           ;CEILANDIA;60225;2020;5;28;207000;230000;1400;1400;700;1
493418;SETOR DE DESENVOLVIMENTO ECONOMICO CENTRO NORTE;CEILANDIA;60227;2020;5;30;135000;161100;300;300;150;2
213358;SETOR DE MATERIAL DE CONSTRUCAO              ;CEILANDIA;60227;2020;5;31;39400;42000;140;140;70;3
559545;SETOR HABITACIONAL JARDIM BOTANICO;SAO SEBASTIAO;60214;2020;5;36;426000;503167;1417.11;1417.11;944.74;7
559195;SETOR HABITACIONAL JARDIM BOTANICO;SAO SEBASTIAO;60214;2020;5;37;463000;471500;1200;1200;800;2
559236;SETOR HABITACIONAL JARDIM BOTANICO;SAO SEBASTIAO;60214;2020;5;38;419000;447000;1260;1260;840;4
559595;SETOR HABITACIONAL JARDIM BOTANICO;SAO SEBASTIAO;60214;2020;5;40;374000;451000;1200;1200;800;7
510235;SETOR HABITACIONAL TAQUARI;LAGO NORTE;60211;2020;5;42;412000;505000.99;636.4;636.4;795.5;12
510600;SETOR HABITACIONAL TAQUARI;LAGO NORTE;60211;2020;5;43;450000;623000;724.576;724.576;905.72;12
807407;PARANOÁ PARQUE;PARANOA;60221;2020;5;44;1840000;1850000;3420.013;6156.023;3420.013;1
245012;RECANTO DAS EMAS;RECANTO DAS EMAS;60217;2020;5;52;226000;236000;486.702;621.897;270.39;1
472561;AREA DE DESENVOLVIMENTO ECONOMICO;RECANTO DAS EMAS;60227;2020;5;55;311000;333891.71;1060;1060;265;1
808747;HABITACIONAL RIACHO FUNDO II;RIACHO FUNDO II;60217;2020;5;57;157000;311000;211.512;453.24;151.08;6
79113;QN-SAMAMBAIA;SAMAMBAIA;60217;2020;5;59;1220000;1700010;3931.454;3931.454;1156.31;1
457219;QN-SAMAMBAIA;SAMAMBAIA;60220;2020;5;66;109000;140000;200;300;100;2
457220;QN-SAMAMBAIA;SAMAMBAIA;60220;2020;5;67;109000;136000;200;300;100;5
458556;QN-SAMAMBAIA;SAMAMBAIA;60220;2020;5;69;109000;135100;200;300;100;1
59809;SETOR E SUL-QUADRA COMERCIAL                 ;TAGUATINGA;60217;2020;5;81;203000;203000;200;400;100;1
211901;BAIRRO AGUAS CLARAS;TAGUATINGA;60219;2020;8;1;6950000;14109999;20000;20000;4000;8
472704;BAIRRO AGUAS CLARAS-QS;TAGUATINGA;60225;2020;8;4;596000;712965.89;1250;1250;625;5
64691;SETOR P NORTE-ENTREQUADRA                    ;CEILANDIA;60216;2020;8;12;923000;923000;2123.5;4247;1061.75;1
64348;SETOR O NORTE                                ;CEILANDIA;60217;2020;8;16;1740000;2158000;5100;7650;2550;2
156809;SETOR O NORTE-QUADRA RESIDENCIAL             ;CEILANDIA;60219;2020;8;19;343000;401865;730;1095;365;1
66930;SETOR INDUSTRIAL I                           ;CEILANDIA;60225;2020;8;20;207000;286262;1400;1400;700;5
66932;SETOR INDUSTRIAL I                           ;CEILANDIA;60225;2020;8;21;207000;262220;1400;1400;700;3
66943;SETOR INDUSTRIAL I                           ;CEILANDIA;60225;2020;8;22;207000;237560;1400;1400;700;1
197972;SETOR NORTE                                  ;GAMA;60228;2020;8;28;1050000;1208000;7000;7000;3500;2
151611;SETOR RESID INDUSTRIA E ABASTECIMENTO        ;GUARA;60216;2020;8;29;5283000;6010000;3000;4000;1000;1
559259;SETOR HABITACIONAL JARDIM BOTANICO;SAO SEBASTIAO;60214;2020;8;33;551000;635555.99;1738.41;1738.41;1158.94;8
558903;SETOR HABITACIONAL JARDIM BOTANICO;SAO SEBASTIAO;60222;2020;8;34;3530000;3539990;7636.224;7636.224;6363.52;1
558983;SETOR HABITACIONAL JARDIM BOTANICO;SAO SEBASTIAO;60228;2020;8;35;1810000;1820000;3276;3276;2730;1
472473;AREA DE DESENVOLVIMENTO ECONOMICO;RECANTO DAS EMAS;60227;2020;8;46;151000;176670;488.4;488.4;122.1;2
803166;HABITACIONAL RIACHO FUNDO II;RIACHO FUNDO II;60217;2020;8;50;405000;410000;630;1350;450;1
819092;HABITACIONAL RIACHO FUNDO II;RIACHO FUNDO II;60217;2020;8;53;102000;155000;127.4;273;91;10
819272;HABITACIONAL RIACHO FUNDO II;RIACHO FUNDO II;60222;2020;8;54;387000;483750;672.42;1440.9;480.3;3
185847;QN-SAMAMBAIA;SAMAMBAIA;60217;2020;8;56;118000;118050;200;350;100;1
565005;QR-SAMAMBAIA;SAMAMBAIA;60217;2020;8;58;766000;766500;2812.04;2812.04;703.01;1
75316;QN-SAMAMBAIA;SAMAMBAIA;60219;2020;8;60;1830000;2602000;3740;5610;1870;4
193928;QN-SAMAMBAIA;SAMAMBAIA;60219;2020;8;61;1320000;1325990;2671.104;4006.656;1335.552;1
167566;QN-SAMAMBAIA;SAMAMBAIA;60219;2020;8;62;1090000;1100000;2200;3300;1100;1
167570;QN-SAMAMBAIA;SAMAMBAIA;60219;2020;8;63;133000;189599;200;300;100;9
81099;QS-SAMAMBAIA;SAMAMBAIA;60219;2020;8;77;133000;145000;200;300;100;2
81100;QS-SAMAMBAIA;SAMAMBAIA;60219;2020;8;78;133000;145000;200;300;100;1
81101;QS-SAMAMBAIA;SAMAMBAIA;60219;2020;8;79;133000;145000;200;300;100;2
81102;QS-SAMAMBAIA;SAMAMBAIA;60219;2020;8;80;133000;145000;200;300;100;5
244403;QS-SAMAMBAIA;SAMAMBAIA;60220;2020;8;84;66400;86149.99;200;300;100;6
244404;QS-SAMAMBAIA;SAMAMBAIA;60220;2020;8;85;66400;81100;200;300;100;2
524764;AREA DE DESENVOLVIMENTO ECONOMICO SUL;SAMAMBAIA;60225;2020;8;87;332000;611025;1311;1311;655.5;2
524805;AREA DE DESENVOLVIMENTO ECONOMICO SUL;SAMAMBAIA;60225;2020;8;88;151000;220000;556.5;556.5;278.25;2
246641;SANTA MARIA                                  ;SANTA MARIA;60217;2020;8;89;149000;155010;70;200;50;1
446634;SOBRADINHO                                   ;SOBRADINHO;60213;2020;8;91;2341323;2601000;5400;5400;900;2
59772;SETOR E SUL-QUADRA COMERCIAL                 ;TAGUATINGA;60217;2020;8;99;123570;161000;100;200;50;8
208991;BAIRRO AGUAS CLARAS;TAGUATINGA;60217;2020;11;1;33700000;42200000;25447.488;42412.48;21206.24;3
212285;BAIRRO AGUAS CLARAS;TAGUATINGA;60219;2020;11;2;21700000;31200000;17815.62;29692.7;5938.54;2
482048;SETOR DE CLUBES ESPORTIVOS SUL               ;BRASILIA;1768;2020;11;6;13400000;13412000;10200;10200;17000;1
807064;SHCNW-SETOR DE HABITAÇÕES COLETIVAS NOROESTE;BRASILIA;1893;2020;11;7;14900000;23107823;5796;5796;920;5
807069;SHCNW-SETOR DE HABITAÇÕES COLETIVAS NOROESTE;BRASILIA;1893;2020;11;8;14900000;21801018;5796;5796;920;8
807070;SHCNW-SETOR DE HABITAÇÕES COLETIVAS NOROESTE;BRASILIA;1893;2020;11;9;14900000;22451000;5796;5796;920;9
807072;SHCNW-SETOR DE HABITAÇÕES COLETIVAS NOROESTE;BRASILIA;1893;2020;11;10;14900000;20552000;5796;5796;920;7
807101;SHCNW-SETOR DE HABITAÇÕES COLETIVAS NOROESTE;BRASILIA;1893;2020;11;11;14900000;20552000;5796;5796;920;5
807104;SHCNW-SETOR DE HABITAÇÕES COLETIVAS NOROESTE;BRASILIA;1893;2020;11;12;14900000;23151000;5796;5796;920;9
807119;SHCNW-SETOR DE HABITAÇÕES COLETIVAS NOROESTE;BRASILIA;1893;2020;11;13;14900000;22812477;5796;5796;920;7
807125;SHCNW-SETOR DE HABITAÇÕES COLETIVAS NOROESTE;BRASILIA;1893;2020;11;14;14900000;20552000;5796;5796;920;5
807126;SHCNW-SETOR DE HABITAÇÕES COLETIVAS NOROESTE;BRASILIA;1893;2020;11;15;14900000;21604012;5796;5796;920;6
65397;SETOR P NORTE-ENTREQUADRA                    ;CEILANDIA;60216;2020;11;19;59600;150000;80;160;40;2
64140;SETOR N NORTE                                ;CEILANDIA;60222;2020;11;20;283000;316300;600;1200;300;1
61306;SETOR OESTE                                  ;GAMA;60214;2020;11;22;147000;212000;550;550;275;7
507231;SETOR DE MULTIPLAS ATIVIDADES;GAMA;60224;2020;11;24;282000;352000;600;960;600;7
594522;SETOR RESID INDUSTRIA E ABASTECIMENTO        ;GUARA;60214;2020;11;28;226000;297101;388.8;388.8;162;27
594523;SETOR RESID INDUSTRIA E ABASTECIMENTO        ;GUARA;60214;2020;11;29;232000;290622.09;399.6;399.6;166.5;19
594524;SETOR RESID INDUSTRIA E ABASTECIMENTO        ;GUARA;60214;2020;11;30;232000;302000;399.6;399.6;166.5;15
594525;SETOR RESID INDUSTRIA E ABASTECIMENTO        ;GUARA;60214;2020;11;31;226000;281200;388.8;388.8;162;14
594658;SETOR RESID INDUSTRIA E ABASTECIMENTO        ;GUARA;60214;2020;11;32;277000;331000;486.456;486.456;202.69;16
595171;SETOR RESID INDUSTRIA E ABASTECIMENTO        ;GUARA;60214;2020;11;33;226000;268254.77;388.8;388.8;162;7
595172;SETOR RESID INDUSTRIA E ABASTECIMENTO        ;GUARA;60214;2020;11;34;232000;321500;399.6;399.6;166.5;11
595173;SETOR RESID INDUSTRIA E ABASTECIMENTO        ;GUARA;60214;2020;11;35;232000;279980;399.6;399.6;166.5;9
595174;SETOR RESID INDUSTRIA E ABASTECIMENTO        ;GUARA;60214;2020;11;36;226000;315100;388.8;388.8;162;12
594725;SETOR RESID INDUSTRIA E ABASTECIMENTO        ;GUARA;60215;2020;11;37;254000;310000;441;441;183.75;21
594203;SETOR RESID INDUSTRIA E ABASTECIMENTO        ;GUARA;60222;2020;11;39;1390000;1737500;2700;3600;900;1
594205;SETOR RESID INDUSTRIA E ABASTECIMENTO        ;GUARA;60222;2020;11;40;1390000;1737500;2700;3600;900;1
559149;SETOR HABITACIONAL JARDIM BOTANICO;SAO SEBASTIAO;60214;2020;11;42;511000;582471.59;1344.825;1344.825;896.55;6
559167;SETOR HABITACIONAL JARDIM BOTANICO;SAO SEBASTIAO;60214;2020;11;43;506000;543000;1329;1329;886;3
559267;SETOR HABITACIONAL JARDIM BOTANICO;SAO SEBASTIAO;60214;2020;11;44;403000;551000;1200;1200;800;13
559258;SETOR HABITACIONAL JARDIM BOTANICO;SAO SEBASTIAO;60214;2020;11;45;599000;629000;1907.715;1907.715;1271.81;3
559264;SETOR HABITACIONAL JARDIM BOTANICO;SAO SEBASTIAO;60214;2020;11;46;431000;562031.5;1304.94;1304.94;869.96;19
509934;SETOR HABITACIONAL TAQUARI;LAGO NORTE;60211;2020;11;48;397000;553300;600;600;750;3
807408;PARANOÁ PARQUE;PARANOA;60221;2020;11;54;888000;890001;1800.005;3240.009;1800.005;1
529032;RECANTO DAS EMAS;RECANTO DAS EMAS;60217;2020;11;68;271000;301000;677.952;866.272;376.64;1
479770;RECANTO DAS EMAS;RECANTO DAS EMAS;60217;2020;11;70;89300;91501;180;230;100;1
472763;AREA DE DESENVOLVIMENTO ECONOMICO;RECANTO DAS EMAS;60224;2020;11;72;565000;565500;2162.368;2162.368;675.74;1
472764;AREA DE DESENVOLVIMENTO ECONOMICO;RECANTO DAS EMAS;60224;2020;11;73;666000;667000;2576.704;2576.704;805.22;1
809185;HABITACIONAL RIACHO FUNDO II;RIACHO FUNDO II;60217;2020;11;75;292000;332000;436.688;935.76;311.92;2
808986;HABITACIONAL RIACHO FUNDO II;RIACHO FUNDO II;60222;2020;11;76;60400;136000;76.706;109.58;54.79;8
809028;HABITACIONAL RIACHO FUNDO II;RIACHO FUNDO II;60222;2020;11;77;78900;101501;106.344;151.92;75.96;1
809030;HABITACIONAL RIACHO FUNDO II;RIACHO FUNDO II;60222;2020;11;78;60300;178000;76.594;109.42;54.71;6
809162;HABITACIONAL RIACHO FUNDO II;RIACHO FUNDO II;60222;2020;11;79;59200;83608;74.942;107.06;53.53;3
809200;HABITACIONAL RIACHO FUNDO II;RIACHO FUNDO II;60222;2020;11;81;79100;106320;106.568;152.24;76.12;1
809202;HABITACIONAL RIACHO FUNDO II;RIACHO FUNDO II;60222;2020;11;82;59400;79380;75.222;107.46;53.73;3
809552;HABITACIONAL RIACHO FUNDO II;RIACHO FUNDO II;60222;2020;11;85;59400;95000;75.152;107.36;53.68;5
809554;HABITACIONAL RIACHO FUNDO II;RIACHO FUNDO II;60222;2020;11;86;78100;111000;104.958;149.94;74.97;2
808761;HABITACIONAL RIACHO FUNDO II;RIACHO FUNDO II;60222;2020;11;90;63500;138000;81.62;116.6;58.3;5
808938;HABITACIONAL RIACHO FUNDO II;RIACHO FUNDO II;60222;2020;11;91;78100;131000;105;150;75;2
168329;QS-SAMAMBAIA;SAMAMBAIA;60217;2020;11;98;143000;200100;200;350;100;4
168330;QS-SAMAMBAIA;SAMAMBAIA;60217;2020;11;99;143000;190000;200;350;100;2
168331;QS-SAMAMBAIA;SAMAMBAIA;60217;2020;11;100;143000;190000;200;350;100;2
168332;QS-SAMAMBAIA;SAMAMBAIA;60217;2020;11;101;143000;150500;200;350;100;1
168333;QS-SAMAMBAIA;SAMAMBAIA;60217;2020;11;102;143000;150500;200;350;100;3
168334;QS-SAMAMBAIA;SAMAMBAIA;60217;2020;11;103;143000;160000;200;350;100;3
460283;QN-SAMAMBAIA;SAMAMBAIA;60219;2020;11;105;982000;1083000;2415.8;3623.7;1207.9;2
460284;QN-SAMAMBAIA;SAMAMBAIA;60219;2020;11;106;722000;801500;1758.76;2638.14;879.38;1
186473;QN-SAMAMBAIA;SAMAMBAIA;60219;2020;11;108;203000;210000;350;525;175;2
458298;QN-SAMAMBAIA;SAMAMBAIA;60220;2020;11;112;147000;168000;300;450;150;4
242760;QN-SAMAMBAIA;SAMAMBAIA;60220;2020;11;115;113000;160000;400;600;200;5
462763;QS-SAMAMBAIA;SAMAMBAIA;60220;2020;11;120;109000;121000;200;300;100;1
462770;QS-SAMAMBAIA;SAMAMBAIA;60220;2020;11;121;109000;120000;200;300;100;1
467293;QS-SAMAMBAIA;SAMAMBAIA;60220;2020;11;122;306000;315199.99;706.64;1059.96;353.32;1
524798;AREA DE DESENVOLVIMENTO ECONOMICO SUL;SAMAMBAIA;60225;2020;11;126;151000;277000;556.5;556.5;278.25;3
246872;SANTA MARIA                                  ;SANTA MARIA;60217;2020;11;129;1020000;1021000;1047.2;2992;748;2
602350;SETOR HOTELEIRO;SOBRADINHO;60217;2020;11;133;561000;1137540;720;900;300;4
533065;SETOR M NORTE-QUADRA RESIDENCIAL             ;TAGUATINGA;60214;2020;11;134;143000;143000;256;256;128;1
533066;SETOR M NORTE-QUADRA RESIDENCIAL             ;TAGUATINGA;60214;2020;11;135;143000;143000;256;256;128;1
806994;SHCNW-SETOR DE HABITAÇÕES COLETIVAS NOROESTE;BRASILIA;60598;2020;12;4;155000;205267.23;15;15;15;3
589804;SHCNW-SETOR DE HABITAÇÕES COLETIVAS NOROESTE;BRASILIA;1000;2020;12;5;155000;157501.5;15;15;15;2
807154;SHCNW-SETOR DE HABITAÇÕES COLETIVAS NOROESTE;BRASILIA;1894;2020;12;6;6200000;6588000;2286;2286;900;4
807006;SHCNW-SETOR DE HABITAÇÕES COLETIVAS NOROESTE;BRASILIA;1894;2020;12;7;6200000;6570000;2286;2286;900;2
807012;SHCNW-SETOR DE HABITAÇÕES COLETIVAS NOROESTE;BRASILIA;1894;2020;12;8;5670000;6152000;1905;1905;750;2
448817;CANDANGOLANDIA                               ;BRASILIA;60578;2020;12;10;1130000;1190999.99;2890.275;2890.275;963.425;2
807029;SHCNW-SETOR DE HABITAÇÕES COLETIVAS NOROESTE;BRASILIA;60602;2020;12;15;5460000;7428562.38;300;300;1200;2
807030;SHCNW-SETOR DE HABITAÇÕES COLETIVAS NOROESTE;BRASILIA;60038;2020;12;16;2940000;3157121;1096;1096;800;2
807173;SHCNW-SETOR DE HABITAÇÕES COLETIVAS NOROESTE;BRASILIA;60038;2020;12;17;2940000;3158121;1096;1096;800;1
54410;SETOR DE ARMAZENAGEM E ABASTECIMENTO         ;BRASILIA;60225;2020;12;20;849000;1350000;1000;1000;500;1
63722;SETOR M NORTE-QUADRA RESIDENCIAL             ;CEILANDIA;60214;2020;12;23;143000;220000.1;500;500;250;12
493250;SETOR DE DESENVOLVIMENTO ECONOMICO CENTRO NORTE;CEILANDIA;60227;2020;12;24;135000;135000;300;300;150;1
60446;SETOR LESTE                                  ;GAMA;60214;2020;12;25;148000;149000;550;550;275;1
61045;SETOR LESTE                                  ;GAMA;60214;2020;12;26;148000;156983;550;550;275;1
102100;SETOR OESTE                                  ;GAMA;60214;2020;12;27;147000;157000;550;550;275;2
51259;SETOR OESTE (COM);GAMA;60216;2020;12;30;156000;165000;450;900;225;1
61574;SETOR SUL                                    ;GAMA;60216;2020;12;31;193000;195000;625;1250;312.5;2
61638;SETOR SUL                                    ;GAMA;60216;2020;12;34;193000;202508.08;625;1250;312.5;1
594490;SETOR RESID INDUSTRIA E ABASTECIMENTO        ;GUARA;60214;2020;12;37;226000;351000;388.8;388.8;162;20
594312;SETOR RESID INDUSTRIA E ABASTECIMENTO        ;GUARA;60220;2020;12;38;297000;391101.03;527.664;527.664;219.86;24
594190;SETOR RESID INDUSTRIA E ABASTECIMENTO        ;GUARA;60217;2020;12;39;4800000;5177000;6049.68;6049.68;2016.56;1
559154;SETOR HABITACIONAL JARDIM BOTANICO;SAO SEBASTIAO;60214;2020;12;42;503000;623500;1320;1320;880;10
559210;SETOR HABITACIONAL JARDIM BOTANICO;SAO SEBASTIAO;60214;2020;12;43;513000;592000;1350;1350;900;2
559270;SETOR HABITACIONAL JARDIM BOTANICO;SAO SEBASTIAO;60214;2020;12;44;452000;610700;1380;1380;920;17
559257;SETOR HABITACIONAL JARDIM BOTANICO;SAO SEBASTIAO;60214;2020;12;45;568000;630500;1795.605;1795.605;1197.07;7
559265;SETOR HABITACIONAL JARDIM BOTANICO;SAO SEBASTIAO;60214;2020;12;46;428000;583100;1293;1293;862;17
559305;SETOR HABITACIONAL JARDIM BOTANICO;SAO SEBASTIAO;60214;2020;12;47;546000;601000;1720.125;1720.125;1146.75;3
558996;SETOR HABITACIONAL JARDIM BOTANICO;SAO SEBASTIAO;60222;2020;12;48;2090000;2127102.7;3743.22;3743.22;3119.35;2
510146;SETOR HABITACIONAL TAQUARI;LAGO NORTE;60211;2020;12;50;413000;475550;640;640;800;1
510234;SETOR HABITACIONAL TAQUARI;LAGO NORTE;60211;2020;12;52;412000;523000.02;636.4;636.4;795.5;2
59385;AVENIDA CENTRAL                              ;NUCLEO BANDEIRANTE;60214;2020;12;53;197000;363000;288;288;120;45
241826;PLACA DA MERCEDES                            ;NUCLEO BANDEIRANTE;60224;2020;12;54;897000;1321000;1700;2100;1000;6
807362;PARANOÁ PARQUE;PARANOA;60221;2020;12;55;4070000;4555000;10065.549;18117.988;10065.549;1
529062;RECANTO DAS EMAS;RECANTO DAS EMAS;60217;2020;12;62;370000;400000;945;1207.5;525;1
479724;RECANTO DAS EMAS;RECANTO DAS EMAS;60217;2020;12;63;46800;46800;90;115;50;1
819093;HABITACIONAL RIACHO FUNDO II;RIACHO FUNDO II;60217;2020;12;73;115000;179500;147;315;105;12
819094;HABITACIONAL RIACHO FUNDO II;RIACHO FUNDO II;60217;2020;12;74;115000;141100;147;315;105;3
819096;HABITACIONAL RIACHO FUNDO II;RIACHO FUNDO II;60217;2020;12;75;115000;145850;147;315;105;3
809029;HABITACIONAL RIACHO FUNDO II;RIACHO FUNDO II;60222;2020;12;78;56000;125000.1;70;100;50;4
809163;HABITACIONAL RIACHO FUNDO II;RIACHO FUNDO II;60222;2020;12;79;56000;70000;70;100;50;2
809201;HABITACIONAL RIACHO FUNDO II;RIACHO FUNDO II;60222;2020;12;80;56000;57501;70;100;50;1
809379;HABITACIONAL RIACHO FUNDO II;RIACHO FUNDO II;60222;2020;12;81;55800;69200;69.65;99.5;49.75;4
809553;HABITACIONAL RIACHO FUNDO II;RIACHO FUNDO II;60222;2020;12;82;56000;69900;70;100;50;2
809594;HABITACIONAL RIACHO FUNDO II;RIACHO FUNDO II;60222;2020;12;83;56000;76000;70;100;50;2
809784;HABITACIONAL RIACHO FUNDO II;RIACHO FUNDO II;60222;2020;12;84;55900;88360.9;69.86;99.8;49.9;1
808171;HABITACIONAL RIACHO FUNDO II;RIACHO FUNDO II;60222;2020;12;85;54300;80000;67.368;96.24;48.12;3
808172;HABITACIONAL RIACHO FUNDO II;RIACHO FUNDO II;60222;2020;12;86;55700;55700;69.496;99.28;49.64;1
188949;QN-SAMAMBAIA;SAMAMBAIA;60217;2020;12;87;143000;250100;200;350;100;4
194647;QS-SAMAMBAIA;SAMAMBAIA;60217;2020;12;88;143000;173000;200;350;100;3
165919;QS-SAMAMBAIA;SAMAMBAIA;60219;2020;12;95;1300000;1350000;2620.8;3931.2;1310.4;1
191878;QS-SAMAMBAIA;SAMAMBAIA;60219;2020;12;96;133000;158350;264.5;396.75;132.25;3
192206;QS-SAMAMBAIA;SAMAMBAIA;60219;2020;12;97;133000;152000;200;300;100;2
188100;QS-SAMAMBAIA;SAMAMBAIA;60219;2020;12;98;133000;140000;200;300;100;1
457222;QN-SAMAMBAIA;SAMAMBAIA;60220;2020;12;99;109000;130000;200;300;100;2
458294;QN-SAMAMBAIA;SAMAMBAIA;60220;2020;12;100;147000;191013;300;450;150;3
456291;QS-SAMAMBAIA;SAMAMBAIA;60220;2020;12;103;66400;73040;200;300;100;3
456291;QS-SAMAMBAIA;SAMAMBAIA;60220;2020;12;103;66400;73040;200;300;100;3
457172;QS-SAMAMBAIA;SAMAMBAIA;60220;2020;12;104;66400;81300;200;300;100;3
468792;QS-SAMAMBAIA;SAMAMBAIA;60220;2020;12;105;113000;114300;400;600;200;1
244543;QS-SAMAMBAIA;SAMAMBAIA;60220;2020;12;106;66400;81000;200;300;100;4
810398;BAIRRO SÃO BARTOLOMEU;SAO SEBASTIAO;60217;2020;12;110;350000;360500;826.433;901.563;300.521;2
63355;SETOR INDUSTRIAL                             ;SOBRADINHO;60224;2020;12;118;512000;520000;1400;1400;700;2
60124;SETOR INDUSTRIAL                             ;TAGUATINGA;60220;2020;12;119;818000;901000;1100;1650;550;1
60125;SETOR INDUSTRIAL                             ;TAGUATINGA;60220;2020;12;120;818000;901000;1100;1650;550;1
60126;SETOR INDUSTRIAL                             ;TAGUATINGA;60220;2020;12;121;818000;901000;1100;1650;550;2
245283;DESENVOLVIMENTO  ECONOMICO  M/NORTE;TAGUATINGA;60227;2020;12;122;274410;306000;363.52;545.28;181.76;3
208948;BAIRRO AGUAS CLARAS;TAGUATINGA;60220;2020;15;4;13500000;21151000;10800;18000;3600;6
65922;SETOR INDUSTRIAL I                           ;CEILANDIA;60225;2020;15;8;102000;153200;480.375;480.375;320.25;4
65924;SETOR INDUSTRIAL I                           ;CEILANDIA;60225;2020;15;9;102000;153200;480.375;480.375;320.25;4
507281;SETOR DE MULTIPLAS ATIVIDADES;GAMA;60224;2020;15;11;235000;242600;390;624;390;1
594478;SETOR RESID INDUSTRIA E ABASTECIMENTO        ;GUARA;60214;2020;15;13;226000;397468.05;388.8;388.8;162;18
559164;SETOR HABITACIONAL JARDIM BOTANICO;SAO SEBASTIAO;60214;2020;15;16;463000;605217.27;1200;1200;800;8
559255;SETOR HABITACIONAL JARDIM BOTANICO;SAO SEBASTIAO;60214;2020;15;17;403000;601100;1200;1200;800;7
559273;SETOR HABITACIONAL JARDIM BOTANICO;SAO SEBASTIAO;60214;2020;15;18;439000;650000.01;1331.94;1331.94;887.96;14
559275;SETOR HABITACIONAL JARDIM BOTANICO;SAO SEBASTIAO;60214;2020;15;19;436000;630070;1320;1320;880;7
510763;SETOR HABITACIONAL TAQUARI;LAGO NORTE;60211;2020;15;24;404000;675500;616.84;616.84;771.05;32
807414;PARANOÁ PARQUE;PARANOA;60221;2020;15;29;1960000;2101000.99;3600.014;6480.025;3600.014;2
807361;PARANOÁ PARQUE;PARANOA;60221;2020;15;35;895000;901000;2037.079;3666.742;2037.079;1
599070;SETOR RESIDENCIAL LESTE (SRL);PLANALTINA;60216;2020;15;37;35400;42200;102.5;102.5;51.25;2
599071;SETOR RESIDENCIAL LESTE (SRL);PLANALTINA;60216;2020;15;38;41400;48900;120;120;60;3
242260;RECANTO DAS EMAS;RECANTO DAS EMAS;60217;2020;15;44;126000;136000;261;333.5;145;2
242262;RECANTO DAS EMAS;RECANTO DAS EMAS;60217;2020;15;46;130000;130000;270;345;150;1
803158;HABITACIONAL RIACHO FUNDO II;RIACHO FUNDO II;60217;2020;15;53;430000;761200;672;1440;480;12
808196;HABITACIONAL RIACHO FUNDO II;RIACHO FUNDO II;60217;2020;15;54;141000;161000;187.096;400.92;133.64;1
808197;HABITACIONAL RIACHO FUNDO II;RIACHO FUNDO II;60217;2020;15;55;147000;200000;196.574;421.23;140.41;1
819095;HABITACIONAL RIACHO FUNDO II;RIACHO FUNDO II;60217;2020;15;66;220000;232000;315;675;225;1
808988;HABITACIONAL RIACHO FUNDO II;RIACHO FUNDO II;60222;2020;15;69;120000;161000;106.372;151.96;75.98;1
806961;HABITACIONAL RIACHO FUNDO II;RIACHO FUNDO II;60224;2020;15;71;2270000;2338100;4702.376;4702.376;3358.84;1
806969;HABITACIONAL RIACHO FUNDO II;RIACHO FUNDO II;60224;2020;15;78;2060000;2125000;4241.398;4241.398;3029.57;1
166467;QR-SAMAMBAIA;SAMAMBAIA;60213;2020;15;81;971000;1325000;1800;3150;900;2
78073;QR-SAMAMBAIA;SAMAMBAIA;60213;2020;15;82;971000;1068100;1800;3150;900;1
75587;QN-SAMAMBAIA;SAMAMBAIA;60217;2020;15;90;118000;150000;200;350;100;2
75589;QN-SAMAMBAIA;SAMAMBAIA;60217;2020;15;91;118000;150000;200;350;100;1
75591;QN-SAMAMBAIA;SAMAMBAIA;60217;2020;15;92;118000;150000;200;350;100;1
186503;QN-SAMAMBAIA;SAMAMBAIA;60217;2020;15;93;265000;270000;441;771.75;220.5;1
166778;QS-SAMAMBAIA;SAMAMBAIA;60217;2020;15;94;143000;145005;200;350;100;1
76359;QS-SAMAMBAIA;SAMAMBAIA;60217;2020;15;95;118000;210000;200;350;100;11
76367;QS-SAMAMBAIA;SAMAMBAIA;60219;2020;15;105;1290000;1419000;3193.4;4790.1;1596.7;2
458296;QN-SAMAMBAIA;SAMAMBAIA;60220;2020;15;111;147000;198000;300;450;150;6
455975;QS-SAMAMBAIA;SAMAMBAIA;60220;2020;15;113;956000;1203500;2350.2;3525.3;1175.1;1
455976;QS-SAMAMBAIA;SAMAMBAIA;60220;2020;15;114;952000;1203500;2340.3;3510.45;1170.15;1
465301;QS-SAMAMBAIA;SAMAMBAIA;60220;2020;15;117;66400;100000;200;300;100;4
243318;QS-SAMAMBAIA;SAMAMBAIA;60220;2020;15;119;257000;260000;1000;1500;500;1
524694;AREA DE DESENVOLVIMENTO ECONOMICO SUL;SAMAMBAIA;60225;2020;15;125;137000;313013;500;500;250;6
247042;SANTA MARIA                                  ;SANTA MARIA;60217;2020;15;128;2340000;2360990;2990.568;8544.48;2136.12;1
447128;SANTA MARIA                                  ;SANTA MARIA;60227;2020;15;131;105000;200020;288.12;518.616;288.12;4
593707;POLO DESENV/ECONOMICO JUSCELINO KUBITSCHEK INDUSTRIA COMERCIO DE APOIO;SANTA MARIA;60225;2020;15;132;3270000;3270000;5000;16000;5000;1
810393;BAIRRO SÃO BARTOLOMEU;SAO SEBASTIAO;60217;2020;15;133;485000;528000;1165.062;1270.977;423.659;1
511354;SETOR P NORTE-QUADRA RESIDENCIAL             ;CEILANDIA;60214;2020;16;8;72900;161100;266.5;266.5;133.25;29
507272;SETOR DE MULTIPLAS ATIVIDADES;GAMA;60224;2020;16;14;226000;250090;350.98;561.568;350.98;3
594639;SETOR RESID INDUSTRIA E ABASTECIMENTO        ;GUARA;60214;2020;16;15;267000;403160.92;438.576;438.576;182.74;7
593944;SETOR RESID INDUSTRIA E ABASTECIMENTO        ;GUARA;60217;2020;16;16;4070000;4107000;5017.29;5017.29;1672.43;1
515169;RECANTO DAS EMAS;RECANTO DAS EMAS;60216;2020;16;27;159000;159000;405;450;225;1
479718;RECANTO DAS EMAS;RECANTO DAS EMAS;60217;2020;16;28;46800;46800;90;115;50;1
819115;HABITACIONAL RIACHO FUNDO II;RIACHO FUNDO II;60217;2020;16;29;100000;168000;127.4;273;91;4
819083;HABITACIONAL RIACHO FUNDO II;RIACHO FUNDO II;60217;2020;16;30;100000;115000;127.4;273;91;1
819110;HABITACIONAL RIACHO FUNDO II;RIACHO FUNDO II;60217;2020;16;31;100000;126000;127.4;273;91;3
819116;HABITACIONAL RIACHO FUNDO II;RIACHO FUNDO II;60217;2020;16;32;100000;168000;127.4;273;91;7
819117;HABITACIONAL RIACHO FUNDO II;RIACHO FUNDO II;60217;2020;16;33;113000;189400;147;315;105;7
819118;HABITACIONAL RIACHO FUNDO II;RIACHO FUNDO II;60217;2020;16;34;113000;170000;147;315;105;7
819119;HABITACIONAL RIACHO FUNDO II;RIACHO FUNDO II;60217;2020;16;35;217000;260000;315;675;225;4
819120;HABITACIONAL RIACHO FUNDO II;RIACHO FUNDO II;60217;2020;16;36;113000;120000;147;315;105;1
819121;HABITACIONAL RIACHO FUNDO II;RIACHO FUNDO II;60217;2020;16;37;113000;120000;147;315;105;1
819122;HABITACIONAL RIACHO FUNDO II;RIACHO FUNDO II;60217;2020;16;38;113000;141000;147;315;105;3
819123;HABITACIONAL RIACHO FUNDO II;RIACHO FUNDO II;60217;2020;16;39;113000;121000;147;315;105;3
819124;HABITACIONAL RIACHO FUNDO II;RIACHO FUNDO II;60217;2020;16;40;217000;217001;315;675;225;1
819125;HABITACIONAL RIACHO FUNDO II;RIACHO FUNDO II;60217;2020;16;41;113000;125010;147;315;105;1
819126;HABITACIONAL RIACHO FUNDO II;RIACHO FUNDO II;60217;2020;16;42;113000;142510;147;315;105;1
466710;QN-SAMAMBAIA;SAMAMBAIA;60219;2020;16;43;109000;128304.15;200;300;100;1
242715;QS-SAMAMBAIA;SAMAMBAIA;60219;2020;16;44;66400;75000.01;200;300;100;3
457218;QN-SAMAMBAIA;SAMAMBAIA;60220;2020;16;45;109000;127000;200;300;100;4
457221;QN-SAMAMBAIA;SAMAMBAIA;60220;2020;16;46;109000;130200;200;300;100;1
458555;QN-SAMAMBAIA;SAMAMBAIA;60220;2020;16;48;109000;110000;200;300;100;1
455633;QS-SAMAMBAIA;SAMAMBAIA;60220;2020;16;49;343000;360010;800;1200;400;1
462069;QS-SAMAMBAIA;SAMAMBAIA;60220;2020;16;52;109000;110000;200;300;100;2
468789;QS-SAMAMBAIA;SAMAMBAIA;60220;2020;16;54;101000;127270;350;525;175;1
468790;QS-SAMAMBAIA;SAMAMBAIA;60220;2020;16;55;113000;142390;400;600;200;1
468791;QS-SAMAMBAIA;SAMAMBAIA;60220;2020;16;56;113000;142390;400;600;200;1
244532;QS-SAMAMBAIA;SAMAMBAIA;60220;2020;16;58;89500;110000;300;450;150;2
244533;QS-SAMAMBAIA;SAMAMBAIA;60220;2020;16;59;89500;96328.3;300;450;150;2
244541;QS-SAMAMBAIA;SAMAMBAIA;60220;2020;16;61;66400;67000;200;300;100;1
525020;AREA DE DESENVOLVIMENTO ECONOMICO SUL;SAMAMBAIA;60227;2020;16;62;87000;101000;210;210;105;2
145473;SETOR DE AREAS ISOLADAS SUDOESTE             ;BRASILIA;50;2021;1;3;19400000;19410000;10000;16000;10000;1
806997;SHCNW-SETOR DE HABITAÇÕES COLETIVAS NOROESTE;BRASILIA;1000;2021;1;4;157000;172015;15;15;15;1
806995;SHCNW-SETOR DE HABITAÇÕES COLETIVAS NOROESTE;BRASILIA;60598;2021;1;5;157000;192000;15;15;15;4
807282;SHCNW-SETOR DE HABITAÇÕES COLETIVAS NOROESTE;BRASILIA;60598;2021;1;6;157000;212000;15;15;15;3
807074;SHCNW-SETOR DE HABITAÇÕES COLETIVAS NOROESTE;BRASILIA;1893;2021;1;7;17300000;25525000;5796;5796;920;4
807077;SHCNW-SETOR DE HABITAÇÕES COLETIVAS NOROESTE;BRASILIA;60595;2021;1;8;17300000;25525000;920;920;920;7
807078;SHCNW-SETOR DE HABITAÇÕES COLETIVAS NOROESTE;BRASILIA;60595;2021;1;9;17300000;25525000;920;920;920;5
807079;SHCNW-SETOR DE HABITAÇÕES COLETIVAS NOROESTE;BRASILIA;1893;2021;1;10;17300000;23888000;5796;5796;920;7
807080;SHCNW-SETOR DE HABITAÇÕES COLETIVAS NOROESTE;BRASILIA;1893;2021;1;11;17300000;22501012;5796;5796;920;3
58050;SETOR DE MANSOES SUBURBANAS PARK WAY SUL     ;BRASILIA;60212;2021;1;13;5050000;5050001;9000;9000;20000;1
601516;SETOR DE MANSOES DOM BOSCO;BRASILIA;60228;2021;1;14;6870000;7790000;4971.547;4971.547;7102.21;3
155141;SETOR O NORTE-QUADRA RESIDENCIAL             ;CEILANDIA;60219;2021;1;17;353000;353000;756;1134;378;1
66811;SETOR INDUSTRIAL I                           ;CEILANDIA;60225;2021;1;20;207000;251000;1400;1400;700;1
67008;SETOR INDUSTRIAL I                           ;CEILANDIA;60225;2021;1;21;207000;215000;1400;1400;700;1
505284;SETOR COMPLEMENTAR INDUSTRIA E ABASTECIMENTO;GUARA;60224;2021;1;25;1650000;1677777.77;1800;2100;1000;1
559479;SETOR HABITACIONAL JARDIM BOTANICO;SAO SEBASTIAO;60214;2021;1;26;415000;691050.78;1281.9;1281.9;854.6;19
559155;SETOR HABITACIONAL JARDIM BOTANICO;SAO SEBASTIAO;60214;2021;1;27;489000;650000;1200;1200;800;6
559158;SETOR HABITACIONAL JARDIM BOTANICO;SAO SEBASTIAO;60214;2021;1;28;489000;605000;1200;1200;800;5
559163;SETOR HABITACIONAL JARDIM BOTANICO;SAO SEBASTIAO;60214;2021;1;29;489000;610000;1200;1200;800;4
559179;SETOR HABITACIONAL JARDIM BOTANICO;SAO SEBASTIAO;60214;2021;1;30;489000;603500;1200;1200;800;4
559193;SETOR HABITACIONAL JARDIM BOTANICO;SAO SEBASTIAO;60214;2021;1;31;567000;667454.29;1423.08;1423.08;948.72;3
559252;SETOR HABITACIONAL JARDIM BOTANICO;SAO SEBASTIAO;60214;2021;1;32;534000;606000;1575.6;1575.6;1050.4;2
807409;PARANOÁ PARQUE;PARANOA;60221;2021;1;36;888000;1110000;1800.005;3240.009;1800.005;1
807410;PARANOÁ PARQUE;PARANOA;60221;2021;1;37;888000;1110000;1800.005;3240.009;1800.005;1
807411;PARANOÁ PARQUE;PARANOA;60221;2021;1;38;888000;1110000;1800.005;3240.009;1800.005;2
807413;PARANOÁ PARQUE;PARANOA;60221;2021;1;39;888000;1110000;1800.005;3240.009;1800.005;2
529057;RECANTO DAS EMAS;RECANTO DAS EMAS;60217;2021;1;40;283000;356500;708.75;905.625;393.75;2
529061;RECANTO DAS EMAS;RECANTO DAS EMAS;60217;2021;1;41;194000;200000;472.5;603.75;262.5;2
472894;AREA DE DESENVOLVIMENTO ECONOMICO;RECANTO DAS EMAS;60227;2021;1;45;139000;154050.5;446.4;446.4;111.6;2
833256;CENTRO URBANO;RECANTO DAS EMAS;60222;2021;1;46;5300000;5310000;14303.52;31785.6;7946.4;1
452400;SETOR HABITACIONAL RIACHO FUNDO              ;RIACHO FUNDO;60228;2021;1;47;429000;1101000.99;2160;2160;900;3
809546;HABITACIONAL RIACHO FUNDO II;RIACHO FUNDO II;60217;2021;1;48;304000;324000;434.084;930.18;310.06;2
809547;HABITACIONAL RIACHO FUNDO II;RIACHO FUNDO II;60217;2021;1;49;301000;316100;429.52;920.4;306.8;1
809549;HABITACIONAL RIACHO FUNDO II;RIACHO FUNDO II;60217;2021;1;50;304000;342000;434.602;931.29;310.43;3
809550;HABITACIONAL RIACHO FUNDO II;RIACHO FUNDO II;60217;2021;1;51;304000;361000;435.33;932.85;310.95;3
809551;HABITACIONAL RIACHO FUNDO II;RIACHO FUNDO II;60217;2021;1;52;302000;351000;431.802;925.29;308.43;4
808960;HABITACIONAL RIACHO FUNDO II;RIACHO FUNDO II;60217;2021;1;53;431000;1710000;648.676;1390.02;463.34;15
819074;HABITACIONAL RIACHO FUNDO II;RIACHO FUNDO II;60217;2021;1;54;106000;156450;127.4;273;91;3
819075;HABITACIONAL RIACHO FUNDO II;RIACHO FUNDO II;60217;2021;1;55;106000;150250;127.4;273;91;2
819076;HABITACIONAL RIACHO FUNDO II;RIACHO FUNDO II;60217;2021;1;56;106000;173550;127.4;273;91;2
819077;HABITACIONAL RIACHO FUNDO II;RIACHO FUNDO II;60217;2021;1;57;106000;169550;127.4;273;91;2
819078;HABITACIONAL RIACHO FUNDO II;RIACHO FUNDO II;60217;2021;1;58;106000;172950;127.4;273;91;5
192609;QN-SAMAMBAIA;SAMAMBAIA;60217;2021;1;59;2412;3800;1393.4;2786.8;696.7;3
192610;QN-SAMAMBAIA;SAMAMBAIA;60217;2021;1;60;2907;4010;1821.6;3096.72;910.8;3
190050;QN-SAMAMBAIA;SAMAMBAIA;60217;2021;1;61;698000;915000;1200;2400;600;1
166506;QS-SAMAMBAIA;SAMAMBAIA;60217;2021;1;62;143000;211999.99;200;350;100;2
166508;QS-SAMAMBAIA;SAMAMBAIA;60217;2021;1;63;143000;180000;350;350;100;2
167541;QS-SAMAMBAIA;SAMAMBAIA;60217;2021;1;65;143000;143000;200;350;100;1
242745;QN-SAMAMBAIA;SAMAMBAIA;60219;2021;1;66;66400;70101.5;200;300;100;2
242746;QN-SAMAMBAIA;SAMAMBAIA;60219;2021;1;67;66400;70101.5;200;300;100;1
87500;QR-SAMAMBAIA;SAMAMBAIA;60219;2021;1;71;91400;122999.99;100;150;50;1
457481;QN-SAMAMBAIA;SAMAMBAIA;60220;2021;1;79;109000;130000;200;300;100;2
457482;QN-SAMAMBAIA;SAMAMBAIA;60220;2021;1;80;109000;113013.07;200;300;100;1
242732;QN-SAMAMBAIA;SAMAMBAIA;60220;2021;1;81;66400;75000;200;300;100;3
242736;QN-SAMAMBAIA;SAMAMBAIA;60220;2021;1;85;66400;68400;200;300;100;1
242737;QN-SAMAMBAIA;SAMAMBAIA;60220;2021;1;86;66400;66500;300;300;100;1
243362;QN-SAMAMBAIA;SAMAMBAIA;60220;2021;1;88;66400;69000;200;300;100;1
455312;QS-SAMAMBAIA;SAMAMBAIA;60220;2021;1;89;109000;150000;200;300;100;7
455313;QS-SAMAMBAIA;SAMAMBAIA;60220;2021;1;90;109000;138900;200;300;100;5
456292;QS-SAMAMBAIA;SAMAMBAIA;60220;2021;1;91;66400;76440;200;300;100;5
456293;QS-SAMAMBAIA;SAMAMBAIA;60220;2021;1;92;66400;76510;200;300;100;4
456294;QS-SAMAMBAIA;SAMAMBAIA;60220;2021;1;93;66400;76440;200;300;100;3
456295;QS-SAMAMBAIA;SAMAMBAIA;60220;2021;1;94;66400;76440;200;300;100;3
456296;QS-SAMAMBAIA;SAMAMBAIA;60220;2021;1;95;66400;76410;200;300;100;1
456297;QS-SAMAMBAIA;SAMAMBAIA;60220;2021;1;96;66400;80100;200;300;100;5
456298;QS-SAMAMBAIA;SAMAMBAIA;60220;2021;1;97;66400;80000;200;300;100;4
456299;QS-SAMAMBAIA;SAMAMBAIA;60220;2021;1;98;66400;80000;200;300;100;3
247025;SANTA MARIA                                  ;SANTA MARIA;60222;2021;1;104;1410000;1815000;4081.63;7580.17;2915.45;1
504208;SANTA MARIA                                  ;SANTA MARIA;60222;2021;1;105;343000;400000;1232;2288;880;3
814744;BAIRRO RESIDENCIAL OESTE;SAO SEBASTIAO;60216;2021;1;107;728000;731000.99;1606.253;1927.503;642.501;1
814745;BAIRRO RESIDENCIAL OESTE;SAO SEBASTIAO;60216;2021;1;108;684000;724065.44;1505.283;1806.339;602.113;2
814746;BAIRRO RESIDENCIAL OESTE;SAO SEBASTIAO;60216;2021;1;109;687000;701000.99;1513.793;1816.551;605.517;1
63352;SETOR INDUSTRIAL                             ;SOBRADINHO;60224;2021;1;115;512000;531000;1400;1400;700;1
63353;SETOR INDUSTRIAL                             ;SOBRADINHO;60224;2021;1;116;512000;531000;1400;1400;700;1
63354;SETOR INDUSTRIAL                             ;SOBRADINHO;60224;2021;1;117;512000;561000;1400;1400;700;1
533040;SETOR M NORTE-QUADRA RESIDENCIAL             ;TAGUATINGA;60214;2021;1;118;143000;204100;256;256;128;5
534012;SETOR M NORTE-QUADRA RESIDENCIAL             ;TAGUATINGA;60214;2021;1;119;143000;150000;256;256;128;1
806998;SHCNW-SETOR DE HABITAÇÕES COLETIVAS NOROESTE;BRASILIA;60598;2021;2;2;157000;180000;15;15;15;2
807000;SHCNW-SETOR DE HABITAÇÕES COLETIVAS NOROESTE;BRASILIA;60598;2021;2;3;157000;180000;15;15;15;4
180981;SETOR M NORTE-QUADRA RESIDENCIAL             ;CEILANDIA;60217;2021;2;5;2410000;2508000;2620.76;7862.28;1310.38;1
156814;SETOR O NORTE-QUADRA RESIDENCIAL             ;CEILANDIA;60219;2021;2;6;418000;501000.5;924;1386;462;3
156815;SETOR O NORTE-QUADRA RESIDENCIAL             ;CEILANDIA;60219;2021;2;7;353000;401000.5;756;1134;378;2
156822;SETOR O NORTE-QUADRA RESIDENCIAL             ;CEILANDIA;60219;2021;2;8;353000;382990;756;1134;378;1
594223;SETOR RESID INDUSTRIA E ABASTECIMENTO        ;GUARA;60214;2021;2;9;234000;350000;380.76;380.76;158.65;32
594628;SETOR RESID INDUSTRIA E ABASTECIMENTO        ;GUARA;60214;2021;2;10;245000;351900;399.6;399.6;166.5;34
594689;SETOR RESID INDUSTRIA E ABASTECIMENTO        ;GUARA;60214;2021;2;11;214000;358213;345.6;345.6;144;38
595871;SETOR RESID INDUSTRIA E ABASTECIMENTO        ;GUARA;60221;2021;2;15;1390000;1603000;2700;3600;900;1
594200;SETOR RESID INDUSTRIA E ABASTECIMENTO        ;GUARA;60222;2021;2;17;1390000;1603000;2700;3600;900;1
490850;SETOR COMPLEMENTAR INDUSTRIA E ABASTECIMENTO;GUARA;60224;2021;2;18;1910000;1911000;2016;2352;1120;1
559157;SETOR HABITACIONAL JARDIM BOTANICO;SAO SEBASTIAO;60214;2021;2;20;489000;635000;1200;1200;800;9
559159;SETOR HABITACIONAL JARDIM BOTANICO;SAO SEBASTIAO;60214;2021;2;21;489000;713713.13;1200;1200;800;6
559160;SETOR HABITACIONAL JARDIM BOTANICO;SAO SEBASTIAO;60214;2021;2;22;489000;687370;1200;1200;800;9
559161;SETOR HABITACIONAL JARDIM BOTANICO;SAO SEBASTIAO;60214;2021;2;23;489000;706000;1200;1200;800;7
559165;SETOR HABITACIONAL JARDIM BOTANICO;SAO SEBASTIAO;60214;2021;2;24;489000;571510.5;1200;1200;800;2
559166;SETOR HABITACIONAL JARDIM BOTANICO;SAO SEBASTIAO;60214;2021;2;25;489000;706370;1200;1200;800;13
559229;SETOR HABITACIONAL JARDIM BOTANICO;SAO SEBASTIAO;60214;2021;2;26;501000;657000;1461.42;1461.42;974.28;3
559230;SETOR HABITACIONAL JARDIM BOTANICO;SAO SEBASTIAO;60214;2021;2;27;492000;543910;1432.545;1432.545;955.03;3
559243;SETOR HABITACIONAL JARDIM BOTANICO;SAO SEBASTIAO;60214;2021;2;28;426000;687370;1200;1200;800;13
559248;SETOR HABITACIONAL JARDIM BOTANICO;SAO SEBASTIAO;60214;2021;2;29;465000;616500;1337.94;1337.94;891.96;6
807363;PARANOÁ PARQUE;PARANOA;60221;2021;2;32;787000;842000;1663.004;2993.407;1663.004;1
807364;PARANOÁ PARQUE;PARANOA;60221;2021;2;33;795000;850000;1687.506;3037.511;1687.506;1
807366;PARANOÁ PARQUE;PARANOA;60221;2021;2;35;787000;799990;1663.006;2993.411;1663.006;1
830412;SETOR RESIDENCIAL LESTE (URB-040/2015);PLANALTINA;60216;2021;2;36;124000;521101.99;360;480;200;8
597641;EXPANSÃO DO SETOR RESIDENCIAL LESTE;PLANALTINA;60216;2021;2;37;69000;70000;200;200;100;1
597712;EXPANSÃO DO SETOR RESIDENCIAL LESTE;PLANALTINA;60216;2021;2;38;69000;78901.99;200;200;100;4
62161;SETOR RESIDENCIAL LESTE (SRL);PLANALTINA;60216;2021;2;39;28500;41106;82.5;82.5;41.25;5
809008;HABITACIONAL RIACHO FUNDO II;RIACHO FUNDO II;60217;2021;2;47;308000;508500;440.706;944.37;314.79;13
819097;HABITACIONAL RIACHO FUNDO II;RIACHO FUNDO II;60217;2021;2;48;120000;165000;147;315;105;7
819099;HABITACIONAL RIACHO FUNDO II;RIACHO FUNDO II;60217;2021;2;49;120000;135000;147;315;105;3
819100;HABITACIONAL RIACHO FUNDO II;RIACHO FUNDO II;60217;2021;2;50;230000;235990;315;675;225;1
819102;HABITACIONAL RIACHO FUNDO II;RIACHO FUNDO II;60217;2021;2;51;120000;221000;147;315;105;3
508188;CENTRO URBANO;SAMAMBAIA;60217;2021;2;56;7350000;7361000;9108.3;15939.525;4554.15;1
458310;QN-SAMAMBAIA;SAMAMBAIA;60219;2021;2;68;109000;126440;200;300;100;1
458297;QN-SAMAMBAIA;SAMAMBAIA;60220;2021;2;75;147000;251117;300;450;150;2
465305;QS-SAMAMBAIA;SAMAMBAIA;60220;2021;2;76;137000;200000;500;750;250;1
465306;QS-SAMAMBAIA;SAMAMBAIA;60220;2021;2;77;137000;161900;500;750;250;2
465880;QS-SAMAMBAIA;SAMAMBAIA;60220;2021;2;78;66400;101301;200;300;100;5
465881;QS-SAMAMBAIA;SAMAMBAIA;60220;2021;2;79;66400;81202;200;300;100;3
465882;QS-SAMAMBAIA;SAMAMBAIA;60220;2021;2;80;66400;81550;200;300;100;2
465883;QS-SAMAMBAIA;SAMAMBAIA;60220;2021;2;81;66400;81550;200;300;100;2
243317;QS-SAMAMBAIA;SAMAMBAIA;60220;2021;2;82;257000;262040;1000;1500;500;1
468771;QS-SAMAMBAIA;SAMAMBAIA;60220;2021;2;89;67500;68300;205;307.5;102.5;1
468785;QS-SAMAMBAIA;SAMAMBAIA;60220;2021;2;92;113000;115900;400;600;200;1
468786;QS-SAMAMBAIA;SAMAMBAIA;60220;2021;2;93;113000;121200;400;600;200;1
468787;QS-SAMAMBAIA;SAMAMBAIA;60220;2021;2;94;113000;117990;400;600;200;1
524647;AREA DE DESENVOLVIMENTO ECONOMICO SUL;SAMAMBAIA;60225;2021;2;95;367000;375000;1457;1457;728.5;2
524776;AREA DE DESENVOLVIMENTO ECONOMICO SUL;SAMAMBAIA;60225;2021;2;96;186000;276599;705.5;705.5;352.75;3
526161;SANTA MARIA                                  ;SANTA MARIA;60216;2021;2;97;62600;85003.31;94.5;182.25;67.5;3
447116;SANTA MARIA                                  ;SANTA MARIA;60227;2021;2;99;105000;123302.8;288;518.4;288;1
208952;BAIRRO AGUAS CLARAS;TAGUATINGA;60222;2021;3;1;5350000;17373897.26;7200;7200;3600;7
63482;SETOR N NORTE-QUADRA COMERCIAL               ;CEILANDIA;60217;2021;3;6;383000;2350100;445.5;1113.75;222.75;15
72973;SETOR O NORTE-ENTREQUADRA                    ;CEILANDIA;60222;2021;3;15;156000;234000;300;600;150;2
527473;SETOR COMPLEMENTAR INDUSTRIA E ABASTECIMENTO;GUARA;60224;2021;3;16;1170000;1174200;1173.06;1368.57;651.7;2
509947;SETOR HABITACIONAL TAQUARI;LAGO NORTE;60211;2021;3;17;435000;721058.51;640;640;800;32
164223;SETOR DE OFICINAS E PEQUENAS INDUSTRIAS      ;NUCLEO BANDEIRANTE;60227;2021;3;19;289080;502000;425;575;250;10
807406;PARANOÁ PARQUE;PARANOA;60221;2021;3;20;1820000;2421000;3379.51;6083.118;3379.51;4
595363;EXPANSÃO DO SETOR RESIDENCIAL LESTE;PLANALTINA;60216;2021;3;21;69000;80000;200;200;100;2
597623;EXPANSÃO DO SETOR RESIDENCIAL LESTE;PLANALTINA;60216;2021;3;22;69000;80000;200;200;100;2
599050;SETOR RESIDENCIAL LESTE (SRL);PLANALTINA;60216;2021;3;23;41400;48201.1;120;120;60;3
599051;SETOR RESIDENCIAL LESTE (SRL);PLANALTINA;60216;2021;3;24;41400;50010;120;120;60;2
599052;SETOR RESIDENCIAL LESTE (SRL);PLANALTINA;60216;2021;3;25;41400;60000;120;120;60;5
599053;SETOR RESIDENCIAL LESTE (SRL);PLANALTINA;60216;2021;3;26;41400;44000;120;120;60;3
599055;SETOR RESIDENCIAL LESTE (SRL);PLANALTINA;60216;2021;3;27;41400;41400;120;120;60;1
241941;RECANTO DAS EMAS;RECANTO DAS EMAS;60216;2021;3;29;163000;210000;316.8;352;176;6
803230;HABITACIONAL RIACHO FUNDO II;RIACHO FUNDO II;60217;2021;3;30;403000;511000;525;1125;375;2
809156;HABITACIONAL RIACHO FUNDO II;RIACHO FUNDO II;60217;2021;3;31;342000;473322.41;433.986;929.97;309.99;3
809158;HABITACIONAL RIACHO FUNDO II;RIACHO FUNDO II;60217;2021;3;32;344000;568980;436.408;935.16;311.72;4
809159;HABITACIONAL RIACHO FUNDO II;RIACHO FUNDO II;60217;2021;3;33;341000;451100;433.384;928.68;309.56;3
809160;HABITACIONAL RIACHO FUNDO II;RIACHO FUNDO II;60217;2021;3;34;344000;490000;436.534;935.43;311.81;3
809161;HABITACIONAL RIACHO FUNDO II;RIACHO FUNDO II;60217;2021;3;35;343000;521000;435.848;933.96;311.32;7
808987;HABITACIONAL RIACHO FUNDO II;RIACHO FUNDO II;60222;2021;3;36;131000;155000;69.538;99.34;49.67;1
564860;CENTRO URBANO;SAMAMBAIA;60217;2021;3;48;436000;480000;779.19;779.19;259.73;1
564861;CENTRO URBANO;SAMAMBAIA;60217;2021;3;49;433000;480000;772.92;772.92;257.64;1
244433;QS-SAMAMBAIA;SAMAMBAIA;60218;2021;3;53;239000;261600;800;1600;400;2
492464;QN-SAMAMBAIA;SAMAMBAIA;60219;2021;3;54;358000;368100;674.78;1012.17;337.39;1
458304;QN-SAMAMBAIA;SAMAMBAIA;60220;2021;3;61;90900;90900;150;225;75;2
462067;QS-SAMAMBAIA;SAMAMBAIA;60220;2021;3;65;109000;143008.17;200;300;100;2
462068;QS-SAMAMBAIA;SAMAMBAIA;60220;2021;3;66;109000;143008.17;200;300;100;3
462070;QS-SAMAMBAIA;SAMAMBAIA;60220;2021;3;67;109000;143008.17;200;300;100;2
462071;QS-SAMAMBAIA;SAMAMBAIA;60220;2021;3;68;109000;135050;200;300;100;3
466677;QS-SAMAMBAIA;SAMAMBAIA;60220;2021;3;69;66400;102513.13;200;300;100;4
466678;QS-SAMAMBAIA;SAMAMBAIA;60220;2021;3;70;66400;102513.13;200;300;100;5
466679;QS-SAMAMBAIA;SAMAMBAIA;60220;2021;3;71;66400;102513.13;200;300;100;7
244531;QS-SAMAMBAIA;SAMAMBAIA;60220;2021;3;72;89500;94000.1;300;450;150;1
82317;QI-SAMAMBAIA;SAMAMBAIA;60227;2021;3;74;117000;125027.99;200;200;100;2
82318;QI-SAMAMBAIA;SAMAMBAIA;60227;2021;3;75;117000;120000;200;200;100;1
209391;BAIRRO AGUAS CLARAS;TAGUATINGA;60219;2021;4;1;800000;919900;408;816;408;2
65278;SETOR P NORTE-ENTREQUADRA                    ;CEILANDIA;60216;2021;4;5;65700;75570;90;180;45;2
154118;SETOR O NORTE-QUADRA RESIDENCIAL             ;CEILANDIA;60219;2021;4;10;353000;354000;756;1134;378;1
493149;SETOR DE DESENVOLVIMENTO ECONOMICO CENTRO NORTE;CEILANDIA;60224;2021;4;14;185000;252000;600;600;300;4
213040;SETOR DE MATERIAL DE CONSTRUCAO              ;CEILANDIA;60225;2021;4;15;291000;438855;2100;2100;1050;4
213203;SETOR DE MATERIAL DE CONSTRUCAO              ;CEILANDIA;60225;2021;4;16;256000;431800;1800;1800;900;1
594217;SETOR RESID INDUSTRIA E ABASTECIMENTO        ;GUARA;60214;2021;4;17;225000;370000;345.6;345.6;144;13
594227;SETOR RESID INDUSTRIA E ABASTECIMENTO        ;GUARA;60214;2021;4;18;225000;375750;345.6;345.6;144;14
594674;SETOR RESID INDUSTRIA E ABASTECIMENTO        ;GUARA;60214;2021;4;19;274000;415200;427.944;427.944;178.31;9
594759;SETOR RESID INDUSTRIA E ABASTECIMENTO        ;GUARA;60214;2021;4;20;238000;361000;366.552;366.552;152.73;10
594840;SETOR RESID INDUSTRIA E ABASTECIMENTO        ;GUARA;60215;2021;4;21;225000;401999;345.6;345.6;144;11
559731;SETOR HABITACIONAL JARDIM BOTANICO;SAO SEBASTIAO;60214;2021;4;23;422000;633339;1223.64;1223.64;815.76;21
559278;SETOR HABITACIONAL JARDIM BOTANICO;SAO SEBASTIAO;60214;2021;4;24;498000;628300;1365.255;1365.255;910.17;6
559302;SETOR HABITACIONAL JARDIM BOTANICO;SAO SEBASTIAO;60214;2021;4;25;485000;751100;1323.27;1323.27;882.18;18
558888;SETOR HABITACIONAL JARDIM BOTANICO;SAO SEBASTIAO;60221;2021;4;26;1770000;2010000;3600;3600;1000;1
558869;SETOR HABITACIONAL JARDIM BOTANICO;SAO SEBASTIAO;60221;2021;4;28;496000;525910.99;600;600;400;3
510067;SETOR HABITACIONAL TAQUARI;LAGO NORTE;60211;2021;4;29;507000;677000;696.464;696.464;870.58;3
510089;SETOR HABITACIONAL TAQUARI;LAGO NORTE;60211;2021;4;30;574000;575000;823.4;823.4;1029.25;1
510289;SETOR HABITACIONAL TAQUARI;LAGO NORTE;60211;2021;4;31;477000;582000;636.4;636.4;795.5;6
206401;SETOR INDUSTRIAL BERNARDO SAYAO              ;NUCLEO BANDEIRANTE;60224;2021;4;32;1350000;1691000;2100;2100;1000;3
803164;HABITACIONAL RIACHO FUNDO II;RIACHO FUNDO II;60217;2021;4;35;490000;571975;630;1350;450;2
803185;HABITACIONAL RIACHO FUNDO II;RIACHO FUNDO II;60217;2021;4;39;490000;550000;630;1350;450;1
819065;HABITACIONAL RIACHO FUNDO II;RIACHO FUNDO II;60217;2021;4;41;122000;155000;127.4;273;91;3
819066;HABITACIONAL RIACHO FUNDO II;RIACHO FUNDO II;60217;2021;4;42;122000;140000;127.4;273;91;1
819068;HABITACIONAL RIACHO FUNDO II;RIACHO FUNDO II;60217;2021;4;44;122000;123550;127.4;273;91;2
819141;HABITACIONAL RIACHO FUNDO II;RIACHO FUNDO II;60217;2021;4;48;122000;122000;127.4;273;91;2
819143;HABITACIONAL RIACHO FUNDO II;RIACHO FUNDO II;60217;2021;4;50;122000;160001.99;127.4;273;91;4
819144;HABITACIONAL RIACHO FUNDO II;RIACHO FUNDO II;60217;2021;4;51;122000;147300;127.4;273;91;2
819145;HABITACIONAL RIACHO FUNDO II;RIACHO FUNDO II;60217;2021;4;52;122000;143000;127.4;273;91;2
819146;HABITACIONAL RIACHO FUNDO II;RIACHO FUNDO II;60217;2021;4;53;122000;143000;127.4;273;91;1
819147;HABITACIONAL RIACHO FUNDO II;RIACHO FUNDO II;60217;2021;4;54;122000;171000;127.4;273;91;3
809378;HABITACIONAL RIACHO FUNDO II;RIACHO FUNDO II;60222;2021;4;59;63000;71000.09;72.562;103.66;51.83;3
818815;HABITACIONAL RIACHO FUNDO II;RIACHO FUNDO II;60224;2021;4;62;952000;1001095.87;1599.5;1599.5;1142.5;1
590565;ADE OESTE - EXPANSÃO RESIDENCIAL OESTE DE SAMAMBAIA;SAMAMBAIA;60215;2021;4;63;70800;123800;256.14;256.14;128.07;1
590568;ADE OESTE - EXPANSÃO RESIDENCIAL OESTE DE SAMAMBAIA;SAMAMBAIA;60215;2021;4;66;68900;128950.08;247.14;247.14;123.57;3
166190;QS-SAMAMBAIA;SAMAMBAIA;60217;2021;4;67;143000;201223;200;350;100;4
167535;QS-SAMAMBAIA;SAMAMBAIA;60217;2021;4;68;143000;172035;200;350;100;3
194275;QS-SAMAMBAIA;SAMAMBAIA;60217;2021;4;69;143000;153000;200;350;100;1
194253;QS-SAMAMBAIA;SAMAMBAIA;60219;2021;4;75;133000;150556.25;200;300;100;2
80680;QS-SAMAMBAIA;SAMAMBAIA;60219;2021;4;81;109000;130440;200;300;100;3
243916;QN-SAMAMBAIA;SAMAMBAIA;60220;2021;4;82;66400;86320.1;200;300;100;1
243917;QN-SAMAMBAIA;SAMAMBAIA;60220;2021;4;83;66400;86320.1;200;300;100;1
243919;QN-SAMAMBAIA;SAMAMBAIA;60220;2021;4;85;66400;86320;200;300;100;1
243920;QN-SAMAMBAIA;SAMAMBAIA;60220;2021;4;86;66400;86320;200;300;100;2
462784;QS-SAMAMBAIA;SAMAMBAIA;60220;2021;4;87;109000;153600;200;300;100;4
525077;AREA DE DESENVOLVIMENTO ECONOMICO SUL;SAMAMBAIA;60227;2021;4;88;113000;123000;300;300;150;2
244149;QR-SAMAMBAIA;SAMAMBAIA;60230;2021;4;89;2220000;2713100;225;225;900;2
810435;BAIRRO SÃO BARTOLOMEU;SAO SEBASTIAO;60217;2021;4;93;352000;402034.34;840.516;916.926;305.642;4
810436;BAIRRO SÃO BARTOLOMEU;SAO SEBASTIAO;60217;2021;4;94;352000;365000;839.548;915.87;305.29;2
169099;BAIRRO AGUAS CLARAS-QS;TAGUATINGA;60217;2021;6;1;7410000;10117000;8561.3;16266.47;4280.65;1
169131;BAIRRO AGUAS CLARAS-QS;TAGUATINGA;60219;2021;6;2;3790000;4103000;7440;7440;3720;1
169133;BAIRRO AGUAS CLARAS-QS;TAGUATINGA;60219;2021;6;3;3760000;4103000;7376;7376;3688;1
475194;AREA DES/ECONOMICO-AGUAS CLARAS;TAGUATINGA;60227;2021;6;4;305000;371501.99;520;520;260;5
58166;SETOR DE RESIDENCIAS ECONOMICAS SUL          ;BRASILIA;1641;2021;6;5;1430000;1509990;1200;1200;1000;1
807024;SHCNW-SETOR DE HABITAÇÕES COLETIVAS NOROESTE;BRASILIA;60033;2021;6;8;7980000;8179500;2635.36;2635.36;728;2
807025;SHCNW-SETOR DE HABITAÇÕES COLETIVAS NOROESTE;BRASILIA;60033;2021;6;9;7270000;7450000;2766.4;2766.4;728;1
531201;SETOR R NORTE-CNR;CEILANDIA;60215;2021;6;10;36800;42000;132;132;55;2
55065;SETOR M NORTE-ENTREQUADRA                    ;CEILANDIA;60216;2021;6;11;83200;161101.01;100;200;50;4
63991;SETOR N NORTE-ENTREQUADRA                    ;CEILANDIA;60216;2021;6;12;82600;131101.01;100;200;50;3
595870;SETOR RESID INDUSTRIA E ABASTECIMENTO        ;GUARA;60221;2021;6;19;1440000;2110000;2700;3600;900;4
559171;SETOR HABITACIONAL JARDIM BOTANICO;SAO SEBASTIAO;60214;2021;6;20;719000;832028.59;1751.97;1751.97;1167.98;1
559181;SETOR HABITACIONAL JARDIM BOTANICO;SAO SEBASTIAO;60214;2021;6;21;515000;810000;1200;1200;800;8
559192;SETOR HABITACIONAL JARDIM BOTANICO;SAO SEBASTIAO;60214;2021;6;22;596000;728999.99;1423.08;1423.08;948.72;8
559276;SETOR HABITACIONAL JARDIM BOTANICO;SAO SEBASTIAO;60214;2021;6;23;484000;677600;1320;1320;880;8
510919;SETOR HABITACIONAL TAQUARI;LAGO NORTE;60211;2021;6;24;1181970;1350000;1575.232;1575.232;1969.04;3
242361;RECANTO DAS EMAS;RECANTO DAS EMAS;60216;2021;6;26;186000;190550;418.95;465.5;232.75;1
245135;RECANTO DAS EMAS;RECANTO DAS EMAS;60217;2021;6;27;108000;109000;220.878;282.233;122.71;1
245136;RECANTO DAS EMAS;RECANTO DAS EMAS;60217;2021;6;28;80700;81700;161.244;206.034;89.58;1
245140;RECANTO DAS EMAS;RECANTO DAS EMAS;60217;2021;6;29;51800;58700;100.332;128.202;55.74;1
245141;RECANTO DAS EMAS;RECANTO DAS EMAS;60217;2021;6;30;51000;68000;98.64;126.04;54.8;1
242052;SETOR HOSPITALAR;RECANTO DAS EMAS;60217;2021;6;32;267000;275000;508.428;649.658;282.46;1
242053;SETOR HOSPITALAR;RECANTO DAS EMAS;60217;2021;6;33;267000;275000;508.428;649.658;282.46;1
472984;AREA DE DESENVOLVIMENTO ECONOMICO;RECANTO DAS EMAS;60227;2021;6;34;144000;145000;463.36;463.36;115.84;2
240408;QR-SAMAMBAIA;SAMAMBAIA;60213;2021;6;40;485000;503111.11;1800;3150;900;2
564969;CENTRO URBANO;SAMAMBAIA;60217;2021;6;41;29200000;35069200;32911;74049.75;16455.5;2
508318;CENTRO URBANO;SAMAMBAIA;60217;2021;6;42;6860000;6902000;8497.26;14870.205;4248.63;1
81085;QS-SAMAMBAIA;SAMAMBAIA;60217;2021;6;43;1570000;1733010;2993;5088.1;1496.5;2
240409;QR-SAMAMBAIA;SAMAMBAIA;60218;2021;6;44;450000;493110;1800;2700;900;1
240422;QN-SAMAMBAIA;SAMAMBAIA;60219;2021;6;48;377000;452110;1500;2250;750;1
185488;QS-SAMAMBAIA;SAMAMBAIA;60219;2021;6;50;233000;265000;521;781.5;260.5;2
191882;QS-SAMAMBAIA;SAMAMBAIA;60219;2021;6;54;582000;641000;1403.82;2105.73;701.91;1
191885;QS-SAMAMBAIA;SAMAMBAIA;60219;2021;6;55;133000;180000;264.5;396.75;132.25;5
191886;QS-SAMAMBAIA;SAMAMBAIA;60219;2021;6;56;133000;172112;264.5;396.75;132.25;4
193630;QS-SAMAMBAIA;SAMAMBAIA;60219;2021;6;58;133000;191952.01;200;300;100;4
193631;QS-SAMAMBAIA;SAMAMBAIA;60219;2021;6;59;133000;145000;200;300;100;1
457160;QS-SAMAMBAIA;SAMAMBAIA;60220;2021;6;64;209000;240100;800;1200;400;1
465889;QS-SAMAMBAIA;SAMAMBAIA;60220;2021;6;69;66400;110300;300;300;100;7
465890;QS-SAMAMBAIA;SAMAMBAIA;60220;2021;6;70;66400;87300;300;300;100;2
465891;QS-SAMAMBAIA;SAMAMBAIA;60220;2021;6;71;66400;85544;300;300;100;1
244780;QS-SAMAMBAIA;SAMAMBAIA;60220;2021;6;72;89500;95000;300;450;150;1
447177;SANTA MARIA                                  ;SANTA MARIA;60224;2021;6;80;225000;225000;756;1296;540;2
807127;SHCNW-SETOR DE HABITAÇÕES COLETIVAS NOROESTE;BRASILIA;1893;2021;7;1;17300000;22612000;5796;5796;920;2
807128;SHCNW-SETOR DE HABITAÇÕES COLETIVAS NOROESTE;BRASILIA;1893;2021;7;2;17300000;22612000;5796;5796;920;2
807129;SHCNW-SETOR DE HABITAÇÕES COLETIVAS NOROESTE;BRASILIA;1893;2021;7;3;15300000;23112000;5670;5670;900;2
807130;SHCNW-SETOR DE HABITAÇÕES COLETIVAS NOROESTE;BRASILIA;1893;2021;7;4;17300000;27051000;5796;5796;920;5
807133;SHCNW-SETOR DE HABITAÇÕES COLETIVAS NOROESTE;BRASILIA;1893;2021;7;5;17300000;26340000;5796;5796;920;4
807134;SHCNW-SETOR DE HABITAÇÕES COLETIVAS NOROESTE;BRASILIA;1893;2021;7;6;17300000;27340000;5796;5796;920;6
211981;BAIRRO AGUAS CLARAS;TAGUATINGA;60217;2021;8;1;11600000;15151051;8175.396;13625.66;6812.83;4
576092;VILA TELEBRASILIA - SETOR DE CLUBES ESPORTIVOS SUL - SCE/SUL;BRASILIA;289;2021;8;3;163000;254000;100;100;100;3
65203;SETOR P NORTE-ENTREQUADRA                    ;CEILANDIA;60216;2021;8;7;59700;93100;80;160;40;4
156791;SETOR O NORTE-QUADRA RESIDENCIAL             ;CEILANDIA;60219;2021;8;13;342000;350000;731;1096.5;365.5;1
559549;SETOR HABITACIONAL JARDIM BOTANICO;SAO SEBASTIAO;60214;2021;8;15;606000;909000;1800;1800;1200;10
807384;PARANOÁ PARQUE;PARANOA;60221;2021;8;20;725000;739000;1360.919;2449.654;1360.919;1
807385;PARANOÁ PARQUE;PARANOA;60221;2021;8;21;643000;659000;1181.831;2127.296;1181.831;1
597639;EXPANSÃO DO SETOR RESIDENCIAL LESTE;PLANALTINA;60216;2021;8;24;75100;90000;200;200;100;1
808980;HABITACIONAL RIACHO FUNDO II;RIACHO FUNDO II;60217;2021;8;25;358000;393500;440.51;943.95;314.65;1
808981;HABITACIONAL RIACHO FUNDO II;RIACHO FUNDO II;60217;2021;8;26;358000;401025;440.776;944.52;314.84;1
808982;HABITACIONAL RIACHO FUNDO II;RIACHO FUNDO II;60217;2021;8;27;361000;453100;445.228;954.06;318.02;1
808983;HABITACIONAL RIACHO FUNDO II;RIACHO FUNDO II;60217;2021;8;28;358000;485000;440.566;944.07;314.69;2
808984;HABITACIONAL RIACHO FUNDO II;RIACHO FUNDO II;60217;2021;8;29;358000;512660;440.188;943.26;314.42;5
808985;HABITACIONAL RIACHO FUNDO II;RIACHO FUNDO II;60217;2021;8;30;358000;516660;440.944;944.88;314.96;4
809164;HABITACIONAL RIACHO FUNDO II;RIACHO FUNDO II;60222;2021;8;31;87500;161000;105.686;150.98;75.49;5
71724;QS-SAMAMBAIA;SAMAMBAIA;60213;2021;8;41;971000;1262100;1800;3150;900;4
564939;CENTRO URBANO;SAMAMBAIA;60217;2021;8;42;9050000;9101000;10566.62;21133.24;5283.31;1
187321;QS-SAMAMBAIA;SAMAMBAIA;60217;2021;8;49;143000;160500;200;350;100;1
82054;QS-SAMAMBAIA;SAMAMBAIA;60217;2021;8;51;1180000;1510000;2226.8;3785.56;1113.4;1
167569;QN-SAMAMBAIA;SAMAMBAIA;60219;2021;8;53;133000;137000;200;300;100;5
188102;QS-SAMAMBAIA;SAMAMBAIA;60219;2021;8;57;133000;133000;200;300;100;1
81068;QS-SAMAMBAIA;SAMAMBAIA;60219;2021;8;66;851000;851100;1700;2550;850;1
81073;QS-SAMAMBAIA;SAMAMBAIA;60219;2021;8;67;179000;259770;300;450;150;1
81076;QS-SAMAMBAIA;SAMAMBAIA;60219;2021;8;68;179000;190000;300;450;150;2
81079;QS-SAMAMBAIA;SAMAMBAIA;60219;2021;8;70;179000;179500;300;450;150;1
458317;QN-SAMAMBAIA;SAMAMBAIA;60220;2021;8;72;109000;126000;200;300;100;1
458335;QN-SAMAMBAIA;SAMAMBAIA;60220;2021;8;78;109000;111000;200;300;100;1
463835;QS-SAMAMBAIA;SAMAMBAIA;60220;2021;8;80;109000;126002;200;300;100;1
463839;QS-SAMAMBAIA;SAMAMBAIA;60220;2021;8;84;109000;160000;200;300;100;2
463843;QS-SAMAMBAIA;SAMAMBAIA;60220;2021;8;85;374000;394759.99;875;1312.5;437.5;1
468247;QS-SAMAMBAIA;SAMAMBAIA;60220;2021;8;88;109000;130600;200;300;100;1
810437;BAIRRO SÃO BARTOLOMEU;SAO SEBASTIAO;60217;2021;8;103;381000;400000;836.198;912.216;304.072;3
75120;SETOR DE HABITACOES INDIVIDUAIS SUL          ;BRASILIA;60222;2021;9;1;1680000;1751100;882;882;294;1
75094;SETOR DE HABITACOES INDIVIDUAIS SUL          ;BRASILIA;60228;2021;9;2;6470000;6501000;3430;3430;4900;1
510211;SETOR HABITACIONAL TAQUARI;LAGO NORTE;60211;2021;9;15;1250000;1300100;1920;1920;2400;1
807332;PARANOÁ PARQUE;PARANOA;60221;2021;9;18;852000;855100;1798.629;3237.532;1798.629;1
807343;PARANOÁ PARQUE;PARANOA;60221;2021;9;20;807000;807500;1663.004;2993.407;1663.004;1
242130;RECANTO DAS EMAS;RECANTO DAS EMAS;60216;2021;9;29;96900;99000;181.422;201.58;100.79;1
242131;RECANTO DAS EMAS;RECANTO DAS EMAS;60216;2021;9;30;101000;103000;189.756;210.84;105.42;1
242132;RECANTO DAS EMAS;RECANTO DAS EMAS;60216;2021;9;31;97200;120000;181.908;202.12;101.06;2
515150;RECANTO DAS EMAS;RECANTO DAS EMAS;60216;2021;9;33;725000;725100;2060.28;2289.2;1144.6;1
472561;AREA DE DESENVOLVIMENTO ECONOMICO;RECANTO DAS EMAS;60227;2021;9;36;311000;350000;1060;1060;265;1
803231;HABITACIONAL RIACHO FUNDO II;RIACHO FUNDO II;60217;2021;9;37;418000;536600;525;1125;375;2
819079;HABITACIONAL RIACHO FUNDO II;RIACHO FUNDO II;60217;2021;9;38;122000;147100;127.4;273;91;3
819080;HABITACIONAL RIACHO FUNDO II;RIACHO FUNDO II;60217;2021;9;39;122000;122500;127.4;273;91;1
819081;HABITACIONAL RIACHO FUNDO II;RIACHO FUNDO II;60217;2021;9;40;122000;151100;127.4;273;91;2
803187;HABITACIONAL RIACHO FUNDO II;RIACHO FUNDO II;60223;2021;9;41;2250000;2861000;3796.422;6779.325;2711.73;2
508326;CENTRO URBANO;SAMAMBAIA;60217;2021;9;43;10200000;10580000;11943.94;23887.88;5971.97;2
192987;QS-SAMAMBAIA;SAMAMBAIA;60217;2021;9;44;143000;160000;200;350;100;1
192988;QS-SAMAMBAIA;SAMAMBAIA;60217;2021;9;45;143000;160000;200;350;100;1
240104;QS-SAMAMBAIA;SAMAMBAIA;60218;2021;9;55;44100;50000;100;140;50;1
240105;QS-SAMAMBAIA;SAMAMBAIA;60218;2021;9;56;44100;44100;100;140;50;1
460285;QN-SAMAMBAIA;SAMAMBAIA;60219;2021;9;63;1360000;1414400;3347;5020.5;1673.5;1
242763;QN-SAMAMBAIA;SAMAMBAIA;60219;2021;9;64;391000;640000;1548.75;2323.125;774.375;3
185156;QS-SAMAMBAIA;SAMAMBAIA;60219;2021;9;66;143000;181515.17;289;433.5;144.5;1
465876;QS-SAMAMBAIA;SAMAMBAIA;60219;2021;9;68;140000;180000;512.5;768.75;256.25;4
458553;QN-SAMAMBAIA;SAMAMBAIA;60220;2021;9;72;109000;109401;200;300;100;1
458557;QN-SAMAMBAIA;SAMAMBAIA;60220;2021;9;74;109000;130000;200;300;100;1
242733;QN-SAMAMBAIA;SAMAMBAIA;60220;2021;9;75;66600;71500;200;300;100;1
242738;QN-SAMAMBAIA;SAMAMBAIA;60220;2021;9;78;66600;82900;300;300;100;2
567662;QR-SAMAMBAIA;SAMAMBAIA;60220;2021;9;79;386000;465000;904.62;1356.93;452.31;1
567663;QR-SAMAMBAIA;SAMAMBAIA;60220;2021;9;80;386000;465000;904.42;1356.63;452.21;1
185496;QS-SAMAMBAIA;SAMAMBAIA;60220;2021;9;81;109000;120000;200;300;100;1
192591;QS-SAMAMBAIA;SAMAMBAIA;60220;2021;9;83;308000;350101;708.76;1063.14;354.38;3
462772;QS-SAMAMBAIA;SAMAMBAIA;60220;2021;9;85;109000;109430;200;300;100;1
464371;QS-SAMAMBAIA;SAMAMBAIA;60220;2021;9;89;109000;110000;200;300;100;1
240686;EXPANSAO ECONOMICA                           ;SOBRADINHO;60224;2021;9;91;460000;787659.87;742.5;990;990;7
212466;BAIRRO AGUAS CLARAS;TAGUATINGA;60217;2021;11;1;9250000;13025000;8500;11900;1700;3
807028;SHCNW-SETOR DE HABITAÇÕES COLETIVAS NOROESTE;BRASILIA;60033;2021;11;5;7870000;8103300;2635.36;2635.36;728;2
508590;SETOR DE INDUSTRIA E ABASTECIMENTO           ;BRASILIA;60223;2021;11;12;16651000;18101000;7908.68;7908.68;7908.68;1
155139;SETOR O NORTE-QUADRA RESIDENCIAL             ;CEILANDIA;60219;2021;11;14;352000;482600;756;1134;378;1
595874;SETOR RESID INDUSTRIA E ABASTECIMENTO        ;GUARA;60222;2021;11;19;1440000;1710000;2700;3600;900;1
510294;SETOR HABITACIONAL TAQUARI;LAGO NORTE;60211;2021;11;21;679000;805700;879.144;879.144;1098.93;7
809751;HABITACIONAL RIACHO FUNDO II;RIACHO FUNDO II;60217;2021;11;25;566000;748300;740.88;1587.6;529.2;1
819067;HABITACIONAL RIACHO FUNDO II;RIACHO FUNDO II;60217;2021;11;30;122000;169920;127.4;273;91;3
819069;HABITACIONAL RIACHO FUNDO II;RIACHO FUNDO II;60217;2021;11;31;122000;163920;127.4;273;91;2
564896;CENTRO URBANO;SAMAMBAIA;60217;2021;11;46;538000;640900;983.88;983.88;327.96;2
564897;CENTRO URBANO;SAMAMBAIA;60217;2021;11;47;515000;18320000;937.5;937.5;312.5;1
564898;CENTRO URBANO;SAMAMBAIA;60217;2021;11;47;515000;18320000;937.5;937.5;312.5;1
564899;CENTRO URBANO;SAMAMBAIA;60217;2021;11;47;515000;18320000;937.5;937.5;312.5;1
564900;CENTRO URBANO;SAMAMBAIA;60217;2021;11;47;515000;18320000;937.5;937.5;312.5;1
564901;CENTRO URBANO;SAMAMBAIA;60217;2021;11;47;515000;18320000;937.5;937.5;312.5;1
564902;CENTRO URBANO;SAMAMBAIA;60217;2021;11;47;515000;18320000;937.5;937.5;312.5;1
564903;CENTRO URBANO;SAMAMBAIA;60217;2021;11;47;515000;18320000;937.5;937.5;312.5;1
564904;CENTRO URBANO;SAMAMBAIA;60217;2021;11;47;515000;18320000;937.5;937.5;312.5;1
564905;CENTRO URBANO;SAMAMBAIA;60217;2021;11;47;515000;18320000;937.5;937.5;312.5;1
564906;CENTRO URBANO;SAMAMBAIA;60217;2021;11;47;515000;18320000;937.5;937.5;312.5;1
564907;CENTRO URBANO;SAMAMBAIA;60217;2021;11;47;537000;18320000;983.64;983.64;327.88;1
564908;CENTRO URBANO;SAMAMBAIA;60217;2021;11;47;537000;18320000;983.64;983.64;327.88;1
564909;CENTRO URBANO;SAMAMBAIA;60217;2021;11;47;537000;18320000;983.64;983.64;327.88;1
564910;CENTRO URBANO;SAMAMBAIA;60217;2021;11;47;537000;18320000;983.64;983.64;327.88;1
564911;CENTRO URBANO;SAMAMBAIA;60217;2021;11;47;537000;18320000;983.64;983.64;327.88;1
564912;CENTRO URBANO;SAMAMBAIA;60217;2021;11;47;490000;18320000;886.83;886.83;295.61;1
564913;CENTRO URBANO;SAMAMBAIA;60217;2021;11;47;2010000;18320000;4262.37;4262.37;1217.82;1
564914;CENTRO URBANO;SAMAMBAIA;60217;2021;11;47;2000000;18320000;4251.205;4251.205;1214.63;1
564915;CENTRO URBANO;SAMAMBAIA;60217;2021;11;47;2000000;18320000;4239.41;4239.41;1211.26;1
564916;CENTRO URBANO;SAMAMBAIA;60217;2021;11;47;1990000;18320000;4228.28;4228.28;1208.08;1
564917;CENTRO URBANO;SAMAMBAIA;60217;2021;11;47;1990000;18320000;4217.78;4217.78;1205.08;1
508347;CENTRO URBANO;SAMAMBAIA;60217;2021;11;48;1660000;2500000;2000;3500;1000;4
185916;QN-SAMAMBAIA;SAMAMBAIA;60217;2021;11;49;159000;216600.6;300;525;150;6
187689;QN-SAMAMBAIA;SAMAMBAIA;60217;2021;11;50;143000;207350;200;350;100;5
168372;QN-SAMAMBAIA;SAMAMBAIA;60218;2021;11;59;128000;128000;200;280;100;2
75559;QN-SAMAMBAIA;SAMAMBAIA;60219;2021;11;62;109000;141600;200;300;100;4
238976;QN-SAMAMBAIA;SAMAMBAIA;60219;2021;11;63;75300;82000;100;150;50;1
238977;QN-SAMAMBAIA;SAMAMBAIA;60219;2021;11;64;75300;80000;100;150;50;1
87503;QR-SAMAMBAIA;SAMAMBAIA;60219;2021;11;71;91200;97000;100;150;50;1
87504;QR-SAMAMBAIA;SAMAMBAIA;60219;2021;11;72;91200;91200;100;150;50;2
244414;QS-SAMAMBAIA;SAMAMBAIA;60219;2021;11;77;66600;72000;200;300;100;1
457883;QN-SAMAMBAIA;SAMAMBAIA;60220;2021;11;87;109000;120050;200;300;100;1
458305;QN-SAMAMBAIA;SAMAMBAIA;60220;2021;11;88;91300;115000.32;150;225;75;2
458793;QN-SAMAMBAIA;SAMAMBAIA;60220;2021;11;91;66600;150000;200;300;100;5
462352;QS-SAMAMBAIA;SAMAMBAIA;60220;2021;11;93;148000;211330;300;450;150;3
462354;QS-SAMAMBAIA;SAMAMBAIA;60220;2021;11;94;148000;195500;300;450;150;1
465895;QS-SAMAMBAIA;SAMAMBAIA;60220;2021;11;95;162000;224500;600;900;300;2
465896;QS-SAMAMBAIA;SAMAMBAIA;60220;2021;11;96;162000;162000;600;900;300;1
244786;QS-SAMAMBAIA;SAMAMBAIA;60220;2021;11;97;89800;157800;300;450;150;1
524921;AREA DE DESENVOLVIMENTO ECONOMICO SUL;SAMAMBAIA;60227;2021;11;98;87000;88000;210;210;105;1
524922;AREA DE DESENVOLVIMENTO ECONOMICO SUL;SAMAMBAIA;60227;2021;11;99;87000;88000;210;210;105;1
593726;POLO DESENV/ECONOMICO JUSCELINO KUBITSCHEK INDUSTRIA COMERCIO DE APOIO;SANTA MARIA;60225;2021;11;103;2960000;2960000;5000;16000;5000;1
169108;BAIRRO AGUAS CLARAS-QS;TAGUATINGA;60219;2021;12;1;2590000;3081099.58;5000;5000;2500;2
472708;BAIRRO AGUAS CLARAS-QS;TAGUATINGA;60225;2021;12;4;480000;480000;1000;1000;500;1
807183;SHCNW-SETOR DE HABITAÇÕES COLETIVAS NOROESTE;BRASILIA;60033;2021;12;8;7650000;7804000;2964;2964;780;1
807184;SHCNW-SETOR DE HABITAÇÕES COLETIVAS NOROESTE;BRASILIA;60033;2021;12;9;7650000;7804000;2964;2964;780;1
807185;SHCNW-SETOR DE HABITAÇÕES COLETIVAS NOROESTE;BRASILIA;60033;2021;12;10;8230000;8313000;2831.4;2831.4;780;1
67388;SETOR DE HABITACOES INDIVIDUAIS SUL          ;BRASILIA;60211;2021;12;11;2400000;3101000;1086.4;1086.4;776;2
64359;SETOR O NORTE                                ;CEILANDIA;60217;2021;12;20;3070000;4129777.77;10200;15300;5100;2
806592;SETOR HABITACIONAL SOL NASCENTE TRECHO 01 ETAPA I;CEILANDIA;60219;2021;12;21;52300;165100;370.74;370.74;185.37;10
531073;SETOR R NORTE - QNR;CEILANDIA;60221;2021;12;23;34100;50000;88;88;44;1
531074;SETOR R NORTE - QNR;CEILANDIA;60221;2021;12;24;34100;50000;88;88;44;2
559251;SETOR HABITACIONAL JARDIM BOTANICO;SAO SEBASTIAO;60214;2021;12;31;468000;765999;1200;1200;800;20
599088;SETOR RESIDENCIAL LESTE (SRL);PLANALTINA;60216;2021;12;32;29300;35301.99;82.5;82.5;41.25;1
599089;SETOR RESIDENCIAL LESTE (SRL);PLANALTINA;60216;2021;12;33;35500;35500;100;100;50;1
599090;SETOR RESIDENCIAL LESTE (SRL);PLANALTINA;60216;2021;12;34;35500;35500;100;100;50;1
599091;SETOR RESIDENCIAL LESTE (SRL);PLANALTINA;60216;2021;12;35;35500;35800;100;100;50;2
599092;SETOR RESIDENCIAL LESTE (SRL);PLANALTINA;60216;2021;12;36;35500;36155;100;100;50;1
529041;RECANTO DAS EMAS;RECANTO DAS EMAS;60217;2021;12;37;77700;80100;177.984;227.424;98.88;1
529020;RECANTO DAS EMAS;RECANTO DAS EMAS;60217;2021;12;40;236000;301020;526.338;672.543;292.41;3
803212;HABITACIONAL RIACHO FUNDO II;RIACHO FUNDO II;60217;2021;12;41;418000;470830.9;525;1125;375;2
803223;HABITACIONAL RIACHO FUNDO II;RIACHO FUNDO II;60217;2021;12;43;490000;581000;630;1350;450;1
809182;HABITACIONAL RIACHO FUNDO II;RIACHO FUNDO II;60217;2021;12;44;357000;541000;439.11;940.95;313.65;4
809184;HABITACIONAL RIACHO FUNDO II;RIACHO FUNDO II;60217;2021;12;45;356000;512880;437.36;937.2;312.4;3
819142;HABITACIONAL RIACHO FUNDO II;RIACHO FUNDO II;60217;2021;12;46;122000;162500;127.4;273;91;6
819148;HABITACIONAL RIACHO FUNDO II;RIACHO FUNDO II;60217;2021;12;47;122000;162100;127.4;273;91;4
819149;HABITACIONAL RIACHO FUNDO II;RIACHO FUNDO II;60217;2021;12;48;122000;162100;127.4;273;91;4
819150;HABITACIONAL RIACHO FUNDO II;RIACHO FUNDO II;60217;2021;12;49;122000;162100;127.4;273;91;2
819151;HABITACIONAL RIACHO FUNDO II;RIACHO FUNDO II;60217;2021;12;50;122000;163000;127.4;273;91;4
819152;HABITACIONAL RIACHO FUNDO II;RIACHO FUNDO II;60217;2021;12;51;122000;156600;127.4;273;91;2
819153;HABITACIONAL RIACHO FUNDO II;RIACHO FUNDO II;60217;2021;12;52;122000;153360;127.4;273;91;2
819154;HABITACIONAL RIACHO FUNDO II;RIACHO FUNDO II;60217;2021;12;53;122000;161000;127.4;273;91;3
239834;QN-SAMAMBAIA;SAMAMBAIA;60219;2021;12;63;75300;90000.01;100;150;50;1
243334;QS-SAMAMBAIA;SAMAMBAIA;60219;2021;12;69;66600;72000;200;300;100;2
243335;QS-SAMAMBAIA;SAMAMBAIA;60219;2021;12;70;66600;67200;200;300;100;1
243336;QS-SAMAMBAIA;SAMAMBAIA;60219;2021;12;71;66600;68600;200;300;100;1
243337;QS-SAMAMBAIA;SAMAMBAIA;60219;2021;12;72;66600;68790;200;300;100;1
80682;QS-SAMAMBAIA;SAMAMBAIA;60219;2021;12;73;187000;215800;400;600;200;3
243927;QN-SAMAMBAIA;SAMAMBAIA;60220;2021;12;78;89800;100190;300;450;150;2
187354;QN-SAMAMBAIA;SAMAMBAIA;60220;2021;12;80;438000;501000.3;1035;1552.5;517.5;3
187355;QN-SAMAMBAIA;SAMAMBAIA;60220;2021;12;81;438000;492300;1035;1552.5;517.5;1
187356;QN-SAMAMBAIA;SAMAMBAIA;60220;2021;12;82;438000;485300;1035;1552.5;517.5;1
192589;QS-SAMAMBAIA;SAMAMBAIA;60220;2021;12;83;287000;317400;655.78;983.67;327.89;2
460828;QS-SAMAMBAIA;SAMAMBAIA;60220;2021;12;85;1050000;1148670.56;2568.96;3853.44;1284.48;1
82267;QI-SAMAMBAIA;SAMAMBAIA;60227;2021;12;87;150030;171000;200;200;100;2
246020;SANTA MARIA                                  ;SANTA MARIA;60223;2021;12;89;2076500;8685973.09;2100;3000;1500;2
246021;SANTA MARIA                                  ;SANTA MARIA;60223;2021;12;89;2076500;8685973.09;2100;3000;1500;2
246022;SANTA MARIA                                  ;SANTA MARIA;60223;2021;12;89;2076500;8685973.09;2100;3000;1500;2
246019;SANTA MARIA                                  ;SANTA MARIA;60223;2021;12;89;2076500;8685973.09;2100;3000;1500;2
593811;POLO DESENV/ECONOMICO JUSCELINO KUBITSCHEK INDUSTRIA COMERCIO DE APOIO;SANTA MARIA;60225;2021;12;91;23700000;24000003.5;75471.5;181131.6;75471.5;1
810380;BAIRRO SÃO BARTOLOMEU;SAO SEBASTIAO;60217;2021;12;92;447000;510000;985.265;1074.834;358.278;2
810381;BAIRRO SÃO BARTOLOMEU;SAO SEBASTIAO;60217;2021;12;93;405000;460000;890.717;971.691;323.897;3
810382;BAIRRO SÃO BARTOLOMEU;SAO SEBASTIAO;60217;2021;12;94;344000;365000;755.238;823.896;274.632;1
212103;BAIRRO AGUAS CLARAS;TAGUATINGA;60213;2021;13;1;6210000;6401000.5;4356;7260;2904;1
212468;BAIRRO AGUAS CLARAS;TAGUATINGA;60217;2021;13;2;9250000;13552000;8500;11900;1700;4
807098;SHCNW-SETOR DE HABITAÇÕES COLETIVAS NOROESTE;BRASILIA;1893;2021;13;4;17700000;30652000;5796;5796;920;5
589651;SHCNW-SETOR DE HABITAÇÕES COLETIVAS NOROESTE;BRASILIA;1893;2021;13;5;19000000;31652000;6300;6300;1000;4
589701;SHCNW-SETOR DE HABITAÇÕES COLETIVAS NOROESTE;BRASILIA;1893;2021;13;6;19000000;27652000;6300;6300;1000;5
64998;SETOR P NORTE-ENTREQUADRA                    ;CEILANDIA;60216;2021;13;11;59700;100000;80;160;40;3
65001;SETOR P NORTE-ENTREQUADRA                    ;CEILANDIA;60216;2021;13;12;59700;66100;80;160;40;4
154088;SETOR O NORTE-QUADRA RESIDENCIAL             ;CEILANDIA;60219;2021;13;15;352000;379000;756;1134;378;1
594091;SETOR RESID INDUSTRIA E ABASTECIMENTO        ;GUARA;60214;2021;13;20;323000;381000;487.488;487.488;203.12;3
594092;SETOR RESID INDUSTRIA E ABASTECIMENTO        ;GUARA;60214;2021;13;21;216000;331000;313.704;313.704;130.71;5
594088;SETOR RESID INDUSTRIA E ABASTECIMENTO        ;GUARA;60220;2021;13;23;211000;310999.99;306.096;306.096;127.54;10
594089;SETOR RESID INDUSTRIA E ABASTECIMENTO        ;GUARA;60220;2021;13;24;211000;270000;306.024;306.024;127.51;6
594090;SETOR RESID INDUSTRIA E ABASTECIMENTO        ;GUARA;60220;2021;13;25;330000;413000;498.552;498.552;207.73;6
822231;SETOR DE AREAS ISOLADAS SUDOESTE;GUARA;60299;2021;13;33;353000000;406670000;328168;328168;164084;2
242294;RECANTO DAS EMAS;RECANTO DAS EMAS;60222;2021;13;36;2860000;2897000;9042.228;12558.65;5023.46;2
472980;AREA DE DESENVOLVIMENTO ECONOMICO;RECANTO DAS EMAS;60227;2021;13;37;137000;137600;463.36;463.36;115.84;1
809181;HABITACIONAL RIACHO FUNDO II;RIACHO FUNDO II;60217;2021;13;38;356000;586600;437.976;938.52;312.84;6
590617;ADE OESTE - EXPANSÃO RESIDENCIAL OESTE DE SAMAMBAIA;SAMAMBAIA;60216;2021;13;42;157000;203100;417.42;834.84;208.71;3
508421;CENTRO URBANO;SAMAMBAIA;60217;2021;13;46;408000;503000;480;720;240;1
508426;CENTRO URBANO;SAMAMBAIA;60217;2021;13;47;408000;419500;720;720;240;1
508427;CENTRO URBANO;SAMAMBAIA;60217;2021;13;48;408000;427500;720;720;240;1
194683;QN-SAMAMBAIA;SAMAMBAIA;60217;2021;13;50;143000;153150;200;350;100;2
75569;QN-SAMAMBAIA;SAMAMBAIA;60217;2021;13;52;118000;181100;200;350;100;13
564826;SUBCENTRO OESTE;SAMAMBAIA;60217;2021;13;56;9250000;9515777.77;23195.06;34792.59;11597.53;1
193668;QN-SAMAMBAIA;SAMAMBAIA;60219;2021;13;57;109000;113309;200;300;100;1
192216;QS-SAMAMBAIA;SAMAMBAIA;60219;2021;13;64;451000;451000;870;1305;435;1
192217;QS-SAMAMBAIA;SAMAMBAIA;60219;2021;13;65;451000;551000;870;1305;435;1
193009;QN-SAMAMBAIA;SAMAMBAIA;60220;2021;13;71;109000;129300;200;300;100;2
193010;QN-SAMAMBAIA;SAMAMBAIA;60220;2021;13;72;109000;124000;200;300;100;1
192597;QS-SAMAMBAIA;SAMAMBAIA;60220;2021;13;79;109000;186000;200;300;100;3
193872;QS-SAMAMBAIA;SAMAMBAIA;60220;2021;13;81;367000;381000;856.46;1284.69;428.23;1
193873;QS-SAMAMBAIA;SAMAMBAIA;60220;2021;13;82;667000;671000;1612.38;2418.57;806.19;1
193874;QS-SAMAMBAIA;SAMAMBAIA;60220;2021;13;83;802000;841000;1952.54;2928.81;976.27;1
239837;QS-SAMAMBAIA;SAMAMBAIA;60220;2021;13;87;75300;123200;100;150;50;3
239838;QS-SAMAMBAIA;SAMAMBAIA;60220;2021;13;88;75300;85350;100;150;50;1
471987;QS-SAMAMBAIA;SAMAMBAIA;60220;2021;13;91;66600;66660;200;300;100;1
471988;QS-SAMAMBAIA;SAMAMBAIA;60220;2021;13;92;66600;68500;200;300;100;2
471990;QS-SAMAMBAIA;SAMAMBAIA;60220;2021;13;93;66600;68100;200;300;100;1
246827;SANTA MARIA                                  ;SANTA MARIA;60217;2021;13;94;324000;324000;210;600;150;1
810770;BAIRRO SÃO BARTOLOMEU;SAO SEBASTIAO;60217;2021;13;97;537000;663904.65;1186.936;1294.839;431.613;1
53930;BAIRRO AGUAS CLARAS-QS;TAGUATINGA;60228;2022;1;1;13800000;41451000;60000;60000;75000;7
508147;SETOR DE HABITACOES INDIVIDUAIS NORTE        ;BRASILIA;60211;2022;1;2;1090000;1220000;1400;1400;1000;6
64350;SETOR O NORTE                                ;CEILANDIA;60217;2022;1;5;1730000;1800000;5100;7650;2550;1
806216;SETOR HABITACIONAL SOL NASCENTE TRECHO 01 ETAPA I;CEILANDIA;60219;2022;1;7;48300;184062.52;286.76;286.76;143.38;12
806217;SETOR HABITACIONAL SOL NASCENTE TRECHO 01 ETAPA I;CEILANDIA;60219;2022;1;8;48400;178952.51;288;288;144;16
806219;SETOR HABITACIONAL SOL NASCENTE TRECHO 01 ETAPA I;CEILANDIA;60219;2022;1;10;48400;51101.01;288.02;288.02;144.01;3
66022;SETOR INDUSTRIAL I                           ;CEILANDIA;60225;2022;1;13;77660;121000;315;315;210;3
67182;SETOR INDUSTRIAL I                           ;CEILANDIA;60225;2022;1;17;419715;450000;2100;2100;1050;1
594221;SETOR RESID INDUSTRIA E ABASTECIMENTO        ;GUARA;60214;2022;1;21;252000;452999;369.96;369.96;154.15;41
594208;SETOR RESID INDUSTRIA E ABASTECIMENTO        ;GUARA;60220;2022;1;22;259000;463990;380.76;380.76;158.65;16
559170;SETOR HABITACIONAL JARDIM BOTANICO;SAO SEBASTIAO;60214;2022;1;23;473000;826000;1028.55;1028.55;685.7;20
510321;SETOR HABITACIONAL TAQUARI;LAGO NORTE;60211;2022;1;24;606000;927120;758.528;758.528;948.16;23
242064;SETOR HOSPITALAR;RECANTO DAS EMAS;60217;2022;1;26;372000;382000;765;977.5;425;1
472583;AREA DE DESENVOLVIMENTO ECONOMICO;RECANTO DAS EMAS;60227;2022;1;27;130000;130000;437.84;437.84;109.46;1
455078;QUADRA DE OFICINAS;RIACHO FUNDO;60227;2022;1;28;279900;390000;280;400;200;3
803213;HABITACIONAL RIACHO FUNDO II;RIACHO FUNDO II;60217;2022;1;29;418000;635000;525;1125;375;3
185915;QN-SAMAMBAIA;SAMAMBAIA;60217;2022;1;35;118000;136000;200;350;100;1
186520;QN-SAMAMBAIA;SAMAMBAIA;60217;2022;1;40;143000;152891;200;350;100;1
186522;QN-SAMAMBAIA;SAMAMBAIA;60217;2022;1;42;143000;153891;200;350;100;1
186523;QN-SAMAMBAIA;SAMAMBAIA;60217;2022;1;43;143000;145000;200;350;100;1
186524;QN-SAMAMBAIA;SAMAMBAIA;60217;2022;1;44;158000;226660;230;402.5;115;3
565003;QR-SAMAMBAIA;SAMAMBAIA;60217;2022;1;47;772000;779720;1417.64;2480.87;708.82;1
565004;QR-SAMAMBAIA;SAMAMBAIA;60217;2022;1;48;766000;773660;2812.04;2812.04;703.01;1
167544;QS-SAMAMBAIA;SAMAMBAIA;60217;2022;1;49;143000;155155;200;350;100;2
167545;QS-SAMAMBAIA;SAMAMBAIA;60217;2022;1;50;143000;150000;200;350;100;3
186404;QS-SAMAMBAIA;SAMAMBAIA;60217;2022;1;58;118000;236720;200;350;100;1
460275;QN-SAMAMBAIA;SAMAMBAIA;60219;2022;1;73;187000;195501;400;600;200;1
460278;QN-SAMAMBAIA;SAMAMBAIA;60219;2022;1;74;424000;424500;1000;1500;500;1
457478;QN-SAMAMBAIA;SAMAMBAIA;60220;2022;1;81;109000;111111.11;200;300;100;1
457479;QN-SAMAMBAIA;SAMAMBAIA;60220;2022;1;82;109000;109000;200;300;100;1
458306;QN-SAMAMBAIA;SAMAMBAIA;60220;2022;1;87;91300;105000;150;225;75;1
458307;QN-SAMAMBAIA;SAMAMBAIA;60220;2022;1;88;91300;105000;150;225;75;1
460279;QN-SAMAMBAIA;SAMAMBAIA;60220;2022;1;89;712000;731000;1726.26;2589.39;863.13;2
460282;QN-SAMAMBAIA;SAMAMBAIA;60220;2022;1;90;495000;496000;1770.36;1770.36;590.12;1
185477;QS-SAMAMBAIA;SAMAMBAIA;60220;2022;1;94;118000;128850;224;336;112;3
455625;QS-SAMAMBAIA;SAMAMBAIA;60220;2022;1;96;109000;130111;200;300;100;1
599243;VILA DNOCS;SOBRADINHO;60223;2022;1;99;279000;291113;450.282;450.282;225.141;3
474788;AREA DES/ECONOMICO-AGUAS CLARAS;TAGUATINGA;60224;2022;2;1;748000;1296369;1600;1600;800;4
65804;SETOR INDUSTRIAL I                           ;CEILANDIA;60225;2022;2;13;71800;349500;315;315;210;1
65802;SETOR INDUSTRIAL I                           ;CEILANDIA;60225;2022;2;13;71800;349500;315;315;210;1
65806;SETOR INDUSTRIAL I                           ;CEILANDIA;60225;2022;2;13;71800;349500;315;315;210;1
65808;SETOR INDUSTRIAL I                           ;CEILANDIA;60225;2022;2;13;71800;349500;315;315;210;1
65954;SETOR INDUSTRIAL I                           ;CEILANDIA;60225;2022;2;14;102000;212000;480.375;480.375;320.25;6
65956;SETOR INDUSTRIAL I                           ;CEILANDIA;60225;2022;2;15;102000;119500;480.375;480.375;320.25;6
66321;SETOR INDUSTRIAL I                           ;CEILANDIA;60225;2022;2;16;213900;1626369;315;315;210;2
66325;SETOR INDUSTRIAL I                           ;CEILANDIA;60225;2022;2;16;213900;1626369;315;315;210;2
66315;SETOR INDUSTRIAL I                           ;CEILANDIA;60225;2022;2;16;213900;1626369;315;315;210;2
66317;SETOR INDUSTRIAL I                           ;CEILANDIA;60225;2022;2;16;213900;1626369;315;315;210;2
66323;SETOR INDUSTRIAL I                           ;CEILANDIA;60225;2022;2;16;213900;1626369;315;315;210;2
66319;SETOR INDUSTRIAL I                           ;CEILANDIA;60225;2022;2;16;213900;1626369;315;315;210;2
66870;SETOR INDUSTRIAL I                           ;CEILANDIA;60225;2022;2;17;209115;4199999.99;1400;1400;700;2
66885;SETOR INDUSTRIAL I                           ;CEILANDIA;60225;2022;2;17;209115;4199999.99;1400;1400;700;2
66886;SETOR INDUSTRIAL I                           ;CEILANDIA;60225;2022;2;17;209115;4199999.99;1400;1400;700;2
66887;SETOR INDUSTRIAL I                           ;CEILANDIA;60225;2022;2;17;209115;4199999.99;1400;1400;700;2
66888;SETOR INDUSTRIAL I                           ;CEILANDIA;60225;2022;2;17;209115;4199999.99;1400;1400;700;2
66889;SETOR INDUSTRIAL I                           ;CEILANDIA;60225;2022;2;17;209115;4199999.99;1400;1400;700;2
66871;SETOR INDUSTRIAL I                           ;CEILANDIA;60225;2022;2;17;209115;4199999.99;1400;1400;700;2
66872;SETOR INDUSTRIAL I                           ;CEILANDIA;60225;2022;2;17;209115;4199999.99;1400;1400;700;2
66873;SETOR INDUSTRIAL I                           ;CEILANDIA;60225;2022;2;17;209115;4199999.99;1400;1400;700;2
66874;SETOR INDUSTRIAL I                           ;CEILANDIA;60225;2022;2;17;209115;4199999.99;1400;1400;700;2
66875;SETOR INDUSTRIAL I                           ;CEILANDIA;60225;2022;2;17;209115;4199999.99;1400;1400;700;2
66876;SETOR INDUSTRIAL I                           ;CEILANDIA;60225;2022;2;17;209115;4199999.99;1400;1400;700;2
66877;SETOR INDUSTRIAL I                           ;CEILANDIA;60225;2022;2;17;209115;4199999.99;1400;1400;700;2
66878;SETOR INDUSTRIAL I                           ;CEILANDIA;60225;2022;2;17;209115;4199999.99;1400;1400;700;2
66879;SETOR INDUSTRIAL I                           ;CEILANDIA;60225;2022;2;17;209115;4199999.99;1400;1400;700;2
66880;SETOR INDUSTRIAL I                           ;CEILANDIA;60225;2022;2;17;209115;4199999.99;1400;1400;700;2
66881;SETOR INDUSTRIAL I                           ;CEILANDIA;60225;2022;2;17;209115;4199999.99;1400;1400;700;2
66882;SETOR INDUSTRIAL I                           ;CEILANDIA;60225;2022;2;17;209115;4199999.99;1400;1400;700;2
66883;SETOR INDUSTRIAL I                           ;CEILANDIA;60225;2022;2;17;209115;4199999.99;1400;1400;700;2
66884;SETOR INDUSTRIAL I                           ;CEILANDIA;60225;2022;2;17;209115;4199999.99;1400;1400;700;2
559361;SETOR HABITACIONAL JARDIM BOTANICO;SAO SEBASTIAO;60214;2022;2;22;407000;851500;1115.25;1115.25;743.5;30
242133;RECANTO DAS EMAS;RECANTO DAS EMAS;60216;2022;2;25;90100;94141.44;174.06;193.4;96.7;2
473060;AREA DE DESENVOLVIMENTO ECONOMICO;RECANTO DAS EMAS;60227;2022;2;30;136000;169990;462;462;115.5;1
819160;HABITACIONAL RIACHO FUNDO II;RIACHO FUNDO II;60217;2022;2;31;122000;206100;127.4;273;91;5
819167;HABITACIONAL RIACHO FUNDO II;RIACHO FUNDO II;60217;2022;2;32;122000;175400;127.4;273;91;2
819169;HABITACIONAL RIACHO FUNDO II;RIACHO FUNDO II;60217;2022;2;33;138000;203980;147;315;105;9
819174;HABITACIONAL RIACHO FUNDO II;RIACHO FUNDO II;60217;2022;2;34;122000;175000;127.4;273;91;7
819175;HABITACIONAL RIACHO FUNDO II;RIACHO FUNDO II;60217;2022;2;35;122000;170500;127.4;273;91;4
239725;QN-SAMAMBAIA;SAMAMBAIA;60219;2022;2;45;127170;127170;100;150;50;1
189397;QS-SAMAMBAIA;SAMAMBAIA;60219;2022;2;46;133000;133500;200;300;100;1
189398;QS-SAMAMBAIA;SAMAMBAIA;60219;2022;2;47;133000;133000;200;300;100;1
80678;QS-SAMAMBAIA;SAMAMBAIA;60219;2022;2;51;109000;130000;200;300;100;3
458326;QN-SAMAMBAIA;SAMAMBAIA;60220;2022;2;61;109000;122122.1;200;300;100;1
242759;QN-SAMAMBAIA;SAMAMBAIA;60220;2022;2;63;114000;130100;400;600;200;1
457161;QS-SAMAMBAIA;SAMAMBAIA;60220;2022;2;64;210000;245000;800;1200;400;3
457162;QS-SAMAMBAIA;SAMAMBAIA;60220;2022;2;65;210000;258350;800;1200;400;2
464348;QS-SAMAMBAIA;SAMAMBAIA;60220;2022;2;70;109000;136000;200;300;100;1
244535;QS-SAMAMBAIA;SAMAMBAIA;60220;2022;2;76;89800;98000;300;450;150;1
246052;SANTA MARIA                                  ;SANTA MARIA;60217;2022;2;83;202000;203000;105;300;75;1
246919;SANTA MARIA                                  ;SANTA MARIA;60217;2022;2;87;394000;395000;280;800;200;1
246970;SANTA MARIA                                  ;SANTA MARIA;60228;2022;2;89;325000;451000;1120;2080;800;3
810771;BAIRRO SÃO BARTOLOMEU;SAO SEBASTIAO;60217;2022;2;90;456000;520777.77;1005.095;1096.467;365.489;1
533042;SETOR M NORTE-QUADRA RESIDENCIAL             ;TAGUATINGA;60214;2022;2;95;138000;200000;256;256;128;7
474693;AREA DES/ECONOMICO-AGUAS CLARAS;TAGUATINGA;60227;2022;3;1;294000;365000;500;500;250;11
589801;SHCNW-SETOR DE HABITAÇÕES COLETIVAS NOROESTE;BRASILIA;60598;2022;3;2;181000;211500;20;20;20;4
62178;SETOR DE MANSOES DO LAGO-INTERNA;BRASILIA;60212;2022;3;7;2140000;2151000;4800;4800;6000;1
65608;SETOR INDUSTRIAL I                           ;CEILANDIA;60227;2022;3;12;34600;55550;120;120;60;10
65609;SETOR INDUSTRIAL I                           ;CEILANDIA;60227;2022;3;13;34600;41100;120;120;60;3
65610;SETOR INDUSTRIAL I                           ;CEILANDIA;60227;2022;3;14;34600;34600;120;120;60;1
65618;SETOR INDUSTRIAL I                           ;CEILANDIA;60227;2022;3;22;34600;36000;120;120;60;1
806914;SETOR HABITACIONAL SOL NASCENTE TRECHO 01 ETAPA I;CEILANDIA;60228;2022;3;23;198000;206300;897.064;897.064;640.76;1
806915;SETOR HABITACIONAL SOL NASCENTE TRECHO 01 ETAPA I;CEILANDIA;60228;2022;3;24;198000;203300;895.342;895.342;639.53;1
48315;SETOR SUL                                    ;GAMA;60216;2022;3;27;195000;220000.5;625;1250;312.5;2
61582;SETOR SUL                                    ;GAMA;60216;2022;3;28;195000;198000;625;1250;312.5;1
61643;SETOR SUL                                    ;GAMA;60216;2022;3;30;195000;195500;625;1250;312.5;1
594282;SETOR RESID INDUSTRIA E ABASTECIMENTO        ;GUARA;60220;2022;3;33;311000;521139.17;465.696;465.696;194.04;14
481487;POLO DE MODAS - SRIA/GUARA;GUARA;60216;2022;3;34;458000;473000;620.16;826.88;206.72;3
559263;SETOR HABITACIONAL JARDIM BOTANICO;SAO SEBASTIAO;60214;2022;3;37;595000;1150000;1591.98;1591.98;1061.32;11
509864;SETOR HABITACIONAL TAQUARI;LAGO NORTE;60211;2022;3;39;540000;963066.6;640;640;800;23
510890;SETOR HABITACIONAL TAQUARI;LAGO NORTE;60211;2022;3;40;592000;857000;733.928;733.928;917.41;8
819161;HABITACIONAL RIACHO FUNDO II;RIACHO FUNDO II;60217;2022;3;46;122000;181500;127.4;273;91;1
819162;HABITACIONAL RIACHO FUNDO II;RIACHO FUNDO II;60217;2022;3;47;122000;141520;127.4;273;91;1
819165;HABITACIONAL RIACHO FUNDO II;RIACHO FUNDO II;60217;2022;3;50;122000;207100;127.4;273;91;2
819166;HABITACIONAL RIACHO FUNDO II;RIACHO FUNDO II;60217;2022;3;51;122000;195500;127.4;273;91;3
819168;HABITACIONAL RIACHO FUNDO II;RIACHO FUNDO II;60217;2022;3;52;122000;218000;127.4;273;91;3
508133;CENTRO URBANO;SAMAMBAIA;60217;2022;3;54;641000;657000;795.9;1193.85;397.95;1
194631;QS-SAMAMBAIA;SAMAMBAIA;60217;2022;3;57;143000;212511;200;350;100;4
194633;QS-SAMAMBAIA;SAMAMBAIA;60217;2022;3;59;143000;153000;200;350;100;2
194634;QS-SAMAMBAIA;SAMAMBAIA;60217;2022;3;60;143000;153000;200;350;100;2
187320;QS-SAMAMBAIA;SAMAMBAIA;60217;2022;3;63;143000;145000;200;350;100;1
460296;QN-SAMAMBAIA;SAMAMBAIA;60219;2022;3;66;109000;109000;200;300;100;1
460299;QN-SAMAMBAIA;SAMAMBAIA;60219;2022;3;68;109000;126000;200;300;100;1
460303;QN-SAMAMBAIA;SAMAMBAIA;60219;2022;3;72;109000;109000;200;300;100;1
243934;QN-SAMAMBAIA;SAMAMBAIA;60219;2022;3;73;838000;853000;3396.02;5094.03;1698.01;1
185872;QN-SAMAMBAIA;SAMAMBAIA;60219;2022;3;74;148000;181255;300;450;150;1
185147;QS-SAMAMBAIA;SAMAMBAIA;60219;2022;3;81;109000;110000;200;300;100;1
194253;QS-SAMAMBAIA;SAMAMBAIA;60219;2022;3;85;133000;153000;200;300;100;2
194626;QS-SAMAMBAIA;SAMAMBAIA;60219;2022;3;86;133000;145000;200;300;100;2
525070;AREA DE DESENVOLVIMENTO ECONOMICO SUL;SAMAMBAIA;60227;2022;3;98;113000;350000;300;300;150;2
525089;AREA DE DESENVOLVIMENTO ECONOMICO SUL;SAMAMBAIA;60227;2022;3;99;87000;164335.06;210;210;105;3
525090;AREA DE DESENVOLVIMENTO ECONOMICO SUL;SAMAMBAIA;60227;2022;3;100;87000;164335.06;210;210;105;2
82323;QI-SAMAMBAIA;SAMAMBAIA;60227;2022;3;101;117000;201001.99;200;200;100;7
82324;QI-SAMAMBAIA;SAMAMBAIA;60227;2022;3;102;117000;201005.01;200;200;100;5
593772;POLO DESENV/ECONOMICO JUSCELINO KUBITSCHEK INDUSTRIA COMERCIO DE APOIO;SANTA MARIA;60225;2022;3;109;4920000;4930105;10000;30000;10000;1
212105;BAIRRO AGUAS CLARAS;TAGUATINGA;60213;2022;5;1;11800000;18611000;8588.895;14314.825;5725.93;3
212020;BAIRRO AGUAS CLARAS;TAGUATINGA;60222;2022;5;2;5360000;11521000;2160;7200;3600;13
807176;SHCNW-SETOR DE HABITAÇÕES COLETIVAS NOROESTE;BRASILIA;60033;2022;5;5;7390000;7611700;2812;2812;740;1
807177;SHCNW-SETOR DE HABITAÇÕES COLETIVAS NOROESTE;BRASILIA;60033;2022;5;6;7390000;7537800;2812;2812;740;1
807171;SHCNW-SETOR DE HABITAÇÕES COLETIVAS NOROESTE;BRASILIA;60601;2022;5;9;21400000;21400000;11280;11280;3760;1
65915;SETOR INDUSTRIAL I                           ;CEILANDIA;60225;2022;5;20;102000;142951.79;480.375;480.375;320.25;3
66426;SETOR INDUSTRIAL I                           ;CEILANDIA;60225;2022;5;21;102000;149990;480.375;480.375;320.25;8
507297;SETOR DE MULTIPLAS ATIVIDADES;GAMA;60224;2022;5;25;239000;241000;340.5;544.8;340.5;3
594093;SETOR RESID INDUSTRIA E ABASTECIMENTO        ;GUARA;60214;2022;5;26;216000;305059;313.584;313.584;130.66;3
594225;SETOR RESID INDUSTRIA E ABASTECIMENTO        ;GUARA;60214;2022;5;27;236000;427531.83;345.6;345.6;144;11
594785;SETOR RESID INDUSTRIA E ABASTECIMENTO        ;GUARA;60214;2022;5;28;236000;450000;345.6;345.6;144;6
594952;SETOR RESID INDUSTRIA E ABASTECIMENTO        ;GUARA;60214;2022;5;29;236000;367000;345.6;345.6;144;9
594196;SETOR RESID INDUSTRIA E ABASTECIMENTO        ;GUARA;60217;2022;5;31;1970000;1971000;1875;2500;625;1
593948;SETOR RESID INDUSTRIA E ABASTECIMENTO        ;GUARA;60317;2022;5;34;4580000;4651000;312.5;625;1250;1
559480;SETOR HABITACIONAL JARDIM BOTANICO;SAO SEBASTIAO;60214;2022;5;35;454000;1037000;1281.9;1281.9;854.6;12
559310;SETOR HABITACIONAL JARDIM BOTANICO;SAO SEBASTIAO;60214;2022;5;36;459000;971999.99;1173;1173;782;9
559466;SETOR HABITACIONAL JARDIM BOTANICO;SAO SEBASTIAO;60214;2022;5;37;431000;884000;1200;1200;800;19
529046;RECANTO DAS EMAS;RECANTO DAS EMAS;60217;2022;5;45;46200;87000.5;227.424;227.424;98.88;11
809753;HABITACIONAL RIACHO FUNDO II;RIACHO FUNDO II;60217;2022;5;49;570000;625000;746.396;1599.42;533.14;1
809754;HABITACIONAL RIACHO FUNDO II;RIACHO FUNDO II;60217;2022;5;50;572000;705000;749.168;1605.36;535.12;1
809755;HABITACIONAL RIACHO FUNDO II;RIACHO FUNDO II;60217;2022;5;51;793000;901014.22;1102.948;2205.896;787.82;1
809029;HABITACIONAL RIACHO FUNDO II;RIACHO FUNDO II;60222;2022;5;52;61100;106630;70;100;50;9
809377;HABITACIONAL RIACHO FUNDO II;RIACHO FUNDO II;60222;2022;5;53;86300;146000;103.936;148.48;74.24;3
185841;QN-SAMAMBAIA;SAMAMBAIA;60217;2022;5;56;118000;125000;200;350;100;1
185842;QN-SAMAMBAIA;SAMAMBAIA;60217;2022;5;57;118000;125000;200;350;100;1
186516;QN-SAMAMBAIA;SAMAMBAIA;60217;2022;5;58;219000;224797;351;614.25;175.5;2
193650;QS-SAMAMBAIA;SAMAMBAIA;60217;2022;5;64;143000;153000;200;350;100;2
187141;QS-SAMAMBAIA;SAMAMBAIA;60219;2022;5;75;238000;241000;530;795;265;1
187681;QS-SAMAMBAIA;SAMAMBAIA;60219;2022;5;76;109000;115500;200;300;100;1
187685;QS-SAMAMBAIA;SAMAMBAIA;60219;2022;5;80;238000;241000;530;795;265;1
188297;QS-SAMAMBAIA;SAMAMBAIA;60219;2022;5;81;109000;115000;200;300;100;1
193011;QN-SAMAMBAIA;SAMAMBAIA;60220;2022;5;82;109000;112500;200;300;100;1
457480;QN-SAMAMBAIA;SAMAMBAIA;60220;2022;5;86;109000;135700;200;300;100;1
457484;QN-SAMAMBAIA;SAMAMBAIA;60220;2022;5;87;109000;140000;200;300;100;1
243928;QN-SAMAMBAIA;SAMAMBAIA;60220;2022;5;91;89800;95150;300;450;150;1
188785;QN-SAMAMBAIA;SAMAMBAIA;60220;2022;5;92;1030000;1050000.1;2530;3795;1265;1
462032;QS-SAMAMBAIA;SAMAMBAIA;60220;2022;5;95;119000;119000;226;339;113;1
525052;AREA DE DESENVOLVIMENTO ECONOMICO SUL;SAMAMBAIA;60227;2022;5;100;87000;128000;210;210;105;5
82286;QI-SAMAMBAIA;SAMAMBAIA;60227;2022;5;101;117000;125000;200;200;100;1
818591;BAIRRO CENTRO;SAO SEBASTIAO;60216;2022;5;103;182000;211000;360;432;144;2
810376;BAIRRO SÃO BARTOLOMEU;SAO SEBASTIAO;60217;2022;5;104;452000;462000;995.497;1085.997;361.999;1
145397;SETOR DE INDUSTRIA E ABASTECIMENTO           ;BRASILIA;60224;2022;6;5;1860000;4465000;1500;2500;1000;2
22132;SETOR DE INDUSTRIA E ABASTECIMENTO           ;BRASILIA;60224;2022;6;5;1860000;4465000;1500;2500;1000;2
181082;SETOR N NORTE-QUADRA RESIDENCIAL             ;CEILANDIA;60217;2022;6;11;1890000;1891100;2000;6000;1000;1
181083;SETOR N NORTE-QUADRA RESIDENCIAL             ;CEILANDIA;60217;2022;6;12;1890000;1891100;2000;6000;1000;1
181084;SETOR N NORTE-QUADRA RESIDENCIAL             ;CEILANDIA;60217;2022;6;13;2510000;2522100;2804.76;8414.28;1402.38;1
155168;SETOR O NORTE-QUADRA RESIDENCIAL             ;CEILANDIA;60219;2022;6;20;352000;355999;756;1134;378;1
155169;SETOR O NORTE-QUADRA RESIDENCIAL             ;CEILANDIA;60219;2022;6;21;352000;355000;756;1134;378;2
155170;SETOR O NORTE-QUADRA RESIDENCIAL             ;CEILANDIA;60219;2022;6;22;352000;353000.01;756;1134;378;1
595914;SETOR RESID INDUSTRIA E ABASTECIMENTO        ;GUARA;60221;2022;6;26;1450000;2351100;2700;3600;900;1
807337;PARANOÁ PARQUE;PARANOA;60221;2022;6;31;867000;883000;1843.76;3318.768;1843.76;2
807338;PARANOÁ PARQUE;PARANOA;60221;2022;6;32;867000;867100;1843.754;3318.757;1843.754;1
807339;PARANOÁ PARQUE;PARANOA;60221;2022;6;33;833000;833100;1738.629;3129.532;1738.629;1
242250;RECANTO DAS EMAS;RECANTO DAS EMAS;60216;2022;6;42;121000;121000;270;300;150;1
242252;RECANTO DAS EMAS;RECANTO DAS EMAS;60216;2022;6;44;112000;112000;247.5;275;137.5;1
529033;RECANTO DAS EMAS;RECANTO DAS EMAS;60217;2022;6;49;493000;511100.01;1273.698;1769.025;707.61;5
245023;RECANTO DAS EMAS;RECANTO DAS EMAS;60217;2022;6;51;232000;232000;517.5;661.25;287.5;1
479717;RECANTO DAS EMAS;RECANTO DAS EMAS;60217;2022;6;56;46200;62310;90;115;50;3
479776;RECANTO DAS EMAS;RECANTO DAS EMAS;60217;2022;6;58;63000;65500;126;161;70;2
472915;AREA DE DESENVOLVIMENTO ECONOMICO;RECANTO DAS EMAS;60224;2022;6;64;295000;300000;1108.224;1108.224;346.32;1
819114;HABITACIONAL RIACHO FUNDO II;RIACHO FUNDO II;60217;2022;6;66;140000;242000;127.4;273;91;12
77810;QN-SAMAMBAIA;SAMAMBAIA;60217;2022;6;76;150000;150001;200;350;100;1
810772;BAIRRO SÃO BARTOLOMEU;SAO SEBASTIAO;60217;2022;6;101;465000;465100;1025.145;1118.34;372.78;2
810773;BAIRRO SÃO BARTOLOMEU;SAO SEBASTIAO;60217;2022;6;102;470000;470100;1036.206;1130.406;376.802;1
810774;BAIRRO SÃO BARTOLOMEU;SAO SEBASTIAO;60217;2022;6;103;464000;464100;1022.046;1114.959;371.653;1
810775;BAIRRO SÃO BARTOLOMEU;SAO SEBASTIAO;60217;2022;6;104;474000;474100;1045.891;1140.972;380.324;1
534017;SETOR M NORTE-QUADRA RESIDENCIAL             ;TAGUATINGA;60214;2022;6;106;151000;251777;256;256;128;6
170079;BAIRRO AGUAS CLARAS-QS;TAGUATINGA;60220;2022;7;1;1792800;1792800;2340;3510;1170;1
66800;SETOR INDUSTRIAL I                           ;CEILANDIA;60225;2022;7;18;207000;252000;1400;1400;700;1
66802;SETOR INDUSTRIAL I                           ;CEILANDIA;60225;2022;7;19;207000;219000;1400;1400;700;1
66804;SETOR INDUSTRIAL I                           ;CEILANDIA;60225;2022;7;20;207000;250000;1400;1400;700;1
66806;SETOR INDUSTRIAL I                           ;CEILANDIA;60225;2022;7;21;207000;207000;1400;1400;700;1
66808;SETOR INDUSTRIAL I                           ;CEILANDIA;60225;2022;7;22;207000;220000;1400;1400;700;1
66810;SETOR INDUSTRIAL I                           ;CEILANDIA;60225;2022;7;23;207000;229000.99;1400;1400;700;2
60627;SETOR LESTE INDUSTRIAL                       ;GAMA;60220;2022;7;27;643000;1252200;3750;3750;1500;6
507300;SETOR DE MULTIPLAS ATIVIDADES;GAMA;60224;2022;7;28;252000;267900;390;624;390;3
828996;SETOR HABITACIONAL ITAPOA - ITAPOA PARQUE - AV. ITAPOA PARQUE;ITAPOÃ;60222;2022;7;30;234000;365000;756;756;840;7
828997;SETOR HABITACIONAL ITAPOA - ITAPOA PARQUE - AV. ITAPOA PARQUE;ITAPOÃ;60222;2022;7;31;234000;345000;756;756;840;3
828998;SETOR HABITACIONAL ITAPOA - ITAPOA PARQUE - AV. ITAPOA PARQUE;ITAPOÃ;60222;2022;7;32;234000;302100;756;756;840;4
828999;SETOR HABITACIONAL ITAPOA - ITAPOA PARQUE - AV. ITAPOA PARQUE;ITAPOÃ;60222;2022;7;33;234000;302000;756;756;840;3
829000;SETOR HABITACIONAL ITAPOA - ITAPOA PARQUE - AV. ITAPOA PARQUE;ITAPOÃ;60222;2022;7;34;234000;302000;756;756;840;5
829001;SETOR HABITACIONAL ITAPOA - ITAPOA PARQUE - AV. ITAPOA PARQUE;ITAPOÃ;60222;2022;7;35;234000;500000;756;756;840;4
829002;SETOR HABITACIONAL ITAPOA - ITAPOA PARQUE - AV. ITAPOA PARQUE;ITAPOÃ;60222;2022;7;36;418000;647900;1404.9;1404.9;1561;6
559734;SETOR HABITACIONAL JARDIM BOTANICO;SAO SEBASTIAO;60214;2022;7;37;576000;981909.99;1700.205;1700.205;1133.47;6
242258;RECANTO DAS EMAS;RECANTO DAS EMAS;60216;2022;7;42;121000;121000;270;300;150;1
472947;AREA DE DESENVOLVIMENTO ECONOMICO;RECANTO DAS EMAS;60227;2022;7;48;137000;168100;463.36;463.36;115.84;5
809356;HABITACIONAL RIACHO FUNDO II;RIACHO FUNDO II;60217;2022;7;49;395000;581300;437.052;936.54;312.18;6
819270;HABITACIONAL RIACHO FUNDO II;RIACHO FUNDO II;60222;2022;7;50;587000;742300;756;1620;540;3
508440;CENTRO URBANO;SAMAMBAIA;60217;2022;7;56;427000;669000;720;720;240;4
508441;CENTRO URBANO;SAMAMBAIA;60217;2022;7;57;427000;710000;720;720;240;3
185848;QN-SAMAMBAIA;SAMAMBAIA;60217;2022;7;59;125000;130000;200;350;100;2
192628;QN-SAMAMBAIA;SAMAMBAIA;60219;2022;7;60;730000;752000;1382.5;2073.75;691.25;1
464377;QS-SAMAMBAIA;SAMAMBAIA;60220;2022;7;81;115000;130000;200;300;100;1
464378;QS-SAMAMBAIA;SAMAMBAIA;60220;2022;7;82;115000;130000;200;300;100;1
464379;QS-SAMAMBAIA;SAMAMBAIA;60220;2022;7;83;115000;130000;200;300;100;1
464380;QS-SAMAMBAIA;SAMAMBAIA;60220;2022;7;84;115000;130000;200;300;100;2
464381;QS-SAMAMBAIA;SAMAMBAIA;60220;2022;7;85;115000;180000;200;300;100;4
247016;SANTA MARIA                                  ;SANTA MARIA;60217;2022;7;88;1540000;1540000;1814.4;5184;1296;1
814303;BAIRRO RESIDENCIAL OESTE;SAO SEBASTIAO;60217;2022;7;91;202000;345999.98;440;480;160;2
57278;SETOR DE HABITACOES INDIVIDUAIS SUL          ;BRASILIA;60211;2022;8;10;1090000;1354000.99;756;756;540;6
101851;SETOR CENTRAL                                ;GAMA;60213;2022;8;21;1780000;2199999.99;6968;6968;871;2
595872;SETOR RESID INDUSTRIA E ABASTECIMENTO        ;GUARA;60221;2022;8;22;1620000;1620000;2700;3600;900;1
807341;PARANOÁ PARQUE;PARANOA;60221;2022;8;28;876000;890000;1875.007;3375.013;1875.007;2
807342;PARANOÁ PARQUE;PARANOA;60221;2022;8;29;876000;876100;1875.007;3375.013;1875.007;1
806967;HABITACIONAL RIACHO FUNDO II;RIACHO FUNDO II;60224;2022;8;35;1530000;1701000;2658.67;2658.67;1899.05;1
564859;CENTRO URBANO;SAMAMBAIA;60217;2022;8;43;458000;481000;779.19;779.19;259.73;1
564951;CENTRO URBANO;SAMAMBAIA;60217;2022;8;44;578000;607000;675;1012.5;337.5;2
186789;QN-SAMAMBAIA;SAMAMBAIA;60217;2022;8;46;150000;155000;200;350;100;4
81581;QS-SAMAMBAIA;SAMAMBAIA;60217;2022;8;61;150000;179999.01;350;350;100;3
81582;QS-SAMAMBAIA;SAMAMBAIA;60217;2022;8;62;150000;192110;350;350;100;5
168312;QS-SAMAMBAIA;SAMAMBAIA;60219;2022;8;66;492000;502000;910;1365;455;1
195041;QS-SAMAMBAIA;SAMAMBAIA;60219;2022;8;68;970000;1030000;1860;2790;930;2
193013;QN-SAMAMBAIA;SAMAMBAIA;60220;2022;8;70;115000;129010;200;300;100;2
193014;QN-SAMAMBAIA;SAMAMBAIA;60220;2022;8;71;115000;133010;200;300;100;2
457485;QN-SAMAMBAIA;SAMAMBAIA;60220;2022;8;73;115000;146000;200;300;100;1
458320;QN-SAMAMBAIA;SAMAMBAIA;60220;2022;8;76;115000;132000;200;300;100;2
458321;QN-SAMAMBAIA;SAMAMBAIA;60220;2022;8;77;115000;134500;200;300;100;1
458322;QN-SAMAMBAIA;SAMAMBAIA;60220;2022;8;78;115000;136000;200;300;100;1
458323;QN-SAMAMBAIA;SAMAMBAIA;60220;2022;8;79;115000;136000;200;300;100;1
458324;QN-SAMAMBAIA;SAMAMBAIA;60220;2022;8;80;115000;135500;200;300;100;1
243918;QN-SAMAMBAIA;SAMAMBAIA;60220;2022;8;87;69800;70000;200;300;100;1
463857;QS-SAMAMBAIA;SAMAMBAIA;60220;2022;8;98;115000;130000;200;300;100;1
463858;QS-SAMAMBAIA;SAMAMBAIA;60220;2022;8;99;115000;130000;200;300;100;4
242691;QS-SAMAMBAIA;SAMAMBAIA;60220;2022;8;100;69800;78500;200;300;100;1
242693;QS-SAMAMBAIA;SAMAMBAIA;60220;2022;8;101;69800;72000;200;300;100;3
468776;QS-SAMAMBAIA;SAMAMBAIA;60220;2022;8;102;69800;69800;200;300;100;1
468777;QS-SAMAMBAIA;SAMAMBAIA;60220;2022;8;103;69800;75000;200;300;100;1
246949;SANTA MARIA                                  ;SANTA MARIA;60216;2022;8;105;391000;475500;280;540;200;4
810377;BAIRRO SÃO BARTOLOMEU;SAO SEBASTIAO;60217;2022;8;110;470000;481000.8;995.497;1085.997;361.999;1
156726;SETOR O NORTE-QUADRA RESIDENCIAL             ;CEILANDIA;60219;2022;9;8;354000;355000;756;1134;378;1
156727;SETOR O NORTE-QUADRA RESIDENCIAL             ;CEILANDIA;60219;2022;9;9;354000;355000;756;1134;378;1
65858;SETOR INDUSTRIAL I                           ;CEILANDIA;60221;2022;9;10;65400;140800;366;366;183;16
65860;SETOR INDUSTRIAL I                           ;CEILANDIA;60221;2022;9;11;65400;110000;366;366;183;10
55469;SETOR INDUSTRIAL I                           ;CEILANDIA;60225;2022;9;12;294000;295000;2100;2100;1050;2
183175;SETOR INDUSTRIAL I                           ;CEILANDIA;60225;2022;9;13;294000;883000;2100;2100;1050;2
183174;SETOR INDUSTRIAL I                           ;CEILANDIA;60225;2022;9;13;294000;883000;2100;2100;1050;2
183173;SETOR INDUSTRIAL I                           ;CEILANDIA;60225;2022;9;13;294000;883000;2100;2100;1050;2
53969;SETOR SUL                                    ;GAMA;60216;2022;9;14;191000;320000;625;1250;312.5;6
206451;SETOR INDUSTRIAL BERNARDO SAYAO              ;NUCLEO BANDEIRANTE;60227;2022;9;15;375000;652500;382.5;517.5;225;4
529066;RECANTO DAS EMAS;RECANTO DAS EMAS;60217;2022;9;17;120000;140000;273.15;349.025;151.75;4
803179;HABITACIONAL RIACHO FUNDO II;RIACHO FUNDO II;60217;2022;9;21;541000;766900;630;1350;450;3
564846;CENTRO URBANO;SAMAMBAIA;60217;2022;9;27;2310000;2674301;4680.025;4680.025;1337.15;2
166507;QS-SAMAMBAIA;SAMAMBAIA;60217;2022;9;30;150000;172400;200;350;100;4
81062;QS-SAMAMBAIA;SAMAMBAIA;60217;2022;9;31;893000;950100;1476;2952;738;2
458532;QN-SAMAMBAIA;SAMAMBAIA;60219;2022;9;33;115000;126000;200;300;100;4
466706;QN-SAMAMBAIA;SAMAMBAIA;60219;2022;9;41;115000;140120;200;300;100;2
466710;QN-SAMAMBAIA;SAMAMBAIA;60219;2022;9;42;115000;126050;200;300;100;1
458538;QN-SAMAMBAIA;SAMAMBAIA;60220;2022;9;50;95900;96000;150;225;75;2
191913;QS-SAMAMBAIA;SAMAMBAIA;60220;2022;9;65;196000;229000;400;600;200;1
143871;SETOR E SUL-QUADRA COMERCIAL                 ;TAGUATINGA;60217;2022;9;78;120000;187987.97;100;200;50;4
156732;SETOR O NORTE-QUADRA RESIDENCIAL             ;CEILANDIA;60219;2022;10;10;399000;408000;871.5;1307.25;435.75;2
213002;SETOR DE MATERIAL DE CONSTRUCAO              ;CEILANDIA;60225;2022;10;13;316890;1049000;2100;2100;1050;4
213000;SETOR DE MATERIAL DE CONSTRUCAO              ;CEILANDIA;60225;2022;10;13;316890;1049000;2100;2100;1050;4
212998;SETOR DE MATERIAL DE CONSTRUCAO              ;CEILANDIA;60225;2022;10;13;316890;1049000;2100;2100;1050;4
66541;SETOR INDUSTRIAL I                           ;CEILANDIA;60225;2022;10;16;73300;80000;315;315;210;3
47152;SETOR SUL                                    ;GAMA;60216;2022;10;17;191000;325000;625;1250;312.5;3
559566;SETOR HABITACIONAL JARDIM BOTANICO;SAO SEBASTIAO;60214;2022;10;21;547000;670000;1260;1260;840;5
529016;RECANTO DAS EMAS;RECANTO DAS EMAS;60217;2022;10;33;267000;311999;583.2;745.2;324;3
245024;RECANTO DAS EMAS;RECANTO DAS EMAS;60217;2022;10;34;171000;185000;360;460;200;2
245137;RECANTO DAS EMAS;RECANTO DAS EMAS;60217;2022;10;35;55400;65400;105.39;134.665;58.55;1
245138;RECANTO DAS EMAS;RECANTO DAS EMAS;60217;2022;10;36;54500;61500;103.698;132.503;57.61;2
245139;RECANTO DAS EMAS;RECANTO DAS EMAS;60217;2022;10;37;53700;71000;102.006;130.341;56.67;3
803222;HABITACIONAL RIACHO FUNDO II;RIACHO FUNDO II;60217;2022;10;49;541000;602003;630;1350;450;2
803182;HABITACIONAL RIACHO FUNDO II;RIACHO FUNDO II;60217;2022;10;50;541000;556000.99;630;1350;450;1
803183;HABITACIONAL RIACHO FUNDO II;RIACHO FUNDO II;60217;2022;10;51;541000;551000.99;630;1350;450;1
803184;HABITACIONAL RIACHO FUNDO II;RIACHO FUNDO II;60217;2022;10;52;541000;546000.99;630;1350;450;1
803186;HABITACIONAL RIACHO FUNDO II;RIACHO FUNDO II;60217;2022;10;53;541000;569000;630;1350;450;1
809752;HABITACIONAL RIACHO FUNDO II;RIACHO FUNDO II;60217;2022;10;54;621000;756600;739.298;1584.21;528.07;2
244432;QS-SAMAMBAIA;SAMAMBAIA;60218;2022;10;70;67100;70100;200;280;100;1
192963;QS-SAMAMBAIA;SAMAMBAIA;60219;2022;10;76;187000;193201.99;300;450;150;1
185475;QS-SAMAMBAIA;SAMAMBAIA;60220;2022;10;87;139000;139087;259;388.5;129.5;1
462028;QS-SAMAMBAIA;SAMAMBAIA;60220;2022;10;90;125000;150000;226;339;113;2
246649;SANTA MARIA                                  ;SANTA MARIA;60217;2022;10;91;1020000;1244000;1075.2;3072;768;2
246139;SANTA MARIA                                  ;SANTA MARIA;60218;2022;10;93;112000;113000;280;500;200;1
534016;SETOR M NORTE-QUADRA RESIDENCIAL             ;TAGUATINGA;60214;2022;10;95;151000;252777;256;256;128;3
533071;SETOR M NORTE-QUADRA RESIDENCIAL             ;TAGUATINGA;60214;2022;10;96;179000;282787.98;308.5;308.5;154.25;4
66533;SETOR INDUSTRIAL I                           ;CEILANDIA;60225;2022;12;8;73300;73502.77;315;315;210;1
66534;SETOR INDUSTRIAL I                           ;CEILANDIA;60225;2022;12;9;73300;73502.77;315;315;210;1
66535;SETOR INDUSTRIAL I                           ;CEILANDIA;60225;2022;12;10;73300;73502.77;315;315;210;1
66537;SETOR INDUSTRIAL I                           ;CEILANDIA;60225;2022;12;11;73300;73502.77;315;315;210;1
66539;SETOR INDUSTRIAL I                           ;CEILANDIA;60225;2022;12;12;73300;100000;315;315;210;2
213355;SETOR DE MATERIAL DE CONSTRUCAO              ;CEILANDIA;60227;2022;12;13;40300;131090;140;140;70;1
828977;SETOR HABITACIONAL ITAPOA - ITAPOA PARQUE - AV. ITAPOA PARQUE;ITAPOÃ;60222;2022;12;16;418000;840000;1404.9;1404.9;1561;4
828978;SETOR HABITACIONAL ITAPOA - ITAPOA PARQUE - AV. ITAPOA PARQUE;ITAPOÃ;60222;2022;12;17;234000;501000;756;756;840;3
828979;SETOR HABITACIONAL ITAPOA - ITAPOA PARQUE - AV. ITAPOA PARQUE;ITAPOÃ;60222;2022;12;18;234000;502000;756;756;840;2
828980;SETOR HABITACIONAL ITAPOA - ITAPOA PARQUE - AV. ITAPOA PARQUE;ITAPOÃ;60222;2022;12;19;234000;469000;756;756;840;3
828981;SETOR HABITACIONAL ITAPOA - ITAPOA PARQUE - AV. ITAPOA PARQUE;ITAPOÃ;60222;2022;12;20;234000;438000;756;756;840;4
828982;SETOR HABITACIONAL ITAPOA - ITAPOA PARQUE - AV. ITAPOA PARQUE;ITAPOÃ;60222;2022;12;21;234000;439000;756;756;840;3
828983;SETOR HABITACIONAL ITAPOA - ITAPOA PARQUE - AV. ITAPOA PARQUE;ITAPOÃ;60222;2022;12;22;234000;470000;756;756;840;3
559341;SETOR HABITACIONAL JARDIM BOTANICO;SAO SEBASTIAO;60214;2022;12;23;525000;927100;1200;1200;800;8
509864;SETOR HABITACIONAL TAQUARI;LAGO NORTE;60211;2022;12;24;621000;723099;640;640;800;7
807336;PARANOÁ PARQUE;PARANOA;60221;2022;12;27;852000;1260000;1798.632;3237.538;1798.632;7
472765;AREA DE DESENVOLVIMENTO ECONOMICO;RECANTO DAS EMAS;60224;2022;12;34;697000;814580;2764.64;2764.64;863.95;3
809156;HABITACIONAL RIACHO FUNDO II;RIACHO FUNDO II;60217;2022;12;35;393000;413000;433.986;929.97;309.99;1
809353;HABITACIONAL RIACHO FUNDO II;RIACHO FUNDO II;60217;2022;12;36;395000;651000;436.548;935.46;311.82;1
809354;HABITACIONAL RIACHO FUNDO II;RIACHO FUNDO II;60217;2022;12;37;393000;651000;434.672;931.44;310.48;2
809355;HABITACIONAL RIACHO FUNDO II;RIACHO FUNDO II;60217;2022;12;38;395000;414000;437.472;937.44;312.48;1
819163;HABITACIONAL RIACHO FUNDO II;RIACHO FUNDO II;60217;2022;12;39;140000;220000;127.4;273;91;2
819164;HABITACIONAL RIACHO FUNDO II;RIACHO FUNDO II;60217;2022;12;40;140000;221000;127.4;273;91;2
564923;CENTRO URBANO;SAMAMBAIA;60217;2022;12;46;967000;5212000;1762.71;1762.71;587.57;1
564924;CENTRO URBANO;SAMAMBAIA;60217;2022;12;46;967000;5212000;1762.71;1762.71;587.57;1
564925;CENTRO URBANO;SAMAMBAIA;60217;2022;12;46;967000;5212000;1762.71;1762.71;587.57;1
564926;CENTRO URBANO;SAMAMBAIA;60217;2022;12;46;969000;5212000;1766.4;1766.4;588.8;1
564922;CENTRO URBANO;SAMAMBAIA;60217;2022;12;46;974000;5212000;1775.79;1775.79;591.93;1
194645;QS-SAMAMBAIA;SAMAMBAIA;60217;2022;12;52;150000;150000;200;350;100;1
78483;QN-SAMAMBAIA;SAMAMBAIA;60219;2022;12;58;139000;158971;200;300;100;1
77126;QS-SAMAMBAIA;SAMAMBAIA;60219;2022;12;60;701000;935100;1325.24;1987.86;662.62;1
462034;QS-SAMAMBAIA;SAMAMBAIA;60220;2022;12;84;230760;230760;226;339;113;1
464693;QS-SAMAMBAIA;SAMAMBAIA;60220;2022;12;90;115000;116000.1;200;300;100;2
245351;DESENVOLVIMENTO  ECONOMICO  M/NORTE;TAGUATINGA;60227;2022;12;96;316000;321579;493.304;739.956;246.652;1
58103;SETOR DE OFICINAS SUL                        ;BRASILIA;60227;2022;13;1;501000;738000;540;540;180;3
58104;SETOR DE OFICINAS SUL                        ;BRASILIA;60227;2022;13;2;501000;638500;540;540;180;3
840755;SETOR O NORTE-QUADRA RESIDENCIAL             ;CEILANDIA;60217;2022;13;4;804000;1728000;6090;6090;1015;9
840756;SETOR O NORTE-QUADRA RESIDENCIAL             ;CEILANDIA;60217;2022;13;5;872000;1864000;6720;6720;1120;5
840757;SETOR O NORTE-QUADRA RESIDENCIAL             ;CEILANDIA;60217;2022;13;6;999000;2118000;7920;7920;1320;4
840758;SETOR O NORTE-QUADRA RESIDENCIAL             ;CEILANDIA;60217;2022;13;7;999000;2200000;7920;7920;1320;4
840759;SETOR O NORTE-QUADRA RESIDENCIAL             ;CEILANDIA;60217;2022;13;8;999000;2200000;7920;7920;1320;5
840760;SETOR O NORTE-QUADRA RESIDENCIAL             ;CEILANDIA;60217;2022;13;9;999000;2200000;7920;7920;1320;7
840761;SETOR O NORTE-QUADRA RESIDENCIAL             ;CEILANDIA;60217;2022;13;10;794000;1980000;6000;6000;1000;15
840762;SETOR O NORTE-QUADRA RESIDENCIAL             ;CEILANDIA;60217;2022;13;11;790000;2000010;5964;5964;994;21
66033;SETOR INDUSTRIAL I                           ;CEILANDIA;60225;2022;13;17;73300;112020.2;315;315;210;2
66308;SETOR INDUSTRIAL I                           ;CEILANDIA;60225;2022;13;18;73300;87000.2;315;315;210;3
66310;SETOR INDUSTRIAL I                           ;CEILANDIA;60225;2022;13;19;73300;87000.4;315;315;210;2
66514;SETOR INDUSTRIAL I                           ;CEILANDIA;60225;2022;13;20;73300;101999.99;315;315;210;2
66543;SETOR INDUSTRIAL I                           ;CEILANDIA;60225;2022;13;21;73300;87002.8;315;315;210;5
66545;SETOR INDUSTRIAL I                           ;CEILANDIA;60225;2022;13;22;73300;101000;315;315;210;4
66547;SETOR INDUSTRIAL I                           ;CEILANDIA;60225;2022;13;23;73300;101000;315;315;210;3
493374;SETOR DE DESENVOLVIMENTO ECONOMICO CENTRO NORTE;CEILANDIA;60227;2022;13;24;136000;144320;300;300;150;1
594225;SETOR RESID INDUSTRIA E ABASTECIMENTO        ;GUARA;60214;2022;13;31;242000;331000;345.6;345.6;144;9
594228;SETOR RESID INDUSTRIA E ABASTECIMENTO        ;GUARA;60214;2022;13;32;242000;331000;345.6;345.6;144;11
594232;SETOR RESID INDUSTRIA E ABASTECIMENTO        ;GUARA;60214;2022;13;33;242000;411231;345.6;345.6;144;16
490704;SETOR COMPLEMENTAR INDUSTRIA E ABASTECIMENTO;GUARA;60227;2022;13;36;500000;500000;420;480;200;2
490706;SETOR COMPLEMENTAR INDUSTRIA E ABASTECIMENTO;GUARA;60227;2022;13;37;500000;500000;420;480;200;2
559520;SETOR HABITACIONAL JARDIM BOTANICO;SAO SEBASTIAO;60214;2022;13;38;601000;752050.5;1408.485;1408.485;938.99;3
242272;RECANTO DAS EMAS;RECANTO DAS EMAS;60217;2022;13;46;132000;145100;270;345;150;1
242273;RECANTO DAS EMAS;RECANTO DAS EMAS;60217;2022;13;47;191000;240010;405;517.5;225;2
590599;ADE OESTE - EXPANSÃO RESIDENCIAL OESTE DE SAMAMBAIA;SAMAMBAIA;60216;2022;13;54;186000;201250;476;952;238;1
75593;QN-SAMAMBAIA;SAMAMBAIA;60217;2022;13;56;125000;148000;200;350;100;4
239864;QS-SAMAMBAIA;SAMAMBAIA;60218;2022;13;58;76000;83000;100;140;50;1
187682;QS-SAMAMBAIA;SAMAMBAIA;60219;2022;13;81;115000;117100;200;300;100;1
458318;QN-SAMAMBAIA;SAMAMBAIA;60220;2022;13;85;115000;130210;200;300;100;1
458319;QN-SAMAMBAIA;SAMAMBAIA;60220;2022;13;86;115000;130210;200;300;100;1
463852;QS-SAMAMBAIA;SAMAMBAIA;60220;2022;13;89;115000;117000;200;300;100;1
464678;QS-SAMAMBAIA;SAMAMBAIA;60220;2022;13;98;115000;117500.99;200;300;100;1
467297;QS-SAMAMBAIA;SAMAMBAIA;60220;2022;13;99;343000;450000;753.14;1129.71;376.57;1
246707;SANTA MARIA                                  ;SANTA MARIA;60217;2022;13;100;1840000;1950000;2276.54;6504.4;1626.1;1
810463;BAIRRO SÃO BARTOLOMEU;SAO SEBASTIAO;60217;2022;13;105;420000;420501;886.57;967.167;322.389;1
474749;AREA DES/ECONOMICO-AGUAS CLARAS;TAGUATINGA;60227;2023;3;4;192000;197013.77;300;300;150;2
212744;SETOR DE HAB COLETIVAS SUDOESTE              ;BRASILIA;60556;2023;3;5;613000;895000;864;864;576;5
155218;SETOR O NORTE-QUADRA RESIDENCIAL             ;CEILANDIA;60217;2023;3;12;593000;593000;756;1890;378;1
65674;SETOR INDUSTRIAL I                           ;CEILANDIA;60223;2023;3;13;154000;172115.5;960;960;480;4
66701;SETOR INDUSTRIAL I                           ;CEILANDIA;60225;2023;3;14;210000;352000;1400;1400;700;9
66703;SETOR INDUSTRIAL I                           ;CEILANDIA;60225;2023;3;15;210000;353000;1400;1400;700;10
66705;SETOR INDUSTRIAL I                           ;CEILANDIA;60225;2023;3;16;210000;425032;1400;1400;700;15
213356;SETOR DE MATERIAL DE CONSTRUCAO              ;CEILANDIA;60227;2023;3;17;40300;90715;140;140;70;3
594732;SETOR RESID INDUSTRIA E ABASTECIMENTO        ;GUARA;60215;2023;3;18;250000;352074.2;360;360;150;14
828970;SETOR HABITACIONAL ITAPOA - ITAPOA PARQUE - AV. ITAPOA PARQUE;ITAPOÃ;60222;2023;3;22;418000;1200000;1404.9;1404.9;1561;10
828971;SETOR HABITACIONAL ITAPOA - ITAPOA PARQUE - AV. ITAPOA PARQUE;ITAPOÃ;60222;2023;3;23;234000;531999.01;756;756;840;10
828972;SETOR HABITACIONAL ITAPOA - ITAPOA PARQUE - AV. ITAPOA PARQUE;ITAPOÃ;60222;2023;3;24;234000;482000;756;756;840;5
828973;SETOR HABITACIONAL ITAPOA - ITAPOA PARQUE - AV. ITAPOA PARQUE;ITAPOÃ;60222;2023;3;25;234000;471010;756;756;840;5
828974;SETOR HABITACIONAL ITAPOA - ITAPOA PARQUE - AV. ITAPOA PARQUE;ITAPOÃ;60222;2023;3;26;234000;452000;756;756;840;6
828975;SETOR HABITACIONAL ITAPOA - ITAPOA PARQUE - AV. ITAPOA PARQUE;ITAPOÃ;60222;2023;3;27;234000;452000;756;756;840;7
828976;SETOR HABITACIONAL ITAPOA - ITAPOA PARQUE - AV. ITAPOA PARQUE;ITAPOÃ;60222;2023;3;28;234000;475000;756;756;840;9
559135;SETOR HABITACIONAL JARDIM BOTANICO;SAO SEBASTIAO;60214;2023;3;29;674000;810000;1380;1380;920;3
559140;SETOR HABITACIONAL JARDIM BOTANICO;SAO SEBASTIAO;60214;2023;3;30;597000;721000;1200;1200;800;2
559437;SETOR HABITACIONAL JARDIM BOTANICO;SAO SEBASTIAO;60214;2023;3;31;559000;980000;1293;1293;862;11
559413;SETOR HABITACIONAL JARDIM BOTANICO;SAO SEBASTIAO;60214;2023;3;32;864000;1178322.01;2192.955;2192.955;1461.97;1
559591;SETOR HABITACIONAL JARDIM BOTANICO;SAO SEBASTIAO;60214;2023;3;33;525000;682501;1200;1200;800;2
510745;SETOR HABITACIONAL TAQUARI;LAGO NORTE;60211;2023;3;36;589000;767000;585.008;585.008;731.26;10
807381;PARANOÁ PARQUE;PARANOA;60221;2023;3;39;929000;961000;1872.381;3370.286;1872.381;1
807382;PARANOÁ PARQUE;PARANOA;60221;2023;3;40;892000;931000;1768.023;3182.441;1768.023;1
807383;PARANOÁ PARQUE;PARANOA;60221;2023;3;41;769000;770000;1458.886;2625.995;1458.886;2
62753;SETOR DE OFICINAS                            ;PLANALTINA;60224;2023;3;42;316000;600000;750;1050;500;5
242149;RECANTO DAS EMAS;RECANTO DAS EMAS;60216;2023;3;43;115000;120322.23;218.592;242.88;121.44;1
242150;RECANTO DAS EMAS;RECANTO DAS EMAS;60216;2023;3;44;108000;111111.11;203.814;226.46;113.23;1
819046;HABITACIONAL RIACHO FUNDO II;RIACHO FUNDO II;60217;2023;3;49;157000;189501;147;315;105;4
819047;HABITACIONAL RIACHO FUNDO II;RIACHO FUNDO II;60217;2023;3;50;157000;189501;147;315;105;3
806983;HABITACIONAL RIACHO FUNDO II;RIACHO FUNDO II;60223;2023;3;51;1280000;2451000;1906.786;3404.975;1361.99;2
186440;QN-SAMAMBAIA;SAMAMBAIA;60217;2023;3;52;452000;667000;761;1331.75;380.5;11
194646;QS-SAMAMBAIA;SAMAMBAIA;60217;2023;3;53;150000;233000;200;350;100;5
185855;QN-SAMAMBAIA;SAMAMBAIA;60219;2023;3;54;1110000;1207000;2591;3886.5;1295.5;2
185858;QN-SAMAMBAIA;SAMAMBAIA;60219;2023;3;57;1110000;1202900.97;2591;3886.5;1295.5;1
193012;QN-SAMAMBAIA;SAMAMBAIA;60220;2023;3;60;115000;142510;200;300;100;1
458539;QN-SAMAMBAIA;SAMAMBAIA;60220;2023;3;61;95900;106000;150;225;75;1
458544;QN-SAMAMBAIA;SAMAMBAIA;60220;2023;3;66;95900;101100;150;225;75;1
455967;QS-SAMAMBAIA;SAMAMBAIA;60220;2023;3;71;115000;120000;200;300;100;1
455968;QS-SAMAMBAIA;SAMAMBAIA;60220;2023;3;72;115000;126500;200;300;100;1
455969;QS-SAMAMBAIA;SAMAMBAIA;60220;2023;3;73;115000;131000;200;300;100;1
447203;SANTA MARIA                                  ;SANTA MARIA;60227;2023;3;79;99900;110000;270;486;270;2
589901;SOBRADINHO                                   ;SOBRADINHO;60214;2023;3;84;338000;408000;735;735;350;2
63209;SOBRADINHO                                   ;SOBRADINHO;60216;2023;3;85;971000;990099.99;800;800;400;1
600945;CENTRO ORIENT. E EDUC. RURAL - COER;SOBRADINHO;60220;2023;3;86;693000;720100.99;840.47;2185.222;840.47;1
240700;EXPANSAO ECONOMICA                           ;SOBRADINHO;60224;2023;3;91;476000;800000;742.5;990;990;3
470834;SETOR DE HABITACOES COLETIVAS ECONOMICAS SUL ;BRASILIA;1000;2023;4;1;155000;177000;12.25;12.25;12.25;2
67315;SETOR INDUSTRIAL I                           ;CEILANDIA;60223;2023;4;19;259000;551500;1800;1800;900;11
66456;SETOR INDUSTRIAL I                           ;CEILANDIA;60225;2023;4;20;103000;137900;472.5;472.5;315;3
66531;SETOR INDUSTRIAL I                           ;CEILANDIA;60225;2023;4;21;73300;82975;315;315;210;3
66532;SETOR INDUSTRIAL I                           ;CEILANDIA;60225;2023;4;22;73300;112000;315;315;210;4
66536;SETOR INDUSTRIAL I                           ;CEILANDIA;60225;2023;4;23;73300;82975;315;315;210;4
66538;SETOR INDUSTRIAL I                           ;CEILANDIA;60225;2023;4;24;73300;100105.97;315;315;210;6
60673;SETOR LESTE (COM);GAMA;60216;2023;4;26;202000;203100;450;900;225;1
594790;SETOR RESID INDUSTRIA E ABASTECIMENTO        ;GUARA;60214;2023;4;28;242000;403791.89;345.6;345.6;144;14
594845;SETOR RESID INDUSTRIA E ABASTECIMENTO        ;GUARA;60214;2023;4;29;230000;402971.98;325.704;325.704;135.71;10
595875;SETOR RESID INDUSTRIA E ABASTECIMENTO        ;GUARA;60222;2023;4;31;1320000;1510000;2700;3600;900;1
595876;SETOR RESID INDUSTRIA E ABASTECIMENTO        ;GUARA;60222;2023;4;32;1320000;1650000;2700;3600;900;1
559328;SETOR HABITACIONAL JARDIM BOTANICO;SAO SEBASTIAO;60214;2023;4;35;557000;1061111.11;1287.465;1287.465;858.31;7
807344;PARANOÁ PARQUE;PARANOA;60221;2023;4;37;813000;814000;1687.506;3037.511;1687.506;1
807345;PARANOÁ PARQUE;PARANOA;60221;2023;4;38;813000;818000;1687.505;3037.509;1687.505;1
807346;PARANOÁ PARQUE;PARANOA;60221;2023;4;39;787000;1160000;1615.504;2907.907;1615.504;2
819051;HABITACIONAL RIACHO FUNDO II;RIACHO FUNDO II;60217;2023;4;40;140000;165900;127.4;273;91;1
819052;HABITACIONAL RIACHO FUNDO II;RIACHO FUNDO II;60217;2023;4;41;140000;165900;127.4;273;91;2
819055;HABITACIONAL RIACHO FUNDO II;RIACHO FUNDO II;60217;2023;4;44;140000;165498.33;127.4;273;91;2
819057;HABITACIONAL RIACHO FUNDO II;RIACHO FUNDO II;60217;2023;4;46;140000;191000.99;127.4;273;91;1
819058;HABITACIONAL RIACHO FUNDO II;RIACHO FUNDO II;60217;2023;4;47;140000;191000.99;127.4;273;91;1
819059;HABITACIONAL RIACHO FUNDO II;RIACHO FUNDO II;60217;2023;4;48;140000;181900;127.4;273;91;2
590705;ADE OESTE - EXPANSÃO RESIDENCIAL OESTE DE SAMAMBAIA;SAMAMBAIA;60216;2023;4;50;127000;161001.99;300;600;150;1
81069;QS-SAMAMBAIA;SAMAMBAIA;60217;2023;4;59;1350000;1499999.99;2450;4165;1225;2
81070;QS-SAMAMBAIA;SAMAMBAIA;60217;2023;4;60;1350000;1740000;2450;4165;1225;5
81354;QS-SAMAMBAIA;SAMAMBAIA;60217;2023;4;62;940000;1188888.88;1557.9;3115.8;778.95;2
81933;QS-SAMAMBAIA;SAMAMBAIA;60217;2023;4;65;150000;152652;200;350;100;2
239146;QS-SAMAMBAIA;SAMAMBAIA;60218;2023;4;67;1030000;1112000.2;2400;3600;1200;1
465918;QN-SAMAMBAIA;SAMAMBAIA;60219;2023;4;73;325000;327077.77;1215;1822.5;607.5;1
76355;QS-SAMAMBAIA;SAMAMBAIA;60219;2023;4;78;1100000;1349000;2560;3840;1280;2
76356;QS-SAMAMBAIA;SAMAMBAIA;60219;2023;4;79;1100000;1349000;2560;3840;1280;4
76368;QS-SAMAMBAIA;SAMAMBAIA;60219;2023;4;80;636000;910031.05;1457.12;2185.68;728.56;2
462086;QN-SAMAMBAIA;SAMAMBAIA;60220;2023;4;83;242000;262050;512;768;256;1
462090;QN-SAMAMBAIA;SAMAMBAIA;60220;2023;4;87;242000;277902;768;768;256;1
466689;QN-SAMAMBAIA;SAMAMBAIA;60220;2023;4;88;896000;3750000;2078.12;3117.18;1039.06;5
466687;QN-SAMAMBAIA;SAMAMBAIA;60220;2023;4;88;643000;3750000;1472.56;2208.84;736.28;5
466686;QN-SAMAMBAIA;SAMAMBAIA;60220;2023;4;88;517000;3750000;1170.42;1755.63;585.21;5
466688;QN-SAMAMBAIA;SAMAMBAIA;60220;2023;4;88;697000;3750000;1602.94;2404.41;801.47;5
185338;QS-SAMAMBAIA;SAMAMBAIA;60220;2023;4;89;932000;1000000;2164.42;3246.63;1082.21;1
524836;AREA DE DESENVOLVIMENTO ECONOMICO SUL;SAMAMBAIA;60225;2023;4;96;118000;188813.19;400;400;200;4
66801;SETOR INDUSTRIAL I                           ;CEILANDIA;60225;2023;5;2;210000;271999.99;1400;1400;700;5
66803;SETOR INDUSTRIAL I                           ;CEILANDIA;60225;2023;5;3;210000;271999.99;1400;1400;700;6
66805;SETOR INDUSTRIAL I                           ;CEILANDIA;60225;2023;5;4;210000;353900;1400;1400;700;7
66807;SETOR INDUSTRIAL I                           ;CEILANDIA;60225;2023;5;5;210000;273000;1400;1400;700;3
66809;SETOR INDUSTRIAL I                           ;CEILANDIA;60225;2023;5;6;210000;353900;1400;1400;700;3
65650;SETOR INDUSTRIAL I                           ;CEILANDIA;60227;2023;5;7;35500;55101.2;120;120;60;4
65651;SETOR INDUSTRIAL I                           ;CEILANDIA;60227;2023;5;8;35500;51210.59;120;120;60;4
65652;SETOR INDUSTRIAL I                           ;CEILANDIA;60227;2023;5;9;35500;51210.36;120;120;60;1
65653;SETOR INDUSTRIAL I                           ;CEILANDIA;60227;2023;5;10;35500;51212.05;120;120;60;2
65654;SETOR INDUSTRIAL I                           ;CEILANDIA;60227;2023;5;11;35500;51482.11;120;120;60;2
65655;SETOR INDUSTRIAL I                           ;CEILANDIA;60227;2023;5;12;35500;53400;120;120;60;2
65656;SETOR INDUSTRIAL I                           ;CEILANDIA;60227;2023;5;13;35500;53399;120;120;60;1
65659;SETOR INDUSTRIAL I                           ;CEILANDIA;60227;2023;5;16;35500;40500;120;120;60;2
65660;SETOR INDUSTRIAL I                           ;CEILANDIA;60227;2023;5;17;35500;40500;120;120;60;2
507581;SETOR DE MULTIPLAS ATIVIDADES;GAMA;60224;2023;5;18;404000;479600;1006.37;1610.192;1006.37;2
507582;SETOR DE MULTIPLAS ATIVIDADES;GAMA;60224;2023;5;19;421000;526600;1072.37;1715.792;1072.37;2
490891;SETOR COMPLEMENTAR INDUSTRIA E ABASTECIMENTO;GUARA;60224;2023;5;20;3720000;3850000;4032;4704;2240;1
828990;SETOR HABITACIONAL ITAPOA - ITAPOA PARQUE - AV. ITAPOA PARQUE;ITAPOÃ;60222;2023;5;22;271000;511000;756;756;840;2
828991;SETOR HABITACIONAL ITAPOA - ITAPOA PARQUE - AV. ITAPOA PARQUE;ITAPOÃ;60222;2023;5;23;271000;510300;756;756;840;3
828992;SETOR HABITACIONAL ITAPOA - ITAPOA PARQUE - AV. ITAPOA PARQUE;ITAPOÃ;60222;2023;5;24;271000;501000;756;756;840;3
828993;SETOR HABITACIONAL ITAPOA - ITAPOA PARQUE - AV. ITAPOA PARQUE;ITAPOÃ;60222;2023;5;25;271000;503127;756;756;840;4
828994;SETOR HABITACIONAL ITAPOA - ITAPOA PARQUE - AV. ITAPOA PARQUE;ITAPOÃ;60222;2023;5;26;271000;313099.99;756;756;840;4
828995;SETOR HABITACIONAL ITAPOA - ITAPOA PARQUE - AV. ITAPOA PARQUE;ITAPOÃ;60222;2023;5;27;482000;728000;1404.9;1404.9;1561;4
244791;RECANTO DAS EMAS;RECANTO DAS EMAS;60216;2023;5;33;170000;170700;374.76;416.4;208.2;1
819155;HABITACIONAL RIACHO FUNDO II;RIACHO FUNDO II;60217;2023;5;36;157000;235000;147;315;105;7
819159;HABITACIONAL RIACHO FUNDO II;RIACHO FUNDO II;60217;2023;5;40;157000;210000;147;315;105;3
806990;HABITACIONAL RIACHO FUNDO II;RIACHO FUNDO II;60223;2023;5;42;2650000;3061000.99;4285.218;7652.175;3060.87;2
194632;QS-SAMAMBAIA;SAMAMBAIA;60217;2023;5;44;150000;186999.99;200;350;100;3
78480;QN-SAMAMBAIA;SAMAMBAIA;60219;2023;5;62;139000;141999.99;200;300;100;1
78481;QN-SAMAMBAIA;SAMAMBAIA;60219;2023;5;63;139000;143700.77;200;300;100;2
185880;QN-SAMAMBAIA;SAMAMBAIA;60219;2023;5;65;115000;120000;200;300;100;1
185881;QN-SAMAMBAIA;SAMAMBAIA;60219;2023;5;66;115000;117000;200;300;100;1
185884;QN-SAMAMBAIA;SAMAMBAIA;60219;2023;5;68;968000;1010100;2250;3375;1125;1
186423;QS-SAMAMBAIA;SAMAMBAIA;60219;2023;5;70;115000;169000;200;300;100;2
186424;QS-SAMAMBAIA;SAMAMBAIA;60219;2023;5;71;115000;169000;200;300;100;1
186425;QS-SAMAMBAIA;SAMAMBAIA;60219;2023;5;72;115000;169000;200;300;100;1
186426;QS-SAMAMBAIA;SAMAMBAIA;60219;2023;5;73;115000;169000;200;300;100;1
455634;QS-SAMAMBAIA;SAMAMBAIA;60220;2023;5;78;362000;371999.99;800;1200;400;2
463265;QS-SAMAMBAIA;SAMAMBAIA;60220;2023;5;80;780000;821003;1800;2700;900;1
525025;AREA DE DESENVOLVIMENTO ECONOMICO SUL;SAMAMBAIA;60227;2023;5;83;90700;125800;210;210;105;3
810421;BAIRRO SÃO BARTOLOMEU;SAO SEBASTIAO;60215;2023;5;84;371000;450110.1;879.334;879.334;382.319;1
810384;BAIRRO SÃO BARTOLOMEU;SAO SEBASTIAO;60217;2023;5;85;573000;575500;1221.228;1332.249;444.083;1
810397;BAIRRO SÃO BARTOLOMEU;SAO SEBASTIAO;60217;2023;5;86;393000;495353.1;828.443;903.756;301.252;3
810462;BAIRRO SÃO BARTOLOMEU;SAO SEBASTIAO;60217;2023;5;93;418000;435000;883.542;963.864;321.288;1
63208;SOBRADINHO                                   ;SOBRADINHO;60216;2023;5;94;1340000;2002000.88;1200;1200;600;5
213170;SETOR DE MATERIAL DE CONSTRUCAO              ;CEILANDIA;60225;2023;6;6;294000;498000.5;2100;2100;1050;2
66549;SETOR INDUSTRIAL I                           ;CEILANDIA;60225;2023;6;7;73300;108200;315;315;210;2
61452;SETOR SUL                                    ;GAMA;60216;2023;6;10;979000;1023456.78;4000;8000;2000;1
594230;SETOR RESID INDUSTRIA E ABASTECIMENTO        ;GUARA;60214;2023;6;16;267000;406501.01;345.6;345.6;144;7
594766;SETOR RESID INDUSTRIA E ABASTECIMENTO        ;GUARA;60214;2023;6;17;221000;406352.05;310.968;310.968;129.57;12
594917;SETOR RESID INDUSTRIA E ABASTECIMENTO        ;GUARA;60220;2023;6;18;325000;391100;484.608;484.608;201.92;4
510724;SETOR HABITACIONAL TAQUARI;LAGO NORTE;60211;2023;6;26;621000;940000;640;640;800;16
529048;RECANTO DAS EMAS;RECANTO DAS EMAS;60217;2023;6;30;215000;335001.01;517.5;661.25;287.5;3
242261;RECANTO DAS EMAS;RECANTO DAS EMAS;60217;2023;6;31;132000;132000;270;345;150;1
809571;HABITACIONAL RIACHO FUNDO II;RIACHO FUNDO II;60217;2023;6;35;397000;552552.55;436.674;935.73;311.91;1
809573;HABITACIONAL RIACHO FUNDO II;RIACHO FUNDO II;60217;2023;6;37;395000;552552.55;434.476;931.02;310.34;1
819277;HABITACIONAL RIACHO FUNDO II;RIACHO FUNDO II;60222;2023;6;44;598000;752000;756;1620;540;2
186490;QN-SAMAMBAIA;SAMAMBAIA;60217;2023;6;56;150000;166000;200;350;100;2
186491;QN-SAMAMBAIA;SAMAMBAIA;60217;2023;6;57;150000;157513;200;350;100;1
565006;QR-SAMAMBAIA;SAMAMBAIA;60217;2023;6;58;810000;960000;2480.87;2480.87;708.82;1
565007;QR-SAMAMBAIA;SAMAMBAIA;60217;2023;6;59;803000;1000000;2460.535;2460.535;703.01;1
565009;QR-SAMAMBAIA;SAMAMBAIA;60217;2023;6;60;1110000;1350000;3439.87;3439.87;982.82;1
76410;QN-SAMAMBAIA;SAMAMBAIA;60219;2023;6;61;1220000;1790999.99;2357.96;3536.94;1178.98;2
78482;QN-SAMAMBAIA;SAMAMBAIA;60219;2023;6;63;139000;180001.99;200;300;100;1
193297;QS-SAMAMBAIA;SAMAMBAIA;60219;2023;6;68;698000;1611000;1605.98;2408.97;802.99;2
465892;QS-SAMAMBAIA;SAMAMBAIA;60220;2023;6;79;69800;100000;300;300;100;3
467498;QS-SAMAMBAIA;SAMAMBAIA;60220;2023;6;80;176000;178500;352;528;176;3
467500;QS-SAMAMBAIA;SAMAMBAIA;60220;2023;6;82;176000;181500;352;528;176;1
468772;QS-SAMAMBAIA;SAMAMBAIA;60220;2023;6;83;71000;77000;205;307.5;102.5;1
63212;SOBRADINHO                                   ;SOBRADINHO;60217;2023;6;91;1270000;1819738;1200;1200;400;1
212182;BAIRRO AGUAS CLARAS;TAGUATINGA;60217;2023;7;1;636000;951000.9;360;600;300;11
57773;SETOR DE HABITACOES INDIVIDUAIS SUL          ;BRASILIA;60228;2023;7;8;2140000;7600000;840;840;1200;22
181097;SETOR N NORTE-QUADRA RESIDENCIAL             ;CEILANDIA;60217;2023;7;11;3670000;3850000;4364.7;13094.1;2182.35;1
64381;SETOR O NORTE                                ;CEILANDIA;60217;2023;7;12;1720000;2121000;5100;7650;2550;1
155144;SETOR O NORTE-QUADRA RESIDENCIAL             ;CEILANDIA;60219;2023;7;14;354000;354000;756;1134;378;1
213082;SETOR DE MATERIAL DE CONSTRUCAO              ;CEILANDIA;60225;2023;7;15;294000;2210000;2100;2100;1050;4
213084;SETOR DE MATERIAL DE CONSTRUCAO              ;CEILANDIA;60225;2023;7;16;294000;2200000;2100;2100;1050;6
61670;SETOR SUL                                    ;GAMA;60215;2023;7;26;141000;142800;625;625;312.5;1
61640;SETOR SUL                                    ;GAMA;60216;2023;7;27;191000;222000;625;1250;312.5;1
594209;SETOR RESID INDUSTRIA E ABASTECIMENTO        ;GUARA;60220;2023;7;31;263000;430000.01;380.765;380.765;158.652;5
595202;SETOR RESID INDUSTRIA E ABASTECIMENTO        ;GUARA;60215;2023;7;32;316000;472999.99;470.496;470.496;196.04;6
595203;SETOR RESID INDUSTRIA E ABASTECIMENTO        ;GUARA;60215;2023;7;33;238000;300000;339.648;339.648;141.52;4
595877;SETOR RESID INDUSTRIA E ABASTECIMENTO        ;GUARA;60222;2023;7;34;1320000;1501000.96;2700;3600;900;3
807350;PARANOÁ PARQUE;PARANOA;60221;2023;7;38;787000;851000;1615.504;2907.907;1615.504;1
807351;PARANOÁ PARQUE;PARANOA;60221;2023;7;39;804000;815000;1663.006;2993.411;1663.006;1
807354;PARANOÁ PARQUE;PARANOA;60221;2023;7;40;804000;810000;1663.004;2993.407;1663.004;1
807359;PARANOÁ PARQUE;PARANOA;60221;2023;7;41;804000;805000;1663.006;2993.411;1663.006;1
472404;AREA DE DESENVOLVIMENTO ECONOMICO;RECANTO DAS EMAS;60227;2023;7;53;319000;352100;1135.876;1135.876;283.969;2
195692;QR-SAMAMBAIA;SAMAMBAIA;60213;2023;7;57;1050000;1351000.97;1800;3150;900;2
195693;QR-SAMAMBAIA;SAMAMBAIA;60213;2023;7;58;1050000;1352000.97;1800;3150;900;2
81064;QS-SAMAMBAIA;SAMAMBAIA;60217;2023;7;63;1080000;1080960;1867.7;3175.09;933.85;1
81065;QS-SAMAMBAIA;SAMAMBAIA;60217;2023;7;64;1310000;1554400;2295.3;3902.01;1147.65;2
194671;QN-SAMAMBAIA;SAMAMBAIA;60219;2023;7;67;1320000;1550000.97;2460;3690;1230;1
190443;QS-SAMAMBAIA;SAMAMBAIA;60219;2023;7;70;143000;149999.99;200;300;100;2
190444;QS-SAMAMBAIA;SAMAMBAIA;60219;2023;7;71;143000;143999.99;200;300;100;2
190445;QS-SAMAMBAIA;SAMAMBAIA;60219;2023;7;72;143000;143999.99;200;300;100;1
190446;QS-SAMAMBAIA;SAMAMBAIA;60219;2023;7;73;143000;143999.99;200;300;100;1
461589;QS-SAMAMBAIA;SAMAMBAIA;60220;2023;7;78;1380000;1501000;4665.9;4665.9;1555.3;1
467506;QS-SAMAMBAIA;SAMAMBAIA;60220;2023;7;79;141000;141000;252;378;126;1
467508;QS-SAMAMBAIA;SAMAMBAIA;60220;2023;7;80;141000;148900;252;378;126;2
467509;QS-SAMAMBAIA;SAMAMBAIA;60220;2023;7;81;141000;148900;252;378;126;2
467510;QS-SAMAMBAIA;SAMAMBAIA;60220;2023;7;82;141000;148900;252;378;126;1
472714;BAIRRO AGUAS CLARAS-QS;TAGUATINGA;60227;2023;8;8;99700;145500;150;150;75;3
589831;SHCNW-SETOR DE HABITAÇÕES COLETIVAS NOROESTE;BRASILIA;1003;2023;8;9;202000;251777.71;20;20;20;2
807180;SHCNW-SETOR DE HABITAÇÕES COLETIVAS NOROESTE;BRASILIA;60033;2023;8;11;8710000;8710888.88;2831.4;2831.4;780;1
807160;SHCNW-SETOR DE HABITAÇÕES COLETIVAS NOROESTE;BRASILIA;60034;2023;8;14;8250000;8252000;4247.782;4247.782;1930.81;1
807161;SHCNW-SETOR DE HABITAÇÕES COLETIVAS NOROESTE;BRASILIA;60034;2023;8;15;8150000;8152000;4188.514;4188.514;1903.87;1
807162;SHCNW-SETOR DE HABITAÇÕES COLETIVAS NOROESTE;BRASILIA;60034;2023;8;16;14500000;14502000;8436.296;8436.296;3834.68;1
181156;SETOR N NORTE-QUADRA RESIDENCIAL             ;CEILANDIA;60217;2023;8;21;1920000;11720000;2000;6000;1000;1
181155;SETOR N NORTE-QUADRA RESIDENCIAL             ;CEILANDIA;60217;2023;8;21;1920000;11720000;2000;6000;1000;1
181157;SETOR N NORTE-QUADRA RESIDENCIAL             ;CEILANDIA;60217;2023;8;21;1920000;11720000;2000;6000;1000;1
181111;SETOR N NORTE-QUADRA RESIDENCIAL             ;CEILANDIA;60217;2023;8;21;1920000;11720000;2000;6000;1000;1
181110;SETOR N NORTE-QUADRA RESIDENCIAL             ;CEILANDIA;60217;2023;8;21;1920000;11720000;2000;6000;1000;1
181109;SETOR N NORTE-QUADRA RESIDENCIAL             ;CEILANDIA;60217;2023;8;21;1920000;11720000;2000;6000;1000;1
66329;SETOR INDUSTRIAL I                           ;CEILANDIA;60221;2023;8;23;65400;111210.67;366;366;183;7
66509;SETOR INDUSTRIAL I                           ;CEILANDIA;60225;2023;8;24;73300;84285.24;315;315;210;2
66510;SETOR INDUSTRIAL I                           ;CEILANDIA;60225;2023;8;25;73300;128000.9;315;315;210;3
66524;SETOR INDUSTRIAL I                           ;CEILANDIA;60225;2023;8;26;73300;101000.9;315;315;210;4
66525;SETOR INDUSTRIAL I                           ;CEILANDIA;60225;2023;8;27;73300;86000.22;315;315;210;2
66526;SETOR INDUSTRIAL I                           ;CEILANDIA;60225;2023;8;28;73300;110000;315;315;210;4
66527;SETOR INDUSTRIAL I                           ;CEILANDIA;60225;2023;8;29;73300;86000.22;315;315;210;2
66528;SETOR INDUSTRIAL I                           ;CEILANDIA;60225;2023;8;30;73300;90000;315;315;210;4
66530;SETOR INDUSTRIAL I                           ;CEILANDIA;60225;2023;8;31;73300;86000.22;315;315;210;2
66598;SETOR INDUSTRIAL I                           ;CEILANDIA;60225;2023;8;32;73300;86000.22;315;315;210;1
66599;SETOR INDUSTRIAL I                           ;CEILANDIA;60225;2023;8;33;73300;86000.22;315;315;210;1
67079;SETOR INDUSTRIAL I                           ;CEILANDIA;60225;2023;8;34;210000;4010000;1400;1400;700;5
67078;SETOR INDUSTRIAL I                           ;CEILANDIA;60225;2023;8;34;210000;4010000;1400;1400;700;5
67077;SETOR INDUSTRIAL I                           ;CEILANDIA;60225;2023;8;34;210000;4010000;1400;1400;700;5
67075;SETOR INDUSTRIAL I                           ;CEILANDIA;60225;2023;8;34;210000;4010000;1400;1400;700;5
67076;SETOR INDUSTRIAL I                           ;CEILANDIA;60225;2023;8;34;210000;4010000;1400;1400;700;5
67074;SETOR INDUSTRIAL I                           ;CEILANDIA;60225;2023;8;34;210000;4010000;1400;1400;700;5
67073;SETOR INDUSTRIAL I                           ;CEILANDIA;60225;2023;8;34;210000;4010000;1400;1400;700;5
67072;SETOR INDUSTRIAL I                           ;CEILANDIA;60225;2023;8;34;210000;4010000;1400;1400;700;5
67071;SETOR INDUSTRIAL I                           ;CEILANDIA;60225;2023;8;34;210000;4010000;1400;1400;700;5
67070;SETOR INDUSTRIAL I                           ;CEILANDIA;60225;2023;8;34;210000;4010000;1400;1400;700;5
67069;SETOR INDUSTRIAL I                           ;CEILANDIA;60225;2023;8;34;210000;4010000;1400;1400;700;5
67068;SETOR INDUSTRIAL I                           ;CEILANDIA;60225;2023;8;34;210000;4010000;1400;1400;700;5
67067;SETOR INDUSTRIAL I                           ;CEILANDIA;60225;2023;8;34;210000;4010000;1400;1400;700;5
67066;SETOR INDUSTRIAL I                           ;CEILANDIA;60225;2023;8;34;210000;4010000;1400;1400;700;5
493319;SETOR DE DESENVOLVIMENTO ECONOMICO CENTRO NORTE;CEILANDIA;60227;2023;8;35;136000;139001.99;300;300;150;1
493394;SETOR DE DESENVOLVIMENTO ECONOMICO CENTRO NORTE;CEILANDIA;60227;2023;8;36;172000;173000;400;400;200;2
213357;SETOR DE MATERIAL DE CONSTRUCAO              ;CEILANDIA;60227;2023;8;37;40300;93053.85;140;140;70;1
594719;SETOR RESID INDUSTRIA E ABASTECIMENTO        ;GUARA;60214;2023;8;39;291000;451020;427.944;427.944;178.31;9
595212;SETOR RESID INDUSTRIA E ABASTECIMENTO        ;GUARA;60214;2023;8;40;260000;432024.3;375.864;375.864;156.61;10
595685;SETOR RESID INDUSTRIA E ABASTECIMENTO        ;GUARA;60214;2023;8;41;242000;322000;345.6;345.6;144;5
559141;SETOR HABITACIONAL JARDIM BOTANICO;SAO SEBASTIAO;60214;2023;8;43;885000;997146;1661.91;1661.91;1107.94;1
559144;SETOR HABITACIONAL JARDIM BOTANICO;SAO SEBASTIAO;60214;2023;8;44;650000;805999.99;1173;1173;782;2
559145;SETOR HABITACIONAL JARDIM BOTANICO;SAO SEBASTIAO;60214;2023;8;45;720000;905000;1315.86;1315.86;877.24;1
559287;SETOR HABITACIONAL JARDIM BOTANICO;SAO SEBASTIAO;60214;2023;8;46;780000;826857;1597.665;1597.665;1065.11;1
510178;SETOR HABITACIONAL TAQUARI;LAGO NORTE;60211;2023;8;47;651000;651000;596.336;596.336;745.42;1
510746;SETOR HABITACIONAL TAQUARI;LAGO NORTE;60211;2023;8;48;681000;920000;640;640;800;4
242235;RECANTO DAS EMAS;RECANTO DAS EMAS;60217;2023;8;54;132000;133000;270;345;150;1
242265;RECANTO DAS EMAS;RECANTO DAS EMAS;60217;2023;8;55;132000;140000;270;345;150;2
454769;SETOR HABITACIONAL RIACHO FUNDO              ;RIACHO FUNDO;60219;2023;8;58;1040000;1100000;1650;2475;825;1
809783;HABITACIONAL RIACHO FUNDO II;RIACHO FUNDO II;60222;2023;8;59;93300;170000;105.644;150.92;75.46;1
184954;QR-SAMAMBAIA;SAMAMBAIA;60213;2023;8;60;876000;891000;1800;3150;900;1
508100;CENTRO URBANO;SAMAMBAIA;60217;2023;8;62;803000;1530000;932.88;1399.32;466.44;2
564851;CENTRO URBANO;SAMAMBAIA;60217;2023;8;63;472000;3306000;779.19;779.19;259.73;1
564853;CENTRO URBANO;SAMAMBAIA;60217;2023;8;63;472000;3306000;779.19;779.19;259.73;1
564854;CENTRO URBANO;SAMAMBAIA;60217;2023;8;63;472000;3306000;779.19;779.19;259.73;1
564852;CENTRO URBANO;SAMAMBAIA;60217;2023;8;63;472000;3306000;779.19;779.19;259.73;1
564856;CENTRO URBANO;SAMAMBAIA;60217;2023;8;63;472000;3306000;779.19;779.19;259.73;1
564857;CENTRO URBANO;SAMAMBAIA;60217;2023;8;63;472000;3306000;779.19;779.19;259.73;1
564855;CENTRO URBANO;SAMAMBAIA;60217;2023;8;63;472000;3306000;779.19;779.19;259.73;1
564873;CENTRO URBANO;SAMAMBAIA;60217;2023;8;64;583000;5917000;988.08;988.08;329.36;1
564872;CENTRO URBANO;SAMAMBAIA;60217;2023;8;64;583000;5917000;988.08;988.08;329.36;1
564871;CENTRO URBANO;SAMAMBAIA;60217;2023;8;64;609000;5917000;1037.04;1037.04;345.68;1
564870;CENTRO URBANO;SAMAMBAIA;60217;2023;8;64;613000;5917000;1044.21;1044.21;348.07;1
564879;CENTRO URBANO;SAMAMBAIA;60217;2023;8;64;601000;5917000;1021.35;1021.35;340.45;1
564875;CENTRO URBANO;SAMAMBAIA;60217;2023;8;64;583000;5917000;988.08;988.08;329.36;1
564876;CENTRO URBANO;SAMAMBAIA;60217;2023;8;64;583000;5917000;988.08;988.08;329.36;1
564874;CENTRO URBANO;SAMAMBAIA;60217;2023;8;64;583000;5917000;988.08;988.08;329.36;1
564878;CENTRO URBANO;SAMAMBAIA;60217;2023;8;64;594000;5917000;1008.63;1008.63;336.21;1
564877;CENTRO URBANO;SAMAMBAIA;60217;2023;8;64;583000;5917000;988.08;988.08;329.36;1
564895;CENTRO URBANO;SAMAMBAIA;60217;2023;8;65;574000;3100000;970.65;970.65;323.55;1
564894;CENTRO URBANO;SAMAMBAIA;60217;2023;8;65;581000;3100000;983.43;983.43;327.81;1
564893;CENTRO URBANO;SAMAMBAIA;60217;2023;8;65;581000;3100000;983.61;983.61;327.87;1
564892;CENTRO URBANO;SAMAMBAIA;60217;2023;8;65;581000;3100000;983.61;983.61;327.87;1
564891;CENTRO URBANO;SAMAMBAIA;60217;2023;8;65;549000;3100000;924.6;924.6;308.2;1
186403;QS-SAMAMBAIA;SAMAMBAIA;60217;2023;8;67;129000;175100;200;350;100;3
186478;QN-SAMAMBAIA;SAMAMBAIA;60219;2023;8;70;143000;186000;200;300;100;1
243894;QS-SAMAMBAIA;SAMAMBAIA;60219;2023;8;78;72000;78000;200;300;100;1
244424;QS-SAMAMBAIA;SAMAMBAIA;60219;2023;8;79;1040000;1127000;3920;5880;1960;2
190967;QS-SAMAMBAIA;SAMAMBAIA;60219;2023;8;80;193000;201000;300;450;150;1
81078;QS-SAMAMBAIA;SAMAMBAIA;60219;2023;8;81;193000;213999.99;300;450;150;2
458542;QN-SAMAMBAIA;SAMAMBAIA;60220;2023;8;85;99300;105300;150;225;75;1
460862;QN-SAMAMBAIA;SAMAMBAIA;60220;2023;8;87;298000;298004.05;619.6;929.4;309.8;1
524927;AREA DE DESENVOLVIMENTO ECONOMICO SUL;SAMAMBAIA;60227;2023;8;91;93600;103999.99;210;210;105;1
525015;AREA DE DESENVOLVIMENTO ECONOMICO SUL;SAMAMBAIA;60227;2023;8;92;93600;95000;210;210;105;1
525057;AREA DE DESENVOLVIMENTO ECONOMICO SUL;SAMAMBAIA;60227;2023;8;93;93600;122100;210;210;105;3
212551;BAIRRO AGUAS CLARAS;TAGUATINGA;60217;2023;9;1;2420000;3285333;1479.552;2465.92;1232.96;3
589715;SHCNW-SETOR DE HABITAÇÕES COLETIVAS NOROESTE;BRASILIA;1893;2023;9;2;19600000;31000000;6300;6300;1000;2
589716;SHCNW-SETOR DE HABITAÇÕES COLETIVAS NOROESTE;BRASILIA;1893;2023;9;3;19600000;33000000;6300;6300;1000;2
840632;SETOR DE EMBAIXADAS NORTE                    ;BRASILIA;60308;2023;9;8;16000000;19535000;9774.792;9774.792;8145.66;1
181154;SETOR N NORTE-QUADRA RESIDENCIAL             ;CEILANDIA;60217;2023;9;10;1920000;3840000;2000;6000;1000;1
181112;SETOR N NORTE-QUADRA RESIDENCIAL             ;CEILANDIA;60217;2023;9;10;1920000;3840000;2000;6000;1000;1
67316;SETOR INDUSTRIAL I                           ;CEILANDIA;60227;2023;9;16;63100;87777.77;240;240;120;6
67317;SETOR INDUSTRIAL I                           ;CEILANDIA;60227;2023;9;17;63100;74000;240;240;120;6
842609;COMP. URB. ALDEIAS DO CERRADO - QR 02 - RESIDENCIAL JACARANDAS;JARDIM BOTÂNICO;285;2023;9;20;306000;379600;432.68;432.68;432.68;5
842610;COMP. URB. ALDEIAS DO CERRADO - QR 02 - RESIDENCIAL JACARANDAS;JARDIM BOTÂNICO;285;2023;9;21;301000;361999.99;420;420;420;3
842611;COMP. URB. ALDEIAS DO CERRADO - QR 02 - RESIDENCIAL JACARANDAS;JARDIM BOTÂNICO;285;2023;9;22;301000;305900;420;420;420;1
842612;COMP. URB. ALDEIAS DO CERRADO - QR 02 - RESIDENCIAL JACARANDAS;JARDIM BOTÂNICO;285;2023;9;23;301000;351111.99;420;420;420;4
842613;COMP. URB. ALDEIAS DO CERRADO - QR 02 - RESIDENCIAL JACARANDAS;JARDIM BOTÂNICO;285;2023;9;24;301000;321500;420;420;420;3
842614;COMP. URB. ALDEIAS DO CERRADO - QR 02 - RESIDENCIAL JACARANDAS;JARDIM BOTÂNICO;285;2023;9;25;301000;321000.34;420;420;420;1
842616;COMP. URB. ALDEIAS DO CERRADO - QR 02 - RESIDENCIAL JACARANDAS;JARDIM BOTÂNICO;285;2023;9;27;301000;305150;420;420;420;1
842617;COMP. URB. ALDEIAS DO CERRADO - QR 02 - RESIDENCIAL JACARANDAS;JARDIM BOTÂNICO;285;2023;9;28;321000;326500;477.7;477.7;477.7;5
842620;COMP. URB. ALDEIAS DO CERRADO - QR 02 - RESIDENCIAL JACARANDAS;JARDIM BOTÂNICO;285;2023;9;31;329000;400000;503.26;503.26;503.26;6
842621;COMP. URB. ALDEIAS DO CERRADO - QR 02 - RESIDENCIAL JACARANDAS;JARDIM BOTÂNICO;285;2023;9;32;301000;332000;420;420;420;1
842622;COMP. URB. ALDEIAS DO CERRADO - QR 02 - RESIDENCIAL JACARANDAS;JARDIM BOTÂNICO;285;2023;9;33;301000;305070;420;420;420;3
842624;COMP. URB. ALDEIAS DO CERRADO - QR 02 - RESIDENCIAL JACARANDAS;JARDIM BOTÂNICO;285;2023;9;35;301000;302000;420;420;420;1
842626;COMP. URB. ALDEIAS DO CERRADO - QR 02 - RESIDENCIAL JACARANDAS;JARDIM BOTÂNICO;285;2023;9;37;301000;321010;420;420;420;2
842627;COMP. URB. ALDEIAS DO CERRADO - QR 02 - RESIDENCIAL JACARANDAS;JARDIM BOTÂNICO;285;2023;9;38;301000;341000;420;420;420;5
842628;COMP. URB. ALDEIAS DO CERRADO - QR 02 - RESIDENCIAL JACARANDAS;JARDIM BOTÂNICO;285;2023;9;39;306000;371600;435;435;435;6
842629;COMP. URB. ALDEIAS DO CERRADO - QR 02 - RESIDENCIAL JACARANDAS;JARDIM BOTÂNICO;285;2023;9;40;365000;465999.99;627.07;627.07;627.07;12
842630;COMP. URB. ALDEIAS DO CERRADO - QR 02 - RESIDENCIAL JACARANDAS;JARDIM BOTÂNICO;285;2023;9;41;367000;403790.9;631.54;631.54;631.54;4
559530;SETOR HABITACIONAL JARDIM BOTANICO;SAO SEBASTIAO;60214;2023;9;42;802000;880000.01;1757.235;1757.235;1171.49;1
559295;SETOR HABITACIONAL JARDIM BOTANICO;SAO SEBASTIAO;60214;2023;9;44;663000;781374.15;1323;1323;882;3
559319;SETOR HABITACIONAL JARDIM BOTANICO;SAO SEBASTIAO;60214;2023;9;45;609000;695214;1200;1200;800;5
807334;PARANOÁ PARQUE;PARANOA;60221;2023;9;49;866000;888777;1843.759;3318.766;1843.759;1
807340;PARANOÁ PARQUE;PARANOA;60221;2023;9;50;860000;960000.99;1825.006;3285.011;1825.006;2
840774;PARANOÁ PARQUE;PARANOA;60223;2023;9;56;3620000;3651000;16372.02;16372.02;8186.01;1
840775;PARANOÁ PARQUE;PARANOA;60223;2023;9;57;10400000;10441000;60697.22;60697.22;30348.61;2
451327;SETOR HABITACIONAL RIACHO FUNDO              ;RIACHO FUNDO;60217;2023;9;63;375000;461113.11;675;675;225;3
451330;SETOR HABITACIONAL RIACHO FUNDO              ;RIACHO FUNDO;60217;2023;9;64;375000;422000;675;675;225;3
451331;SETOR HABITACIONAL RIACHO FUNDO              ;RIACHO FUNDO;60217;2023;9;65;375000;422000;675;675;225;2
451338;SETOR HABITACIONAL RIACHO FUNDO              ;RIACHO FUNDO;60217;2023;9;66;375000;451000;675;675;225;3
452406;SETOR HABITACIONAL RIACHO FUNDO              ;RIACHO FUNDO;60217;2023;9;68;2440000;2700000.01;5512.5;7717.5;1837.5;1
564882;CENTRO URBANO;SAMAMBAIA;60217;2023;9;72;573000;3410000;967.95;967.95;322.65;1
564884;CENTRO URBANO;SAMAMBAIA;60217;2023;9;72;546000;3410000;918.06;918.06;306.02;1
564881;CENTRO URBANO;SAMAMBAIA;60217;2023;9;72;586000;3410000;992.91;992.91;330.97;1
564880;CENTRO URBANO;SAMAMBAIA;60217;2023;9;72;597000;3410000;1014.51;1014.51;338.17;1
564885;CENTRO URBANO;SAMAMBAIA;60217;2023;9;72;549000;3410000;923.34;923.34;307.78;1
564883;CENTRO URBANO;SAMAMBAIA;60217;2023;9;72;559000;3410000;942.99;942.99;314.33;1
564980;CENTRO URBANO;SAMAMBAIA;60217;2023;9;73;864000;886000;1008.54;1512.81;504.27;1
81081;QS-SAMAMBAIA;SAMAMBAIA;60217;2023;9;75;1640000;2150000;2886;4906.2;1443;3
466644;QS-SAMAMBAIA;SAMAMBAIA;60219;2023;9;76;72000;107000;200;300;100;1
239845;QS-SAMAMBAIA;SAMAMBAIA;60220;2023;9;84;81800;86100;100;150;50;1
246149;SANTA MARIA                                  ;SANTA MARIA;60218;2023;9;88;112000;112000;280;500;200;1
810438;BAIRRO SÃO BARTOLOMEU;SAO SEBASTIAO;60217;2023;9;91;356000;391599;847.341;924.372;308.124;2
810442;BAIRRO SÃO BARTOLOMEU;SAO SEBASTIAO;60217;2023;9;93;352000;365000;836.839;912.915;304.305;3
810443;BAIRRO SÃO BARTOLOMEU;SAO SEBASTIAO;60217;2023;9;94;346000;416050;822.528;897.303;299.101;4
810492;BAIRRO SÃO BARTOLOMEU;SAO SEBASTIAO;60217;2023;9;95;478000;533000;1148.95;1253.4;417.8;4
828901;BAIRRO CRIXÁ;SAO SEBASTIAO;60223;2023;9;97;994000;1821000;1050.037;1890.067;1050.037;1
63349;SETOR INDUSTRIAL                             ;SOBRADINHO;60224;2023;9;106;564000;651000;1400;1400;700;1
63350;SETOR INDUSTRIAL                             ;SOBRADINHO;60224;2023;9;107;564000;651000;1400;1400;700;1
63351;SETOR INDUSTRIAL                             ;SOBRADINHO;60224;2023;9;108;564000;651000;1400;1400;700;1
169189;BAIRRO AGUAS CLARAS-QS;TAGUATINGA;60219;2023;10;1;1380000;1877777.77;2379.84;2379.84;1189.92;3
65439;SETOR P NORTE-ENTREQUADRA                    ;CEILANDIA;60216;2023;10;5;67770;101000;80;160;40;4
156720;SETOR O NORTE-QUADRA RESIDENCIAL             ;CEILANDIA;60219;2023;10;7;354000;361000;756;1134;378;1
493542;SETOR DE DESENVOLVIMENTO ECONOMICO CENTRO NORTE;CEILANDIA;60227;2023;10;8;222000;235500;741.42;741.42;370.71;1
493497;SETOR DE DESENVOLVIMENTO ECONOMICO CENTRO NORTE;CEILANDIA;60224;2023;10;9;331000;486600;1200;1200;600;6
60669;SETOR LESTE INDUSTRIAL                       ;GAMA;60220;2023;10;12;611000;824850;3750;3750;1500;6
59524;SETOR RESID INDUSTRIA E ABASTECIMENTO        ;GUARA;1000;2023;10;13;189000;421100;45;45;45;5
593990;SETOR RESID INDUSTRIA E ABASTECIMENTO        ;GUARA;60215;2023;10;15;277000;318888.88;404.208;404.208;168.42;2
841314;SETOR RESID INDUSTRIA E ABASTECIMENTO        ;GUARA;60222;2023;10;16;668000;670105;886.815;886.815;591.21;1
841316;SETOR RESID INDUSTRIA E ABASTECIMENTO        ;GUARA;60222;2023;10;17;792000;794105;1057.74;1057.74;705.16;1
842636;COMP. URB. ALDEIAS DO CERRADO - QR 02 - RESIDENCIAL JACARANDAS;JARDIM BOTÂNICO;285;2023;10;25;301000;305000;420;420;420;1
842638;COMP. URB. ALDEIAS DO CERRADO - QR 02 - RESIDENCIAL JACARANDAS;JARDIM BOTÂNICO;285;2023;10;27;301000;324000;420;420;420;2
842639;COMP. URB. ALDEIAS DO CERRADO - QR 02 - RESIDENCIAL JACARANDAS;JARDIM BOTÂNICO;285;2023;10;28;330000;356000;505.93;505.93;505.93;4
842643;COMP. URB. ALDEIAS DO CERRADO - QR 02 - RESIDENCIAL JACARANDAS;JARDIM BOTÂNICO;285;2023;10;32;301000;315500;420;420;420;2
842646;COMP. URB. ALDEIAS DO CERRADO - QR 02 - RESIDENCIAL JACARANDAS;JARDIM BOTÂNICO;285;2023;10;35;301000;313300;420;420;420;1
842647;COMP. URB. ALDEIAS DO CERRADO - QR 02 - RESIDENCIAL JACARANDAS;JARDIM BOTÂNICO;285;2023;10;36;301000;305000.5;420;420;420;1
842653;COMP. URB. ALDEIAS DO CERRADO - QR 02 - RESIDENCIAL JACARANDAS;JARDIM BOTÂNICO;285;2023;10;42;318000;340113.26;469.47;469.47;469.47;3
842654;COMP. URB. ALDEIAS DO CERRADO - QR 02 - RESIDENCIAL JACARANDAS;JARDIM BOTÂNICO;285;2023;10;43;301000;301000;420;420;420;1
842655;COMP. URB. ALDEIAS DO CERRADO - QR 02 - RESIDENCIAL JACARANDAS;JARDIM BOTÂNICO;285;2023;10;44;301000;302000.13;420;420;420;1
842656;COMP. URB. ALDEIAS DO CERRADO - QR 02 - RESIDENCIAL JACARANDAS;JARDIM BOTÂNICO;285;2023;10;45;301000;301000;420;420;420;1
842657;COMP. URB. ALDEIAS DO CERRADO - QR 02 - RESIDENCIAL JACARANDAS;JARDIM BOTÂNICO;285;2023;10;46;301000;305050.01;420;420;420;1
842659;COMP. URB. ALDEIAS DO CERRADO - QR 02 - RESIDENCIAL JACARANDAS;JARDIM BOTÂNICO;285;2023;10;48;301000;308000;420;420;420;4
842661;COMP. URB. ALDEIAS DO CERRADO - QR 02 - RESIDENCIAL JACARANDAS;JARDIM BOTÂNICO;285;2023;10;50;301000;307000.09;420;420;420;1
842662;COMP. URB. ALDEIAS DO CERRADO - QR 02 - RESIDENCIAL JACARANDAS;JARDIM BOTÂNICO;285;2023;10;51;329000;340000;502.96;502.96;502.96;1
842663;COMP. URB. ALDEIAS DO CERRADO - QR 02 - RESIDENCIAL JACARANDAS;JARDIM BOTÂNICO;285;2023;10;52;320000;326601;475.64;475.64;475.64;1
842664;COMP. URB. ALDEIAS DO CERRADO - QR 02 - RESIDENCIAL JACARANDAS;JARDIM BOTÂNICO;285;2023;10;53;330000;333000;507.14;507.14;507.14;1
842667;COMP. URB. ALDEIAS DO CERRADO - QR 02 - RESIDENCIAL JACARANDAS;JARDIM BOTÂNICO;285;2023;10;56;301000;312123.99;420;420;420;1
842672;COMP. URB. ALDEIAS DO CERRADO - QR 02 - RESIDENCIAL JACARANDAS;JARDIM BOTÂNICO;285;2023;10;61;301000;305490;420;420;420;1
842673;COMP. URB. ALDEIAS DO CERRADO - QR 02 - RESIDENCIAL JACARANDAS;JARDIM BOTÂNICO;285;2023;10;62;324000;335123.45;487.47;487.47;487.47;1
842703;COMP. URB. ALDEIAS DO CERRADO - QR 02 - RESIDENCIAL JACARANDAS;JARDIM BOTÂNICO;285;2023;10;69;301000;303300;420;420;420;1
842704;COMP. URB. ALDEIAS DO CERRADO - QR 02 - RESIDENCIAL JACARANDAS;JARDIM BOTÂNICO;285;2023;10;70;301000;335300;420;420;420;1
842705;COMP. URB. ALDEIAS DO CERRADO - QR 02 - RESIDENCIAL JACARANDAS;JARDIM BOTÂNICO;285;2023;10;71;301000;305000;420;420;420;1
842709;COMP. URB. ALDEIAS DO CERRADO - QR 02 - RESIDENCIAL JACARANDAS;JARDIM BOTÂNICO;285;2023;10;75;301000;337100.98;420;420;420;1
842712;COMP. URB. ALDEIAS DO CERRADO - QR 02 - RESIDENCIAL JACARANDAS;JARDIM BOTÂNICO;285;2023;10;78;318000;328100;469.47;469.47;469.47;2
842713;COMP. URB. ALDEIAS DO CERRADO - QR 02 - RESIDENCIAL JACARANDAS;JARDIM BOTÂNICO;285;2023;10;79;302000;304000;422.79;422.79;422.79;1
842714;COMP. URB. ALDEIAS DO CERRADO - QR 02 - RESIDENCIAL JACARANDAS;JARDIM BOTÂNICO;285;2023;10;80;304000;324242.42;428.07;428.07;428.07;2
842715;COMP. URB. ALDEIAS DO CERRADO - QR 02 - RESIDENCIAL JACARANDAS;JARDIM BOTÂNICO;285;2023;10;81;324000;330000;487.47;487.47;487.47;1
842720;COMP. URB. ALDEIAS DO CERRADO - QR 02 - RESIDENCIAL JACARANDAS;JARDIM BOTÂNICO;285;2023;10;86;301000;331001.99;420;420;420;1
842721;COMP. URB. ALDEIAS DO CERRADO - QR 02 - RESIDENCIAL JACARANDAS;JARDIM BOTÂNICO;285;2023;10;87;301000;307015.4;420;420;420;1
842722;COMP. URB. ALDEIAS DO CERRADO - QR 02 - RESIDENCIAL JACARANDAS;JARDIM BOTÂNICO;285;2023;10;88;301000;308008.08;420;420;420;1
842723;COMP. URB. ALDEIAS DO CERRADO - QR 02 - RESIDENCIAL JACARANDAS;JARDIM BOTÂNICO;285;2023;10;89;301000;351010;420;420;420;1
842727;COMP. URB. ALDEIAS DO CERRADO - QR 02 - RESIDENCIAL JACARANDAS;JARDIM BOTÂNICO;285;2023;10;93;346000;446500;560.67;560.67;560.67;2
842728;COMP. URB. ALDEIAS DO CERRADO - QR 02 - RESIDENCIAL JACARANDAS;JARDIM BOTÂNICO;285;2023;10;94;307000;312000;438.17;438.17;438.17;1
510206;SETOR HABITACIONAL TAQUARI;LAGO NORTE;60211;2023;10;96;911000;973594;960;960;1200;1
807368;PARANOÁ PARQUE;PARANOA;60221;2023;10;100;6110000;6782100;15631.399;28136.518;15631.399;3
244997;RECANTO DAS EMAS;RECANTO DAS EMAS;60217;2023;10;101;1460000;1899000;3425.22;4757.25;1902.9;4
245001;RECANTO DAS EMAS;RECANTO DAS EMAS;60217;2023;10;102;238000;309999.99;493.776;630.936;274.32;2
809758;HABITACIONAL RIACHO FUNDO II;RIACHO FUNDO II;60222;2023;10;103;68500;110026;70;100;50;6
809818;HABITACIONAL RIACHO FUNDO II;RIACHO FUNDO II;60223;2023;10;104;53600;89100;52.542;75.06;37.53;4
71485;QR-SAMAMBAIA;SAMAMBAIA;60213;2023;10;105;1050000;1444444.44;1800;3150;900;1
77404;QR-SAMAMBAIA;SAMAMBAIA;60215;2023;10;106;179000;260000;386;386;193;3
187323;QS-SAMAMBAIA;SAMAMBAIA;60217;2023;10;109;155000;156000;200;350;100;2
76413;QN-SAMAMBAIA;SAMAMBAIA;60219;2023;10;112;971000;1012000;1800;2700;900;1
77183;QN-SAMAMBAIA;SAMAMBAIA;60219;2023;10;114;1340000;1666666.66;2498.78;3748.17;1249.39;2
465879;QS-SAMAMBAIA;SAMAMBAIA;60219;2023;10;125;203000;267777;707.5;1061.25;353.75;2
457477;QN-SAMAMBAIA;SAMAMBAIA;60220;2023;10;126;119000;132000;200;300;100;1
460883;QN-SAMAMBAIA;SAMAMBAIA;60220;2023;10;127;203000;204063.99;400;600;200;1
460827;QS-SAMAMBAIA;SAMAMBAIA;60220;2023;10;134;1140000;1200000;2568.96;3853.44;1284.48;1
460828;QS-SAMAMBAIA;SAMAMBAIA;60220;2023;10;135;1140000;1200000;2568.96;3853.44;1284.48;1
524885;AREA DE DESENVOLVIMENTO ECONOMICO SUL;SAMAMBAIA;60225;2023;10;136;127000;128012;420;420;210;1
525096;AREA DE DESENVOLVIMENTO ECONOMICO SUL;SAMAMBAIA;60227;2023;10;137;93600;95999.99;210;210;105;1
474405;AREA DES/ECONOMICO-AGUAS CLARAS;TAGUATINGA;60227;2023;11;1;195000;306000;300;300;150;3
212685;SETOR DE HAB COLETIVAS SUDOESTE              ;BRASILIA;1504;2023;11;2;614000;2053000;230.4;230.4;576;9
156776;SETOR O NORTE-QUADRA RESIDENCIAL             ;CEILANDIA;60219;2023;11;6;440000;440000;972;1458;486;1
65863;SETOR INDUSTRIAL I                           ;CEILANDIA;60221;2023;11;7;66300;86500;366;366;183;6
65864;SETOR INDUSTRIAL I                           ;CEILANDIA;60221;2023;11;8;66300;87500;366;366;183;5
66378;SETOR INDUSTRIAL I                           ;CEILANDIA;60225;2023;11;9;106000;180000;480.375;480.375;320.25;7
66520;SETOR INDUSTRIAL I                           ;CEILANDIA;60225;2023;11;10;74400;83900;315;315;210;1
66522;SETOR INDUSTRIAL I                           ;CEILANDIA;60225;2023;11;11;74400;106000;315;315;210;2
67062;SETOR INDUSTRIAL I                           ;CEILANDIA;60225;2023;11;13;214000;322222.22;1400;1400;700;8
595209;SETOR RESID INDUSTRIA E ABASTECIMENTO        ;GUARA;60214;2023;11;14;259000;373333.33;360;360;150;3
595210;SETOR RESID INDUSTRIA E ABASTECIMENTO        ;GUARA;60214;2023;11;15;259000;339000;360;360;150;4
595211;SETOR RESID INDUSTRIA E ABASTECIMENTO        ;GUARA;60214;2023;11;16;252000;369000;349.2;349.2;145.5;8
595214;SETOR RESID INDUSTRIA E ABASTECIMENTO        ;GUARA;60214;2023;11;17;276000;367777.77;387.48;387.48;161.45;7
595216;SETOR RESID INDUSTRIA E ABASTECIMENTO        ;GUARA;60214;2023;11;18;276000;401101.5;387.48;387.48;161.45;6
595223;SETOR RESID INDUSTRIA E ABASTECIMENTO        ;GUARA;60214;2023;11;19;305000;431101.5;434.52;434.52;181.05;8
595224;SETOR RESID INDUSTRIA E ABASTECIMENTO        ;GUARA;60214;2023;11;20;364000;602905.23;530.952;530.952;221.23;12
842432;COMP. URB. ALDEIAS DO CERRADO - QR 02 - RESIDENCIAL JACARANDAS;JARDIM BOTÂNICO;285;2023;11;29;301000;303000;420;420;420;1
842436;COMP. URB. ALDEIAS DO CERRADO - QR 02 - RESIDENCIAL JACARANDAS;JARDIM BOTÂNICO;285;2023;11;33;318000;330000;470.69;470.69;470.69;2
842495;COMP. URB. ALDEIAS DO CERRADO - QR 02 - RESIDENCIAL JACARANDAS;JARDIM BOTÂNICO;285;2023;11;34;351000;372500;577.53;577.53;577.53;3
842497;COMP. URB. ALDEIAS DO CERRADO - QR 02 - RESIDENCIAL JACARANDAS;JARDIM BOTÂNICO;285;2023;11;36;301000;309000;420;420;420;1
842498;COMP. URB. ALDEIAS DO CERRADO - QR 02 - RESIDENCIAL JACARANDAS;JARDIM BOTÂNICO;285;2023;11;37;301000;309000;420;420;420;1
842500;COMP. URB. ALDEIAS DO CERRADO - QR 02 - RESIDENCIAL JACARANDAS;JARDIM BOTÂNICO;285;2023;11;39;315000;315789.46;460.92;460.92;460.92;1
842505;COMP. URB. ALDEIAS DO CERRADO - QR 02 - RESIDENCIAL JACARANDAS;JARDIM BOTÂNICO;285;2023;11;44;324000;333800;487.92;487.92;487.92;1
842509;COMP. URB. ALDEIAS DO CERRADO - QR 02 - RESIDENCIAL JACARANDAS;JARDIM BOTÂNICO;285;2023;11;48;304000;308389;427.64;427.64;427.64;1
842510;COMP. URB. ALDEIAS DO CERRADO - QR 02 - RESIDENCIAL JACARANDAS;JARDIM BOTÂNICO;285;2023;11;49;305000;310000;430.77;430.77;430.77;1
842516;COMP. URB. ALDEIAS DO CERRADO - QR 02 - RESIDENCIAL JACARANDAS;JARDIM BOTÂNICO;285;2023;11;55;301000;308000;420;420;420;1
842524;COMP. URB. ALDEIAS DO CERRADO - QR 02 - RESIDENCIAL JACARANDAS;JARDIM BOTÂNICO;285;2023;11;63;338000;339000;532.27;532.27;532.27;1
842528;COMP. URB. ALDEIAS DO CERRADO - QR 02 - RESIDENCIAL JACARANDAS;JARDIM BOTÂNICO;285;2023;11;67;301000;302000;420;420;420;1
842536;COMP. URB. ALDEIAS DO CERRADO - QR 02 - RESIDENCIAL JACARANDAS;JARDIM BOTÂNICO;285;2023;11;75;301000;306704.22;420;420;420;1
842537;COMP. URB. ALDEIAS DO CERRADO - QR 02 - RESIDENCIAL JACARANDAS;JARDIM BOTÂNICO;285;2023;11;76;301000;311525.5;420;420;420;1
842539;COMP. URB. ALDEIAS DO CERRADO - QR 02 - RESIDENCIAL JACARANDAS;JARDIM BOTÂNICO;285;2023;11;78;301000;308525;420;420;420;1
842541;COMP. URB. ALDEIAS DO CERRADO - QR 02 - RESIDENCIAL JACARANDAS;JARDIM BOTÂNICO;285;2023;11;80;338000;351234.57;532.27;532.27;532.27;1
842542;COMP. URB. ALDEIAS DO CERRADO - QR 02 - RESIDENCIAL JACARANDAS;JARDIM BOTÂNICO;285;2023;11;81;338000;353001;532.27;532.27;532.27;1
242327;RECANTO DAS EMAS;RECANTO DAS EMAS;60216;2023;11;92;130000;135000;270;300;150;1
515151;RECANTO DAS EMAS;RECANTO DAS EMAS;60216;2023;11;97;706000;750000;1879.29;2088.1;1044.05;1
242266;RECANTO DAS EMAS;RECANTO DAS EMAS;60217;2023;11;98;137000;147777.77;270;345;150;1
76404;QN-SAMAMBAIA;SAMAMBAIA;60217;2023;11;103;155000;205001;200;350;100;3
191478;QN-SAMAMBAIA;SAMAMBAIA;60217;2023;11;104;155000;235000;200;350;100;2
239163;QS-SAMAMBAIA;SAMAMBAIA;60218;2023;11;107;938000;958000;2100;3150;1050;1
191547;QS-SAMAMBAIA;SAMAMBAIA;60219;2023;11;110;143000;145600;200;300;100;1
191548;QS-SAMAMBAIA;SAMAMBAIA;60219;2023;11;111;143000;145600;200;300;100;1
828903;BAIRRO CRIXÁ;SAO SEBASTIAO;60223;2023;11;120;1070000;1111000;1089.631;1961.336;1089.631;1
832621;SETOR HABITACIONAL VICENTE PIRES - TRECHO 01;VICENTE PIRES;60214;2023;11;123;565000;581003.49;1617;1617;808.5;1
825225;SETOR HABITACIONAL VICENTE PIRES - TRECHO 03;VICENTE PIRES;60214;2023;11;125;180000;310000;518.12;518.12;259.06;3
212452;BAIRRO AGUAS CLARAS;TAGUATINGA;60217;2023;13;1;8350000;15893000;7500;10500;1500;2
208811;BAIRRO AGUAS CLARAS;TAGUATINGA;60220;2023;13;2;7500000;13623000;5400;9000;1800;3
212781;SETOR DE HAB COLETIVAS SUDOESTE              ;BRASILIA;60556;2023;13;4;645000;2160000;864;864;576;5
212684;SETOR DE HAB COLETIVAS SUDOESTE              ;BRASILIA;60556;2023;13;5;971000;2498000;1269.435;1269.435;846.29;1
589643;SHCNW-SETOR DE HABITAÇÕES COLETIVAS NOROESTE;BRASILIA;1898;2023;13;7;8490000;8560000;4395.6;4395.6;1998;2
807172;SHCNW-SETOR DE HABITAÇÕES COLETIVAS NOROESTE;BRASILIA;60602;2023;13;9;5710000;7704200;300;300;1200;2
20151;SETOR DE MANSOES DO LAGO-INTERNA;BRASILIA;60212;2023;13;11;2160000;2188888.89;4000;4000;5000;1
531197;SETOR R NORTE-CNR;CEILANDIA;60215;2023;13;13;19600;27000;60;60;25;8
66330;SETOR INDUSTRIAL I                           ;CEILANDIA;60221;2023;13;15;66300;121119;366;366;183;2
66550;SETOR INDUSTRIAL I                           ;CEILANDIA;60225;2023;13;17;74400;101000;315;315;210;3
66551;SETOR INDUSTRIAL I                           ;CEILANDIA;60225;2023;13;18;74400;110500;315;315;210;4
66552;SETOR INDUSTRIAL I                           ;CEILANDIA;60225;2023;13;19;74400;101000;315;315;210;2
66613;SETOR INDUSTRIAL I                           ;CEILANDIA;60225;2023;13;20;74400;128300;315;315;210;3
66614;SETOR INDUSTRIAL I                           ;CEILANDIA;60225;2023;13;21;74400;125300;315;315;210;3
66615;SETOR INDUSTRIAL I                           ;CEILANDIA;60225;2023;13;22;74400;132500;315;315;210;3
67063;SETOR INDUSTRIAL I                           ;CEILANDIA;60225;2023;13;23;214000;341000.22;1400;1400;700;5
67064;SETOR INDUSTRIAL I                           ;CEILANDIA;60225;2023;13;24;214000;341000.22;1400;1400;700;5
67065;SETOR INDUSTRIAL I                           ;CEILANDIA;60225;2023;13;25;214000;341000.22;1400;1400;700;7
493346;SETOR DE DESENVOLVIMENTO ECONOMICO CENTRO NORTE;CEILANDIA;60227;2023;13;26;174000;222694.99;400;400;200;1
507224;SETOR DE MULTIPLAS ATIVIDADES;GAMA;60224;2023;13;27;254000;279400;360;576;360;3
507294;SETOR DE MULTIPLAS ATIVIDADES;GAMA;60224;2023;13;28;241000;277150;313.05;500.88;313.05;2
59530;SETOR RESID INDUSTRIA E ABASTECIMENTO        ;GUARA;1000;2023;13;29;189000;503150;45;45;45;4
828966;SETOR HABITACIONAL ITAPOA - ITAPOA PARQUE - AV. ITAPOA PARQUE;ITAPOÃ;60222;2023;13;32;271000;521000;756;756;840;2
828967;SETOR HABITACIONAL ITAPOA - ITAPOA PARQUE - AV. ITAPOA PARQUE;ITAPOÃ;60222;2023;13;33;271000;378000;756;756;840;1
828968;SETOR HABITACIONAL ITAPOA - ITAPOA PARQUE - AV. ITAPOA PARQUE;ITAPOÃ;60222;2023;13;34;271000;385000;756;756;840;2
828969;SETOR HABITACIONAL ITAPOA - ITAPOA PARQUE - AV. ITAPOA PARQUE;ITAPOÃ;60222;2023;13;35;482000;1410000;1404.9;1404.9;1561;6
828989;SETOR HABITACIONAL ITAPOA - ITAPOA PARQUE - AV. ITAPOA PARQUE;ITAPOÃ;60222;2023;13;36;271000;566000;756;756;840;2
842437;COMP. URB. ALDEIAS DO CERRADO - QR 02 - RESIDENCIAL JACARANDAS;JARDIM BOTÂNICO;285;2023;13;37;337000;352204.75;531.28;531.28;531.28;5
842438;COMP. URB. ALDEIAS DO CERRADO - QR 02 - RESIDENCIAL JACARANDAS;JARDIM BOTÂNICO;285;2023;13;38;304000;315099.99;427.45;427.45;427.45;2
842439;COMP. URB. ALDEIAS DO CERRADO - QR 02 - RESIDENCIAL JACARANDAS;JARDIM BOTÂNICO;285;2023;13;39;335000;345005;524.79;524.79;524.79;2
842471;COMP. URB. ALDEIAS DO CERRADO - QR 02 - RESIDENCIAL JACARANDAS;JARDIM BOTÂNICO;285;2023;13;53;342000;350000;547.53;547.53;547.53;1
842474;COMP. URB. ALDEIAS DO CERRADO - QR 02 - RESIDENCIAL JACARANDAS;JARDIM BOTÂNICO;285;2023;13;56;301000;313013.13;420;420;420;1
842475;COMP. URB. ALDEIAS DO CERRADO - QR 02 - RESIDENCIAL JACARANDAS;JARDIM BOTÂNICO;285;2023;13;57;301000;313013.13;420;420;420;1
842476;COMP. URB. ALDEIAS DO CERRADO - QR 02 - RESIDENCIAL JACARANDAS;JARDIM BOTÂNICO;285;2023;13;58;313000;313001;455.91;455.91;455.91;1
842477;COMP. URB. ALDEIAS DO CERRADO - QR 02 - RESIDENCIAL JACARANDAS;JARDIM BOTÂNICO;285;2023;13;59;313000;313001;455.91;455.91;455.91;1
842484;COMP. URB. ALDEIAS DO CERRADO - QR 02 - RESIDENCIAL JACARANDAS;JARDIM BOTÂNICO;285;2023;13;66;304000;310000.99;427.97;427.97;427.97;3
842487;COMP. URB. ALDEIAS DO CERRADO - QR 02 - RESIDENCIAL JACARANDAS;JARDIM BOTÂNICO;285;2023;13;69;304000;304000;427.97;427.97;427.97;1
842488;COMP. URB. ALDEIAS DO CERRADO - QR 02 - RESIDENCIAL JACARANDAS;JARDIM BOTÂNICO;285;2023;13;70;304000;304300;427.97;427.97;427.97;1
842489;COMP. URB. ALDEIAS DO CERRADO - QR 02 - RESIDENCIAL JACARANDAS;JARDIM BOTÂNICO;285;2023;13;71;304000;304300;427.97;427.97;427.97;1
842491;COMP. URB. ALDEIAS DO CERRADO - QR 02 - RESIDENCIAL JACARANDAS;JARDIM BOTÂNICO;285;2023;13;73;301000;340000;420;420;420;1
842492;COMP. URB. ALDEIAS DO CERRADO - QR 02 - RESIDENCIAL JACARANDAS;JARDIM BOTÂNICO;285;2023;13;74;301000;303999.99;420;420;420;1
452405;SETOR HABITACIONAL RIACHO FUNDO              ;RIACHO FUNDO;60217;2023;13;101;2750000;2776543;6300;8820;2100;1
452407;SETOR HABITACIONAL RIACHO FUNDO              ;RIACHO FUNDO;60217;2023;13;102;2750000;3150000;6300;8820;2100;1
809011;HABITACIONAL RIACHO FUNDO II;RIACHO FUNDO II;60217;2023;13;104;275000;275000;269.962;578.49;192.83;1
590712;ADE OESTE - EXPANSÃO RESIDENCIAL OESTE DE SAMAMBAIA;SAMAMBAIA;60216;2023;13;107;131000;150000;300;600;150;2
190996;QN-SAMAMBAIA;SAMAMBAIA;60219;2023;13;108;143000;152090;200;300;100;2
240091;QN-SAMAMBAIA;SAMAMBAIA;60219;2023;13;109;49500;50000;100;150;50;4
456921;QS-SAMAMBAIA;SAMAMBAIA;60219;2023;13;110;97100;98001;300;450;150;1
456928;QS-SAMAMBAIA;SAMAMBAIA;60219;2023;13;117;72000;85500;200;300;100;1
243333;QS-SAMAMBAIA;SAMAMBAIA;60219;2023;13;123;72000;80060.65;200;300;100;1
458812;QN-SAMAMBAIA;SAMAMBAIA;60220;2023;13;125;72000;122600;200;300;100;2
185072;QS-SAMAMBAIA;SAMAMBAIA;60220;2023;13;126;119000;145000;200;300;100;1
525034;AREA DE DESENVOLVIMENTO ECONOMICO SUL;SAMAMBAIA;60227;2023;13;129;93600;173600;210;210;105;3
828906;BAIRRO CRIXÁ;SAO SEBASTIAO;60223;2023;13;131;1330000;1501000;1366.146;2459.063;1366.146;2
826188;SETOR HABITACIONAL VICENTE PIRES - TRECHO 03;VICENTE PIRES;60214;2023;13;137;246000;321100.89;822.9;822.9;411.45;6
825000;SETOR HABITACIONAL VICENTE PIRES - TRECHO 03;VICENTE PIRES;60219;2023;13;138;574000;650000;584.46;1168.92;584.46;1
169124;BAIRRO AGUAS CLARAS-QS;TAGUATINGA;60219;2023;14;1;1310000;2350000.23;2240;2240;1120;1
589714;SHCNW-SETOR DE HABITAÇÕES COLETIVAS NOROESTE;BRASILIA;1893;2023;14;3;19600000;22755000;6300;6300;1000;2
21501;SETOR DE SUPERQUADRAS DUPLA SUL              ;BRASILIA;60402;2023;14;16;4940000;6104200;261.25;261.25;1045;1
181102;SETOR N NORTE-QUADRA RESIDENCIAL             ;CEILANDIA;60217;2023;14;23;3440000;3680000;4000;12000;2000;1
181104;SETOR N NORTE-QUADRA RESIDENCIAL             ;CEILANDIA;60217;2023;14;24;3440000;3680000;4000;12000;2000;1
840722;SETOR N NORTE-QUADRA RESIDENCIAL             ;CEILANDIA;60217;2023;14;29;928000;2500000;6138;6138;1023;4
840723;SETOR N NORTE-QUADRA RESIDENCIAL             ;CEILANDIA;60217;2023;14;30;928000;2575000;6138;6138;1023;7
67318;SETOR INDUSTRIAL I                           ;CEILANDIA;60227;2023;14;31;64100;101000.02;240;240;120;7
67319;SETOR INDUSTRIAL I                           ;CEILANDIA;60227;2023;14;32;64100;101000.01;240;240;120;6
595206;SETOR RESID INDUSTRIA E ABASTECIMENTO        ;GUARA;60214;2023;14;33;260000;402000;362.04;362.04;150.85;8
595207;SETOR RESID INDUSTRIA E ABASTECIMENTO        ;GUARA;60214;2023;14;34;259000;353000;360;360;150;7
595208;SETOR RESID INDUSTRIA E ABASTECIMENTO        ;GUARA;60214;2023;14;35;259000;375010;360;360;150;3
595215;SETOR RESID INDUSTRIA E ABASTECIMENTO        ;GUARA;60214;2023;14;36;269000;381566;376.68;376.68;156.95;10
595204;SETOR RESID INDUSTRIA E ABASTECIMENTO        ;GUARA;60215;2023;14;37;282000;395000;398.304;398.304;165.96;6
595205;SETOR RESID INDUSTRIA E ABASTECIMENTO        ;GUARA;60215;2023;14;38;454000;600230;676.344;676.344;281.81;3
842506;COMP. URB. ALDEIAS DO CERRADO - QR 02 - RESIDENCIAL JACARANDAS;JARDIM BOTÂNICO;285;2023;14;45;304000;304000;427.64;427.64;427.64;1
842508;COMP. URB. ALDEIAS DO CERRADO - QR 02 - RESIDENCIAL JACARANDAS;JARDIM BOTÂNICO;285;2023;14;47;304000;308017.22;427.64;427.64;427.64;1
842511;COMP. URB. ALDEIAS DO CERRADO - QR 02 - RESIDENCIAL JACARANDAS;JARDIM BOTÂNICO;285;2023;14;48;301000;301500;420;420;420;1
842512;COMP. URB. ALDEIAS DO CERRADO - QR 02 - RESIDENCIAL JACARANDAS;JARDIM BOTÂNICO;285;2023;14;49;301000;302000;420;420;420;1
842514;COMP. URB. ALDEIAS DO CERRADO - QR 02 - RESIDENCIAL JACARANDAS;JARDIM BOTÂNICO;285;2023;14;51;324000;342119.99;488.38;488.38;488.38;2
842615;COMP. URB. ALDEIAS DO CERRADO - QR 02 - RESIDENCIAL JACARANDAS;JARDIM BOTÂNICO;285;2023;14;52;301000;309500;420;420;420;1
842640;COMP. URB. ALDEIAS DO CERRADO - QR 02 - RESIDENCIAL JACARANDAS;JARDIM BOTÂNICO;285;2023;14;62;320000;321500;475.64;475.64;475.64;2
842645;COMP. URB. ALDEIAS DO CERRADO - QR 02 - RESIDENCIAL JACARANDAS;JARDIM BOTÂNICO;285;2023;14;66;301000;316212.99;420;420;420;2
842719;COMP. URB. ALDEIAS DO CERRADO - QR 02 - RESIDENCIAL JACARANDAS;JARDIM BOTÂNICO;285;2023;14;83;301000;302000;420;420;420;1
472454;AREA DE DESENVOLVIMENTO ECONOMICO;RECANTO DAS EMAS;60227;2023;14;101;140000;151000;451.8;451.8;112.95;1
508380;CENTRO URBANO;SAMAMBAIA;60217;2023;14;118;496000;532876;550;825;275;1
187322;QS-SAMAMBAIA;SAMAMBAIA;60217;2023;14;124;155000;175000;200;350;100;1
466702;QN-SAMAMBAIA;SAMAMBAIA;60219;2023;14;129;376000;436000;800;1200;400;2
77162;QS-SAMAMBAIA;SAMAMBAIA;60219;2023;14;130;648000;648500;1179.46;1769.19;589.73;1
81087;QS-SAMAMBAIA;SAMAMBAIA;60219;2023;14;131;807000;807050;1485;2227.5;742.5;1
239842;QS-SAMAMBAIA;SAMAMBAIA;60220;2023;14;136;81800;95000;100;150;50;2
814763;BAIRRO RESIDENCIAL OESTE;SAO SEBASTIAO;60216;2023;14;141;821000;1049000;1572.938;1887.525;629.175;1
828902;BAIRRO CRIXÁ;SAO SEBASTIAO;60223;2023;14;144;942000;960000;947.365;1705.257;947.365;1
807186;SHCNW-SETOR DE HABITAÇÕES COLETIVAS NOROESTE;BRASILIA;1000;2024;1;2;202000;215000;20;20;20;1
64438;SETOR O NORTE-ENTREQUADRA                    ;CEILANDIA;60222;2024;1;3;160000;213999.99;300;600;150;1
507337;SETOR DE MULTIPLAS ATIVIDADES;GAMA;60224;2024;1;5;218000;261600;236.8;378.88;236.8;2
507338;SETOR DE MULTIPLAS ATIVIDADES;GAMA;60224;2024;1;6;218000;260600;236.8;378.88;236.8;1
481849;POLO DE MODAS - SRIA/GUARA;GUARA;60216;2024;1;7;436000;449200;576;768;192;1
842453;COMP. URB. ALDEIAS DO CERRADO - QR 02 - RESIDENCIAL JACARANDAS;JARDIM BOTÂNICO;285;2024;1;8;337000;359099;531.28;531.28;531.28;3
842454;COMP. URB. ALDEIAS DO CERRADO - QR 02 - RESIDENCIAL JACARANDAS;JARDIM BOTÂNICO;285;2024;1;9;304000;304000;427.45;427.45;427.45;1
842455;COMP. URB. ALDEIAS DO CERRADO - QR 02 - RESIDENCIAL JACARANDAS;JARDIM BOTÂNICO;285;2024;1;10;335000;337000;524.79;524.79;524.79;1
842461;COMP. URB. ALDEIAS DO CERRADO - QR 02 - RESIDENCIAL JACARANDAS;JARDIM BOTÂNICO;285;2024;1;16;301000;301500;420;420;420;2
842464;COMP. URB. ALDEIAS DO CERRADO - QR 02 - RESIDENCIAL JACARANDAS;JARDIM BOTÂNICO;285;2024;1;19;341000;353000;541.65;541.65;541.65;1
842493;COMP. URB. ALDEIAS DO CERRADO - QR 02 - RESIDENCIAL JACARANDAS;JARDIM BOTÂNICO;285;2024;1;35;301000;307000.99;420;420;420;1
842619;COMP. URB. ALDEIAS DO CERRADO - QR 02 - RESIDENCIAL JACARANDAS;JARDIM BOTÂNICO;285;2024;1;37;310000;317000;445.1;445.1;445.1;2
559608;SETOR HABITACIONAL JARDIM BOTANICO;SAO SEBASTIAO;60214;2024;1;39;597000;905000;1240.2;1240.2;826.8;3
559543;SETOR HABITACIONAL JARDIM BOTANICO;SAO SEBASTIAO;60214;2024;1;40;639000;660000;1344.525;1344.525;896.35;1
559594;SETOR HABITACIONAL JARDIM BOTANICO;SAO SEBASTIAO;60214;2024;1;42;580000;879000;1200;1200;800;4
807352;PARANOÁ PARQUE;PARANOA;60221;2024;1;44;813000;1415000;1687.504;3037.507;1687.504;2
807353;PARANOÁ PARQUE;PARANOA;60221;2024;1;45;813000;1410000;1687.507;3037.513;1687.507;2
807355;PARANOÁ PARQUE;PARANOA;60221;2024;1;46;804000;1580000;1663.007;2993.413;1663.007;2
807356;PARANOÁ PARQUE;PARANOA;60221;2024;1;47;813000;1420000;1687.506;3037.511;1687.506;2
807357;PARANOÁ PARQUE;PARANOA;60221;2024;1;48;813000;1400000;1687.505;3037.509;1687.505;2
807358;PARANOÁ PARQUE;PARANOA;60221;2024;1;49;804000;1450000;1663.006;2993.411;1663.006;2
597718;EXPANSÃO DO SETOR RESIDENCIAL LESTE;PLANALTINA;60316;2024;1;50;2010000;3810000;200;200;800;3
479769;RECANTO DAS EMAS;RECANTO DAS EMAS;60217;2024;1;59;94000;165000;180;230;100;1
819279;HABITACIONAL RIACHO FUNDO II;RIACHO FUNDO II;60222;2024;1;63;617000;726000.05;756;1620;540;1
191579;QN-SAMAMBAIA;SAMAMBAIA;60219;2024;1;74;119000;120599;200;300;100;1
465326;QN-SAMAMBAIA;SAMAMBAIA;60219;2024;1;75;162000;201200;550;825;275;1
190475;QN-SAMAMBAIA;SAMAMBAIA;60219;2024;1;81;143000;265100;200;300;100;2
190476;QN-SAMAMBAIA;SAMAMBAIA;60219;2024;1;82;143000;211100;200;300;100;2
185067;QS-SAMAMBAIA;SAMAMBAIA;60220;2024;1;84;119000;123000;200;300;100;2
244542;QS-SAMAMBAIA;SAMAMBAIA;60220;2024;1;85;72000;72000;200;300;100;2
244548;QS-SAMAMBAIA;SAMAMBAIA;60220;2024;1;90;72000;72000;200;300;100;1
246656;SANTA MARIA                                  ;SANTA MARIA;60217;2024;1;92;1700000;1778000;2033.906;5811.16;1452.79;1
810416;BAIRRO SÃO BARTOLOMEU;SAO SEBASTIAO;60217;2024;1;94;547000;547015;1137.01;1240.374;413.458;1
810418;BAIRRO SÃO BARTOLOMEU;SAO SEBASTIAO;60217;2024;1;96;532000;537700;1104.983;1205.436;401.812;1
810461;BAIRRO SÃO BARTOLOMEU;SAO SEBASTIAO;60217;2024;1;98;431000;437700;890.956;971.952;323.984;1
600946;CENTRO ORIENT. E EDUC. RURAL - COER;SOBRADINHO;60220;2024;1;100;680000;687000;800.46;2081.196;800.46;1
823848;SETOR HABITACIONAL VICENTE PIRES - TRECHO 03;VICENTE PIRES;60214;2024;1;108;130000;202525;316.96;316.96;158.48;5
823850;SETOR HABITACIONAL VICENTE PIRES - TRECHO 03;VICENTE PIRES;60214;2024;1;109;130000;300000;315.46;315.46;157.73;4
840642;SETOR DE EMBAIXADAS NORTE                    ;BRASILIA;60308;2024;2;12;15800000;20888000;9551.472;9551.472;7959.56;1
180917;SETOR M NORTE-QUADRA RESIDENCIAL             ;CEILANDIA;60217;2024;2;14;2480000;2600000;8013;8013;1335.5;1
840721;SETOR N NORTE-QUADRA RESIDENCIAL             ;CEILANDIA;60217;2024;2;24;1070000;2250000;7326;7326;1221;1
154135;SETOR O NORTE-QUADRA RESIDENCIAL             ;CEILANDIA;60219;2024;2;26;357000;360500;756;1134;378;1
66019;SETOR INDUSTRIAL I                           ;CEILANDIA;60225;2024;2;27;74400;268000;315;315;210;3
66021;SETOR INDUSTRIAL I                           ;CEILANDIA;60225;2024;2;27;74400;268000;315;315;210;3
594230;SETOR RESID INDUSTRIA E ABASTECIMENTO        ;GUARA;60214;2024;2;28;250000;440000;345.6;345.6;144;20
842504;COMP. URB. ALDEIAS DO CERRADO - QR 02 - RESIDENCIAL JACARANDAS;JARDIM BOTÂNICO;285;2024;2;33;347000;350000;562.48;562.48;562.48;2
842635;COMP. URB. ALDEIAS DO CERRADO - QR 02 - RESIDENCIAL JACARANDAS;JARDIM BOTÂNICO;285;2024;2;40;301000;301150;420;420;420;1
842642;COMP. URB. ALDEIAS DO CERRADO - QR 02 - RESIDENCIAL JACARANDAS;JARDIM BOTÂNICO;285;2024;2;43;301000;301012.12;420;420;420;1
842729;COMP. URB. ALDEIAS DO CERRADO - QR 02 - RESIDENCIAL JACARANDAS;JARDIM BOTÂNICO;285;2024;2;64;330000;333510;508.08;508.08;508.08;1
840764;PARANOÁ PARQUE;PARANOA;60223;2024;2;70;1050000;2261000;4201.94;4201.94;2100.97;4
599079;SETOR RESIDENCIAL LESTE (SRL);PLANALTINA;60216;2024;2;74;44400;52132.27;120;120;60;1
573340;RECANTO DAS EMAS;RECANTO DAS EMAS;60217;2024;2;89;123000;124501;241.92;309.12;134.4;1
809574;HABITACIONAL RIACHO FUNDO II;RIACHO FUNDO II;60217;2024;2;102;414000;414500;435.778;933.81;311.27;1
809575;HABITACIONAL RIACHO FUNDO II;RIACHO FUNDO II;60217;2024;2;103;413000;422000;434;930;310;1
808565;HABITACIONAL RIACHO FUNDO II;RIACHO FUNDO II;60217;2024;2;106;392000;713000.99;409.178;876.81;292.27;6
455297;QS-SAMAMBAIA;SAMAMBAIA;60219;2024;2;143;161000;211100.01;300;450;150;1
80685;QS-SAMAMBAIA;SAMAMBAIA;60219;2024;2;152;203000;311111.11;400;600;200;1
458540;QN-SAMAMBAIA;SAMAMBAIA;60220;2024;2;159;99300;110000;150;225;75;1
458541;QN-SAMAMBAIA;SAMAMBAIA;60220;2024;2;160;99300;110000;150;225;75;1
458543;QN-SAMAMBAIA;SAMAMBAIA;60220;2024;2;161;99300;105000;150;225;75;1
185476;QS-SAMAMBAIA;SAMAMBAIA;60220;2024;2;166;485000;526501;1053;1579.5;526.5;1
185478;QS-SAMAMBAIA;SAMAMBAIA;60220;2024;2;167;129000;151100.01;224;336;112;1
461587;QS-SAMAMBAIA;SAMAMBAIA;60220;2024;2;172;2040000;2350000;6953.04;6953.04;2317.68;2
467292;QS-SAMAMBAIA;SAMAMBAIA;60220;2024;2;177;413000;420000;887.54;1331.31;443.77;1
467294;QS-SAMAMBAIA;SAMAMBAIA;60220;2024;2;178;406000;486600;870.6;1305.9;435.3;2
826268;SETOR HABITACIONAL VICENTE PIRES - TRECHO 03;VICENTE PIRES;60214;2024;2;180;244000;410000;812.52;812.52;406.26;4
838798;SETOR HABITACIONAL ARNIQUEIRA;ARNIQUEIRA;60214;2024;3;3;253000;333001;867.78;867.78;433.89;4
838890;SETOR HABITACIONAL ARNIQUEIRA;ARNIQUEIRA;60214;2024;3;6;243000;301400.9;831.54;831.54;415.77;2
839279;SETOR HABITACIONAL ARNIQUEIRA;ARNIQUEIRA;60214;2024;3;8;233000;365000.99;794.76;794.76;397.38;2
839291;SETOR HABITACIONAL ARNIQUEIRA;ARNIQUEIRA;60214;2024;3;9;237000;299000;810.98;810.98;405.49;4
839306;SETOR HABITACIONAL ARNIQUEIRA;ARNIQUEIRA;60214;2024;3;10;229000;302280;783.28;783.28;391.64;2
838462;SETOR HABITACIONAL ARNIQUEIRA;ARNIQUEIRA;60215;2024;3;11;437000;470000;1566.28;1566.28;783.14;1
838463;SETOR HABITACIONAL ARNIQUEIRA;ARNIQUEIRA;60215;2024;3;12;468000;495540;1687.74;1687.74;843.87;1
838743;SETOR HABITACIONAL ARNIQUEIRA;ARNIQUEIRA;60215;2024;3;13;226000;380000;769.34;769.34;384.67;5
838730;SETOR HABITACIONAL ARNIQUEIRA;ARNIQUEIRA;60215;2024;3;14;232000;232000;793.68;793.68;396.84;1
838733;SETOR HABITACIONAL ARNIQUEIRA;ARNIQUEIRA;60215;2024;3;15;231000;381000.89;788.16;788.16;394.08;4
839093;SETOR HABITACIONAL ARNIQUEIRA;ARNIQUEIRA;60215;2024;3;17;436000;662720;1561.28;1561.28;780.64;4
839106;SETOR HABITACIONAL ARNIQUEIRA;ARNIQUEIRA;60215;2024;3;18;435000;500000;1557.68;1557.68;778.84;3
154097;SETOR O NORTE-QUADRA RESIDENCIAL             ;CEILANDIA;60219;2024;3;26;357000;401528;756;1134;378;2
531167;SETOR R NORTE-CNR;CEILANDIA;60219;2024;3;28;21700;71200;75;75;25;6
65673;SETOR INDUSTRIAL I                           ;CEILANDIA;60223;2024;3;29;617000;1521000;5000;5000;2500;7
493093;SETOR DE DESENVOLVIMENTO ECONOMICO CENTRO NORTE;CEILANDIA;60224;2024;3;30;187000;210500;600;600;300;2
595217;SETOR RESID INDUSTRIA E ABASTECIMENTO        ;GUARA;60214;2024;3;32;276000;330000;387.48;387.48;161.45;5
595219;SETOR RESID INDUSTRIA E ABASTECIMENTO        ;GUARA;60214;2024;3;33;276000;550000;387.48;387.48;161.45;5
595221;SETOR RESID INDUSTRIA E ABASTECIMENTO        ;GUARA;60214;2024;3;34;276000;392800;387.48;387.48;161.45;10
595222;SETOR RESID INDUSTRIA E ABASTECIMENTO        ;GUARA;60214;2024;3;35;353000;556000;513.504;513.504;213.96;8
595823;SETOR RESID INDUSTRIA E ABASTECIMENTO        ;GUARA;60214;2024;3;36;330000;472000;475.608;475.608;198.17;4
595824;SETOR RESID INDUSTRIA E ABASTECIMENTO        ;GUARA;60214;2024;3;37;330000;445102;475.608;475.608;198.17;4
595862;SETOR RESID INDUSTRIA E ABASTECIMENTO        ;GUARA;60214;2024;3;38;295000;396106.01;418.32;418.32;174.3;5
595863;SETOR RESID INDUSTRIA E ABASTECIMENTO        ;GUARA;60214;2024;3;39;295000;396106.01;419.448;419.448;174.77;6
595850;SETOR RESID INDUSTRIA E ABASTECIMENTO        ;GUARA;60215;2024;3;40;290000;452000;411.528;411.528;171.47;9
595853;SETOR RESID INDUSTRIA E ABASTECIMENTO        ;GUARA;60215;2024;3;41;295000;423506.01;419.448;419.448;174.77;3
595854;SETOR RESID INDUSTRIA E ABASTECIMENTO        ;GUARA;60215;2024;3;42;295000;423506.01;418.32;418.32;174.3;1
595916;SETOR RESID INDUSTRIA E ABASTECIMENTO        ;GUARA;60221;2024;3;43;1350000;1613000;2700;3600;900;2
535560;SETOR DE INDUSTRIA E ABASTECIMENTO;GUARA;60223;2024;3;44;2250000;2506500;1782.03;2970.05;1188.02;3
842551;COMP. URB. ALDEIAS DO CERRADO - QR 02 - RESIDENCIAL JACARANDAS;JARDIM BOTÂNICO;285;2024;3;45;319000;330513;472.27;472.27;472.27;2
842558;COMP. URB. ALDEIAS DO CERRADO - QR 02 - RESIDENCIAL JACARANDAS;JARDIM BOTÂNICO;285;2024;3;52;301000;301080;420;420;420;1
842565;COMP. URB. ALDEIAS DO CERRADO - QR 02 - RESIDENCIAL JACARANDAS;JARDIM BOTÂNICO;285;2024;3;59;306000;306500;432.44;432.44;432.44;3
842660;COMP. URB. ALDEIAS DO CERRADO - QR 02 - RESIDENCIAL JACARANDAS;JARDIM BOTÂNICO;285;2024;3;69;301000;306126;420;420;420;1
242375;RECANTO DAS EMAS;RECANTO DAS EMAS;60217;2024;3;82;137000;137777.77;270;345;150;1
819188;HABITACIONAL RIACHO FUNDO II;RIACHO FUNDO II;60217;2024;3;86;150000;159000.07;132.3;283.5;94.5;1
809842;HABITACIONAL RIACHO FUNDO II;RIACHO FUNDO II;60223;2024;3;92;692000;826606;937.608;1540.356;669.72;1
590707;ADE OESTE - EXPANSÃO RESIDENCIAL OESTE DE SAMAMBAIA;SAMAMBAIA;60216;2024;3;95;131000;132000;300;600;150;1
508398;CENTRO URBANO;SAMAMBAIA;60217;2024;3;97;479000;516100;528;792;264;1
187691;QN-SAMAMBAIA;SAMAMBAIA;60217;2024;3;98;155000;236999.99;200;350;100;2
191574;QN-SAMAMBAIA;SAMAMBAIA;60219;2024;3;101;119000;119001;200;300;100;1
457882;QN-SAMAMBAIA;SAMAMBAIA;60220;2024;3;112;119000;126999.99;200;300;100;1
242757;QN-SAMAMBAIA;SAMAMBAIA;60220;2024;3;118;123000;128680;400;600;200;1
464690;QS-SAMAMBAIA;SAMAMBAIA;60220;2024;3;119;119000;129700;200;300;100;1
239847;QS-SAMAMBAIA;SAMAMBAIA;60220;2024;3;122;81800;91000;100;150;50;1
239741;QS-SAMAMBAIA;SAMAMBAIA;60220;2024;3;123;81800;126600;100;150;50;1
524997;AREA DE DESENVOLVIMENTO ECONOMICO SUL;SAMAMBAIA;60227;2024;3;130;122000;151000;300;300;150;2
810415;BAIRRO SÃO BARTOLOMEU;SAO SEBASTIAO;60217;2024;3;131;528000;601999.99;1097.429;1197.195;399.065;2
838672;SETOR HABITACIONAL ARNIQUEIRA;ARNIQUEIRA;60214;2024;4;1;230000;452962.56;787.14;787.14;393.57;7
839130;SETOR HABITACIONAL ARNIQUEIRA;ARNIQUEIRA;60214;2024;4;5;446000;566132;1601.66;1601.66;800.83;1
839142;SETOR HABITACIONAL ARNIQUEIRA;ARNIQUEIRA;60214;2024;4;6;444000;650000;1591.88;1591.88;795.94;5
839228;SETOR HABITACIONAL ARNIQUEIRA;ARNIQUEIRA;60215;2024;4;8;234000;361000;801.62;801.62;400.81;4
839233;SETOR HABITACIONAL ARNIQUEIRA;ARNIQUEIRA;60215;2024;4;9;433000;467087.98;1548.86;1548.86;774.43;1
839420;SETOR HABITACIONAL ARNIQUEIRA;ARNIQUEIRA;60215;2024;4;10;433000;461300;1550.02;1550.02;775.01;2
839456;SETOR HABITACIONAL ARNIQUEIRA;ARNIQUEIRA;60215;2024;4;13;230000;241001.3;785.02;785.02;392.51;2
839494;SETOR HABITACIONAL ARNIQUEIRA;ARNIQUEIRA;60215;2024;4;19;236000;311100;806.24;806.24;403.12;3
61764;CIDADE TRADICIONAL-SETOR ADMINISTRATIVO      ;BRAZLANDIA;60216;2024;4;22;441000;445000;1400;1400;700;1
155190;SETOR O NORTE-QUADRA RESIDENCIAL             ;CEILANDIA;60219;2024;4;24;377000;427000.1;808.5;1212.75;404.25;1
156729;SETOR O NORTE-QUADRA RESIDENCIAL             ;CEILANDIA;60219;2024;4;25;406000;501999.99;882;1323;441;1
213212;SETOR DE MATERIAL DE CONSTRUCAO              ;CEILANDIA;60225;2024;4;26;264000;958000;1800;1800;900;14
842424;COMP. URB. ALDEIAS DO CERRADO - QR 02 - RESIDENCIAL JACARANDAS;JARDIM BOTÂNICO;285;2024;4;27;311000;326550;449.12;449.12;449.12;1
842425;COMP. URB. ALDEIAS DO CERRADO - QR 02 - RESIDENCIAL JACARANDAS;JARDIM BOTÂNICO;285;2024;4;28;320000;336000;474.87;474.87;474.87;1
842550;COMP. URB. ALDEIAS DO CERRADO - QR 02 - RESIDENCIAL JACARANDAS;JARDIM BOTÂNICO;285;2024;4;31;338000;356361;532.27;532.27;532.27;4
210589;SETOR INDUSTRIAL BERNARDO SAYAO              ;NUCLEO BANDEIRANTE;60227;2024;4;60;743000;801130.61;382.5;517.5;225;2
807376;PARANOÁ PARQUE;PARANOA;60221;2024;4;63;916000;1505000;1798.631;3237.536;1798.631;2
245077;RECANTO DAS EMAS;RECANTO DAS EMAS;60217;2024;4;64;340000;400000;726.696;928.556;403.72;2
564954;CENTRO URBANO;SAMAMBAIA;60217;2024;4;70;596000;700000;675;1012.5;337.5;1
81571;QS-SAMAMBAIA;SAMAMBAIA;60217;2024;4;73;1570000;2156000;2765.52;4701.384;1382.76;3
81572;QS-SAMAMBAIA;SAMAMBAIA;60217;2024;4;74;1870000;2582000;3291.06;5594.802;1645.53;2
81940;QS-SAMAMBAIA;SAMAMBAIA;60217;2024;4;77;155000;216600;200;350;100;2
168346;QN-SAMAMBAIA;SAMAMBAIA;60218;2024;4;78;1120000;3536000;2076.44;3114.66;1038.22;11
460266;QN-SAMAMBAIA;SAMAMBAIA;60219;2024;4;79;119000;152500;200;300;100;1
238978;QN-SAMAMBAIA;SAMAMBAIA;60219;2024;4;81;81800;250500;100;150;50;5
185157;QS-SAMAMBAIA;SAMAMBAIA;60219;2024;4;82;156000;161000;289;433.5;144.5;1
166477;QS-SAMAMBAIA;SAMAMBAIA;60219;2024;4;83;188000;188000;290;435;145;1
246767;SANTA MARIA                                  ;SANTA MARIA;60217;2024;4;87;346000;350000;210;600;150;1
206123;SETOR G SUL-QUADRA COMERCIAL                 ;TAGUATINGA;60218;2024;4;97;2052000;2360000;1860;2790;930;1
839472;SETOR HABITACIONAL ARNIQUEIRA;ARNIQUEIRA;60215;2024;6;6;463000;464000;1664.8;1664.8;832.4;1
839487;SETOR HABITACIONAL ARNIQUEIRA;ARNIQUEIRA;60215;2024;6;8;441000;441001;1582.26;1582.26;791.13;1
57811;SETOR DE HABITACOES INDIVIDUAIS SUL          ;BRASILIA;1000;2024;6;12;226000;351009;17.5;17.5;17.5;6
212857;SETOR DE HAB COLETIVAS SUDOESTE              ;BRASILIA;60556;2024;6;13;1020000;2303000;864;864;576;4
156721;SETOR O NORTE-QUADRA RESIDENCIAL             ;CEILANDIA;60219;2024;6;20;376000;420500;756;1134;378;1
66335;SETOR INDUSTRIAL I                           ;CEILANDIA;60225;2024;6;21;113000;310000;480.375;480.375;320.25;3
66624;SETOR INDUSTRIAL I                           ;CEILANDIA;60225;2024;6;22;79600;121001.91;315;315;210;4
66626;SETOR INDUSTRIAL I                           ;CEILANDIA;60225;2024;6;23;79600;132000;315;315;210;7
66628;SETOR INDUSTRIAL I                           ;CEILANDIA;60225;2024;6;24;79600;131091;315;315;210;3
60246;SETOR CENTRAL                                ;GAMA;1000;2024;6;25;48500;61000;4;4;4;2
60271;SETOR CENTRAL                                ;GAMA;1000;2024;6;26;48500;61000;4;4;4;1
60192;SETOR CENTRAL                                ;GAMA;1000;2024;6;27;48500;50010;4;4;4;1
595695;SETOR RESID INDUSTRIA E ABASTECIMENTO        ;GUARA;60214;2024;6;28;352000;704000;511.08;511.08;212.95;16
595687;SETOR RESID INDUSTRIA E ABASTECIMENTO        ;GUARA;60220;2024;6;30;504000;515000;432;432;144;1
595915;SETOR RESID INDUSTRIA E ABASTECIMENTO        ;GUARA;60221;2024;6;36;1350000;1680000;2700;3600;900;1
842462;COMP. URB. ALDEIAS DO CERRADO - QR 02 - RESIDENCIAL JACARANDAS;JARDIM BOTÂNICO;285;2024;6;38;339000;372900;535.48;535.48;535.48;2
842463;COMP. URB. ALDEIAS DO CERRADO - QR 02 - RESIDENCIAL JACARANDAS;JARDIM BOTÂNICO;285;2024;6;39;308000;325530;439.91;439.91;439.91;1
842472;COMP. URB. ALDEIAS DO CERRADO - QR 02 - RESIDENCIAL JACARANDAS;JARDIM BOTÂNICO;285;2024;6;40;301000;312951;420;420;420;1
842473;COMP. URB. ALDEIAS DO CERRADO - QR 02 - RESIDENCIAL JACARANDAS;JARDIM BOTÂNICO;285;2024;6;41;301000;308000.05;420;420;420;1
842479;COMP. URB. ALDEIAS DO CERRADO - QR 02 - RESIDENCIAL JACARANDAS;JARDIM BOTÂNICO;285;2024;6;43;313000;315500;455.91;455.91;455.91;1
842523;COMP. URB. ALDEIAS DO CERRADO - QR 02 - RESIDENCIAL JACARANDAS;JARDIM BOTÂNICO;285;2024;6;45;338000;350001.5;532.27;532.27;532.27;1
559445;SETOR HABITACIONAL JARDIM BOTANICO;SAO SEBASTIAO;60214;2024;6;46;954000;1000111.19;2162.19;2162.19;1441.46;1
807380;PARANOÁ PARQUE;PARANOA;60221;2024;6;48;916000;1303000;1798.633;3237.539;1798.633;2
239135;QN-SAMAMBAIA;SAMAMBAIA;60219;2024;6;53;82900;90000;100;150;50;2
166177;QS-SAMAMBAIA;SAMAMBAIA;60219;2024;6;55;1850000;2850100;3420;5130;1710;2
185050;QS-SAMAMBAIA;SAMAMBAIA;60220;2024;6;59;849000;891000.13;1866.82;2800.23;933.41;1
185162;QS-SAMAMBAIA;SAMAMBAIA;60220;2024;6;60;608000;651000;1317.6;1976.4;658.8;1
185163;QS-SAMAMBAIA;SAMAMBAIA;60220;2024;6;61;614000;651000;1331.2;1996.8;665.6;2
464692;QS-SAMAMBAIA;SAMAMBAIA;60220;2024;6;62;121000;123758;200;300;100;1
474353;AREA DES/ECONOMICO-AGUAS CLARAS;TAGUATINGA;60224;2024;7;2;1503000;1759636;1600;1600;800;2
475110;AREA DES/ECONOMICO-AGUAS CLARAS;TAGUATINGA;60227;2024;7;3;195000;275000.5;300;300;150;7
839128;SETOR HABITACIONAL ARNIQUEIRA;ARNIQUEIRA;60214;2024;7;4;444000;1025000;1591.74;1591.74;795.87;50
839452;SETOR HABITACIONAL ARNIQUEIRA;ARNIQUEIRA;60215;2024;7;9;145000;160000;483.8;483.8;241.9;5
839458;SETOR HABITACIONAL ARNIQUEIRA;ARNIQUEIRA;60215;2024;7;11;122000;126000;401.92;401.92;200.96;1
839460;SETOR HABITACIONAL ARNIQUEIRA;ARNIQUEIRA;60215;2024;7;12;115000;190100;377.84;377.84;188.92;4
839463;SETOR HABITACIONAL ARNIQUEIRA;ARNIQUEIRA;60215;2024;7;13;233000;235000;795.78;795.78;397.89;1
839480;SETOR HABITACIONAL ARNIQUEIRA;ARNIQUEIRA;60215;2024;7;14;228000;240500.09;779.46;779.46;389.73;2
112737;SETOR DE HABITACOES INDIVIDUAIS NORTE        ;BRASILIA;60211;2024;7;16;1570000;1612012.12;1120;1120;800;1
114074;SETOR DE HABITACOES INDIVIDUAIS NORTE        ;BRASILIA;60211;2024;7;23;1420000;1602000;934.738;934.738;667.67;3
114080;SETOR DE HABITACOES INDIVIDUAIS NORTE        ;BRASILIA;60211;2024;7;25;1880000;10160000;1530.27;1530.27;1093.05;1
114081;SETOR DE HABITACOES INDIVIDUAIS NORTE        ;BRASILIA;60211;2024;7;25;1880000;10160000;1530.27;1530.27;1093.05;1
114076;SETOR DE HABITACOES INDIVIDUAIS NORTE        ;BRASILIA;60211;2024;7;25;1380000;10160000;888.062;888.062;634.33;1
114077;SETOR DE HABITACOES INDIVIDUAIS NORTE        ;BRASILIA;60211;2024;7;25;1380000;10160000;888.062;888.062;634.33;1
114078;SETOR DE HABITACOES INDIVIDUAIS NORTE        ;BRASILIA;60211;2024;7;25;1820000;10160000;1446.074;1446.074;1032.91;1
114079;SETOR DE HABITACOES INDIVIDUAIS NORTE        ;BRASILIA;60211;2024;7;25;1820000;10160000;1446.074;1446.074;1032.91;1
114087;SETOR DE HABITACOES INDIVIDUAIS NORTE        ;BRASILIA;60211;2024;7;26;1560000;1732000;1107.288;1107.288;790.92;2
55549;SETOR NORTE                                  ;BRAZLANDIA;60217;2024;7;31;1030000;1821000;2450;2450;1750;2
181042;SETOR N NORTE-QUADRA RESIDENCIAL             ;CEILANDIA;60217;2024;7;33;1220000;1220000;1080;3240;540;1
154098;SETOR O NORTE-QUADRA RESIDENCIAL             ;CEILANDIA;60219;2024;7;34;376000;380000;756;1134;378;1
213075;SETOR DE MATERIAL DE CONSTRUCAO              ;CEILANDIA;60225;2024;7;35;321000;1836000;2100;2100;1050;40
66476;SETOR INDUSTRIAL I                           ;CEILANDIA;60225;2024;7;36;111000;207700;472.5;472.5;315;3
66806;SETOR INDUSTRIAL I                           ;CEILANDIA;60225;2024;7;37;229000;339999;1400;1400;700;9
595859;SETOR RESID INDUSTRIA E ABASTECIMENTO        ;GUARA;60214;2024;7;40;346000;602500;478.704;478.704;199.46;5
595861;SETOR RESID INDUSTRIA E ABASTECIMENTO        ;GUARA;60214;2024;7;41;306000;450050;417.192;417.192;173.83;8
595866;SETOR RESID INDUSTRIA E ABASTECIMENTO        ;GUARA;60214;2024;7;42;292000;400000;395.472;395.472;164.78;13
595867;SETOR RESID INDUSTRIA E ABASTECIMENTO        ;GUARA;60214;2024;7;43;303000;446632.9;412.632;412.632;171.93;11
595868;SETOR RESID INDUSTRIA E ABASTECIMENTO        ;GUARA;60214;2024;7;44;283000;420000;380.544;380.544;158.56;12
595856;SETOR RESID INDUSTRIA E ABASTECIMENTO        ;GUARA;60215;2024;7;45;306000;401001;417.192;417.192;173.83;13
842515;COMP. URB. ALDEIAS DO CERRADO - QR 02 - RESIDENCIAL JACARANDAS;JARDIM BOTÂNICO;285;2024;7;46;338000;385255;532.27;532.27;532.27;4
842532;COMP. URB. ALDEIAS DO CERRADO - QR 02 - RESIDENCIAL JACARANDAS;JARDIM BOTÂNICO;285;2024;7;47;338000;385255;532.27;532.27;532.27;3
842533;COMP. URB. ALDEIAS DO CERRADO - QR 02 - RESIDENCIAL JACARANDAS;JARDIM BOTÂNICO;285;2024;7;48;338000;365000;532.27;532.27;532.27;6
842534;COMP. URB. ALDEIAS DO CERRADO - QR 02 - RESIDENCIAL JACARANDAS;JARDIM BOTÂNICO;285;2024;7;49;301000;315000;420;420;420;5
842535;COMP. URB. ALDEIAS DO CERRADO - QR 02 - RESIDENCIAL JACARANDAS;JARDIM BOTÂNICO;285;2024;7;50;301000;301000.05;420;420;420;1
559592;SETOR HABITACIONAL JARDIM BOTANICO;SAO SEBASTIAO;60214;2024;7;51;580000;750000.1;1200;1200;800;6
510193;SETOR HABITACIONAL TAQUARI;LAGO NORTE;60211;2024;7;52;911000;930000;960;960;1200;1
807370;PARANOÁ PARQUE;PARANOA;60221;2024;7;53;936000;1525000;1843.759;3318.766;1843.759;7
599069;SETOR RESIDENCIAL LESTE (SRL);PLANALTINA;60216;2024;7;54;44400;62200;120;120;60;5
242113;RECANTO DAS EMAS;RECANTO DAS EMAS;60216;2024;7;55;529000;530000;1107.288;1230.32;615.16;1
245155;RECANTO DAS EMAS;RECANTO DAS EMAS;60217;2024;7;56;111000;111000;216;276;120;1
245156;RECANTO DAS EMAS;RECANTO DAS EMAS;60217;2024;7;57;111000;117855;216;276;120;1
472916;AREA DE DESENVOLVIMENTO ECONOMICO;RECANTO DAS EMAS;60224;2024;7;60;310000;621000;1108.224;1108.224;346.32;4
194444;QR-SAMAMBAIA;SAMAMBAIA;60213;2024;7;63;1070000;1099999.99;1800;3150;900;1
508397;CENTRO URBANO;SAMAMBAIA;60217;2024;7;64;487000;10059000;528;792;264;1
508396;CENTRO URBANO;SAMAMBAIA;60217;2024;7;64;487000;10059000;528;792;264;1
508395;CENTRO URBANO;SAMAMBAIA;60217;2024;7;64;487000;10059000;528;792;264;1
508391;CENTRO URBANO;SAMAMBAIA;60217;2024;7;64;627000;10059000;700;1050;350;1
508390;CENTRO URBANO;SAMAMBAIA;60217;2024;7;64;627000;10059000;700;1050;350;1
508389;CENTRO URBANO;SAMAMBAIA;60217;2024;7;64;627000;10059000;700;1050;350;1
508388;CENTRO URBANO;SAMAMBAIA;60217;2024;7;64;627000;10059000;700;1050;350;1
508264;CENTRO URBANO;SAMAMBAIA;60217;2024;7;64;2850000;10059000;3156.16;5523.28;1578.08;1
508266;CENTRO URBANO;SAMAMBAIA;60217;2024;7;64;2850000;10059000;3156.16;5523.28;1578.08;1
508438;CENTRO URBANO;SAMAMBAIA;60217;2024;7;65;448000;493000;720;720;240;1
75590;QN-SAMAMBAIA;SAMAMBAIA;60217;2024;7;67;131000;240000;200;350;100;8
187688;QN-SAMAMBAIA;SAMAMBAIA;60217;2024;7;68;78300;359000;200;350;100;16
166502;QS-SAMAMBAIA;SAMAMBAIA;60217;2024;7;69;158000;158000;200;350;100;2
192237;QS-SAMAMBAIA;SAMAMBAIA;60217;2024;7;70;158000;165001;200;350;100;2
185059;QS-SAMAMBAIA;SAMAMBAIA;60219;2024;7;78;288000;288010;588.96;883.44;294.48;2
464694;QS-SAMAMBAIA;SAMAMBAIA;60219;2024;7;79;129000;129100;220;330;110;1
464696;QS-SAMAMBAIA;SAMAMBAIA;60219;2024;7;81;129000;192000;220;330;110;1
462771;QS-SAMAMBAIA;SAMAMBAIA;60220;2024;7;83;121000;126501.01;200;300;100;1
244545;QS-SAMAMBAIA;SAMAMBAIA;60220;2024;7;87;73100;73100;200;300;100;1
244547;QS-SAMAMBAIA;SAMAMBAIA;60220;2024;7;89;73100;76000;200;300;100;1
244782;QS-SAMAMBAIA;SAMAMBAIA;60220;2024;7;91;98700;105390;300;450;150;2
525051;AREA DE DESENVOLVIMENTO ECONOMICO SUL;SAMAMBAIA;60227;2024;7;92;95800;162360;210;210;105;12
845483;SANTA MARIA                                  ;SANTA MARIA;60224;2024;7;95;657000;900000;3430.06;3430.06;1715.03;3
845484;SANTA MARIA                                  ;SANTA MARIA;60224;2024;7;96;644000;701001;3336.66;3336.66;1668.33;1
810417;BAIRRO SÃO BARTOLOMEU;SAO SEBASTIAO;60217;2024;7;99;518000;524036.71;1074.959;1172.682;390.894;1
602352;SOBRADINHO                                   ;SOBRADINHO;60213;2024;7;100;2350000;2510900;4290;4290;715;1
209345;BAIRRO AGUAS CLARAS;TAGUATINGA;60219;2024;8;1;860000;2221100;408;816;408;9
212059;BAIRRO AGUAS CLARAS;TAGUATINGA;60220;2024;8;2;14400000;27199999;10800;18000;3600;5
839482;SETOR HABITACIONAL ARNIQUEIRA;ARNIQUEIRA;60215;2024;8;4;507000;511011.01;1637.22;1637.22;818.61;1
839486;SETOR HABITACIONAL ARNIQUEIRA;ARNIQUEIRA;60215;2024;8;5;491000;493000;1580.38;1580.38;790.19;1
839493;SETOR HABITACIONAL ARNIQUEIRA;ARNIQUEIRA;60215;2024;8;8;495000;500000;1595.86;1595.86;797.93;1
508630;SETOR DE HABITACOES INDIVIDUAIS NORTE        ;BRASILIA;60211;2024;8;10;2300000;2523100;1484;1484;1060;1
75126;SETOR DE HABITACOES INDIVIDUAIS SUL          ;BRASILIA;60222;2024;8;11;1720000;1753000;882;882;294;1
181045;SETOR N NORTE-QUADRA RESIDENCIAL             ;CEILANDIA;60217;2024;8;16;2030000;2401000;2000;6000;1000;1
152867;SETOR O NORTE-QUADRA RESIDENCIAL             ;CEILANDIA;60219;2024;8;18;679000;802100;1539;2308.5;769.5;2
213040;SETOR DE MATERIAL DE CONSTRUCAO              ;CEILANDIA;60225;2024;8;19;321000;640000.01;2100;2100;1050;2
213082;SETOR DE MATERIAL DE CONSTRUCAO              ;CEILANDIA;60225;2024;8;20;321000;1050000;2100;2100;1050;9
213084;SETOR DE MATERIAL DE CONSTRUCAO              ;CEILANDIA;60225;2024;8;21;321000;1050000;2100;2100;1050;7
60463;SETOR LESTE (COM);GAMA;60216;2024;8;22;208000;211111.11;450;900;225;1
507345;SETOR DE MULTIPLAS ATIVIDADES;GAMA;60224;2024;8;23;213000;236000;220;352;220;4
595747;SETOR RESID INDUSTRIA E ABASTECIMENTO        ;GUARA;60214;2024;8;25;285000;360000;384;384;160;11
595748;SETOR RESID INDUSTRIA E ABASTECIMENTO        ;GUARA;60214;2024;8;26;285000;375000;384;384;160;5
595858;SETOR RESID INDUSTRIA E ABASTECIMENTO        ;GUARA;60214;2024;8;27;350000;403000;484.752;484.752;201.98;5
595860;SETOR RESID INDUSTRIA E ABASTECIMENTO        ;GUARA;60214;2024;8;28;341000;501002;470.928;470.928;196.22;7
595864;SETOR RESID INDUSTRIA E ABASTECIMENTO        ;GUARA;60214;2024;8;29;308000;432014.77;420.576;420.576;175.24;4
595865;SETOR RESID INDUSTRIA E ABASTECIMENTO        ;GUARA;60214;2024;8;30;309000;453005.99;421.704;421.704;175.71;6
595851;SETOR RESID INDUSTRIA E ABASTECIMENTO        ;GUARA;60215;2024;8;31;309000;455477.12;421.704;421.704;175.71;1
595852;SETOR RESID INDUSTRIA E ABASTECIMENTO        ;GUARA;60215;2024;8;32;308000;430220;420.576;420.576;175.24;4
595857;SETOR RESID INDUSTRIA E ABASTECIMENTO        ;GUARA;60215;2024;8;33;344000;558143.34;475.68;475.68;198.2;11
842502;COMP. URB. ALDEIAS DO CERRADO - QR 02 - RESIDENCIAL JACARANDAS;JARDIM BOTÂNICO;285;2024;8;40;315000;331326;460.92;460.92;460.92;3
842507;COMP. URB. ALDEIAS DO CERRADO - QR 02 - RESIDENCIAL JACARANDAS;JARDIM BOTÂNICO;285;2024;8;42;304000;321652;427.64;427.64;427.64;8
842513;COMP. URB. ALDEIAS DO CERRADO - QR 02 - RESIDENCIAL JACARANDAS;JARDIM BOTÂNICO;285;2024;8;43;301000;316199;420;420;420;5
842540;COMP. URB. ALDEIAS DO CERRADO - QR 02 - RESIDENCIAL JACARANDAS;JARDIM BOTÂNICO;285;2024;8;45;301000;315000;420;420;420;1
842543;COMP. URB. ALDEIAS DO CERRADO - QR 02 - RESIDENCIAL JACARANDAS;JARDIM BOTÂNICO;285;2024;8;46;301000;341000;420;420;420;2
842544;COMP. URB. ALDEIAS DO CERRADO - QR 02 - RESIDENCIAL JACARANDAS;JARDIM BOTÂNICO;285;2024;8;47;301000;306100;420;420;420;2
842545;COMP. URB. ALDEIAS DO CERRADO - QR 02 - RESIDENCIAL JACARANDAS;JARDIM BOTÂNICO;285;2024;8;48;301000;306100;420;420;420;1
842546;COMP. URB. ALDEIAS DO CERRADO - QR 02 - RESIDENCIAL JACARANDAS;JARDIM BOTÂNICO;285;2024;8;49;301000;306100;420;420;420;1
842547;COMP. URB. ALDEIAS DO CERRADO - QR 02 - RESIDENCIAL JACARANDAS;JARDIM BOTÂNICO;285;2024;8;50;301000;303913.13;420;420;420;1
807375;PARANOÁ PARQUE;PARANOA;60221;2024;8;57;936000;1605000;1843.752;3318.754;1843.752;3
242227;RECANTO DAS EMAS;RECANTO DAS EMAS;60217;2024;8;60;137000;180007;270;345;150;2
818814;HABITACIONAL RIACHO FUNDO II;RIACHO FUNDO II;60224;2024;8;72;936000;1100000;1386;1386;990;1
80338;QI-SAMAMBAIA;SAMAMBAIA;60218;2024;8;73;274000;705000;400;560;200;6
464710;QN-SAMAMBAIA;SAMAMBAIA;60220;2024;8;78;217000;256000;750;1125;375;2
464668;QS-SAMAMBAIA;SAMAMBAIA;60220;2024;8;81;121000;137000;200;300;100;1
464669;QS-SAMAMBAIA;SAMAMBAIA;60220;2024;8;82;121000;137000;200;300;100;1
464670;QS-SAMAMBAIA;SAMAMBAIA;60220;2024;8;83;121000;126000;200;300;100;1
464671;QS-SAMAMBAIA;SAMAMBAIA;60220;2024;8;84;121000;137000;200;300;100;1
464672;QS-SAMAMBAIA;SAMAMBAIA;60220;2024;8;85;121000;137000;200;300;100;2
63201;SOBRADINHO                                   ;SOBRADINHO;60216;2024;8;89;1350000;1892000;1200;1200;600;2
62895;SOBRADINHO                                   ;SOBRADINHO;60223;2024;8;90;4962000;4967000;4500;6000;2500;1
206147;SETOR G SUL-QUADRA COMERCIAL                 ;TAGUATINGA;60225;2024;8;94;7140000;10210000;12650.6;12650.6;6325.3;2
209393;BAIRRO AGUAS CLARAS;TAGUATINGA;60219;2024;10;1;860000;865020;408;816;408;1
112740;SETOR DE HABITACOES INDIVIDUAIS NORTE        ;BRASILIA;60211;2024;10;4;1260000;1260000;756;756;540;1
112741;SETOR DE HABITACOES INDIVIDUAIS NORTE        ;BRASILIA;60211;2024;10;5;1260000;1261000;756;756;540;1
54743;SETOR BANCARIO NORTE                         ;BRASILIA;60475;2024;10;10;19300000;19519122.05;528.75;528.75;528.75;1
198740;SETOR M NORTE-QUADRA RESIDENCIAL             ;CEILANDIA;60220;2024;10;27;341000;430000;500;1000;250;1
66606;SETOR INDUSTRIAL I                           ;CEILANDIA;60225;2024;10;29;79600;155500;315;315;210;5
66608;SETOR INDUSTRIAL I                           ;CEILANDIA;60225;2024;10;30;79600;145500;315;315;210;6
66610;SETOR INDUSTRIAL I                           ;CEILANDIA;60225;2024;10;31;79600;136000;315;315;210;4
66623;SETOR INDUSTRIAL I                           ;CEILANDIA;60225;2024;10;32;79600;137400;315;315;210;7
66693;SETOR INDUSTRIAL I                           ;CEILANDIA;60225;2024;10;33;229000;902900;1400;1400;700;8
594704;SETOR RESID INDUSTRIA E ABASTECIMENTO        ;GUARA;60214;2024;10;34;313000;502552;427.944;427.944;178.31;9
594790;SETOR RESID INDUSTRIA E ABASTECIMENTO        ;GUARA;60214;2024;10;35;260000;415999.99;345.6;345.6;144;13
595721;SETOR RESID INDUSTRIA E ABASTECIMENTO        ;GUARA;60214;2024;10;36;260000;403000;345.6;345.6;144;8
595775;SETOR RESID INDUSTRIA E ABASTECIMENTO        ;GUARA;60214;2024;10;37;288000;305000;388.8;388.8;162;2
595805;SETOR RESID INDUSTRIA E ABASTECIMENTO        ;GUARA;60214;2024;10;38;271000;421000;361.776;361.776;150.74;8
595832;SETOR RESID INDUSTRIA E ABASTECIMENTO        ;GUARA;60214;2024;10;39;295000;371100;399.6;399.6;166.5;3
595833;SETOR RESID INDUSTRIA E ABASTECIMENTO        ;GUARA;60214;2024;10;40;295000;421156;399.6;399.6;166.5;3
595834;SETOR RESID INDUSTRIA E ABASTECIMENTO        ;GUARA;60214;2024;10;41;295000;406674.2;399.6;399.6;166.5;3
595835;SETOR RESID INDUSTRIA E ABASTECIMENTO        ;GUARA;60214;2024;10;42;288000;477777.77;388.8;388.8;162;6
595813;SETOR RESID INDUSTRIA E ABASTECIMENTO        ;GUARA;60215;2024;10;43;340000;350000;469.08;469.08;195.45;2
595917;SETOR RESID INDUSTRIA E ABASTECIMENTO        ;GUARA;60221;2024;10;45;1400000;1814100;2700;3600;900;4
842485;COMP. URB. ALDEIAS DO CERRADO - QR 02 - RESIDENCIAL JACARANDAS;JARDIM BOTÂNICO;285;2024;10;49;304000;331808.88;427.97;427.97;427.97;1
842553;COMP. URB. ALDEIAS DO CERRADO - QR 02 - RESIDENCIAL JACARANDAS;JARDIM BOTÂNICO;285;2024;10;54;301000;320510.6;420;420;420;1
842554;COMP. URB. ALDEIAS DO CERRADO - QR 02 - RESIDENCIAL JACARANDAS;JARDIM BOTÂNICO;285;2024;10;55;319000;319102;472.27;472.27;472.27;1
842566;COMP. URB. ALDEIAS DO CERRADO - QR 02 - RESIDENCIAL JACARANDAS;JARDIM BOTÂNICO;285;2024;10;56;301000;350099;420;420;420;1
842567;COMP. URB. ALDEIAS DO CERRADO - QR 02 - RESIDENCIAL JACARANDAS;JARDIM BOTÂNICO;285;2024;10;57;301000;319101;420;420;420;1
842568;COMP. URB. ALDEIAS DO CERRADO - QR 02 - RESIDENCIAL JACARANDAS;JARDIM BOTÂNICO;285;2024;10;58;301000;325570;420;420;420;3
842570;COMP. URB. ALDEIAS DO CERRADO - QR 02 - RESIDENCIAL JACARANDAS;JARDIM BOTÂNICO;285;2024;10;60;301000;330050;420;420;420;2
842571;COMP. URB. ALDEIAS DO CERRADO - QR 02 - RESIDENCIAL JACARANDAS;JARDIM BOTÂNICO;285;2024;10;61;301000;301818.18;420;420;420;1
842572;COMP. URB. ALDEIAS DO CERRADO - QR 02 - RESIDENCIAL JACARANDAS;JARDIM BOTÂNICO;285;2024;10;62;301000;320102;420;420;420;2
842573;COMP. URB. ALDEIAS DO CERRADO - QR 02 - RESIDENCIAL JACARANDAS;JARDIM BOTÂNICO;285;2024;10;63;301000;310300;420;420;420;2
842574;COMP. URB. ALDEIAS DO CERRADO - QR 02 - RESIDENCIAL JACARANDAS;JARDIM BOTÂNICO;285;2024;10;64;326000;356000;496.27;496.27;496.27;1
842577;COMP. URB. ALDEIAS DO CERRADO - QR 02 - RESIDENCIAL JACARANDAS;JARDIM BOTÂNICO;285;2024;10;67;326000;335101.99;496.27;496.27;496.27;1
842608;COMP. URB. ALDEIAS DO CERRADO - QR 02 - RESIDENCIAL JACARANDAS;JARDIM BOTÂNICO;285;2024;10;68;362000;467772.33;615.08;615.08;615.08;1
842751;COMP. URB. ALDEIAS DO CERRADO - QR 02 - RESIDENCIAL JACARANDAS;JARDIM BOTÂNICO;285;2024;10;72;386000;411999.99;701.25;701.25;701.25;1
807333;PARANOÁ PARQUE;PARANOA;60221;2024;10;73;891000;891100;1843.756;3318.761;1843.756;2
807360;PARANOÁ PARQUE;PARANOA;60221;2024;10;74;824000;824100;1687.506;3037.511;1687.506;2
807365;PARANOÁ PARQUE;PARANOA;60221;2024;10;75;824000;841000;1687.504;3037.507;1687.504;1
242248;RECANTO DAS EMAS;RECANTO DAS EMAS;60216;2024;10;81;130000;130000;270;300;150;1
242249;RECANTO DAS EMAS;RECANTO DAS EMAS;60216;2024;10;82;130000;130000;270;300;150;1
242251;RECANTO DAS EMAS;RECANTO DAS EMAS;60216;2024;10;83;130000;130000;270;300;150;1
245164;RECANTO DAS EMAS;RECANTO DAS EMAS;60217;2024;10;88;137000;137050;270;345;150;1
245165;RECANTO DAS EMAS;RECANTO DAS EMAS;60217;2024;10;89;137000;137050;270;345;150;1
479730;RECANTO DAS EMAS;RECANTO DAS EMAS;60217;2024;10;93;249000;256000;518.4;662.4;288;1
818905;HABITACIONAL RIACHO FUNDO II;RIACHO FUNDO II;60227;2024;10;104;78500;118000;70;100;50;4
818906;HABITACIONAL RIACHO FUNDO II;RIACHO FUNDO II;60227;2024;10;105;78500;101500;70;100;50;3
818907;HABITACIONAL RIACHO FUNDO II;RIACHO FUNDO II;60227;2024;10;106;78500;105500;70;100;50;2
818908;HABITACIONAL RIACHO FUNDO II;RIACHO FUNDO II;60227;2024;10;107;78500;101000;70;100;50;3
818909;HABITACIONAL RIACHO FUNDO II;RIACHO FUNDO II;60227;2024;10;108;78500;91000;70;100;50;2
818910;HABITACIONAL RIACHO FUNDO II;RIACHO FUNDO II;60227;2024;10;109;78500;83299.99;70;100;50;1
818911;HABITACIONAL RIACHO FUNDO II;RIACHO FUNDO II;60227;2024;10;110;78500;85000;70;100;50;2
818912;HABITACIONAL RIACHO FUNDO II;RIACHO FUNDO II;60227;2024;10;111;78500;85000;70;100;50;1
818913;HABITACIONAL RIACHO FUNDO II;RIACHO FUNDO II;60227;2024;10;112;78500;105500;70;100;50;3
818914;HABITACIONAL RIACHO FUNDO II;RIACHO FUNDO II;60227;2024;10;113;78500;115500;70;100;50;5
508434;CENTRO URBANO;SAMAMBAIA;60217;2024;10;119;448000;453000;720;720;240;1
508435;CENTRO URBANO;SAMAMBAIA;60217;2024;10;120;448000;461000;720;720;240;1
186488;QN-SAMAMBAIA;SAMAMBAIA;60217;2024;10;121;2010000;2715000;3477;5910.9;1738.5;2
188933;QN-SAMAMBAIA;SAMAMBAIA;60217;2024;10;122;1660000;1850000;2862;4865.4;1431;1
166503;QS-SAMAMBAIA;SAMAMBAIA;60217;2024;10;124;158000;162312.06;200;350;100;4
187312;QS-SAMAMBAIA;SAMAMBAIA;60217;2024;10;125;802000;962100;1250;2500;625;1
187314;QS-SAMAMBAIA;SAMAMBAIA;60217;2024;10;126;1640000;2038100;2837.5;4823.75;1418.75;1
187331;QS-SAMAMBAIA;SAMAMBAIA;60217;2024;10;127;158000;160099;200;350;100;2
87501;QR-SAMAMBAIA;SAMAMBAIA;60219;2024;10;129;99900;110062.62;100;150;50;1
195035;QS-SAMAMBAIA;SAMAMBAIA;60219;2024;10;132;249000;260000;400;600;200;1
460837;QN-SAMAMBAIA;SAMAMBAIA;60220;2024;10;133;255000;260100;512;768;256;1
567660;QR-SAMAMBAIA;SAMAMBAIA;60220;2024;10;134;427000;430000;904.38;1356.57;452.19;1
567661;QR-SAMAMBAIA;SAMAMBAIA;60220;2024;10;135;427000;461101;904.6;1356.9;452.3;1
185172;QS-SAMAMBAIA;SAMAMBAIA;60220;2024;10;136;121000;126500;200;300;100;1
447328;SANTA MARIA                                  ;SANTA MARIA;60215;2024;10;137;46100;160999.99;162.75;162.75;116.25;40
422877;SANTA MARIA                                  ;SANTA MARIA;60221;2024;10;138;484000;500000;2450;2450;1750;1
810464;BAIRRO SÃO BARTOLOMEU;SAO SEBASTIAO;60217;2024;10;141;436000;485100;881.928;962.103;320.701;3
810465;BAIRRO SÃO BARTOLOMEU;SAO SEBASTIAO;60217;2024;10;142;445000;457700;900.303;982.149;327.383;2
533027;SETOR M NORTE-QUADRA RESIDENCIAL             ;TAGUATINGA;60214;2024;10;143;156000;161500;256;256;128;1
208259;BAIRRO AGUAS CLARAS-QS;TAGUATINGA;60216;2024;11;1;2350000;2365000;4057.16;4057.16;2028.58;1
838516;SETOR HABITACIONAL ARNIQUEIRA;ARNIQUEIRA;60214;2024;11;2;500000;580000;1612.12;1612.12;806.06;3
839450;SETOR HABITACIONAL ARNIQUEIRA;ARNIQUEIRA;60215;2024;11;6;354000;384000.12;1113.54;1113.54;556.77;3
807194;SHCNW-SETOR DE HABITAÇÕES COLETIVAS NOROESTE;BRASILIA;60604;2024;11;14;13500000;15121000;7586.48;7586.48;3448.4;1
807195;SHCNW-SETOR DE HABITAÇÕES COLETIVAS NOROESTE;BRASILIA;60604;2024;11;15;13500000;13921000;7586.48;7586.48;3448.4;1
180959;SETOR M NORTE-QUADRA RESIDENCIAL             ;CEILANDIA;60217;2024;11;18;1700000;1721000;1600;4800;800;1
155123;SETOR O NORTE-QUADRA RESIDENCIAL             ;CEILANDIA;60219;2024;11;20;376000;390000;756;1134;378;1
156728;SETOR O NORTE-QUADRA RESIDENCIAL             ;CEILANDIA;60219;2024;11;23;376000;421999.99;756;1134;378;2
493395;SETOR DE DESENVOLVIMENTO ECONOMICO CENTRO NORTE;CEILANDIA;60227;2024;11;24;241600;242000;300;300;150;2
595837;SETOR RESID INDUSTRIA E ABASTECIMENTO        ;GUARA;60214;2024;11;32;260000;402000;345.6;345.6;144;7
595838;SETOR RESID INDUSTRIA E ABASTECIMENTO        ;GUARA;60214;2024;11;33;260000;408000;345.6;345.6;144;21
595839;SETOR RESID INDUSTRIA E ABASTECIMENTO        ;GUARA;60214;2024;11;34;260000;421000;345.6;345.6;144;15
595840;SETOR RESID INDUSTRIA E ABASTECIMENTO        ;GUARA;60214;2024;11;35;260000;381550;345.6;345.6;144;11
842557;COMP. URB. ALDEIAS DO CERRADO - QR 02 - RESIDENCIAL JACARANDAS;JARDIM BOTÂNICO;285;2024;11;48;301000;305000;420;420;420;1
842563;COMP. URB. ALDEIAS DO CERRADO - QR 02 - RESIDENCIAL JACARANDAS;JARDIM BOTÂNICO;285;2024;11;49;329000;336000;503.61;503.61;503.61;1
842564;COMP. URB. ALDEIAS DO CERRADO - QR 02 - RESIDENCIAL JACARANDAS;JARDIM BOTÂNICO;285;2024;11;50;307000;323750;435.68;435.68;435.68;2
842569;COMP. URB. ALDEIAS DO CERRADO - QR 02 - RESIDENCIAL JACARANDAS;JARDIM BOTÂNICO;285;2024;11;51;301000;340130;420;420;420;2
842610;COMP. URB. ALDEIAS DO CERRADO - QR 02 - RESIDENCIAL JACARANDAS;JARDIM BOTÂNICO;285;2024;11;52;301000;370000;420;420;420;2
842625;COMP. URB. ALDEIAS DO CERRADO - QR 02 - RESIDENCIAL JACARANDAS;JARDIM BOTÂNICO;285;2024;11;55;301000;302000;420;420;420;1
842633;COMP. URB. ALDEIAS DO CERRADO - QR 02 - RESIDENCIAL JACARANDAS;JARDIM BOTÂNICO;285;2024;11;58;301000;351200;420;420;420;3
559601;SETOR HABITACIONAL JARDIM BOTANICO;SAO SEBASTIAO;60214;2024;11;61;597000;900000;1240.2;1240.2;826.8;11
559412;SETOR HABITACIONAL JARDIM BOTANICO;SAO SEBASTIAO;60214;2024;11;62;914000;1156000;2054.43;2054.43;1369.62;3
559455;SETOR HABITACIONAL JARDIM BOTANICO;SAO SEBASTIAO;60214;2024;11;63;580000;950000;1200;1200;800;14
509776;SETOR HABITACIONAL TAQUARI;LAGO NORTE;60219;2024;11;64;2240000;2912000;1863.936;1863.936;2329.92;1
597638;EXPANSÃO DO SETOR RESIDENCIAL LESTE;PLANALTINA;60216;2024;11;65;87400;90000;200;200;100;2
242109;RECANTO DAS EMAS;RECANTO DAS EMAS;60216;2024;11;66;240000;325500;502.36;502.36;251.18;1
479768;RECANTO DAS EMAS;RECANTO DAS EMAS;60217;2024;11;68;147000;160000;281.556;359.766;156.42;1
185833;QN-SAMAMBAIA;SAMAMBAIA;60217;2024;11;76;786000;1741000;1487.5;2975;743.75;7
189498;QN-SAMAMBAIA;SAMAMBAIA;60217;2024;11;77;2010000;2615000;3486;5926.2;1743;3
459609;QN-SAMAMBAIA;SAMAMBAIA;60219;2024;11;84;73100;73100;200;300;100;1
185859;QN-SAMAMBAIA;SAMAMBAIA;60219;2024;11;86;163000;174586.16;300;450;150;2
185863;QN-SAMAMBAIA;SAMAMBAIA;60219;2024;11;87;176000;200000;495;495;165;2
188326;QN-SAMAMBAIA;SAMAMBAIA;60219;2024;11;88;146000;164000;200;300;100;2
188329;QN-SAMAMBAIA;SAMAMBAIA;60219;2024;11;91;146000;153000;200;300;100;1
81851;QR-SAMAMBAIA;SAMAMBAIA;60219;2024;11;94;99900;100580;100;150;50;1
465885;QS-SAMAMBAIA;SAMAMBAIA;60219;2024;11;95;178000;192000;600;900;300;1
188105;QN-SAMAMBAIA;SAMAMBAIA;60220;2024;11;99;1087000;1250000;1152.3;1728.45;576.15;2
193865;QS-SAMAMBAIA;SAMAMBAIA;60220;2024;11;101;873000;881000;1920.7;2881.05;960.35;1
823850;SETOR HABITACIONAL VICENTE PIRES - TRECHO 03;VICENTE PIRES;60214;2024;11;113;139000;191000;315.46;315.46;157.73;5
57814;SETOR DE HABITACOES INDIVIDUAIS SUL          ;BRASILIA;1000;2024;13;1;124000;250000;6;6;6;4
68649;SETOR NORTE                                  ;BRAZLANDIA;60224;2024;13;4;218000;218000;432;432;360;1
65930;SETOR INDUSTRIAL I                           ;CEILANDIA;60225;2024;13;8;113000;113000;480.375;480.375;320.25;1
65961;SETOR INDUSTRIAL I                           ;CEILANDIA;60221;2024;13;9;71000;151999.99;366;366;183;5
66424;SETOR INDUSTRIAL I                           ;CEILANDIA;60225;2024;13;10;113000;259000;480.375;480.375;320.25;3
66546;SETOR INDUSTRIAL I                           ;CEILANDIA;60225;2024;13;12;79600;120000;315;315;210;2
66622;SETOR INDUSTRIAL I                           ;CEILANDIA;60225;2024;13;13;79600;147100;315;315;210;7
61647;SETOR SUL                                    ;GAMA;60216;2024;13;14;196000;217007.77;625;1250;312.5;1
595220;SETOR RESID INDUSTRIA E ABASTECIMENTO        ;GUARA;60214;2024;13;15;287000;480001;387.48;387.48;161.45;6
595750;SETOR RESID INDUSTRIA E ABASTECIMENTO        ;GUARA;60214;2024;13;16;332000;541162.67;457.416;457.416;190.59;3
595796;SETOR RESID INDUSTRIA E ABASTECIMENTO        ;GUARA;60214;2024;13;17;288000;405555;388.8;388.8;162;7
595802;SETOR RESID INDUSTRIA E ABASTECIMENTO        ;GUARA;60214;2024;13;18;279000;435200;375.12;375.12;156.3;3
595841;SETOR RESID INDUSTRIA E ABASTECIMENTO        ;GUARA;60214;2024;13;19;264000;407224.13;350.904;350.904;146.21;6
595842;SETOR RESID INDUSTRIA E ABASTECIMENTO        ;GUARA;60214;2024;13;20;268000;431200.01;357.24;357.24;148.85;3
595845;SETOR RESID INDUSTRIA E ABASTECIMENTO        ;GUARA;60214;2024;13;21;260000;392000.99;345.6;345.6;144;4
842431;COMP. URB. ALDEIAS DO CERRADO - QR 02 - RESIDENCIAL JACARANDAS;JARDIM BOTÂNICO;285;2024;13;26;319000;340000;472.65;472.65;472.65;3
842482;COMP. URB. ALDEIAS DO CERRADO - QR 02 - RESIDENCIAL JACARANDAS;JARDIM BOTÂNICO;285;2024;13;30;337000;338500;530.21;530.21;530.21;1
842525;COMP. URB. ALDEIAS DO CERRADO - QR 02 - RESIDENCIAL JACARANDAS;JARDIM BOTÂNICO;285;2024;13;32;301000;311100;420;420;420;1
842552;COMP. URB. ALDEIAS DO CERRADO - QR 02 - RESIDENCIAL JACARANDAS;JARDIM BOTÂNICO;285;2024;13;34;301000;310500;420;420;420;1
842585;COMP. URB. ALDEIAS DO CERRADO - QR 02 - RESIDENCIAL JACARANDAS;JARDIM BOTÂNICO;285;2024;13;39;328000;355100;499.75;499.75;499.75;1
842586;COMP. URB. ALDEIAS DO CERRADO - QR 02 - RESIDENCIAL JACARANDAS;JARDIM BOTÂNICO;285;2024;13;40;381000;451913.03;682.46;682.46;682.46;1
842592;COMP. URB. ALDEIAS DO CERRADO - QR 02 - RESIDENCIAL JACARANDAS;JARDIM BOTÂNICO;285;2024;13;41;301000;302000;420;420;420;1
842641;COMP. URB. ALDEIAS DO CERRADO - QR 02 - RESIDENCIAL JACARANDAS;JARDIM BOTÂNICO;285;2024;13;43;330000;340000;507.14;507.14;507.14;2
241820;PLACA DA MERCEDES                            ;NUCLEO BANDEIRANTE;60227;2024;13;46;470000;526700;340;460;200;1
600042;RESID. OESTE - VILA NOSSA. SENHORA DE FÁTIMA;PLANALTINA;60359;2024;13;48;22300;100000;50;50;50;11
806960;HABITACIONAL RIACHO FUNDO II;RIACHO FUNDO II;60223;2024;13;62;3080000;3410000;4664.044;8328.65;3331.46;1
508379;CENTRO URBANO;SAMAMBAIA;60217;2024;13;67;464000;464000;500;750;250;1
189506;QN-SAMAMBAIA;SAMAMBAIA;60217;2024;13;69;213000;286600;300;525;150;4
189507;QN-SAMAMBAIA;SAMAMBAIA;60217;2024;13;70;213000;316600;300;525;150;3
166509;QS-SAMAMBAIA;SAMAMBAIA;60217;2024;13;71;158000;174999;200;350;100;1
80657;QS-SAMAMBAIA;SAMAMBAIA;60217;2024;13;75;859000;1413000;1764;2998.8;882;1
168776;QS-SAMAMBAIA;SAMAMBAIA;60219;2024;13;84;264000;280000;430;645;215;2
244546;QS-SAMAMBAIA;SAMAMBAIA;60220;2024;13;94;73100;73200;200;300;100;1
593707;POLO DESENV/ECONOMICO JUSCELINO KUBITSCHEK INDUSTRIA COMERCIO DE APOIO;SANTA MARIA;60225;2024;13;100;3380000;3765000;5000;16000;5000;1
814760;BAIRRO RESIDENCIAL OESTE;SAO SEBASTIAO;60216;2024;13;101;894000;929990;1681.343;2017.611;672.537;3
600953;CENTRO ORIENT. E EDUC. RURAL - COER;SOBRADINHO;60220;2024;13;102;2140000;2230000;3010.82;7828.132;3010.82;1
839076;SETOR HABITACIONAL ARNIQUEIRA;ARNIQUEIRA;60215;2024;14;3;475000;900000;1524.12;1524.12;762.06;6
840749;SETOR O NORTE-QUADRA RESIDENCIAL             ;CEILANDIA;60217;2024;14;9;1310000;5100000;8760;8760;1460;9
595701;SETOR RESID INDUSTRIA E ABASTECIMENTO        ;GUARA;60214;2024;14;14;260000;312000;345.6;345.6;144;4
595714;SETOR RESID INDUSTRIA E ABASTECIMENTO        ;GUARA;60214;2024;14;15;295000;438500;399.6;399.6;166.5;4
595723;SETOR RESID INDUSTRIA E ABASTECIMENTO        ;GUARA;60214;2024;14;18;260000;407559;345.6;345.6;144;7
595724;SETOR RESID INDUSTRIA E ABASTECIMENTO        ;GUARA;60214;2024;14;19;260000;415005.14;345.6;345.6;144;5
595767;SETOR RESID INDUSTRIA E ABASTECIMENTO        ;GUARA;60214;2024;14;20;260000;417700;345.6;345.6;144;10
595776;SETOR RESID INDUSTRIA E ABASTECIMENTO        ;GUARA;60214;2024;14;21;295000;300200;399.6;399.6;166.5;1
595777;SETOR RESID INDUSTRIA E ABASTECIMENTO        ;GUARA;60214;2024;14;22;295000;305200;399.6;399.6;166.5;2
842457;COMP. URB. ALDEIAS DO CERRADO - QR 02 - RESIDENCIAL JACARANDAS;JARDIM BOTÂNICO;285;2024;14;24;301000;312001;420;420;420;2
842465;COMP. URB. ALDEIAS DO CERRADO - QR 02 - RESIDENCIAL JACARANDAS;JARDIM BOTÂNICO;285;2024;14;25;301000;301100;420;420;420;1
842466;COMP. URB. ALDEIAS DO CERRADO - QR 02 - RESIDENCIAL JACARANDAS;JARDIM BOTÂNICO;285;2024;14;26;301000;301500;420;420;420;3
842559;COMP. URB. ALDEIAS DO CERRADO - QR 02 - RESIDENCIAL JACARANDAS;JARDIM BOTÂNICO;285;2024;14;27;301000;311650;420;420;420;1
842560;COMP. URB. ALDEIAS DO CERRADO - QR 02 - RESIDENCIAL JACARANDAS;JARDIM BOTÂNICO;285;2024;14;28;301000;311650;420;420;420;1
842601;COMP. URB. ALDEIAS DO CERRADO - QR 02 - RESIDENCIAL JACARANDAS;JARDIM BOTÂNICO;285;2024;14;30;313000;345900;454.79;454.79;454.79;3
842623;COMP. URB. ALDEIAS DO CERRADO - QR 02 - RESIDENCIAL JACARANDAS;JARDIM BOTÂNICO;285;2024;14;31;301000;302000;420;420;420;2
842749;COMP. URB. ALDEIAS DO CERRADO - QR 02 - RESIDENCIAL JACARANDAS;JARDIM BOTÂNICO;285;2024;14;33;387000;422510.82;704.99;704.99;704.99;1
842750;COMP. URB. ALDEIAS DO CERRADO - QR 02 - RESIDENCIAL JACARANDAS;JARDIM BOTÂNICO;285;2024;14;34;365000;366300;627.06;627.06;627.06;1
559718;SETOR HABITACIONAL JARDIM BOTANICO;SAO SEBASTIAO;60214;2024;14;36;624000;717600;1241.625;1241.625;827.75;5
455037;QUADRA DE OFICINAS;RIACHO FUNDO;60227;2024;14;44;289000;410000;280;400;200;2
806965;HABITACIONAL RIACHO FUNDO II;RIACHO FUNDO II;60224;2024;14;54;2200000;2450000;3547.726;3547.726;2534.09;1
564950;CENTRO URBANO;SAMAMBAIA;60217;2024;14;58;395000;440000;413.88;620.82;206.94;1
189500;QN-SAMAMBAIA;SAMAMBAIA;60217;2024;14;62;1740000;3100000;3000;5100;1500;5
457207;QN-SAMAMBAIA;SAMAMBAIA;60219;2024;14;64;121000;154200;200;300;100;2
457208;QN-SAMAMBAIA;SAMAMBAIA;60219;2024;14;65;121000;154200;200;300;100;2
457209;QN-SAMAMBAIA;SAMAMBAIA;60219;2024;14;66;121000;154200;200;300;100;2
186449;QN-SAMAMBAIA;SAMAMBAIA;60219;2024;14;67;534000;585999.99;941.6;1412.4;470.8;1
76370;QS-SAMAMBAIA;SAMAMBAIA;60219;2024;14;70;688000;770000;1500;2250;750;1
458325;QN-SAMAMBAIA;SAMAMBAIA;60220;2024;14;73;121000;125150;200;300;100;1
458798;QN-SAMAMBAIA;SAMAMBAIA;60220;2024;14;76;73100;154200;200;300;100;12
461600;QS-SAMAMBAIA;SAMAMBAIA;60220;2024;14;79;1030000;1450000;2268.96;3403.44;1134.48;5
447123;SANTA MARIA                                  ;SANTA MARIA;60227;2024;14;82;105000;208000;288.12;518.616;288.12;3
814762;BAIRRO RESIDENCIAL OESTE;SAO SEBASTIAO;60216;2024;14;83;840000;864000.02;1576.253;1891.503;630.501;1
600947;CENTRO ORIENT. E EDUC. RURAL - COER;SOBRADINHO;60220;2024;14;88;664000;743680;800.46;2081.196;800.46;2
600948;CENTRO ORIENT. E EDUC. RURAL - COER;SOBRADINHO;60220;2024;14;89;658000;710640;792.14;2059.564;792.14;2
807031;SHCNW-SETOR DE HABITAÇÕES COLETIVAS NOROESTE;BRASILIA;60598;2025;1;9;276000;504200;20;20;20;2
807170;SHCNW-SETOR DE HABITAÇÕES COLETIVAS NOROESTE;BRASILIA;60598;2025;1;10;276000;504200;20;20;20;1
807174;SHCNW-SETOR DE HABITAÇÕES COLETIVAS NOROESTE;BRASILIA;60598;2025;1;11;276000;504200;20;20;20;1
156724;SETOR O NORTE-QUADRA RESIDENCIAL             ;CEILANDIA;60219;2025;1;14;376000;380000;756;1134;378;1
66541;SETOR INDUSTRIAL I                           ;CEILANDIA;60225;2025;1;17;79600;202000;315;315;210;8
66609;SETOR INDUSTRIAL I                           ;CEILANDIA;60225;2025;1;18;79600;132003.91;315;315;210;1
66611;SETOR INDUSTRIAL I                           ;CEILANDIA;60225;2025;1;19;79600;132002.91;315;315;210;1
66625;SETOR INDUSTRIAL I                           ;CEILANDIA;60225;2025;1;20;79600;195000;315;315;210;5
66627;SETOR INDUSTRIAL I                           ;CEILANDIA;60225;2025;1;21;79600;197000;315;315;210;1
595780;SETOR RESID INDUSTRIA E ABASTECIMENTO        ;GUARA;60214;2025;1;22;260000;429650;345.6;345.6;144;8
595786;SETOR RESID INDUSTRIA E ABASTECIMENTO        ;GUARA;60214;2025;1;23;296000;342768;401.232;401.232;167.18;3
595787;SETOR RESID INDUSTRIA E ABASTECIMENTO        ;GUARA;60214;2025;1;24;286000;447777.77;385.992;385.992;160.83;8
595825;SETOR RESID INDUSTRIA E ABASTECIMENTO        ;GUARA;60214;2025;1;25;337000;522222.23;464.808;464.808;193.67;5
595826;SETOR RESID INDUSTRIA E ABASTECIMENTO        ;GUARA;60214;2025;1;26;260000;415115.15;345.6;345.6;144;7
595827;SETOR RESID INDUSTRIA E ABASTECIMENTO        ;GUARA;60214;2025;1;27;260000;425000;345.6;345.6;144;9
595828;SETOR RESID INDUSTRIA E ABASTECIMENTO        ;GUARA;60214;2025;1;28;260000;411000;345.6;345.6;144;2
595829;SETOR RESID INDUSTRIA E ABASTECIMENTO        ;GUARA;60214;2025;1;29;260000;288018.18;345.6;345.6;144;1
594839;SETOR RESID INDUSTRIA E ABASTECIMENTO        ;GUARA;60215;2025;1;30;260000;325000;345.6;345.6;144;7
594919;SETOR RESID INDUSTRIA E ABASTECIMENTO        ;GUARA;60220;2025;1;31;367000;590000;510.768;510.768;212.82;9
842445;COMP. URB. ALDEIAS DO CERRADO - QR 02 - RESIDENCIAL JACARANDAS;JARDIM BOTÂNICO;285;2025;1;36;326000;328100;494.44;494.44;494.44;3
842483;COMP. URB. ALDEIAS DO CERRADO - QR 02 - RESIDENCIAL JACARANDAS;JARDIM BOTÂNICO;285;2025;1;37;318000;322000.05;468.91;468.91;468.91;1
842634;COMP. URB. ALDEIAS DO CERRADO - QR 02 - RESIDENCIAL JACARANDAS;JARDIM BOTÂNICO;285;2025;1;38;301000;303055;420;420;420;3
842644;COMP. URB. ALDEIAS DO CERRADO - QR 02 - RESIDENCIAL JACARANDAS;JARDIM BOTÂNICO;285;2025;1;39;301000;315050;420;420;420;2
842685;COMP. URB. ALDEIAS DO CERRADO - QR 02 - RESIDENCIAL JACARANDAS;JARDIM BOTÂNICO;285;2025;1;40;329000;331001;502.96;502.96;502.96;1
842738;COMP. URB. ALDEIAS DO CERRADO - QR 02 - RESIDENCIAL JACARANDAS;JARDIM BOTÂNICO;285;2025;1;42;318000;326650.15;469.47;469.47;469.47;1
842762;COMP. URB. ALDEIAS DO CERRADO - QR 02 - RESIDENCIAL JACARANDAS;JARDIM BOTÂNICO;285;2025;1;45;324000;381201.99;487.47;487.47;487.47;1
842774;COMP. URB. ALDEIAS DO CERRADO - QR 02 - RESIDENCIAL JACARANDAS;JARDIM BOTÂNICO;285;2025;1;46;301000;321001;420;420;420;4
821983;SETOR HABITACIONAL SÃO BARTOLOMEU;PARANOA;60214;2025;1;49;684000;905000;2039.8;2039.8;1019.9;6
242279;RECANTO DAS EMAS;RECANTO DAS EMAS;60216;2025;1;51;173000;198950;354.78;394.2;197.1;2
241970;RECANTO DAS EMAS;RECANTO DAS EMAS;60221;2025;1;54;1140000;1237737;3751.25;3751.25;1500.5;1
242335;RECANTO DAS EMAS;RECANTO DAS EMAS;60221;2025;1;55;827000;830000;2968.4;2968.4;1187.36;1
809571;HABITACIONAL RIACHO FUNDO II;RIACHO FUNDO II;60217;2025;1;56;427000;427000;436.674;935.73;311.91;1
806964;HABITACIONAL RIACHO FUNDO II;RIACHO FUNDO II;60224;2025;1;61;2150000;2400000;3462.354;3462.354;2473.11;1
806966;HABITACIONAL RIACHO FUNDO II;RIACHO FUNDO II;60224;2025;1;62;1960000;2175000;3125.374;3125.374;2232.41;2
564952;CENTRO URBANO;SAMAMBAIA;60217;2025;1;64;607000;667959.99;675;1012.5;337.5;2
564955;CENTRO URBANO;SAMAMBAIA;60217;2025;1;65;607000;657000;675;1012.5;337.5;1
77211;QN-SAMAMBAIA;SAMAMBAIA;60217;2025;1;71;158000;162000;200;350;100;1
185901;QN-SAMAMBAIA;SAMAMBAIA;60217;2025;1;72;630000;690000;1179.12;2358.24;589.56;2
185879;QN-SAMAMBAIA;SAMAMBAIA;60219;2025;1;74;121000;195000;200;300;100;5
192213;QS-SAMAMBAIA;SAMAMBAIA;60219;2025;1;76;819000;917280;1480;2220;740;1
193298;QS-SAMAMBAIA;SAMAMBAIA;60219;2025;1;78;141000;165000;247.5;371.25;123.75;2
81867;QS-SAMAMBAIA;SAMAMBAIA;60219;2025;1;79;196000;196000;300;450;150;1
192590;QS-SAMAMBAIA;SAMAMBAIA;60220;2025;1;82;322000;532800;666.24;999.36;333.12;5
845481;SANTA MARIA                                  ;SANTA MARIA;60224;2025;1;85;618000;750000;3149.42;3149.42;1574.71;2
845482;SANTA MARIA                                  ;SANTA MARIA;60224;2025;1;86;608000;750000;3077.92;3077.92;1538.96;1
447120;SANTA MARIA                                  ;SANTA MARIA;60227;2025;1;87;105000;250000;288;518.4;288;7
845497;SANTA MARIA                                  ;SANTA MARIA;60228;2025;1;88;594000;600000;3607.5;3607.5;1387.5;1
600954;CENTRO ORIENT. E EDUC. RURAL - COER;SOBRADINHO;60220;2025;1;94;1500000;1620010.99;2019.94;5251.844;2019.94;1
600955;CENTRO ORIENT. E EDUC. RURAL - COER;SOBRADINHO;60220;2025;1;95;1340000;1341000;1775.43;4616.118;1775.43;1
839451;SETOR HABITACIONAL ARNIQUEIRA;ARNIQUEIRA;60215;2025;2;1;261000;421000;805.72;805.72;402.86;4
181113;SETOR N NORTE-QUADRA RESIDENCIAL             ;CEILANDIA;60217;2025;2;4;2030000;2130000.85;2000;6000;1000;1
66553;SETOR INDUSTRIAL I                           ;CEILANDIA;60225;2025;2;5;79600;220000;315;315;210;12
66555;SETOR INDUSTRIAL I                           ;CEILANDIA;60225;2025;2;6;79600;230000.99;315;315;210;9
66557;SETOR INDUSTRIAL I                           ;CEILANDIA;60225;2025;2;7;79600;215999;315;315;210;4
66612;SETOR INDUSTRIAL I                           ;CEILANDIA;60225;2025;2;8;79600;165000;315;315;210;2
846136;COMP. URB. ALDEIAS DO CERRADO - QR 04 - RESIDENCIAL SUCUPIRAS;JARDIM BOTÂNICO;285;2025;2;10;319000;342925;425.1;425.1;425.1;1
846137;COMP. URB. ALDEIAS DO CERRADO - QR 04 - RESIDENCIAL SUCUPIRAS;JARDIM BOTÂNICO;285;2025;2;11;335000;361130;471.75;471.75;471.75;1
846138;COMP. URB. ALDEIAS DO CERRADO - QR 04 - RESIDENCIAL SUCUPIRAS;JARDIM BOTÂNICO;285;2025;2;12;320000;345280;428.58;428.58;428.58;2
846150;COMP. URB. ALDEIAS DO CERRADO - QR 04 - RESIDENCIAL SUCUPIRAS;JARDIM BOTÂNICO;285;2025;2;15;318000;337154;422.29;422.29;422.29;3
846151;COMP. URB. ALDEIAS DO CERRADO - QR 04 - RESIDENCIAL SUCUPIRAS;JARDIM BOTÂNICO;285;2025;2;16;324000;324100.1;439.07;439.07;439.07;1
846152;COMP. URB. ALDEIAS DO CERRADO - QR 04 - RESIDENCIAL SUCUPIRAS;JARDIM BOTÂNICO;285;2025;2;17;348000;360000;511.52;511.52;511.52;4
846165;COMP. URB. ALDEIAS DO CERRADO - QR 04 - RESIDENCIAL SUCUPIRAS;JARDIM BOTÂNICO;285;2025;2;18;352000;358000;524.05;524.05;524.05;2
846188;COMP. URB. ALDEIAS DO CERRADO - QR 04 - RESIDENCIAL SUCUPIRAS;JARDIM BOTÂNICO;285;2025;2;21;317000;328999;420;420;420;1
846189;COMP. URB. ALDEIAS DO CERRADO - QR 04 - RESIDENCIAL SUCUPIRAS;JARDIM BOTÂNICO;285;2025;2;22;382000;412258.6;618.7;618.7;618.7;1
846268;COMP. URB. ALDEIAS DO CERRADO - QR 04 - RESIDENCIAL SUCUPIRAS;JARDIM BOTÂNICO;285;2025;2;23;329000;334526;453.4;453.4;453.4;1
846271;COMP. URB. ALDEIAS DO CERRADO - QR 04 - RESIDENCIAL SUCUPIRAS;JARDIM BOTÂNICO;285;2025;2;26;329000;360801;456;456;456;2
846354;COMP. URB. ALDEIAS DO CERRADO - QR 04 - RESIDENCIAL SUCUPIRAS;JARDIM BOTÂNICO;285;2025;2;29;357000;360000.01;540.02;540.02;540.02;2
846355;COMP. URB. ALDEIAS DO CERRADO - QR 04 - RESIDENCIAL SUCUPIRAS;JARDIM BOTÂNICO;285;2025;2;30;333000;341000.01;465.91;465.91;465.91;2
846356;COMP. URB. ALDEIAS DO CERRADO - QR 04 - RESIDENCIAL SUCUPIRAS;JARDIM BOTÂNICO;285;2025;2;31;317000;321000;420;420;420;1
846357;COMP. URB. ALDEIAS DO CERRADO - QR 04 - RESIDENCIAL SUCUPIRAS;JARDIM BOTÂNICO;285;2025;2;32;317000;320999.99;420;420;420;1
807374;PARANOÁ PARQUE;PARANOA;60221;2025;2;33;936000;1480000;1843.758;3318.764;1843.758;5
242107;RECANTO DAS EMAS;RECANTO DAS EMAS;60216;2025;2;35;178000;261000;326.916;363.24;181.62;2
833098;SUBCENTRO URBANO 400/600;RECANTO DAS EMAS;60222;2025;2;45;4700000;6800000;14832.918;24721.53;8240.51;5
818966;HABITACIONAL RIACHO FUNDO II;RIACHO FUNDO II;60227;2025;2;51;258000;261000;280;400;200;1
508371;CENTRO URBANO;SAMAMBAIA;60217;2025;2;54;505000;509000;550;825;275;1
508428;CENTRO URBANO;SAMAMBAIA;60217;2025;2;58;448000;468300;720;720;240;3
508429;CENTRO URBANO;SAMAMBAIA;60217;2025;2;59;448000;450050.99;720;720;240;1
508430;CENTRO URBANO;SAMAMBAIA;60217;2025;2;60;448000;450050.99;720;720;240;1
508431;CENTRO URBANO;SAMAMBAIA;60217;2025;2;61;448000;450050.99;720;720;240;1
193918;QN-SAMAMBAIA;SAMAMBAIA;60217;2025;2;64;158000;170009.99;200;350;100;2
564999;QR-SAMAMBAIA;SAMAMBAIA;60217;2025;2;66;845000;1510000;1406.02;2460.535;703.01;3
565002;QR-SAMAMBAIA;SAMAMBAIA;60217;2025;2;67;855000;1510000;1423.24;2490.67;711.62;3
193652;QS-SAMAMBAIA;SAMAMBAIA;60217;2025;2;68;158000;162001.01;200;350;100;2
80651;QS-SAMAMBAIA;SAMAMBAIA;60217;2025;2;69;596000;1250000;1112;2224;556;3
459612;QN-SAMAMBAIA;SAMAMBAIA;60219;2025;2;71;73100;82500;200;300;100;1
456929;QS-SAMAMBAIA;SAMAMBAIA;60219;2025;2;74;73100;100000;200;300;100;2
193881;QS-SAMAMBAIA;SAMAMBAIA;60219;2025;2;78;144000;144001.01;255;382.5;127.5;1
193885;QS-SAMAMBAIA;SAMAMBAIA;60219;2025;2;82;189000;191000;361.12;541.68;180.56;2
195446;QS-SAMAMBAIA;SAMAMBAIA;60219;2025;2;83;1520000;1528000;2800;4200;1400;1
185169;QS-SAMAMBAIA;SAMAMBAIA;60220;2025;2;88;121000;146000;200;300;100;2
185170;QS-SAMAMBAIA;SAMAMBAIA;60220;2025;2;89;121000;150000;200;300;100;2
185171;QS-SAMAMBAIA;SAMAMBAIA;60220;2025;2;90;121000;121001;200;300;100;1
457171;QS-SAMAMBAIA;SAMAMBAIA;60220;2025;2;91;73100;109000;200;300;100;2
238126;SETOR DE OFICINAS NORTE                      ;BRASILIA;60227;2025;3;2;342000;448200;175;175;125;5
212684;SETOR DE HAB COLETIVAS SUDOESTE              ;BRASILIA;60556;2025;3;3;2530000;2760000;1269.435;1269.435;846.29;2
807032;SHCNW-SETOR DE HABITAÇÕES COLETIVAS NOROESTE;BRASILIA;60600;2025;3;4;7580000;7960000;2220;2220;740;1
807033;SHCNW-SETOR DE HABITAÇÕES COLETIVAS NOROESTE;BRASILIA;60600;2025;3;5;6890000;7100000;2220;2220;740;1
807034;SHCNW-SETOR DE HABITAÇÕES COLETIVAS NOROESTE;BRASILIA;60600;2025;3;6;6890000;7100000;2220;2220;740;1
56796;SETOR DE HAB/COLETIVA-AREAS OCTOGONAIS;BRASILIA;60674;2025;3;9;2040000;4120000;1200;1200;400;2
68651;SETOR NORTE                                  ;BRAZLANDIA;60224;2025;3;10;218000;259999;432;432;360;4
531199;SETOR R NORTE-CNR;CEILANDIA;60219;2025;3;11;24300;25000;90;90;30;2
595696;SETOR RESID INDUSTRIA E ABASTECIMENTO        ;GUARA;60214;2025;3;14;260000;435000;345.6;345.6;144;8
595697;SETOR RESID INDUSTRIA E ABASTECIMENTO        ;GUARA;60214;2025;3;15;260000;415000;345.6;345.6;144;15
595698;SETOR RESID INDUSTRIA E ABASTECIMENTO        ;GUARA;60214;2025;3;16;260000;416728.99;345.6;345.6;144;15
595699;SETOR RESID INDUSTRIA E ABASTECIMENTO        ;GUARA;60214;2025;3;17;260000;410000;345.6;345.6;144;12
595700;SETOR RESID INDUSTRIA E ABASTECIMENTO        ;GUARA;60214;2025;3;18;260000;403535.94;345.6;345.6;144;15
595744;SETOR RESID INDUSTRIA E ABASTECIMENTO        ;GUARA;60214;2025;3;19;301000;479211;408.432;408.432;170.18;14
846113;COMP. URB. ALDEIAS DO CERRADO - QR 04 - RESIDENCIAL SUCUPIRAS;JARDIM BOTÂNICO;285;2025;3;21;317000;343033.43;421.2;421.2;421.2;2
846114;COMP. URB. ALDEIAS DO CERRADO - QR 04 - RESIDENCIAL SUCUPIRAS;JARDIM BOTÂNICO;285;2025;3;22;335000;350000;470.6;470.6;470.6;1
846125;COMP. URB. ALDEIAS DO CERRADO - QR 04 - RESIDENCIAL SUCUPIRAS;JARDIM BOTÂNICO;285;2025;3;23;317000;322001.1;420;420;420;1
846126;COMP. URB. ALDEIAS DO CERRADO - QR 04 - RESIDENCIAL SUCUPIRAS;JARDIM BOTÂNICO;285;2025;3;24;335000;346600;472.27;472.27;472.27;2
846127;COMP. URB. ALDEIAS DO CERRADO - QR 04 - RESIDENCIAL SUCUPIRAS;JARDIM BOTÂNICO;285;2025;3;25;317000;322211;420;420;420;1
846128;COMP. URB. ALDEIAS DO CERRADO - QR 04 - RESIDENCIAL SUCUPIRAS;JARDIM BOTÂNICO;285;2025;3;26;394000;452200;662.16;662.16;662.16;1
846141;COMP. URB. ALDEIAS DO CERRADO - QR 04 - RESIDENCIAL SUCUPIRAS;JARDIM BOTÂNICO;285;2025;3;28;317000;322000;420;420;420;3
846161;COMP. URB. ALDEIAS DO CERRADO - QR 04 - RESIDENCIAL SUCUPIRAS;JARDIM BOTÂNICO;285;2025;3;30;317000;325550;420;420;420;1
846162;COMP. URB. ALDEIAS DO CERRADO - QR 04 - RESIDENCIAL SUCUPIRAS;JARDIM BOTÂNICO;285;2025;3;31;357000;360033.79;539.19;539.19;539.19;1
846164;COMP. URB. ALDEIAS DO CERRADO - QR 04 - RESIDENCIAL SUCUPIRAS;JARDIM BOTÂNICO;285;2025;3;33;370000;382111.11;578.83;578.83;578.83;1
846263;COMP. URB. ALDEIAS DO CERRADO - QR 04 - RESIDENCIAL SUCUPIRAS;JARDIM BOTÂNICO;285;2025;3;34;317000;317099;420.54;420.54;420.54;1
846358;COMP. URB. ALDEIAS DO CERRADO - QR 04 - RESIDENCIAL SUCUPIRAS;JARDIM BOTÂNICO;285;2025;3;41;323000;325000;437.34;437.34;437.34;1
846359;COMP. URB. ALDEIAS DO CERRADO - QR 04 - RESIDENCIAL SUCUPIRAS;JARDIM BOTÂNICO;285;2025;3;42;324000;326500;440.65;440.65;440.65;1
62728;SETOR DE OFICINAS                            ;PLANALTINA;60227;2025;3;46;227000;351000;500;750;250;4
242277;RECANTO DAS EMAS;RECANTO DAS EMAS;60216;2025;3;48;374000;411000;819.864;910.96;455.48;3
529044;RECANTO DAS EMAS;RECANTO DAS EMAS;60217;2025;3;49;51600;102500;129.674;129.674;56.38;9
529051;RECANTO DAS EMAS;RECANTO DAS EMAS;60217;2025;3;50;763000;771100.99;1838.7;2553.75;1021.5;1
479013;RECANTO DAS EMAS;RECANTO DAS EMAS;60217;2025;3;52;189300;190000;90;115;50;2
809572;HABITACIONAL RIACHO FUNDO II;RIACHO FUNDO II;60217;2025;3;55;428000;451101.01;438.508;939.66;313.22;4
809573;HABITACIONAL RIACHO FUNDO II;RIACHO FUNDO II;60217;2025;3;56;425000;432000;434.476;931.02;310.34;2
195428;QR-SAMAMBAIA;SAMAMBAIA;60214;2025;3;60;114000;131500;210;210;105;3
508432;CENTRO URBANO;SAMAMBAIA;60217;2025;3;61;448000;500000;720;720;240;3
185895;QN-SAMAMBAIA;SAMAMBAIA;60217;2025;3;64;927000;1457000;1908;3243.6;954;1
185896;QN-SAMAMBAIA;SAMAMBAIA;60217;2025;3;65;649000;1190000;1218;2436;609;3
186402;QS-SAMAMBAIA;SAMAMBAIA;60217;2025;3;67;131000;171613;200;350;100;2
186480;QN-SAMAMBAIA;SAMAMBAIA;60219;2025;3;71;146000;158300;200;300;100;3
455637;QS-SAMAMBAIA;SAMAMBAIA;60219;2025;3;72;121000;145013.13;200;300;100;1
456927;QS-SAMAMBAIA;SAMAMBAIA;60219;2025;3;73;73100;115000;200;300;100;7
193632;QS-SAMAMBAIA;SAMAMBAIA;60219;2025;3;74;146000;206522;200;300;100;3
188787;QN-SAMAMBAIA;SAMAMBAIA;60220;2025;3;77;745000;761000;1630;2445;815;1
185479;QS-SAMAMBAIA;SAMAMBAIA;60220;2025;3;78;341000;346000;708.04;1062.06;354.02;1
455309;QS-SAMAMBAIA;SAMAMBAIA;60220;2025;3;79;121000;211000;200;300;100;6
193310;QS-SAMAMBAIA;SAMAMBAIA;60220;2025;3;80;386000;387000;812.48;1218.72;406.24;1
193871;QS-SAMAMBAIA;SAMAMBAIA;60220;2025;3;81;641000;761000;1393.34;2090.01;696.67;1
463830;QS-SAMAMBAIA;SAMAMBAIA;60220;2025;3;82;121000;190000;200;300;100;5
814761;BAIRRO RESIDENCIAL OESTE;SAO SEBASTIAO;60216;2025;3;83;829000;950000;1555.238;1866.285;622.095;1
245385;DESENVOLVIMENTO  ECONOMICO  M/NORTE;TAGUATINGA;60227;2025;3;87;330000;380000;333.38;500.07;166.69;3
112739;SETOR DE HABITACOES INDIVIDUAIS NORTE        ;BRASILIA;60211;2025;5;3;1570000;1695824;1120;1120;800;1
589801;SHCNW-SETOR DE HABITAÇÕES COLETIVAS NOROESTE;BRASILIA;60598;2025;5;6;276000;731100;20;20;20;6
154117;SETOR O NORTE-QUADRA RESIDENCIAL             ;CEILANDIA;60219;2025;5;7;376000;378000;756;1134;378;1
65898;SETOR INDUSTRIAL I                           ;CEILANDIA;60225;2025;5;9;113000;300000.01;480.375;480.375;320.25;9
66455;SETOR INDUSTRIAL I                           ;CEILANDIA;60221;2025;5;10;70000;76999.99;360;360;180;2
66601;SETOR INDUSTRIAL I                           ;CEILANDIA;60225;2025;5;11;79600;241999;315;315;210;5
66603;SETOR INDUSTRIAL I                           ;CEILANDIA;60225;2025;5;12;79600;241999;315;315;210;4
66605;SETOR INDUSTRIAL I                           ;CEILANDIA;60225;2025;5;13;79600;261999;315;315;210;7
66607;SETOR INDUSTRIAL I                           ;CEILANDIA;60225;2025;5;14;79600;261999;315;315;210;7
595982;SETOR RESID INDUSTRIA E ABASTECIMENTO        ;GUARA;60214;2025;5;18;260000;440022.01;345.6;345.6;144;19
595766;SETOR RESID INDUSTRIA E ABASTECIMENTO        ;GUARA;60214;2025;5;19;260000;440000.13;345.6;345.6;144;18
595788;SETOR RESID INDUSTRIA E ABASTECIMENTO        ;GUARA;60214;2025;5;20;260000;367000;345.6;345.6;144;5
595789;SETOR RESID INDUSTRIA E ABASTECIMENTO        ;GUARA;60214;2025;5;21;260000;306000;345.6;345.6;144;1
595790;SETOR RESID INDUSTRIA E ABASTECIMENTO        ;GUARA;60214;2025;5;22;260000;305100;345.6;345.6;144;2
595791;SETOR RESID INDUSTRIA E ABASTECIMENTO        ;GUARA;60214;2025;5;23;260000;282100;345.6;345.6;144;1
595792;SETOR RESID INDUSTRIA E ABASTECIMENTO        ;GUARA;60214;2025;5;24;260000;271200;345.6;345.6;144;1
595794;SETOR RESID INDUSTRIA E ABASTECIMENTO        ;GUARA;60214;2025;5;25;295000;426000;399.6;399.6;166.5;7
595795;SETOR RESID INDUSTRIA E ABASTECIMENTO        ;GUARA;60214;2025;5;26;295000;305200;399.6;399.6;166.5;1
595798;SETOR RESID INDUSTRIA E ABASTECIMENTO        ;GUARA;60214;2025;5;27;260000;280000;345.6;345.6;144;2
595799;SETOR RESID INDUSTRIA E ABASTECIMENTO        ;GUARA;60214;2025;5;28;260000;331500;345.6;345.6;144;3
595801;SETOR RESID INDUSTRIA E ABASTECIMENTO        ;GUARA;60214;2025;5;29;260000;321500;345.6;345.6;144;2
846143;COMP. URB. ALDEIAS DO CERRADO - QR 04 - RESIDENCIAL SUCUPIRAS;JARDIM BOTÂNICO;285;2025;5;35;317000;317555.55;420;420;420;1
846149;COMP. URB. ALDEIAS DO CERRADO - QR 04 - RESIDENCIAL SUCUPIRAS;JARDIM BOTÂNICO;285;2025;5;36;329000;348741.11;455.36;455.36;455.36;2
846158;COMP. URB. ALDEIAS DO CERRADO - QR 04 - RESIDENCIAL SUCUPIRAS;JARDIM BOTÂNICO;285;2025;5;37;317000;325590.01;420;420;420;1
846159;COMP. URB. ALDEIAS DO CERRADO - QR 04 - RESIDENCIAL SUCUPIRAS;JARDIM BOTÂNICO;285;2025;5;38;317000;325590.01;420;420;420;1
846166;COMP. URB. ALDEIAS DO CERRADO - QR 04 - RESIDENCIAL SUCUPIRAS;JARDIM BOTÂNICO;285;2025;5;39;317000;321000;420;420;420;1
846177;COMP. URB. ALDEIAS DO CERRADO - QR 04 - RESIDENCIAL SUCUPIRAS;JARDIM BOTÂNICO;285;2025;5;41;330000;340590.01;456.36;456.36;456.36;1
846178;COMP. URB. ALDEIAS DO CERRADO - QR 04 - RESIDENCIAL SUCUPIRAS;JARDIM BOTÂNICO;285;2025;5;42;333000;340590.01;465.53;465.53;465.53;1
846187;COMP. URB. ALDEIAS DO CERRADO - QR 04 - RESIDENCIAL SUCUPIRAS;JARDIM BOTÂNICO;285;2025;5;44;317000;322000.18;420;420;420;2
846298;COMP. URB. ALDEIAS DO CERRADO - QR 04 - RESIDENCIAL SUCUPIRAS;JARDIM BOTÂNICO;285;2025;5;47;357000;375100;538.95;538.95;538.95;1
599079;SETOR RESIDENCIAL LESTE (SRL);PLANALTINA;60216;2025;5;53;44400;78500;120;120;60;3
472368;AREA DE DESENVOLVIMENTO ECONOMICO;RECANTO DAS EMAS;60227;2025;5;55;232000;233333.33;750.72;750.72;187.68;1
472781;AREA DE DESENVOLVIMENTO ECONOMICO;RECANTO DAS EMAS;60227;2025;5;56;191000;232100.15;605.6;605.6;151.4;1
466645;QS-SAMAMBAIA;SAMAMBAIA;60219;2025;5;71;73100;73101;200;300;100;1
466646;QS-SAMAMBAIA;SAMAMBAIA;60219;2025;5;72;73100;73100;200;300;100;1
466647;QS-SAMAMBAIA;SAMAMBAIA;60219;2025;5;73;73100;74251;200;300;100;2
457881;QN-SAMAMBAIA;SAMAMBAIA;60220;2025;5;74;121000;155459.15;200;300;100;3
243343;QN-SAMAMBAIA;SAMAMBAIA;60220;2025;5;76;515000;710000;1871.14;2806.71;935.57;2
185344;QS-SAMAMBAIA;SAMAMBAIA;60220;2025;5;77;176000;281250;329.36;494.04;164.68;9
455965;QS-SAMAMBAIA;SAMAMBAIA;60220;2025;5;78;121000;126999.99;200;300;100;2
455966;QS-SAMAMBAIA;SAMAMBAIA;60220;2025;5;79;121000;126999.99;200;300;100;2
456939;QS-SAMAMBAIA;SAMAMBAIA;60220;2025;5;80;73100;122000;200;300;100;2
456940;QS-SAMAMBAIA;SAMAMBAIA;60220;2025;5;81;73100;130535.5;200;300;100;4
191900;QS-SAMAMBAIA;SAMAMBAIA;60220;2025;5;82;1170000;1960000;2587.72;3881.58;1293.86;7
461572;QS-SAMAMBAIA;SAMAMBAIA;60220;2025;5;83;282000;350000;575;862.5;287.5;2
461574;QS-SAMAMBAIA;SAMAMBAIA;60220;2025;5;84;293000;294011.11;600;900;300;1
461575;QS-SAMAMBAIA;SAMAMBAIA;60220;2025;5;85;425000;426111.11;900;1350;450;1
239841;QS-SAMAMBAIA;SAMAMBAIA;60220;2025;5;86;82900;115000;100;150;50;2
467302;QS-SAMAMBAIA;SAMAMBAIA;60220;2025;5;87;331000;480000;685.92;1028.88;342.96;5
467303;QS-SAMAMBAIA;SAMAMBAIA;60220;2025;5;88;289000;361008;590.06;885.09;295.03;2
524979;AREA DE DESENVOLVIMENTO ECONOMICO SUL;SAMAMBAIA;60227;2025;5;90;195300;369900;240;240;120;7
246201;SANTA MARIA                                  ;SANTA MARIA;60217;2025;5;91;1140000;1140000;1120;3200;800;1
807035;SHCNW-SETOR DE HABITAÇÕES COLETIVAS NOROESTE;BRASILIA;60600;2025;6;1;6890000;6907111;2220;2220;740;1
807036;SHCNW-SETOR DE HABITAÇÕES COLETIVAS NOROESTE;BRASILIA;60600;2025;6;2;7580000;7700111;2220;2220;740;1
198722;SETOR M NORTE-QUADRA RESIDENCIAL             ;CEILANDIA;60214;2025;6;3;154000;185000;500;500;250;5
198723;SETOR M NORTE-QUADRA RESIDENCIAL             ;CEILANDIA;60214;2025;6;4;154000;185090.89;500;500;250;6
198724;SETOR M NORTE-QUADRA RESIDENCIAL             ;CEILANDIA;60214;2025;6;5;154000;172599.99;500;500;250;5
198725;SETOR M NORTE-QUADRA RESIDENCIAL             ;CEILANDIA;60214;2025;6;6;154000;235111.11;500;500;250;5
198726;SETOR M NORTE-QUADRA RESIDENCIAL             ;CEILANDIA;60214;2025;6;7;154000;210000;500;500;250;4
198721;SETOR M NORTE-QUADRA RESIDENCIAL             ;CEILANDIA;60219;2025;6;9;273000;300000.99;500;750;250;2
198733;SETOR M NORTE-QUADRA RESIDENCIAL             ;CEILANDIA;60219;2025;6;10;273000;367300;500;750;250;2
155164;SETOR O NORTE-QUADRA RESIDENCIAL             ;CEILANDIA;60219;2025;6;11;376000;438999.99;756;1134;378;3
155165;SETOR O NORTE-QUADRA RESIDENCIAL             ;CEILANDIA;60219;2025;6;12;423000;483999.99;871.5;1307.25;435.75;5
198734;SETOR M NORTE-QUADRA RESIDENCIAL             ;CEILANDIA;60220;2025;6;13;341000;401000;500;1000;250;1
198742;SETOR M NORTE-QUADRA RESIDENCIAL             ;CEILANDIA;60220;2025;6;19;341000;341100;500;1000;250;1
493408;SETOR DE DESENVOLVIMENTO ECONOMICO CENTRO NORTE;CEILANDIA;60227;2025;6;24;144000;210000;300;300;150;3
65658;SETOR INDUSTRIAL I                           ;CEILANDIA;60227;2025;6;25;38500;51150;120;120;60;4
507520;SETOR DE MULTIPLAS ATIVIDADES;GAMA;60224;2025;6;29;233000;250000;256.2;409.92;256.2;1
595752;SETOR RESID INDUSTRIA E ABASTECIMENTO        ;GUARA;60214;2025;6;30;315000;329700;431.088;431.088;179.62;2
595753;SETOR RESID INDUSTRIA E ABASTECIMENTO        ;GUARA;60214;2025;6;31;298000;441022.01;404.736;404.736;168.64;7
595718;SETOR RESID INDUSTRIA E ABASTECIMENTO        ;GUARA;60214;2025;6;32;295000;426900;399.6;399.6;166.5;9
595719;SETOR RESID INDUSTRIA E ABASTECIMENTO        ;GUARA;60214;2025;6;33;295000;487694.99;399.6;399.6;166.5;29
595720;SETOR RESID INDUSTRIA E ABASTECIMENTO        ;GUARA;60214;2025;6;34;288000;491090.99;388.8;388.8;162;28
595691;SETOR RESID INDUSTRIA E ABASTECIMENTO        ;GUARA;60220;2025;6;38;533000;535000;432;432;144;1
846107;COMP. URB. ALDEIAS DO CERRADO - QR 04 - RESIDENCIAL SUCUPIRAS;JARDIM BOTÂNICO;285;2025;6;41;363000;415113.94;557.99;557.99;557.99;2
846140;COMP. URB. ALDEIAS DO CERRADO - QR 04 - RESIDENCIAL SUCUPIRAS;JARDIM BOTÂNICO;285;2025;6;44;317000;322000;420;420;420;1
846153;COMP. URB. ALDEIAS DO CERRADO - QR 04 - RESIDENCIAL SUCUPIRAS;JARDIM BOTÂNICO;285;2025;6;47;317000;319856.36;420;420;420;1
846154;COMP. URB. ALDEIAS DO CERRADO - QR 04 - RESIDENCIAL SUCUPIRAS;JARDIM BOTÂNICO;285;2025;6;48;317000;327748.79;420;420;420;2
846174;COMP. URB. ALDEIAS DO CERRADO - QR 04 - RESIDENCIAL SUCUPIRAS;JARDIM BOTÂNICO;285;2025;6;51;317000;320001;420;420;420;2
846175;COMP. URB. ALDEIAS DO CERRADO - QR 04 - RESIDENCIAL SUCUPIRAS;JARDIM BOTÂNICO;285;2025;6;52;317000;319836.99;420;420;420;1
846350;COMP. URB. ALDEIAS DO CERRADO - QR 04 - RESIDENCIAL SUCUPIRAS;JARDIM BOTÂNICO;285;2025;6;57;342000;345510.33;493.96;493.96;493.96;1
846361;COMP. URB. ALDEIAS DO CERRADO - QR 04 - RESIDENCIAL SUCUPIRAS;JARDIM BOTÂNICO;285;2025;6;60;324000;327500;440.65;440.65;440.65;1
558890;SETOR HABITACIONAL JARDIM BOTANICO;SAO SEBASTIAO;60221;2025;6;61;2010000;2123999.89;3600;3600;1000;1
807367;PARANOÁ PARQUE;PARANOA;60221;2025;6;64;1230000;1242500;2424.67;4364.406;2424.67;1
245151;RECANTO DAS EMAS;RECANTO DAS EMAS;60217;2025;6;74;616000;710000;1300.23;1805.875;722.35;1
455057;QUADRA DE OFICINAS;RIACHO FUNDO;60227;2025;6;76;289000;411111.11;280;400;200;4
808760;HABITACIONAL RIACHO FUNDO II;RIACHO FUNDO II;60222;2025;6;77;120000;190000.01;128.31;183.3;91.65;4
186511;QN-SAMAMBAIA;SAMAMBAIA;60217;2025;6;82;447300;587000;300;525;150;2
80679;QS-SAMAMBAIA;SAMAMBAIA;60219;2025;6;84;121000;125005.1;200;300;100;1
81089;QS-SAMAMBAIA;SAMAMBAIA;60219;2025;6;85;744000;890010;1338.5;2007.75;669.25;1
458309;QN-SAMAMBAIA;SAMAMBAIA;60220;2025;6;86;122940;123000;150;225;75;1
460830;QN-SAMAMBAIA;SAMAMBAIA;60220;2025;6;87;288000;351000;588.8;883.2;294.4;4
188782;QN-SAMAMBAIA;SAMAMBAIA;60220;2025;6;90;602000;803000.33;1304;1956;652;3
188783;QN-SAMAMBAIA;SAMAMBAIA;60220;2025;6;91;1190000;2000001;2650.12;3975.18;1325.06;3
188784;QN-SAMAMBAIA;SAMAMBAIA;60220;2025;6;92;664000;1163000.33;1445.18;2167.77;722.59;3
242692;QS-SAMAMBAIA;SAMAMBAIA;60220;2025;6;94;73100;100000;200;300;100;9
600939;CENTRO ORIENT. E EDUC. RURAL - COER;SOBRADINHO;60220;2025;6;98;750000;755000;919.47;2390.622;919.47;1
600950;CENTRO ORIENT. E EDUC. RURAL - COER;SOBRADINHO;60220;2025;6;99;1900000;2120000;2639.79;6863.454;2639.79;3
52987;SETOR N NORTE-QUADRA RESIDENCIAL             ;CEILANDIA;60214;2025;8;2;153000;225950;500;500;250;6
154116;SETOR O NORTE-QUADRA RESIDENCIAL             ;CEILANDIA;60219;2025;8;11;376000;385000;756;1134;378;5
156792;SETOR O NORTE-QUADRA RESIDENCIAL             ;CEILANDIA;60219;2025;8;12;402000;515999.99;819;1228.5;409.5;1
61706;SETOR SUL                                    ;GAMA;60215;2025;8;13;149000;150200;625;625;312.5;2
507509;SETOR DE MULTIPLAS ATIVIDADES;GAMA;60224;2025;8;17;233000;251250;256.2;409.92;256.2;1
595728;SETOR RESID INDUSTRIA E ABASTECIMENTO        ;GUARA;60214;2025;8;18;260000;325520;345.6;345.6;144;6
595729;SETOR RESID INDUSTRIA E ABASTECIMENTO        ;GUARA;60214;2025;8;19;260000;417300;345.6;345.6;144;9
595730;SETOR RESID INDUSTRIA E ABASTECIMENTO        ;GUARA;60214;2025;8;20;260000;389000.77;345.6;345.6;144;8
595731;SETOR RESID INDUSTRIA E ABASTECIMENTO        ;GUARA;60214;2025;8;21;260000;399000.99;345.6;345.6;144;17
595733;SETOR RESID INDUSTRIA E ABASTECIMENTO        ;GUARA;60214;2025;8;22;260000;433000;345.6;345.6;144;18
595784;SETOR RESID INDUSTRIA E ABASTECIMENTO        ;GUARA;60214;2025;8;23;295000;495990;399.336;399.336;166.39;6
595785;SETOR RESID INDUSTRIA E ABASTECIMENTO        ;GUARA;60214;2025;8;24;299000;492990;405.696;405.696;169.04;6
595843;SETOR RESID INDUSTRIA E ABASTECIMENTO        ;GUARA;60214;2025;8;25;265000;445111.99;352.8;352.8;147;16
846117;COMP. URB. ALDEIAS DO CERRADO - QR 04 - RESIDENCIAL SUCUPIRAS;JARDIM BOTÂNICO;285;2025;8;26;318000;357999;424.23;424.23;424.23;3
846139;COMP. URB. ALDEIAS DO CERRADO - QR 04 - RESIDENCIAL SUCUPIRAS;JARDIM BOTÂNICO;285;2025;8;30;338000;371999;479.47;479.47;479.47;1
846145;COMP. URB. ALDEIAS DO CERRADO - QR 04 - RESIDENCIAL SUCUPIRAS;JARDIM BOTÂNICO;285;2025;8;32;317000;318100;420;420;420;1
846168;COMP. URB. ALDEIAS DO CERRADO - QR 04 - RESIDENCIAL SUCUPIRAS;JARDIM BOTÂNICO;285;2025;8;38;317000;318000;420;420;420;1
846176;COMP. URB. ALDEIAS DO CERRADO - QR 04 - RESIDENCIAL SUCUPIRAS;JARDIM BOTÂNICO;285;2025;8;39;345000;360000;501.705;501.705;501.705;2
846179;COMP. URB. ALDEIAS DO CERRADO - QR 04 - RESIDENCIAL SUCUPIRAS;JARDIM BOTÂNICO;285;2025;8;40;355000;357200;533.05;533.05;533.05;2
846210;COMP. URB. ALDEIAS DO CERRADO - QR 04 - RESIDENCIAL SUCUPIRAS;JARDIM BOTÂNICO;285;2025;8;41;360000;378468;549.01;549.01;549.01;3
846211;COMP. URB. ALDEIAS DO CERRADO - QR 04 - RESIDENCIAL SUCUPIRAS;JARDIM BOTÂNICO;285;2025;8;42;336000;336253;474.17;474.17;474.17;1
846364;COMP. URB. ALDEIAS DO CERRADO - QR 04 - RESIDENCIAL SUCUPIRAS;JARDIM BOTÂNICO;285;2025;8;52;343000;350099;496.41;496.41;496.41;1
479774;RECANTO DAS EMAS;RECANTO DAS EMAS;60217;2025;8;59;160000;200000;308.574;394.289;171.43;2
242325;RECANTO DAS EMAS;RECANTO DAS EMAS;60221;2025;8;66;238000;239000;599.454;666.06;333.03;1
819041;HABITACIONAL RIACHO FUNDO II;RIACHO FUNDO II;60217;2025;8;70;150000;155100;127.4;273;91;2
803189;HABITACIONAL RIACHO FUNDO II;RIACHO FUNDO II;60223;2025;8;79;1480000;1631000;2079.378;3713.175;1485.27;1
508452;CENTRO URBANO;SAMAMBAIA;60217;2025;8;82;464000;481000;750;750;250;1
77206;QN-SAMAMBAIA;SAMAMBAIA;60217;2025;8;85;158000;162740;200;350;100;1
77208;QN-SAMAMBAIA;SAMAMBAIA;60217;2025;8;86;158000;160000;200;350;100;1
188305;QN-SAMAMBAIA;SAMAMBAIA;60217;2025;8;90;1240000;2401000;2120;3604;1060;3
185152;QS-SAMAMBAIA;SAMAMBAIA;60219;2025;8;95;121000;122020;200;300;100;1
188110;QN-SAMAMBAIA;SAMAMBAIA;60220;2025;8;99;1030000;2161000;2271;3406.5;1135.5;3
185494;QS-SAMAMBAIA;SAMAMBAIA;60220;2025;8;100;121000;145103.3;200;300;100;1
185501;QS-SAMAMBAIA;SAMAMBAIA;60220;2025;8;101;121000;165103.4;200;300;100;1
185502;QS-SAMAMBAIA;SAMAMBAIA;60220;2025;8;102;121000;165103.4;200;300;100;2
455635;QS-SAMAMBAIA;SAMAMBAIA;60220;2025;8;103;381000;521000;800;1200;400;3
455961;QS-SAMAMBAIA;SAMAMBAIA;60220;2025;8;104;381000;466990;800;1200;400;2
246150;SANTA MARIA                                  ;SANTA MARIA;60218;2025;8;110;119000;130000;280;500;200;2
246445;SANTA MARIA                                  ;SANTA MARIA;60224;2025;8;111;265000;270000;840;1440;600;2
828926;BAIRRO CRIXÁ;SAO SEBASTIAO;60217;2025;8;113;1940000;1988500;1517.251;4551.753;1517.251;1
572196;SETOR DE SUPERQUADRAS SUL                    ;BRASILIA;60142;2025;9;2;2210000;2255555;234.27;234.27;234.27;1
572198;SETOR DE SUPERQUADRAS SUL                    ;BRASILIA;60142;2025;9;3;2210000;2255555;234.27;234.27;234.27;1
572204;SETOR DE SUPERQUADRAS SUL                    ;BRASILIA;60142;2025;9;4;2210000;2500105;234.27;234.27;234.27;2
572206;SETOR DE SUPERQUADRAS SUL                    ;BRASILIA;60142;2025;9;5;2210000;2255555;234.27;234.27;234.27;1
572213;SETOR DE SUPERQUADRAS SUL                    ;BRASILIA;60142;2025;9;7;1390000;1391391;112.99;112.99;112.99;1
572214;SETOR DE SUPERQUADRAS SUL                    ;BRASILIA;60142;2025;9;8;1390000;1411411;112.99;112.99;112.99;1
572217;SETOR DE SUPERQUADRAS SUL                    ;BRASILIA;60142;2025;9;9;1390000;1411411;112.99;112.99;112.99;1
572219;SETOR DE SUPERQUADRAS SUL                    ;BRASILIA;60142;2025;9;11;2290000;2330000;242.52;242.52;242.52;1
158423;SETOR DE HABITACOES INDIVIDUAIS SUL          ;BRASILIA;60211;2025;9;12;3760000;6659999;1120;1120;800;12
238107;SETOR DE OFICINAS NORTE                      ;BRASILIA;60227;2025;9;16;354000;494550;175;175;125;2
807001;SHCNW-SETOR DE HABITAÇÕES COLETIVAS NOROESTE;BRASILIA;60598;2025;9;18;233000;261000;15;15;15;2
61685;SETOR SUL                                    ;GAMA;60216;2025;9;21;201000;207777.77;625;1250;312.5;1
594693;SETOR RESID INDUSTRIA E ABASTECIMENTO        ;GUARA;60214;2025;9;22;360000;594720;500.928;500.928;208.72;10
595783;SETOR RESID INDUSTRIA E ABASTECIMENTO        ;GUARA;60214;2025;9;23;260000;357200;345.6;345.6;144;4
595793;SETOR RESID INDUSTRIA E ABASTECIMENTO        ;GUARA;60214;2025;9;24;288000;513311.2;388.8;388.8;162;15
595806;SETOR RESID INDUSTRIA E ABASTECIMENTO        ;GUARA;60214;2025;9;25;260000;435000;345.6;345.6;144;13
595807;SETOR RESID INDUSTRIA E ABASTECIMENTO        ;GUARA;60214;2025;9;26;260000;433233.95;345.6;345.6;144;12
595808;SETOR RESID INDUSTRIA E ABASTECIMENTO        ;GUARA;60214;2025;9;27;260000;352561;345.6;345.6;144;11
595811;SETOR RESID INDUSTRIA E ABASTECIMENTO        ;GUARA;60214;2025;9;28;260000;442312;345.6;345.6;144;10
595846;SETOR RESID INDUSTRIA E ABASTECIMENTO        ;GUARA;60214;2025;9;29;260000;401000;345.6;345.6;144;10
595847;SETOR RESID INDUSTRIA E ABASTECIMENTO        ;GUARA;60214;2025;9;30;260000;335999.99;345.6;345.6;144;5
846119;COMP. URB. ALDEIAS DO CERRADO - QR 04 - RESIDENCIAL SUCUPIRAS;JARDIM BOTÂNICO;285;2025;9;34;317000;335450;421.78;421.78;421.78;1
846172;COMP. URB. ALDEIAS DO CERRADO - QR 04 - RESIDENCIAL SUCUPIRAS;JARDIM BOTÂNICO;285;2025;9;42;317000;323000;420;420;420;3
846173;COMP. URB. ALDEIAS DO CERRADO - QR 04 - RESIDENCIAL SUCUPIRAS;JARDIM BOTÂNICO;285;2025;9;43;317000;317591.12;420;420;420;1
846199;COMP. URB. ALDEIAS DO CERRADO - QR 04 - RESIDENCIAL SUCUPIRAS;JARDIM BOTÂNICO;285;2025;9;47;331000;336211;460.84;460.84;460.84;1
846212;COMP. URB. ALDEIAS DO CERRADO - QR 04 - RESIDENCIAL SUCUPIRAS;JARDIM BOTÂNICO;285;2025;9;48;331000;332000;461.01;461.01;461.01;1
846270;COMP. URB. ALDEIAS DO CERRADO - QR 04 - RESIDENCIAL SUCUPIRAS;JARDIM BOTÂNICO;285;2025;9;52;376000;383312.89;600.49;600.49;600.49;1
185923;QN-SAMAMBAIA;SAMAMBAIA;60217;2025;9;64;689000;2100000;1296;2592;648;13
186490;QN-SAMAMBAIA;SAMAMBAIA;60217;2025;9;65;158000;158100;200;350;100;1
193653;QS-SAMAMBAIA;SAMAMBAIA;60217;2025;9;70;158000;205000;200;350;100;4
193654;QS-SAMAMBAIA;SAMAMBAIA;60217;2025;9;71;158000;161999.99;200;350;100;1
193655;QS-SAMAMBAIA;SAMAMBAIA;60217;2025;9;72;158000;158010;200;350;100;1
195876;QS-SAMAMBAIA;SAMAMBAIA;60217;2025;9;73;2500000;5410000;4347.9;7391.43;2173.95;5
186401;QS-SAMAMBAIA;SAMAMBAIA;60217;2025;9;74;131000;175550;200;350;100;1
187334;QS-SAMAMBAIA;SAMAMBAIA;60217;2025;9;75;158000;159900;200;350;100;1
244431;QS-SAMAMBAIA;SAMAMBAIA;60218;2025;9;76;70200;70200;200;280;100;1
190464;QN-SAMAMBAIA;SAMAMBAIA;60219;2025;9;82;116000;153000;200;300;100;3
239719;QN-SAMAMBAIA;SAMAMBAIA;60219;2025;9;83;688000;815000;1500;2250;750;3
239720;QN-SAMAMBAIA;SAMAMBAIA;60219;2025;9;84;688000;815500;1500;2250;750;3
192214;QS-SAMAMBAIA;SAMAMBAIA;60219;2025;9;86;819000;825000;1480;2220;740;1
193299;QS-SAMAMBAIA;SAMAMBAIA;60219;2025;9;87;441000;441778.77;938;1407;469;1
186430;QS-SAMAMBAIA;SAMAMBAIA;60219;2025;9;95;121000;155555.55;200;300;100;2
186431;QS-SAMAMBAIA;SAMAMBAIA;60219;2025;9;96;202000;316875;390;585;195;1
186433;QS-SAMAMBAIA;SAMAMBAIA;60219;2025;9;98;202000;205000;390;585;195;1
186435;QS-SAMAMBAIA;SAMAMBAIA;60219;2025;9;100;202000;230000;390;585;195;1
242735;QN-SAMAMBAIA;SAMAMBAIA;60220;2025;9;103;73100;75000;200;300;100;1
242687;QS-SAMAMBAIA;SAMAMBAIA;60220;2025;9;104;73100;110000;200;300;100;7
240582;EXPANSAO ECONOMICA                           ;SOBRADINHO;60227;2025;9;110;284000;371912;420;588;210;2
211991;BAIRRO AGUAS CLARAS;TAGUATINGA;60217;2025;11;1;4340000;12000100;2700;4500;900;8
838864;SETOR HABITACIONAL ARNIQUEIRA;ARNIQUEIRA;60214;2025;11;2;771000;1087000;2448.9;2448.9;1224.45;2
838463;SETOR HABITACIONAL ARNIQUEIRA;ARNIQUEIRA;60215;2025;11;4;547000;700000;1687.74;1687.74;843.87;4
114075;SETOR DE HABITACOES INDIVIDUAIS NORTE        ;BRASILIA;60211;2025;11;7;1420000;1551000;934.738;934.738;667.67;1
589800;SHCNW-SETOR DE HABITAÇÕES COLETIVAS NOROESTE;BRASILIA;60598;2025;11;9;276000;614200;20;20;20;2
65213;SETOR P NORTE-ENTREQUADRA                    ;CEILANDIA;60216;2025;11;12;64700;81000;80;160;40;7
65897;SETOR INDUSTRIAL I                           ;CEILANDIA;60225;2025;11;15;113000;350000;480.375;480.375;320.25;6
66362;SETOR INDUSTRIAL I                           ;CEILANDIA;60225;2025;11;16;496000;610000;480.375;480.375;320.25;1
595848;SETOR RESID INDUSTRIA E ABASTECIMENTO        ;GUARA;60214;2025;11;20;260000;451013.13;345.6;345.6;144;18
595849;SETOR RESID INDUSTRIA E ABASTECIMENTO        ;GUARA;60214;2025;11;21;260000;451013.13;345.6;345.6;144;15
846106;COMP. URB. ALDEIAS DO CERRADO - QR 04 - RESIDENCIAL SUCUPIRAS;JARDIM BOTÂNICO;285;2025;11;25;340000;392200.5;487.37;487.37;487.37;1
846169;COMP. URB. ALDEIAS DO CERRADO - QR 04 - RESIDENCIAL SUCUPIRAS;JARDIM BOTÂNICO;285;2025;11;33;317000;318405.33;420;420;420;1
846171;COMP. URB. ALDEIAS DO CERRADO - QR 04 - RESIDENCIAL SUCUPIRAS;JARDIM BOTÂNICO;285;2025;11;35;317000;320200.13;420;420;420;1
846200;COMP. URB. ALDEIAS DO CERRADO - QR 04 - RESIDENCIAL SUCUPIRAS;JARDIM BOTÂNICO;285;2025;11;37;332000;338640;462.29;462.29;462.29;1
846265;COMP. URB. ALDEIAS DO CERRADO - QR 04 - RESIDENCIAL SUCUPIRAS;JARDIM BOTÂNICO;285;2025;11;43;317000;321101.01;420;420;420;1
559247;SETOR HABITACIONAL JARDIM BOTANICO;SAO SEBASTIAO;60214;2025;11;48;858000;873780;1591.2;1591.2;1060.8;1
808928;HABITACIONAL RIACHO FUNDO II;RIACHO FUNDO II;60217;2025;11;58;354000;839600;351.148;752.46;250.82;10
185402;QR-SAMAMBAIA;SAMAMBAIA;60213;2025;11;59;933000;953000;1800;3150;900;1
564962;CENTRO URBANO;SAMAMBAIA;60217;2025;11;60;471000;887000;480.88;721.32;240.44;3
508247;CENTRO URBANO;SAMAMBAIA;60217;2025;11;61;3260000;3600000;3444.44;6027.77;1722.22;3
239865;QS-SAMAMBAIA;SAMAMBAIA;60218;2025;11;64;83600;90600;100;140;50;1
193677;QN-SAMAMBAIA;SAMAMBAIA;60219;2025;11;66;216000;273000;400;600;200;2
238967;QN-SAMAMBAIA;SAMAMBAIA;60219;2025;11;77;87000;110000;100;150;50;2
457488;QN-SAMAMBAIA;SAMAMBAIA;60220;2025;11;79;1080000;1361000;2281.3;3421.95;1140.65;4
459206;QN-SAMAMBAIA;SAMAMBAIA;60220;2025;11;81;563000;565000;1950.8;2926.2;975.4;1
465940;QN-SAMAMBAIA;SAMAMBAIA;60220;2025;11;82;331000;413313.13;1120;1680;560;1
185499;QS-SAMAMBAIA;SAMAMBAIA;60220;2025;11;84;127000;127109.91;200;300;100;2
185503;QS-SAMAMBAIA;SAMAMBAIA;60220;2025;11;86;127000;127109.91;200;300;100;1
185505;QS-SAMAMBAIA;SAMAMBAIA;60220;2025;11;87;127000;127721.73;200;300;100;1
455619;QS-SAMAMBAIA;SAMAMBAIA;60220;2025;11;89;669000;691000;1383.36;2075.04;691.68;1
463826;QS-SAMAMBAIA;SAMAMBAIA;60220;2025;11;90;127000;151000.11;200;300;100;3
463829;QS-SAMAMBAIA;SAMAMBAIA;60220;2025;11;93;127000;180000;200;300;100;3
572209;SETOR DE SUPERQUADRAS SUL                    ;BRASILIA;60142;2025;12;1;2210000;2314000;234.27;234.27;234.27;1
238536;QUADRAS ECONOMICAS DA EPTG                   ;BRASILIA;60213;2025;12;3;1940000;1952000;2153.97;2153.97;717.99;1
238050;SETOR DE OFICINAS NORTE                      ;BRASILIA;60227;2025;12;4;544000;761000;282.45;282.45;201.75;3
238066;SETOR DE OFICINAS NORTE                      ;BRASILIA;60227;2025;12;5;398000;398000;199.5;199.5;142.5;1
589816;SHCNW-SETOR DE HABITAÇÕES COLETIVAS NOROESTE;BRASILIA;60602;2025;12;6;5250000;8804200;300;300;1200;2
63514;SETOR N NORTE-QUADRA COMERCIAL               ;CEILANDIA;60217;2025;12;7;494000;711900;520;1300;260;3
493266;SETOR DE DESENVOLVIMENTO ECONOMICO CENTRO NORTE;CEILANDIA;60224;2025;12;8;434000;434000;400;400;200;1
66559;SETOR INDUSTRIAL I                           ;CEILANDIA;60225;2025;12;9;84300;1089000;315;315;210;6
66561;SETOR INDUSTRIAL I                           ;CEILANDIA;60225;2025;12;9;84300;1089000;315;315;210;6
66563;SETOR INDUSTRIAL I                           ;CEILANDIA;60225;2025;12;9;84300;1089000;315;315;210;6
66565;SETOR INDUSTRIAL I                           ;CEILANDIA;60225;2025;12;9;84300;1089000;315;315;210;6
493240;SETOR DE DESENVOLVIMENTO ECONOMICO CENTRO NORTE;CEILANDIA;60227;2025;12;11;153000;300050;300;300;150;4
493413;SETOR DE DESENVOLVIMENTO ECONOMICO CENTRO NORTE;CEILANDIA;60227;2025;12;12;153000;183600;300;300;150;1
595797;SETOR RESID INDUSTRIA E ABASTECIMENTO        ;GUARA;60214;2025;12;13;273000;391200;345.6;345.6;144;6
595800;SETOR RESID INDUSTRIA E ABASTECIMENTO        ;GUARA;60214;2025;12;14;273000;451160.6;345.6;345.6;144;11
594837;SETOR RESID INDUSTRIA E ABASTECIMENTO        ;GUARA;60215;2025;12;15;273000;517000;345.6;345.6;144;8
595690;SETOR RESID INDUSTRIA E ABASTECIMENTO        ;GUARA;60220;2025;12;17;559000;571200;432;432;144;1
846192;COMP. URB. ALDEIAS DO CERRADO - QR 04 - RESIDENCIAL SUCUPIRAS;JARDIM BOTÂNICO;285;2025;12;28;317000;317501;420;420;420;1
846193;COMP. URB. ALDEIAS DO CERRADO - QR 04 - RESIDENCIAL SUCUPIRAS;JARDIM BOTÂNICO;285;2025;12;29;317000;317107.07;420;420;420;2
846198;COMP. URB. ALDEIAS DO CERRADO - QR 04 - RESIDENCIAL SUCUPIRAS;JARDIM BOTÂNICO;285;2025;12;30;350000;353000;515.68;515.68;515.68;2
846213;COMP. URB. ALDEIAS DO CERRADO - QR 04 - RESIDENCIAL SUCUPIRAS;JARDIM BOTÂNICO;285;2025;12;33;346000;347524.33;504.54;504.54;504.54;1
846224;COMP. URB. ALDEIAS DO CERRADO - QR 04 - RESIDENCIAL SUCUPIRAS;JARDIM BOTÂNICO;285;2025;12;35;326000;326503.99;447.16;447.16;447.16;1
846225;COMP. URB. ALDEIAS DO CERRADO - QR 04 - RESIDENCIAL SUCUPIRAS;JARDIM BOTÂNICO;285;2025;12;36;352000;355000;523.32;523.32;523.32;1
559486;SETOR HABITACIONAL JARDIM BOTANICO;SAO SEBASTIAO;60214;2025;12;40;621000;721000;1167.465;1167.465;778.31;6
244788;RECANTO DAS EMAS;RECANTO DAS EMAS;60216;2025;12;52;183000;187100;363.132;403.48;201.74;3
472341;AREA DE DESENVOLVIMENTO ECONOMICO;RECANTO DAS EMAS;60227;2025;12;56;184000;300000;562.8;562.8;140.7;3
472417;QR-SAMAMBAIA;SAMAMBAIA;60213;2025;12;57;323000;323000;1000;1750;500;1
564963;CENTRO URBANO;SAMAMBAIA;60217;2025;12;59;471000;817000;480.88;721.32;240.44;4
564964;CENTRO URBANO;SAMAMBAIA;60217;2025;12;60;471000;511001.59;480.44;720.66;240.22;1
508372;CENTRO URBANO;SAMAMBAIA;60217;2025;12;61;487000;491001.59;500;750;250;1
508374;CENTRO URBANO;SAMAMBAIA;60217;2025;12;62;487000;491001.59;500;750;250;1
193917;QN-SAMAMBAIA;SAMAMBAIA;60217;2025;12;63;166000;167501;200;350;100;1
186495;QN-SAMAMBAIA;SAMAMBAIA;60217;2025;12;64;166000;166000;200;350;100;1
186517;QN-SAMAMBAIA;SAMAMBAIA;60217;2025;12;65;166000;194227.77;200;350;100;1
188942;QN-SAMAMBAIA;SAMAMBAIA;60217;2025;12;68;166000;175000;200;350;100;1
80656;QS-SAMAMBAIA;SAMAMBAIA;60217;2025;12;69;902000;950000;1764;2998.8;882;1
188322;QN-SAMAMBAIA;SAMAMBAIA;60219;2025;12;74;153000;155000;200;300;100;1
188323;QN-SAMAMBAIA;SAMAMBAIA;60219;2025;12;75;153000;155000;200;300;100;1
189403;QN-SAMAMBAIA;SAMAMBAIA;60220;2025;12;82;794000;990000;1655.64;2483.46;827.82;1
189405;QN-SAMAMBAIA;SAMAMBAIA;60220;2025;12;83;1030000;1081000;2163.44;3245.16;1081.72;1
193313;QS-SAMAMBAIA;SAMAMBAIA;60220;2025;12;84;908000;1428000;1902.9;2854.35;951.45;4
193315;QS-SAMAMBAIA;SAMAMBAIA;60220;2025;12;85;203000;251000;371;556.5;185.5;1
193317;QS-SAMAMBAIA;SAMAMBAIA;60220;2025;12;87;198000;215000;360;540;180;3
589902;SOBRADINHO                                   ;SOBRADINHO;60214;2025;12;89;374000;476000;735;735;350;7
30312;SETOR M NORTE-QUADRA RESIDENCIAL             ;CEILANDIA;60219;2025;13;2;289000;376800;500;750;250;4
64217;SETOR N NORTE-QUADRA RESIDENCIAL             ;CEILANDIA;60219;2025;13;3;286000;291500;500;750;250;1
198736;SETOR M NORTE-QUADRA RESIDENCIAL             ;CEILANDIA;60220;2025;13;5;361000;364971;500;1000;250;1
198739;SETOR M NORTE-QUADRA RESIDENCIAL             ;CEILANDIA;60220;2025;13;8;361000;373000;500;1000;250;1
594252;SETOR RESID INDUSTRIA E ABASTECIMENTO        ;GUARA;60214;2025;13;9;310000;523011.19;399.6;399.6;166.5;15
595764;SETOR RESID INDUSTRIA E ABASTECIMENTO        ;GUARA;60214;2025;13;10;310000;511527;399.6;399.6;166.5;9
595803;SETOR RESID INDUSTRIA E ABASTECIMENTO        ;GUARA;60214;2025;13;11;298000;497000;381.456;381.456;158.94;6
846252;COMP. URB. ALDEIAS DO CERRADO - QR 04 - RESIDENCIAL SUCUPIRAS;JARDIM BOTÂNICO;285;2025;13;21;328000;330000;452.96;452.96;452.96;1
846262;COMP. URB. ALDEIAS DO CERRADO - QR 04 - RESIDENCIAL SUCUPIRAS;JARDIM BOTÂNICO;285;2025;13;24;335000;337777.77;472.27;472.27;472.27;1
846287;COMP. URB. ALDEIAS DO CERRADO - QR 04 - RESIDENCIAL SUCUPIRAS;JARDIM BOTÂNICO;285;2025;13;31;317000;318200;420;420;420;1
846310;COMP. URB. ALDEIAS DO CERRADO - QR 04 - RESIDENCIAL SUCUPIRAS;JARDIM BOTÂNICO;285;2025;13;34;335000;335102;472.27;472.27;472.27;1
846342;COMP. URB. ALDEIAS DO CERRADO - QR 04 - RESIDENCIAL SUCUPIRAS;JARDIM BOTÂNICO;285;2025;13;35;362000;380000.2;554.58;554.58;554.58;3
559366;SETOR HABITACIONAL JARDIM BOTANICO;SAO SEBASTIAO;60214;2025;13;37;636000;809999.99;1199.475;1199.475;799.65;7
559137;SETOR HABITACIONAL JARDIM BOTANICO;SAO SEBASTIAO;60214;2025;13;38;961000;962000;1200;1200;800;1
807377;PARANOÁ PARQUE;PARANOA;60221;2025;13;39;948000;1050000;1798.634;3237.541;1798.634;2
244789;RECANTO DAS EMAS;RECANTO DAS EMAS;60216;2025;13;40;237000;255100;482.238;535.82;267.91;1
242256;RECANTO DAS EMAS;RECANTO DAS EMAS;60216;2025;13;41;139000;141000.99;270;300;150;2
242359;RECANTO DAS EMAS;RECANTO DAS EMAS;60216;2025;13;42;201000;205000;403.488;448.32;224.16;1
245124;RECANTO DAS EMAS;RECANTO DAS EMAS;60216;2025;13;43;186000;186000;368.982;409.98;204.99;1
803190;HABITACIONAL RIACHO FUNDO II;RIACHO FUNDO II;60217;2025;13;51;586000;588000;630;1350;450;1
803192;HABITACIONAL RIACHO FUNDO II;RIACHO FUNDO II;60217;2025;13;52;586000;716600;630;1350;450;1
803194;HABITACIONAL RIACHO FUNDO II;RIACHO FUNDO II;60217;2025;13;53;586000;716660;630;1350;450;2
819275;HABITACIONAL RIACHO FUNDO II;RIACHO FUNDO II;60222;2025;13;56;631000;700010;756;1620;540;2
818927;HABITACIONAL RIACHO FUNDO II;RIACHO FUNDO II;60227;2025;13;61;78500;82000.01;70;100;50;1
818928;HABITACIONAL RIACHO FUNDO II;RIACHO FUNDO II;60227;2025;13;62;78500;85000;70;100;50;2
818929;HABITACIONAL RIACHO FUNDO II;RIACHO FUNDO II;60227;2025;13;63;78500;100000;70;100;50;4
818930;HABITACIONAL RIACHO FUNDO II;RIACHO FUNDO II;60227;2025;13;64;117000;193660;112;160;80;5
189508;QN-SAMAMBAIA;SAMAMBAIA;60217;2025;13;67;223000;386660;300;525;150;7
81863;QS-SAMAMBAIA;SAMAMBAIA;60217;2025;13;68;3050000;5551000;5070.4;8619.68;2535.2;1
81928;QS-SAMAMBAIA;SAMAMBAIA;60217;2025;13;69;925000;1440000;1380;2760;690;4
81930;QS-SAMAMBAIA;SAMAMBAIA;60217;2025;13;70;830000;861000;1231.72;2463.44;615.86;2
81931;QS-SAMAMBAIA;SAMAMBAIA;60217;2025;13;71;1700000;1820000;2801.82;4763.094;1400.91;1
82266;QS-SAMAMBAIA;SAMAMBAIA;60217;2025;13;72;166000;600000;200;350;100;10
238987;QS-SAMAMBAIA;SAMAMBAIA;60218;2025;13;73;83600;105000;100;140;50;1
166977;QS-SAMAMBAIA;SAMAMBAIA;60219;2025;13;79;1220000;1251000;2132.8;3199.2;1066.4;1
168308;QS-SAMAMBAIA;SAMAMBAIA;60219;2025;13;80;1240000;1351000;2162.4;3243.6;1081.2;1
465886;QS-SAMAMBAIA;SAMAMBAIA;60219;2025;13;82;186000;223290;600;900;300;6
458554;QN-SAMAMBAIA;SAMAMBAIA;60220;2025;13;84;127000;161000;200;300;100;8
188786;QN-SAMAMBAIA;SAMAMBAIA;60220;2025;13;86;1170000;1507000;2459;3688.5;1229.5;3
193860;QS-SAMAMBAIA;SAMAMBAIA;60220;2025;13;88;216000;263013.13;400;600;200;2
193861;QS-SAMAMBAIA;SAMAMBAIA;60220;2025;13;89;216000;263013.13;400;600;200;1
193862;QS-SAMAMBAIA;SAMAMBAIA;60220;2025;13;90;216000;263013;400;600;200;1
243886;QS-SAMAMBAIA;SAMAMBAIA;60220;2025;13;91;237000;260790;780;1170;390;2
246971;SANTA MARIA                                  ;SANTA MARIA;60217;2025;13;92;1240000;1250000;1243.298;3552.28;888.07;1
24319;SETOR INDUSTRIAL                             ;SOBRADINHO;60224;2025;13;94;578000;600010;1400;1400;700;2
155166;SETOR O NORTE-QUADRA RESIDENCIAL             ;CEILANDIA;60219;2025;14;2;448000;586600;871.5;1307.25;435.75;2
67060;SETOR INDUSTRIAL I                           ;CEILANDIA;60225;2025;14;4;243000;751900;1400;1400;700;8
507355;SETOR DE MULTIPLAS ATIVIDADES;GAMA;60224;2025;14;5;221000;350000;220;352;220;3
507477;SETOR DE MULTIPLAS ATIVIDADES;GAMA;60224;2025;14;6;218000;241000;212.6;340.16;212.6;1
59518;SETOR RESID INDUSTRIA E ABASTECIMENTO        ;GUARA;1000;2025;14;7;192000;1001000;45;45;45;4
595759;SETOR RESID INDUSTRIA E ABASTECIMENTO        ;GUARA;60220;2025;14;9;559000;571000;432;432;144;1
595760;SETOR RESID INDUSTRIA E ABASTECIMENTO        ;GUARA;60220;2025;14;10;559000;571000;432;432;144;1
846170;COMP. URB. ALDEIAS DO CERRADO - QR 04 - RESIDENCIAL SUCUPIRAS;JARDIM BOTÂNICO;285;2025;14;13;317000;330500;420;420;420;2
846194;COMP. URB. ALDEIAS DO CERRADO - QR 04 - RESIDENCIAL SUCUPIRAS;JARDIM BOTÂNICO;285;2025;14;14;317000;318000;420;420;420;1
846195;COMP. URB. ALDEIAS DO CERRADO - QR 04 - RESIDENCIAL SUCUPIRAS;JARDIM BOTÂNICO;285;2025;14;15;317000;325000;420;420;420;1
846250;COMP. URB. ALDEIAS DO CERRADO - QR 04 - RESIDENCIAL SUCUPIRAS;JARDIM BOTÂNICO;285;2025;14;24;330000;333333.99;456.63;456.63;456.63;1
807378;PARANOÁ PARQUE;PARANOA;60221;2025;14;33;969000;1060000;1843.757;3318.763;1843.757;1
529042;RECANTO DAS EMAS;RECANTO DAS EMAS;60217;2025;14;35;238200;240200;103.5;132.25;57.5;1
242268;RECANTO DAS EMAS;RECANTO DAS EMAS;60217;2025;14;37;146000;151000;270;345;150;1
242269;RECANTO DAS EMAS;RECANTO DAS EMAS;60217;2025;14;38;146000;151000;270;345;150;1
242270;RECANTO DAS EMAS;RECANTO DAS EMAS;60217;2025;14;39;146000;151000;270;345;150;1
479793;RECANTO DAS EMAS;RECANTO DAS EMAS;60217;2025;14;41;1170000;1401100;2527.2;3510;1404;1
472886;AREA DE DESENVOLVIMENTO ECONOMICO;RECANTO DAS EMAS;60227;2025;14;45;149000;160000;446.4;446.4;111.6;1
472895;AREA DE DESENVOLVIMENTO ECONOMICO;RECANTO DAS EMAS;60227;2025;14;46;149000;149500;446.4;446.4;111.6;1
472927;AREA DE DESENVOLVIMENTO ECONOMICO;RECANTO DAS EMAS;60227;2025;14;47;154000;160000;463.36;463.36;115.84;1
819176;HABITACIONAL RIACHO FUNDO II;RIACHO FUNDO II;60217;2025;14;48;150000;220000;127.4;273;91;4
818813;HABITACIONAL RIACHO FUNDO II;RIACHO FUNDO II;60224;2025;14;50;2070000;2070100;3307.5;3307.5;2362.5;1
77209;QN-SAMAMBAIA;SAMAMBAIA;60217;2025;14;58;166000;250000;200;350;100;1
77210;QN-SAMAMBAIA;SAMAMBAIA;60217;2025;14;59;166000;240000;200;350;100;3
81939;QS-SAMAMBAIA;SAMAMBAIA;60217;2025;14;66;166000;167100;200;350;100;1
458311;QN-SAMAMBAIA;SAMAMBAIA;60219;2025;14;68;127000;141700;200;300;100;1
185868;QN-SAMAMBAIA;SAMAMBAIA;60219;2025;14;69;670000;900900;1386;2079;693;1
185875;QN-SAMAMBAIA;SAMAMBAIA;60219;2025;14;70;838000;851000;1750;2625;875;1
187373;QN-SAMAMBAIA;SAMAMBAIA;60219;2025;14;72;153000;153000;260;390;130;1
461580;QS-SAMAMBAIA;SAMAMBAIA;60219;2025;14;73;746000;756000;1550;2325;775;1
461581;QS-SAMAMBAIA;SAMAMBAIA;60219;2025;14;74;617000;628000;1271;1906.5;635.5;1
192242;QN-SAMAMBAIA;SAMAMBAIA;60220;2025;14;75;1230000;1552000;2602.4;3903.6;1301.2;1
193660;QN-SAMAMBAIA;SAMAMBAIA;60220;2025;14;76;603000;716013.09;1241.32;1861.98;620.66;1
457888;QN-SAMAMBAIA;SAMAMBAIA;60220;2025;14;79;855000;863599;1787.8;2681.7;893.9;1
458552;QN-SAMAMBAIA;SAMAMBAIA;60220;2025;14;80;127000;210000;200;300;100;6
191908;QS-SAMAMBAIA;SAMAMBAIA;60220;2025;14;84;216000;436660;400;600;200;5
239751;QS-SAMAMBAIA;SAMAMBAIA;60220;2025;14;88;87000;90000;100;150;50;1
246715;SANTA MARIA                                  ;SANTA MARIA;60217;2025;14;98;2640000;2715000;3434.06;9811.6;2452.9;1
825478;SETOR HABITACIONAL VICENTE PIRES - TRECHO 03;VICENTE PIRES;60214;2025;14;101;249000;571100;687.24;687.24;343.62;22
839857;SETOR HABITACIONAL ARNIQUEIRA;ARNIQUEIRA;60215;2025;16;3;625000;1010000;1978.34;1978.34;989.17;3
839344;SETOR HABITACIONAL ARNIQUEIRA;ARNIQUEIRA;60219;2025;16;6;296000;701000;781.38;781.38;390.69;11
838128;SETOR HABITACIONAL ARNIQUEIRA;ARNIQUEIRA;60220;2025;16;7;327000;331500;866.9;866.9;433.45;2
66491;SETOR INDUSTRIAL I                           ;CEILANDIA;60225;2025;16;15;118000;357000;472.5;472.5;315;7
66564;SETOR INDUSTRIAL I                           ;CEILANDIA;60225;2025;16;18;84300;125200;315;315;210;2
846167;COMP. URB. ALDEIAS DO CERRADO - QR 04 - RESIDENCIAL SUCUPIRAS;JARDIM BOTÂNICO;285;2025;16;24;317000;317499;420;420;420;1
846223;COMP. URB. ALDEIAS DO CERRADO - QR 04 - RESIDENCIAL SUCUPIRAS;JARDIM BOTÂNICO;285;2025;16;29;344000;365500;498.8;498.8;498.8;3
846333;COMP. URB. ALDEIAS DO CERRADO - QR 04 - RESIDENCIAL SUCUPIRAS;JARDIM BOTÂNICO;285;2025;16;41;335000;337500;472.27;472.27;472.27;1
559287;SETOR HABITACIONAL JARDIM BOTANICO;SAO SEBASTIAO;60214;2025;16;45;861000;1073737;1597.665;1597.665;1065.11;4
833077;SUBCENTRO URBANO 400/600;RECANTO DAS EMAS;60222;2025;16;50;3990000;8851000;11986.92;19978.2;6659.4;3
185905;QN-SAMAMBAIA;SAMAMBAIA;60217;2025;16;60;137000;155407;200;350;100;1
188303;QN-SAMAMBAIA;SAMAMBAIA;60217;2025;16;61;1360000;1911000;2226;3784.2;1113;5
188304;QN-SAMAMBAIA;SAMAMBAIA;60217;2025;16;62;1300000;1909000;2120;3604;1060;4
458549;QN-SAMAMBAIA;SAMAMBAIA;60220;2025;16;71;127000;152600;200;300;100;4
458550;QN-SAMAMBAIA;SAMAMBAIA;60220;2025;16;72;127000;233000;200;300;100;1
458551;QN-SAMAMBAIA;SAMAMBAIA;60220;2025;16;73;127000;233000;200;300;100;2
193316;QS-SAMAMBAIA;SAMAMBAIA;60220;2025;16;74;198000;235101;360;540;180;1
193864;QS-SAMAMBAIA;SAMAMBAIA;60220;2025;16;76;682000;701050;1412.36;2118.54;706.18;1
855440;SETOR DE TRANSPORTE RODOVIARIO DE CARGAS;SETOR DE INDUSTRIA E ABASTECIMENTO;60224;2025;16;87;11000000;11057000;13064.525;13064.525;5225.81;1
823981;SETOR HABITACIONAL VICENTE PIRES - TRECHO 03;VICENTE PIRES;60214;2025;16;89;673000;703000;2767.74;2767.74;1383.87;1
824114;SETOR HABITACIONAL VICENTE PIRES - TRECHO 03;VICENTE PIRES;60214;2025;16;90;283000;450000;827.64;827.64;413.82;4
826014;SETOR HABITACIONAL VICENTE PIRES - TRECHO 03;VICENTE PIRES;60214;2025;16;93;863000;1050100.01;3863.86;3863.86;1931.93;1
826951;SETOR HABITACIONAL VICENTE PIRES - TRECHO 03;VICENTE PIRES;60214;2025;16;94;553000;750000;2121.48;2121.48;1060.74;1
839900;SETOR HABITACIONAL ARNIQUEIRA;ARNIQUEIRA;60214;2025;18;1;206000;288888.88;601.54;601.54;300.77;4
839902;SETOR HABITACIONAL ARNIQUEIRA;ARNIQUEIRA;60214;2025;18;2;260000;368888.88;766.32;766.32;383.16;3
839892;SETOR HABITACIONAL ARNIQUEIRA;ARNIQUEIRA;60215;2025;18;4;689000;852000;2203.64;2203.64;1101.82;1
838610;SETOR HABITACIONAL ARNIQUEIRA;ARNIQUEIRA;60219;2025;18;5;1570000;5340000;4816.2;4816.2;2408.1;6
838611;SETOR HABITACIONAL ARNIQUEIRA;ARNIQUEIRA;60219;2025;18;6;1530000;5340000;4676.46;4676.46;2338.23;6
839184;SETOR HABITACIONAL ARNIQUEIRA;ARNIQUEIRA;60219;2025;18;7;322000;611011.11;852;852;426;4
146203;SETOR DE HABITACOES INDIVIDUAIS NORTE        ;BRASILIA;60221;2025;18;12;1540000;4100000;480.7;480.7;1045;9
68792;SETOR DE HABITACOES INDIVIDUAIS NORTE        ;BRASILIA;60221;2025;18;13;1540000;4100000;480.7;480.7;1045;9
589803;SHCNW-SETOR DE HABITAÇÕES COLETIVAS NOROESTE;BRASILIA;60598;2025;18;15;233000;555000;15;15;15;3
595736;SETOR RESID INDUSTRIA E ABASTECIMENTO        ;GUARA;60214;2025;18;19;543000;655000;742.56;742.56;309.4;3
595809;SETOR RESID INDUSTRIA E ABASTECIMENTO        ;GUARA;60214;2025;18;20;273000;485026.1;345.6;345.6;144;6
595836;SETOR RESID INDUSTRIA E ABASTECIMENTO        ;GUARA;60214;2025;18;21;273000;485026.1;345.6;345.6;144;11
595689;SETOR RESID INDUSTRIA E ABASTECIMENTO        ;GUARA;60220;2025;18;23;559000;579999.99;432;432;144;1
846118;COMP. URB. ALDEIAS DO CERRADO - QR 04 - RESIDENCIAL SUCUPIRAS;JARDIM BOTÂNICO;285;2025;18;25;319000;321500;426.92;426.92;426.92;2
846163;COMP. URB. ALDEIAS DO CERRADO - QR 04 - RESIDENCIAL SUCUPIRAS;JARDIM BOTÂNICO;285;2025;18;28;341000;347500;490.56;490.56;490.56;1
846191;COMP. URB. ALDEIAS DO CERRADO - QR 04 - RESIDENCIAL SUCUPIRAS;JARDIM BOTÂNICO;285;2025;18;32;317000;317840;420;420;420;1
846235;COMP. URB. ALDEIAS DO CERRADO - QR 04 - RESIDENCIAL SUCUPIRAS;JARDIM BOTÂNICO;285;2025;18;33;351000;361000;520.63;520.63;520.63;1
846236;COMP. URB. ALDEIAS DO CERRADO - QR 04 - RESIDENCIAL SUCUPIRAS;JARDIM BOTÂNICO;285;2025;18;34;327000;328000;449.34;449.34;449.34;1
846301;COMP. URB. ALDEIAS DO CERRADO - QR 04 - RESIDENCIAL SUCUPIRAS;JARDIM BOTÂNICO;285;2025;18;40;357000;361101.99;537.36;537.36;537.36;1
846308;COMP. URB. ALDEIAS DO CERRADO - QR 04 - RESIDENCIAL SUCUPIRAS;JARDIM BOTÂNICO;285;2025;18;41;317000;329500;420;420;420;2
599085;SETOR RESIDENCIAL LESTE (SRL);PLANALTINA;60216;2025;18;51;51000;52099.99;120;120;60;1
599087;SETOR RESIDENCIAL LESTE (SRL);PLANALTINA;60216;2025;18;53;43600;47333.33;102.5;102.5;51.25;3
803167;HABITACIONAL RIACHO FUNDO II;RIACHO FUNDO II;60217;2025;18;56;586000;616600;630;1350;450;1
803168;HABITACIONAL RIACHO FUNDO II;RIACHO FUNDO II;60217;2025;18;57;586000;587300;630;1350;450;1
818922;HABITACIONAL RIACHO FUNDO II;RIACHO FUNDO II;60227;2025;18;60;78500;85000.11;70;100;50;2
818926;HABITACIONAL RIACHO FUNDO II;RIACHO FUNDO II;60227;2025;18;61;78500;85001.11;70;100;50;3
81860;QS-SAMAMBAIA;SAMAMBAIA;60219;2025;18;70;1360000;1860000;2380;3570;1190;1
460831;QN-SAMAMBAIA;SAMAMBAIA;60220;2025;18;71;503000;650000;1024;1536;512;1
460834;QN-SAMAMBAIA;SAMAMBAIA;60220;2025;18;74;385000;436600;768;1152;384;1
243321;QS-SAMAMBAIA;SAMAMBAIA;60220;2025;18;78;968000;968400;3397.68;5096.52;1698.84;1
824234;SETOR HABITACIONAL VICENTE PIRES - TRECHO 03;VICENTE PIRES;60214;2025;18;83;542000;672300.99;2062.1;2062.1;1031.05;1
824389;SETOR HABITACIONAL VICENTE PIRES - TRECHO 03;VICENTE PIRES;60214;2025;18;86;362000;401000;1178.74;1178.74;589.37;1
807169;SHCNW-SETOR DE HABITAÇÕES COLETIVAS NOROESTE;BRASILIA;60600;2025;20;7;7850000;8088888.88;2340;2340;780;1
65954;SETOR INDUSTRIAL I                           ;CEILANDIA;60225;2025;20;8;120000;377000;480.375;480.375;320.25;3
66616;SETOR INDUSTRIAL I                           ;CEILANDIA;60225;2025;20;9;84300;88900;315;315;210;2
65616;SETOR INDUSTRIAL I                           ;CEILANDIA;60227;2025;20;10;40700;62733.33;120;120;60;7
61546;SETOR SUL                                    ;GAMA;60216;2025;20;11;201000;252515;625;1250;312.5;1
846237;COMP. URB. ALDEIAS DO CERRADO - QR 04 - RESIDENCIAL SUCUPIRAS;JARDIM BOTÂNICO;285;2025;20;22;323000;327477;436.17;436.17;436.17;1
846279;COMP. URB. ALDEIAS DO CERRADO - QR 04 - RESIDENCIAL SUCUPIRAS;JARDIM BOTÂNICO;285;2025;20;24;350000;360000;518.13;518.13;518.13;1
846320;COMP. URB. ALDEIAS DO CERRADO - QR 04 - RESIDENCIAL SUCUPIRAS;JARDIM BOTÂNICO;285;2025;20;25;352000;391952;523.59;523.59;523.59;2
846332;COMP. URB. ALDEIAS DO CERRADO - QR 04 - RESIDENCIAL SUCUPIRAS;JARDIM BOTÂNICO;285;2025;20;26;335000;352100;472.27;472.27;472.27;1
846346;COMP. URB. ALDEIAS DO CERRADO - QR 04 - RESIDENCIAL SUCUPIRAS;JARDIM BOTÂNICO;285;2025;20;28;317000;322254.73;420;420;420;1
807379;PARANOÁ PARQUE;PARANOA;60221;2025;20;29;969000;1100000;1843.76;3318.768;1843.76;1
818915;HABITACIONAL RIACHO FUNDO II;RIACHO FUNDO II;60227;2025;20;41;354000;415500;402.5;575;287.5;1
818916;HABITACIONAL RIACHO FUNDO II;RIACHO FUNDO II;60227;2025;20;42;157000;201000;157.5;225;112.5;1
818917;HABITACIONAL RIACHO FUNDO II;RIACHO FUNDO II;60227;2025;20;43;157000;191000;157.5;225;112.5;1
818920;HABITACIONAL RIACHO FUNDO II;RIACHO FUNDO II;60227;2025;20;46;157000;225300;157.5;225;112.5;1
818921;HABITACIONAL RIACHO FUNDO II;RIACHO FUNDO II;60227;2025;20;47;157000;225300;157.5;225;112.5;2
508378;CENTRO URBANO;SAMAMBAIA;60217;2025;20;50;487000;602000;500;750;250;2
458314;QN-SAMAMBAIA;SAMAMBAIA;60219;2025;20;53;127000;150000;200;300;100;3
460300;QN-SAMAMBAIA;SAMAMBAIA;60219;2025;20;55;127000;130000;200;300;100;1
460838;QN-SAMAMBAIA;SAMAMBAIA;60220;2025;20;56;268000;280000;512;768;256;1
462385;QN-SAMAMBAIA;SAMAMBAIA;60220;2025;20;62;127000;150999.99;200;300;100;2
462393;QN-SAMAMBAIA;SAMAMBAIA;60220;2025;20;70;127000;166999.99;200;300;100;1
462394;QN-SAMAMBAIA;SAMAMBAIA;60220;2025;20;71;127000;166999.99;200;300;100;2
462348;QS-SAMAMBAIA;SAMAMBAIA;60220;2025;20;72;841000;1009953;1756.44;2634.66;878.22;3
462789;QS-SAMAMBAIA;SAMAMBAIA;60220;2025;20;74;862000;946000;1802.08;2703.12;901.04;3
463845;QS-SAMAMBAIA;SAMAMBAIA;60220;2025;20;77;308000;308500;600;900;300;1
464685;QS-SAMAMBAIA;SAMAMBAIA;60220;2025;20;81;216000;300000;400;600;200;1
243325;QS-SAMAMBAIA;SAMAMBAIA;60220;2025;20;82;174000;174000;555;832.5;277.5;1
826883;SETOR HABITACIONAL VICENTE PIRES - TRECHO 03;VICENTE PIRES;60214;2025;20;89;285000;425000;838.98;838.98;419.49;3
826944;SETOR HABITACIONAL VICENTE PIRES - TRECHO 03;VICENTE PIRES;60214;2025;20;90;143000;418000;296.96;296.96;148.48;8
839700;SETOR HABITACIONAL ARNIQUEIRA;ARNIQUEIRA;60215;2025;21;2;483000;630000;1493.34;1493.34;746.67;7
807192;SHCNW-SETOR DE HABITAÇÕES COLETIVAS NOROESTE;BRASILIA;60604;2025;21;3;7870000;11151790;3793.24;3793.24;1724.2;5
66566;SETOR INDUSTRIAL I                           ;CEILANDIA;60225;2025;21;7;84300;100000;315;315;210;1
65619;SETOR INDUSTRIAL I                           ;CEILANDIA;60227;2025;21;8;40700;70050;120;120;60;2
65626;SETOR INDUSTRIAL I                           ;CEILANDIA;60227;2025;21;15;40700;48000;120;120;60;1
65627;SETOR INDUSTRIAL I                           ;CEILANDIA;60227;2025;21;16;40700;66533.33;120;120;60;2
65628;SETOR INDUSTRIAL I                           ;CEILANDIA;60227;2025;21;17;40700;76533.33;120;120;60;2
65639;SETOR INDUSTRIAL I                           ;CEILANDIA;60227;2025;21;18;40700;76533.33;120;120;60;4
65640;SETOR INDUSTRIAL I                           ;CEILANDIA;60227;2025;21;19;40700;66533.33;120;120;60;2
65641;SETOR INDUSTRIAL I                           ;CEILANDIA;60227;2025;21;20;40700;46991;120;120;60;1
65648;SETOR INDUSTRIAL I                           ;CEILANDIA;60227;2025;21;27;40700;51550;120;120;60;1
65649;SETOR INDUSTRIAL I                           ;CEILANDIA;60227;2025;21;28;40700;55550;120;120;60;1
595688;SETOR RESID INDUSTRIA E ABASTECIMENTO        ;GUARA;60220;2025;21;30;559000;586950;432;432;144;2
846142;COMP. URB. ALDEIAS DO CERRADO - QR 04 - RESIDENCIAL SUCUPIRAS;JARDIM BOTÂNICO;285;2025;21;31;317000;317777.77;420;420;420;1
846144;COMP. URB. ALDEIAS DO CERRADO - QR 04 - RESIDENCIAL SUCUPIRAS;JARDIM BOTÂNICO;285;2025;21;32;317000;317050;420;420;420;1
846251;COMP. URB. ALDEIAS DO CERRADO - QR 04 - RESIDENCIAL SUCUPIRAS;JARDIM BOTÂNICO;285;2025;21;37;317000;317200;421.4;421.4;421.4;1
846299;COMP. URB. ALDEIAS DO CERRADO - QR 04 - RESIDENCIAL SUCUPIRAS;JARDIM BOTÂNICO;285;2025;21;40;338000;341000;480.86;480.86;480.86;1
846300;COMP. URB. ALDEIAS DO CERRADO - QR 04 - RESIDENCIAL SUCUPIRAS;JARDIM BOTÂNICO;285;2025;21;41;339000;365000;482.76;482.76;482.76;3
846344;COMP. URB. ALDEIAS DO CERRADO - QR 04 - RESIDENCIAL SUCUPIRAS;JARDIM BOTÂNICO;285;2025;21;45;365000;389389;564.73;564.73;564.73;2
846371;COMP. URB. ALDEIAS DO CERRADO - QR 04 - RESIDENCIAL SUCUPIRAS;JARDIM BOTÂNICO;285;2025;21;46;317000;320000;420;420;420;1
242182;RECANTO DAS EMAS;RECANTO DAS EMAS;60216;2025;21;47;634000;1215000;1404;1560;780;2
573333;RECANTO DAS EMAS;RECANTO DAS EMAS;60217;2025;21;54;325000;325000;270;345;150;1
818923;HABITACIONAL RIACHO FUNDO II;RIACHO FUNDO II;60227;2025;21;65;78500;85141.44;70;100;50;1
818924;HABITACIONAL RIACHO FUNDO II;RIACHO FUNDO II;60227;2025;21;66;78500;85141.44;70;100;50;3
818931;HABITACIONAL RIACHO FUNDO II;RIACHO FUNDO II;60227;2025;21;67;248000;260000;267.75;382.5;191.25;2
464424;QN-SAMAMBAIA;SAMAMBAIA;60217;2025;21;79;137000;142000;200;350;100;1
823966;SETOR HABITACIONAL VICENTE PIRES - TRECHO 03;VICENTE PIRES;60214;2025;21;99;306000;421000.99;928;928;464;2
531200;SETOR R NORTE-CNR;CEILANDIA;60215;2026;1;6;22100;23000.01;60;60;25;2
66597;SETOR INDUSTRIAL I                           ;CEILANDIA;60225;2026;1;11;84300;151580;315;315;210;4
846221;COMP. URB. ALDEIAS DO CERRADO - QR 04 - RESIDENCIAL SUCUPIRAS;JARDIM BOTÂNICO;285;2026;1;18;317000;325501.99;420;420;420;1
846288;COMP. URB. ALDEIAS DO CERRADO - QR 04 - RESIDENCIAL SUCUPIRAS;JARDIM BOTÂNICO;285;2026;1;22;335000;339101.33;472.07;472.07;472.07;1
846309;COMP. URB. ALDEIAS DO CERRADO - QR 04 - RESIDENCIAL SUCUPIRAS;JARDIM BOTÂNICO;285;2026;1;24;317000;317500;420;420;420;1
846311;COMP. URB. ALDEIAS DO CERRADO - QR 04 - RESIDENCIAL SUCUPIRAS;JARDIM BOTÂNICO;285;2026;1;25;335000;340010.1;472.27;472.27;472.27;4
846366;COMP. URB. ALDEIAS DO CERRADO - QR 04 - RESIDENCIAL SUCUPIRAS;JARDIM BOTÂNICO;285;2026;1;27;317000;318000;420;420;420;1
559211;SETOR HABITACIONAL JARDIM BOTANICO;SAO SEBASTIAO;60214;2026;1;30;731000;881001.01;1200;1200;800;7
59364;AVENIDA CENTRAL                              ;NUCLEO BANDEIRANTE;1000;2026;1;32;49700;50000;4;4;4;1
245134;RECANTO DAS EMAS;RECANTO DAS EMAS;60217;2026;1;41;169000;211999.99;316.98;405.03;176.1;1
573323;RECANTO DAS EMAS;RECANTO DAS EMAS;60217;2026;1;42;248000;310000;481.896;615.756;267.72;1
573324;RECANTO DAS EMAS;RECANTO DAS EMAS;60217;2026;1;43;358000;360010;717.12;916.32;398.4;1
573347;RECANTO DAS EMAS;RECANTO DAS EMAS;60217;2026;1;49;411000;411000;294.786;376.671;163.77;1
818961;HABITACIONAL RIACHO FUNDO II;RIACHO FUNDO II;60227;2026;1;59;258000;261654;280;400;200;1
186397;QS-SAMAMBAIA;SAMAMBAIA;60217;2026;1;67;137000;180100;200;350;100;2
186398;QS-SAMAMBAIA;SAMAMBAIA;60217;2026;1;68;137000;180100;200;350;100;2
81934;QS-SAMAMBAIA;SAMAMBAIA;60217;2026;1;69;166000;172000;200;350;100;3
187371;QN-SAMAMBAIA;SAMAMBAIA;60219;2026;1;71;271000;272000.99;520;780;260;1
456608;QS-SAMAMBAIA;SAMAMBAIA;60220;2026;1;80;518000;777000;1787.8;2681.7;893.9;2
456609;QS-SAMAMBAIA;SAMAMBAIA;60220;2026;1;81;563000;777000;1950.8;2926.2;975.4;3
240626;EXPANSAO ECONOMICA                           ;SOBRADINHO;60227;2026;1;84;293000;293010;420;588;210;1
198735;SETOR M NORTE-QUADRA RESIDENCIAL             ;CEILANDIA;60220;2026;2;7;361000;405000;500;1000;250;1
198745;SETOR M NORTE-QUADRA RESIDENCIAL             ;CEILANDIA;60220;2026;2;12;361000;380000;500;1000;250;1
66619;SETOR INDUSTRIAL I                           ;CEILANDIA;60225;2026;2;14;84300;125900;315;315;210;4
65613;SETOR INDUSTRIAL I                           ;CEILANDIA;60227;2026;2;15;40700;45700;120;120;60;2
65617;SETOR INDUSTRIAL I                           ;CEILANDIA;60227;2026;2;17;40700;47700;120;120;60;2
846147;COMP. URB. ALDEIAS DO CERRADO - QR 04 - RESIDENCIAL SUCUPIRAS;JARDIM BOTÂNICO;285;2026;2;30;317000;322555.55;420;420;420;1
846322;COMP. URB. ALDEIAS DO CERRADO - QR 04 - RESIDENCIAL SUCUPIRAS;JARDIM BOTÂNICO;285;2026;2;38;334000;338860.4;469.97;469.97;469.97;1
846323;COMP. URB. ALDEIAS DO CERRADO - QR 04 - RESIDENCIAL SUCUPIRAS;JARDIM BOTÂNICO;285;2026;2;39;355000;370000;532.25;532.25;532.25;2
819053;HABITACIONAL RIACHO FUNDO II;RIACHO FUNDO II;60217;2026;2;47;150000;166200;127.4;273;91;2
819177;HABITACIONAL RIACHO FUNDO II;RIACHO FUNDO II;60217;2026;2;48;150000;185500;127.4;273;91;4
818918;HABITACIONAL RIACHO FUNDO II;RIACHO FUNDO II;60227;2026;2;61;157000;164850;157.5;225;112.5;1
818919;HABITACIONAL RIACHO FUNDO II;RIACHO FUNDO II;60227;2026;2;62;157000;164850;157.5;225;112.5;1
75548;QN-SAMAMBAIA;SAMAMBAIA;60219;2026;2;71;1640000;1805000;3485.92;5228.88;1742.96;1
464346;QS-SAMAMBAIA;SAMAMBAIA;60220;2026;2;103;127000;137000;200;300;100;1
464366;QS-SAMAMBAIA;SAMAMBAIA;60220;2026;2;108;127000;128299;200;300;100;1
464367;QS-SAMAMBAIA;SAMAMBAIA;60220;2026;2;109;127000;131000;200;300;100;2
807168;SHCNW-SETOR DE HABITAÇÕES COLETIVAS NOROESTE;BRASILIA;60600;2026;3;2;7150000;7211111.12;2340;2340;780;1
66617;SETOR INDUSTRIAL I                           ;CEILANDIA;60225;2026;3;3;84300;170100;315;315;210;13
106267;SETOR LESTE                                  ;GAMA;60221;2026;3;4;1590000;4801000;6000;7200;2400;4
55838;SETOR OESTE (COM);GAMA;60222;2026;3;5;1070000;2701000;4000;6000;2000;4
595762;SETOR RESID INDUSTRIA E ABASTECIMENTO        ;GUARA;60220;2026;3;7;633000;633100.01;499.5;499.5;166.5;1
846155;COMP. URB. ALDEIAS DO CERRADO - QR 04 - RESIDENCIAL SUCUPIRAS;JARDIM BOTÂNICO;285;2026;3;8;317000;351100;420;420;420;2
846239;COMP. URB. ALDEIAS DO CERRADO - QR 04 - RESIDENCIAL SUCUPIRAS;JARDIM BOTÂNICO;285;2026;3;12;335000;342700;472.27;472.27;472.27;3
846328;COMP. URB. ALDEIAS DO CERRADO - QR 04 - RESIDENCIAL SUCUPIRAS;JARDIM BOTÂNICO;285;2026;3;17;317000;347000;420;420;420;2
846347;COMP. URB. ALDEIAS DO CERRADO - QR 04 - RESIDENCIAL SUCUPIRAS;JARDIM BOTÂNICO;285;2026;3;19;338000;338501;481.64;481.64;481.64;1
846348;COMP. URB. ALDEIAS DO CERRADO - QR 04 - RESIDENCIAL SUCUPIRAS;JARDIM BOTÂNICO;285;2026;3;20;342000;351000;493.96;493.96;493.96;1
846375;COMP. URB. ALDEIAS DO CERRADO - QR 04 - RESIDENCIAL SUCUPIRAS;JARDIM BOTÂNICO;285;2026;3;22;317000;319000;420;420;420;1
559550;SETOR HABITACIONAL JARDIM BOTANICO;SAO SEBASTIAO;60214;2026;3;23;705000;865000;1350;1350;900;7
599074;SETOR RESIDENCIAL LESTE (SRL);PLANALTINA;60216;2026;3;24;51000;65100;120;120;60;1
242243;RECANTO DAS EMAS;RECANTO DAS EMAS;60216;2026;3;27;139000;155397.25;270;300;150;2
242244;RECANTO DAS EMAS;RECANTO DAS EMAS;60216;2026;3;28;139000;139100;270;300;150;1
242267;RECANTO DAS EMAS;RECANTO DAS EMAS;60217;2026;3;39;146000;147800;270;345;150;1
242271;RECANTO DAS EMAS;RECANTO DAS EMAS;60217;2026;3;40;146000;160000;270;345;150;2
819043;HABITACIONAL RIACHO FUNDO II;RIACHO FUNDO II;60217;2026;3;46;150000;158560;127.4;273;91;1
819156;HABITACIONAL RIACHO FUNDO II;RIACHO FUNDO II;60217;2026;3;50;169000;190970.7;147;315;105;1
819157;HABITACIONAL RIACHO FUNDO II;RIACHO FUNDO II;60217;2026;3;51;322000;367080.8;315;675;225;1
819158;HABITACIONAL RIACHO FUNDO II;RIACHO FUNDO II;60217;2026;3;52;169000;184210.7;147;315;105;1
819178;HABITACIONAL RIACHO FUNDO II;RIACHO FUNDO II;60217;2026;3;53;150000;152000;127.4;273;91;1
819179;HABITACIONAL RIACHO FUNDO II;RIACHO FUNDO II;60217;2026;3;54;150000;223600;127.4;273;91;2
819180;HABITACIONAL RIACHO FUNDO II;RIACHO FUNDO II;60217;2026;3;55;150000;191000;127.4;273;91;1
818955;HABITACIONAL RIACHO FUNDO II;RIACHO FUNDO II;60227;2026;3;68;258000;262999.99;280;400;200;1
818956;HABITACIONAL RIACHO FUNDO II;RIACHO FUNDO II;60227;2026;3;69;258000;259200;280;400;200;1
818957;HABITACIONAL RIACHO FUNDO II;RIACHO FUNDO II;60227;2026;3;70;258000;260777;280;400;200;1
818958;HABITACIONAL RIACHO FUNDO II;RIACHO FUNDO II;60227;2026;3;71;258000;260200;280;400;200;1
818959;HABITACIONAL RIACHO FUNDO II;RIACHO FUNDO II;60227;2026;3;72;258000;260059;280;400;200;1
818962;HABITACIONAL RIACHO FUNDO II;RIACHO FUNDO II;60227;2026;3;73;258000;260200;280;400;200;1
818963;HABITACIONAL RIACHO FUNDO II;RIACHO FUNDO II;60227;2026;3;74;258000;259200;280;400;200;1
818965;HABITACIONAL RIACHO FUNDO II;RIACHO FUNDO II;60227;2026;3;76;258000;259100;280;400;200;1
508433;CENTRO URBANO;SAMAMBAIA;60217;2026;3;78;470000;521000;720;720;240;2
186406;QS-SAMAMBAIA;SAMAMBAIA;60217;2026;3;79;189000;240300;308;539;154;3
185876;QN-SAMAMBAIA;SAMAMBAIA;60219;2026;3;84;1330000;1528233.11;2823.84;4235.76;1411.92;1
193300;QS-SAMAMBAIA;SAMAMBAIA;60219;2026;3;87;812000;815000.1;1693;2539.5;846.5;1
457900;QN-SAMAMBAIA;SAMAMBAIA;60220;2026;3;95;127000;183900;200;300;100;1
185173;QS-SAMAMBAIA;SAMAMBAIA;60220;2026;3;97;127000;151100;200;300;100;3
185175;QS-SAMAMBAIA;SAMAMBAIA;60220;2026;3;99;127000;130000;200;300;100;1
185176;QS-SAMAMBAIA;SAMAMBAIA;60220;2026;3;100;127000;136500;200;300;100;1
185178;QS-SAMAMBAIA;SAMAMBAIA;60220;2026;3;102;127000;137430;200;300;100;1
185179;QS-SAMAMBAIA;SAMAMBAIA;60220;2026;3;103;127000;138905;200;300;100;2
185180;QS-SAMAMBAIA;SAMAMBAIA;60220;2026;3;104;127000;138900;200;300;100;3
464683;QS-SAMAMBAIA;SAMAMBAIA;60220;2026;3;105;127000;161500;200;300;100;3
244544;QS-SAMAMBAIA;SAMAMBAIA;60220;2026;3;107;76800;78800;200;300;100;1
244666;QS-SAMAMBAIA;SAMAMBAIA;60220;2026;3;108;481000;481000;1656;2484;828;1
855433;SETOR DE TRANSPORTE RODOVIARIO DE CARGAS;SETOR DE INDUSTRIA E ABASTECIMENTO;60225;2026;3;117;6700000;7012345.68;5759.728;5759.728;3599.83;2
855434;SETOR DE TRANSPORTE RODOVIARIO DE CARGAS;SETOR DE INDUSTRIA E ABASTECIMENTO;60225;2026;3;118;7500000;7510000;6686.912;6686.912;4179.32;2
855435;SETOR DE TRANSPORTE RODOVIARIO DE CARGAS;SETOR DE INDUSTRIA E ABASTECIMENTO;60225;2026;3;119;7260000;7861000;6400;6400;4000;2
855436;SETOR DE TRANSPORTE RODOVIARIO DE CARGAS;SETOR DE INDUSTRIA E ABASTECIMENTO;60225;2026;3;120;6080000;6880000;5060.192;5060.192;3162.62;2
